vineyard_field_id,NDMI_prefire,NDVI_prefire,ET_gs_mm,awc_0_100cm,awc_0_150cm,area_ha
VYD_00001,0.006344127893432847,0.4326791878618641,131.80089887640452,14.41,21.41,1.8352836746451995
VYD_00002,0.11673205344413513,0.5656170658114765,329.9609244166573,14.41,21.41,2.4622135129510383
VYD_00003,0.006214046374629236,0.47222357670996434,362.85977573660983,14.41,21.41,4.60839413801227
VYD_00004,0.026868888617554727,0.451139655668256,191.6803010935947,14.41,21.41,1.9344301977609364
VYD_00005,0.02892221402413086,0.44879865529783836,168.99366780321478,14.41,21.41,1.6916960693566547
VYD_00006,0.006271613989646639,0.4367710619978648,140.43571081999028,14.41,21.41,0.567219089822362
VYD_00007,0.018767967978436224,0.36598540758859455,261.9286936679978,14.41,21.41,2.4096853542765633
VYD_00008,-0.12380467368652859,0.2277344618406561,222.27151639344262,14.41,21.41,0.2688418235996939
VYD_00009,0.04349958739441595,0.5154495723352531,212.35354124162055,14.41,21.41,1.8861235973576553
VYD_00010,0.024048375130986198,0.46981328502134834,364.94155755591925,14.41,21.41,4.030095119241054
VYD_00011,-0.02454673013876944,0.31495732717321434,193.84969797465354,14.41,21.41,2.322014067453328
VYD_00012,-0.2260734176053383,0.29071326518196733,387.75911388321333,14.41,21.41,2.5549712958838913
VYD_00013,0.01853262146849232,0.47936987598091446,500.3671026996938,14.41,21.41,0.9914111032401257
VYD_00014,0.005063879372062594,0.4645318055997037,442.95444191343955,14.41,21.41,2.293538030106458
VYD_00015,0.03637840676424438,0.5233265810743567,210.39483593329746,14.41,21.41,0.5118041288885397
VYD_00016,-0.04379518365376206,0.44905244605511685,361.5025142857142,14.41,21.41,2.406220811625472
VYD_00017,0.04182290121228006,0.43535638537684257,172.70704225352114,14.41,21.41,0.1953970893874457
VYD_00018,-0.0030632052781558146,0.5320477860055879,510.5356125356125,14.41,21.41,0.5796589820298786
VYD_00019,-0.0002491968603408739,0.42910067910081445,355.835033361454,15.85,21.87,3.585653534849885
VYD_00020,0.1021371102040628,0.5160608804741367,355.2826034357609,14.41,21.41,2.272130698828983
VYD_00021,0.03354137000734583,0.40475512502718763,372.8418664938432,17.08,19.24,0.42428925315348925
VYD_00022,0.07765478899293843,0.6065796393407059,614.9701704545455,17.08,19.24,0.19451575344343391
VYD_00023,0.05877185762221312,0.4925085020440032,612.6355555555556,13.05,18.05,0.06243907574592356
VYD_00024,0.04287919015655421,0.44723572551754365,506.04203718674216,17.08,19.24,0.34091962481112176
VYD_00025,0.06603401721548668,0.4621804635186621,420.1156405990016,17.08,19.24,0.9956941388799043
VYD_00026,0.0077456109797312,0.39016785928069864,435.15194827292834,17.08,19.24,1.6191402149176364
VYD_00027,-0.05296820960553289,0.5651442560966956,751.424778761062,15.98,15.98,0.05990978017160636
VYD_00028,0.08294440056785779,0.5465898228323963,586.1397849462365,17.08,19.24,0.07771175948594067
VYD_00029,-0.09228455054177506,0.3162849084561765,598.9969167523124,15.98,15.98,0.26707225685855773
VYD_00030,-0.07555437759817606,0.32075152975932386,313.4038231780167,5.4,5.4,0.22987430574510873
VYD_00031,0.025384211773877795,0.4015872491000517,435.1294117647059,17.08,19.24,0.09364593985896348
VYD_00032,-0.08907855466936009,0.31376518979190704,546.8705469141996,15.98,15.98,0.5529576472046428
VYD_00033,0.08868446873918272,0.5397672147840649,472.7026323401795,13.05,18.05,2.8582197596283185
VYD_00034,0.17712479240559287,0.5907501226092218,606.9126092384519,17.08,19.24,0.2254855200781062
VYD_00035,-0.15090137291327993,0.33235290472710627,512.9238249594814,11.53,11.53,0.6810150338723354
VYD_00036,0.09417772987394701,0.6061612849120182,737.5202657807307,17.08,19.24,0.41306120991905454
VYD_00037,0.025552795683775602,0.4643995526843705,507.79568901989694,17.08,19.24,1.4956503684488072
VYD_00038,0.058726432023721346,0.4946704741712172,412.6055666003977,13.05,18.05,0.6938460849673619
VYD_00039,0.06948802540490073,0.4903818473132292,452.1428571428572,17.08,19.24,0.29108085401892997
VYD_00040,-0.14735250878854003,0.2591610938663732,256.32797427652736,5.4,5.4,0.2578040154396805
VYD_00041,0.0372320177630214,0.46712204131740565,531.4474025974026,17.08,19.24,0.4241790982042438
VYD_00042,-0.15142388964968087,0.36007513997771945,531.8825249398005,11.53,11.53,1.6009068381968194
VYD_00043,0.02685064155824434,0.41973934584436967,389.98992031241755,17.08,19.24,5.221259139084544
VYD_00044,0.0692222204720005,0.48482329159828236,589.3461538461538,17.08,19.24,0.049746123987645885
VYD_00045,0.06867761220877276,0.5640681726976076,576.3624754420432,17.08,19.24,0.5588611038409188
VYD_00046,-0.0762658766683354,0.38498675610337935,637.6147403685093,11.53,11.53,0.16790412004381888
VYD_00047,0.03741829983145446,0.4228533096030122,400.93910690121777,17.08,19.24,0.20441651418480744
VYD_00048,0.09671203606301326,0.5523707896053349,477.29498006098976,13.05,18.05,2.34892747437903
VYD_00049,0.04224850418390376,0.4954997542949172,504.110497237569,17.08,19.24,0.10029403631069157
VYD_00050,0.08137114752620418,0.48946923429355826,419.4927439755026,13.05,18.05,2.0676743901336057
VYD_00051,0.011146160751847349,0.31671069764876936,329.4056210335449,13.7,20.22,1.5102882422032151
VYD_00052,0.0653592115087855,0.5241149772919954,417.82152588555874,13.05,18.05,0.607020433238956
VYD_00053,0.032627538827264664,0.4265656387344825,533.9709989258862,15.98,15.98,0.7722027582294497
VYD_00054,0.04828585055586811,0.3735582534973327,452.4625850340136,13.05,18.05,0.04064047731744923
VYD_00055,-0.0009641646163967945,0.42674282248203577,495.05841924398624,13.05,18.05,0.07926243633153757
VYD_00056,0.049264630116546075,0.5074967014479237,477.97235023041463,13.05,18.05,0.4791571565473684
VYD_00057,0.07135316933688177,0.471156122916866,402.95409015025047,17.08,19.24,0.32968446809876906
VYD_00058,0.002232128228056352,0.4265615278791239,525.5087336244541,15.98,15.98,0.12583334158486703
VYD_00059,0.04523317791880028,0.4494092733814166,374.6221476510066,13.05,18.05,0.8219288258493122
VYD_00060,-0.14822743286062373,0.39483364233791163,547.3420852359209,11.53,11.53,0.7252498003383564
VYD_00061,0.05774216801598326,0.4674052335507858,471.7842401500937,13.05,18.05,0.14728463775976566
VYD_00062,0.051654875832871164,0.4428301902780536,464.76895306859217,17.08,19.24,2.900628956890575
VYD_00063,-0.0465804701288269,0.39646716572378327,482.2247191011236,13.05,18.05,0.025827657812060336
VYD_00064,0.11523144125618574,0.5192771644068082,524.4464529331515,17.08,19.24,0.808686474163665
VYD_00065,0.022451462074131234,0.37739270364186034,374.062,17.08,19.24,0.13455379916264937
VYD_00066,-0.009300627106825821,0.3647801129757858,370.61387526278907,13.7,20.22,0.7869103996279541
VYD_00067,0.11423547694310912,0.5494891192878216,585.7368533561349,17.08,19.24,2.5787131148970044
VYD_00068,0.14260598478299807,0.5912586088699359,501.6228272251309,13.7,20.22,1.3159374065144396
VYD_00069,0.04481601031680763,0.47990378079839724,402.6883802816901,2.7,2.7,0.1563032567949481
VYD_00070,-0.006927668732160348,0.3954434290668865,416.0459590704127,2.7,2.7,1.5942566959542241
VYD_00071,0.026057110040552344,0.5093716128462282,389.6966697764975,13.05,18.05,6.784134881498995
VYD_00072,-0.179561609081279,0.19999391295795016,275.26125330979704,13.05,18.05,0.3124336805846575
VYD_00073,0.07775264904699217,0.531677812852596,390.95910418695223,13.05,18.05,0.28374895699826463
VYD_00074,0.01905754375169053,0.4062838835895062,377.3666666666667,13.05,18.05,0.3061629741187651
VYD_00075,-0.09693347411583873,0.30240699696012685,445.07664233576634,13.48,19.98,0.0770229066566178
VYD_00076,0.1745295027936685,0.5598060737435117,523.950585838003,15.46,23.2,0.5413378008385623
VYD_00077,-0.0013821221645915253,0.4580936480793181,530.7094846900673,5.39,9.39,0.3676571650886951
VYD_00078,-0.02055737036712901,0.44435696410579123,549.5500314663311,15.93,18.43,0.43831122955961743
VYD_00079,0.041538657969918215,0.5165962630028325,446.43695014662774,18.6,27.6,0.46993828689875955
VYD_00080,0.01825540868063343,0.39292159919609465,529.6086551884598,16.08,17.43,0.5899253384272877
VYD_00081,0.14287039255378425,0.45279964915028326,586.6666666666669,11.68,11.68,0.04945489495465841
VYD_00082,0.048115280008693154,0.5869833698486402,542.9763779527559,12.0,18.0,0.34872667858596557
VYD_00083,0.029103104120485255,0.37237116009269816,535.8165548098434,8.49,8.49,0.12098338706456298
VYD_00084,0.09975604063913533,0.5363521349599955,588.0346441947565,15.93,18.43,0.2925007562700153
VYD_00085,-0.025221272175089956,0.31720696890653954,352.1410352588147,8.4,8.4,0.3691714283879826
VYD_00086,0.11290733621069984,0.5249996782031158,550.9896907216496,15.93,18.43,0.10735487044946412
VYD_00087,-0.00035795202954320683,0.48452409347716113,523.9263959390863,18.0,26.16,0.10973549682015102
VYD_00088,0.2500953870238501,0.7057124673068023,789.9850467289718,5.98,5.98,0.291768166952542
VYD_00089,0.04950410233240834,0.41869765945843285,487.03651452282156,15.93,18.43,0.334267866064757
VYD_00090,0.053425299515807025,0.436039941998767,380.85616438356163,17.6,26.6,0.04071878981485793
VYD_00091,0.16186820206153746,0.5793272881947776,702.7731459040234,3.0,4.5,0.5639312997720254
VYD_00092,-0.05456906832821509,0.2464797453145789,312.4627994955864,14.04,19.29,0.21768440739440667
VYD_00093,-0.10883316222428649,0.38768068015827445,420.63262074425967,9.6,9.6,0.347653246852671
VYD_00094,-0.05771880131708398,0.29742228456398573,413.139175257732,16.9,18.86,0.4265630439068811
VYD_00095,0.08201885041030366,0.3302039209152952,581.6119402985074,9.85,9.85,0.11147545738180954
VYD_00096,0.06959523563667151,0.4365957993996837,478.5537075537076,9.6,9.6,0.39729225770713805
VYD_00097,0.0248726179946059,0.4562892218674919,540.1842956120092,10.68,10.68,0.5970375760285451
VYD_00098,0.17376557748118915,0.5759846094115895,569.838888888889,3.0,4.5,0.09775996059938985
VYD_00099,-0.052712999833774525,0.44849485546693046,480.31175556706376,5.39,9.39,0.5321702873294015
VYD_00100,-0.028525101299869543,0.41771266468189566,426.5047619047619,16.08,17.43,0.17339315644805234
VYD_00101,-0.05492811161738808,0.36566819784109056,486.6294368196877,7.61,11.11,0.582938466654789
VYD_00102,0.04930338970435292,0.4101030128999323,385.6090468497576,10.56,12.56,0.515246014838334
VYD_00103,-0.03450372192314155,0.24370675894379262,357.2300975860298,9.74,9.74,0.5382482654919434
VYD_00104,-0.04719318252354702,0.4130609544430186,488.10100141831765,20.58,28.78,6.358813790685534
VYD_00105,-0.05763614430400907,0.3914157851618163,596.8734939759036,16.08,23.13,0.1277956521007162
VYD_00106,-0.14703336567183722,0.2591811739715547,549.8375733855186,7.61,11.11,0.13979298103778942
VYD_00107,-0.050148764496948064,0.33201026605731015,586.4823529411765,4.56,4.56,0.09242525242226461
VYD_00108,0.032431969020493834,0.416988108680019,448.4350073855244,15.39,22.44,0.37286886005499975
VYD_00109,-0.03239132199068414,0.4791178385068192,572.5357967667436,16.08,17.43,0.47329850375608173
VYD_00110,0.1582321009849507,0.5752586164735439,600.4583683767871,12.6,17.43,0.32736423453144353
VYD_00111,-0.12433906128244754,0.29462648203721636,384.46840148698885,18.6,27.6,0.3717344851097612
VYD_00112,0.10349933346345401,0.4851798259963592,577.3349056603773,5.39,9.39,0.05828535605484037
VYD_00113,0.17824009969285032,0.5906722735067186,671.9304008908687,18.6,27.6,0.49487362795077733
VYD_00114,-0.010873683720078301,0.43248889637098853,431.46390916463906,15.39,22.44,0.34489628562478614
VYD_00115,0.04414967057991962,0.4721799043405148,411.80508474576266,15.46,23.2,0.35760010854615515
VYD_00116,0.018051896177633683,0.43309144544720735,513.3303858520901,5.39,9.39,0.34276127641800846
VYD_00117,0.09255794793373623,0.46778652806367205,682.7068273092368,8.49,8.49,0.06849952084097224
VYD_00118,0.00615980641313145,0.35230559552204854,387.1531007751938,7.1,7.1,0.4246617058044461
VYD_00119,0.08867574795484469,0.5679975593107451,537.474428726877,12.0,18.0,0.2515829711270279
VYD_00120,0.06907480790214124,0.47607997170839783,543.4497568881686,7.61,11.11,0.33933065065937834
VYD_00121,-0.11424529463974774,0.33298322244616085,419.6457399103139,15.46,23.2,0.24596998409125775
VYD_00122,0.04594481656887303,0.43085949693021675,518.3675675675674,10.68,10.68,0.10290080107923302
VYD_00123,0.004156794562417583,0.37141539012922503,404.8289891926255,12.01,12.01,0.43387843742410487
VYD_00124,-0.04486040620647501,0.29191728579230913,370.60920285158784,12.6,17.43,0.4252747738414655
VYD_00125,0.08342889706326966,0.4414637782668057,392.7804568527919,18.0,27.0,0.21879007150662738
VYD_00126,0.08090337468898803,0.610988771020765,541.4817232375979,16.08,17.43,0.42555126489433276
VYD_00127,-0.18511943006868567,0.2352126055805131,296.83488372093024,13.59,16.59,0.5870935864366298
VYD_00128,-0.00035326244090693625,0.4887130103326358,632.8112560054908,15.86,16.2,0.40179104692925943
VYD_00129,-0.03440639954072051,0.4277075738378153,654.8094786729858,6.64,10.14,0.2923577445883104
VYD_00130,0.003117010488794124,0.43052836571725345,518.1162280701755,11.68,11.68,0.37664260089918694
VYD_00131,0.04143625097290446,0.454560204948112,484.69105058365756,11.68,11.68,0.3487598320650318
VYD_00132,0.10742106105290476,0.549291378445691,482.37078651685397,14.48,22.48,0.49007665510584636
VYD_00133,-0.0440590432964955,0.34033899072482515,431.64630225080384,15.93,18.43,0.17390557069311108
VYD_00134,-0.0496811840923563,0.45049023202830735,639.8625429553265,16.08,23.13,0.07586239039986467
VYD_00135,0.05081434489195665,0.4120492600394709,349.5919324577861,10.56,12.56,0.29537118296324816
VYD_00136,-0.16017197214563567,0.1944647038490679,302.51131687242804,16.65,24.15,0.5351077497319727
VYD_00137,-0.14977431046708858,0.22453907487325386,512.7474081055608,16.08,23.13,0.2923431908320142
VYD_00138,-0.01571776541863345,0.32590581611644936,403.79175475687094,3.0,4.5,0.26073271179044916
VYD_00139,0.04878523714955697,0.5096111784013564,431.8911877394637,14.48,22.48,0.35520609840937656
VYD_00140,0.029263845143672244,0.3748538081146483,457.4272260273973,16.9,18.86,0.31944343019811483
VYD_00141,-0.15769611978030806,0.29416608001547406,329.44329303396665,12.01,12.01,0.4869816381428855
VYD_00142,0.014535727005952893,0.5378579930973946,588.0868794326241,20.55,31.05,0.15682571805197182
VYD_00143,0.02252733731146184,0.4743351563010164,536.80311778291,4.56,4.56,0.4775781689114655
VYD_00144,-0.02612435586953643,0.40075817144144776,538.3674321503131,11.68,11.68,0.3977787479309886
VYD_00145,0.06355389018561568,0.43357185449525226,395.8682745825603,5.39,9.39,0.14783865842818478
VYD_00146,-0.007654181362518747,0.3906270450534444,473.8315262718933,5.39,9.39,0.3303579950593123
VYD_00147,-0.08762694351543888,0.3803583729646482,386.6859903381642,12.98,15.48,0.11339705957256276
VYD_00148,-0.05597916828470224,0.36311923583551864,553.8623676612128,8.4,8.4,0.2871444303918361
VYD_00149,-0.07794106749269704,0.3163861702031572,370.9581712062257,13.93,20.43,0.2841178183887883
VYD_00150,0.0017019911145387879,0.48344108942605907,364.7427937915743,18.6,27.6,0.11901427257706652
VYD_00151,-0.010961135561545467,0.41718539604783306,462.61111111111126,13.48,19.98,0.23924248129852868
VYD_00152,0.0028411512142859988,0.4331579105225654,497.9429708222811,20.55,31.05,0.2079535352549274
VYD_00153,-0.012385136609481383,0.3540856649246904,354.3260135135135,4.56,4.56,0.16339777355847313
VYD_00154,-0.04234904512685392,0.37514385141241363,462.2939297124601,9.85,9.85,0.43581040051711323
VYD_00155,-0.026194110293178717,0.40135820962146773,523.3035343035343,10.68,10.68,0.2681204739258374
VYD_00156,-0.03033291822198951,0.4089721932078681,416.1492873218304,13.93,20.43,0.3718755084204041
VYD_00157,-0.07273506773473283,0.24212334957998005,333.616368286445,5.39,9.39,0.3223291333952452
VYD_00158,0.0064517614982272445,0.440821902800656,532.1601123595506,11.84,11.84,0.09841631102543212
VYD_00159,-0.03713492667141331,0.43342461824851386,516.5429272281276,16.08,17.43,0.33583059057768794
VYD_00160,0.057584531811134654,0.5007257960858591,550.6816920943135,17.6,26.6,0.3970849711458287
VYD_00161,-0.06728895276866269,0.3969052628273481,311.6729348556079,10.68,10.68,0.4181470421514353
VYD_00162,0.0630151332769063,0.4500254740210384,575.32414910859,5.39,9.39,0.16996993828807505
VYD_00163,-0.05037092025926736,0.3669409770082021,324.4643891140707,15.39,22.44,0.4747287190534037
VYD_00164,0.004343568553638915,0.4108916262106706,517.5889212827989,11.68,11.68,0.2836382752005115
VYD_00165,-0.08086046388011373,0.37327075037938456,460.9194078947369,13.0,19.5,0.16383199262377096
VYD_00166,0.1191563591637146,0.5419319142810011,548.1927710843374,8.4,8.4,0.06899243220413384
VYD_00167,-0.1155385899522873,0.32936522020520276,415.1139351446099,16.08,17.43,0.31411527505621256
VYD_00168,-0.05645513939337254,0.4722223462932647,516.5353846153847,14.88,19.86,0.09035657168287717
VYD_00169,-0.07309751030068684,0.4295140432030265,456.11943127962076,16.08,17.43,0.2901558743271424
VYD_00170,0.0222241580796001,0.41588120201421175,482.65000000000003,12.01,12.01,0.10457600488438075
VYD_00171,0.02368471324864362,0.35050337655157016,430.4228515625,13.93,20.43,0.5595097281298269
VYD_00172,-0.00664706873121085,0.33972874721218366,522.4012345679013,7.61,11.11,0.08971780710364638
VYD_00173,-0.030146961797808493,0.3530349759861481,545.174603174603,11.68,11.68,0.05252934310475842
VYD_00174,0.06453751430923484,0.5281765065934988,507.39153786707885,17.74,26.26,7.118835000542568
VYD_00175,-0.11472876934988371,0.44644630044646166,537.007874015748,7.1,7.1,0.06973735836237452
VYD_00176,0.0801387709123503,0.506813326743485,523.8744186046513,8.14,8.14,0.2978715098417705
VYD_00177,0.03183838926094989,0.419767289604761,527.136507936508,4.56,4.56,0.34430739625464823
VYD_00178,-0.024091303704652896,0.3522206349611529,426.9934562760263,11.68,11.68,0.4766949736969489
VYD_00179,-0.08638430469382465,0.19398398428198593,366.33019853709504,13.48,19.98,0.26305600882806524
VYD_00180,-0.012354104544631657,0.4102438865813063,540.0807692307693,5.39,9.39,0.143268649681473
VYD_00181,-0.13853682605204756,0.34662160490240373,368.1164179104477,7.61,11.11,0.09310195435561976
VYD_00182,0.012121964222133665,0.37983950726594473,376.6007879185818,12.6,17.43,0.4193949994534395
VYD_00183,-0.043845349586094665,0.3124716021298452,382.258064516129,5.39,9.39,0.12819421268243986
VYD_00184,0.014117102363816539,0.3831387506658311,444.69420035149403,12.0,18.0,0.45444618855450597
VYD_00185,-0.06087448189758642,0.41770908442763505,554.8650717703349,16.9,18.86,0.5732090637718741
VYD_00186,-0.02606181839518131,0.39186193389515084,498.464587394412,5.39,9.39,0.42359561148737357
VYD_00187,0.014914753937222433,0.4015113638685735,467.272869022869,12.0,18.0,0.5185579962389312
VYD_00188,-0.04303864724479364,0.44367209999109264,482.04584527220635,13.48,19.98,0.39546128737337083
VYD_00189,0.08548461062965028,0.509155080018811,613.1196319018405,12.01,12.01,0.5405325858669341
VYD_00190,-0.052701342884484706,0.40771703064643045,558.5267080745341,7.1,7.1,0.21936465412702905
VYD_00191,-0.06474723710794203,0.34430028520859396,469.09902067464645,11.53,11.53,0.5073026667642403
VYD_00192,0.05935782791592028,0.5383792631830627,613.8955823293173,15.75,20.1,0.48120749679901526
VYD_00193,-0.08009896991374123,0.29949606049621025,357.03039288361737,7.1,7.1,0.37365623854735047
VYD_00194,0.02938675917917277,0.5158229414968453,563.0441537203598,16.08,17.43,0.3391929706032378
VYD_00195,0.016728270861356614,0.36482424509591893,410.81684210526316,3.0,4.5,0.13181339690454752
VYD_00196,0.045151528699982575,0.3810357308869204,552.7641025641027,3.0,4.5,0.21552031202164454
VYD_00197,-0.008582098488913068,0.42169091568092,443.9053420805999,11.68,11.68,0.5909185204237746
VYD_00198,0.06418008371916135,0.6047364313592795,609.0815217391305,17.6,26.6,0.15220315656413502
VYD_00199,0.05210401910465967,0.567919372279875,593.6290780141845,8.49,8.49,0.4098308351597216
VYD_00200,0.15678382916015818,0.5781626704177615,812.3783303730019,8.14,8.14,0.1549598806076042
VYD_00201,-0.01878465130667333,0.4889531470732584,526.7012448132781,6.64,10.14,0.5325485448138421
VYD_00202,-0.015051706683755554,0.3797396482979823,381.8637261356155,11.68,11.68,0.4212910611637473
VYD_00203,-0.04640706126159484,0.4004454573542336,554.825938566553,16.9,18.86,0.0810144645317414
VYD_00204,-0.019106403188307097,0.3344304090172513,390.63902932254814,15.39,22.44,0.27993144066557396
VYD_00205,0.10468345860617902,0.49851060488663423,501.88938714499255,8.49,8.49,0.18419905025231126
VYD_00206,0.047643552915065425,0.4702837614710115,521.2567049808429,9.74,9.74,0.29438352686033414
VYD_00207,0.03226033218379398,0.45646951073444747,632.7395964691048,7.61,11.11,0.43769645592361894
VYD_00208,0.009545673846312056,0.4886919119737745,420.871704745167,15.46,23.2,0.3133752982848867
VYD_00209,0.1334584309931814,0.5640782321224341,654.5131061598952,16.08,17.43,0.4167591784744309
VYD_00210,-0.1328603434551913,0.3353014863146662,411.6882352941176,8.49,8.49,0.2360412494663211
VYD_00211,0.07673749627325431,0.5215680097383192,439.6318147871546,15.93,18.43,0.36819781158417736
VYD_00212,-0.07323978358016475,0.42565125117447394,463.1168185584093,18.6,27.6,0.3335723418293578
VYD_00213,0.0049520457264407,0.460390693275258,497.13272311212825,16.4,24.9,0.12642942586933034
VYD_00214,-0.07006239933277462,0.27011041642603395,339.1157222665603,5.39,9.39,0.3464549326556634
VYD_00215,0.05974819722469516,0.4915657946300415,474.5816435432231,5.39,9.39,0.25808207342494754
VYD_00216,0.032854827864106415,0.4023786857796456,514.1526548672566,5.39,9.39,0.12572541025720055
VYD_00217,-0.05148906135281939,0.23999899676065,373.57565605806826,13.49,15.99,0.49276275112971335
VYD_00218,0.010387445207748244,0.4051566434956523,408.66759517177354,12.0,18.0,0.2975421084076702
VYD_00219,0.07435093011662636,0.45583504637643674,447.29844413012734,10.73,12.73,0.19478674664559284
VYD_00220,0.07019910088841268,0.5009735242637783,422.90000000000003,15.46,23.2,0.3641885228041446
VYD_00221,0.022748168274848442,0.41391141073659204,514.6307798481712,5.43,5.43,0.4025853813384461
VYD_00222,0.012377592948420595,0.41647090071014,523.3716216216217,5.5,8.0,0.04128414622335311
VYD_00223,0.0659361525069779,0.5673807637049602,478.20323325635104,5.39,9.39,0.23909785284741478
VYD_00224,-0.015872125380944825,0.4215797578340133,378.372312532774,17.74,26.26,0.5269422379710728
VYD_00225,-0.13190469750984676,0.328120450644055,394.00000000000006,12.01,12.01,0.3420894838512942
VYD_00226,0.011411476242175984,0.43122675967920454,447.1592571750141,4.56,4.56,0.978139287803006
VYD_00227,-0.10624425063164247,0.2785498840121194,409.9179755671902,16.4,24.9,0.1578389448589922
VYD_00228,0.061506519150212116,0.5027346010339471,511.93850520340584,13.59,16.59,0.5819869662469527
VYD_00229,0.01815594269403277,0.38037549609170984,531.4883485309017,5.39,9.39,0.2721562750104923
VYD_00230,-0.0775278262408805,0.32482420962214614,418.13017751479293,9.74,9.74,0.09418747210060631
VYD_00231,-0.02544478981580934,0.37886073478928245,469.2662454873646,9.81,9.81,0.3039175589112879
VYD_00232,-0.13184352168631935,0.18107390508644838,330.67713976164686,10.56,12.56,0.2538469033364361
VYD_00233,0.002558853489448361,0.4285599169072862,601.8881922675025,4.95,4.95,0.2639241688874695
VYD_00234,0.1182072277846081,0.5404823613860619,756.0851063829786,8.14,8.14,0.11519680137060305
VYD_00235,0.017145458686646527,0.422229442688135,508.65346534653463,5.39,9.39,0.055943429151583256
VYD_00236,-0.008408620937776922,0.3487628770370594,397.5754428833231,12.0,18.0,0.44555227271802067
VYD_00237,0.05535027094161005,0.5100452007421481,479.0,12.01,12.01,0.09417375943230454
VYD_00238,0.021088102719111913,0.40226749917574695,552.2602040816328,11.84,11.84,0.11061768072063052
VYD_00239,0.041234446440840955,0.3443069429892415,306.35744680851064,5.39,9.39,0.25935007837771507
VYD_00240,0.016706566962733763,0.5095608377849249,513.6462196861626,10.68,10.68,0.19320506551476668
VYD_00241,0.016749398620163374,0.36973238453199336,388.98048048048054,5.39,9.39,0.18407375978771487
VYD_00242,0.03390975912919631,0.41832501893933804,503.87018255578096,5.39,9.39,0.2721279897675125
VYD_00243,0.054124022903594415,0.4682335507605788,546.9633943427622,8.14,8.14,0.16528724807240186
VYD_00244,-0.056445928019317006,0.3194907895119216,447.54127198917456,16.08,17.43,0.40681160658376475
VYD_00245,-0.010512607372320477,0.37501699176657133,347.8944418496031,12.0,18.0,0.5945375910105462
VYD_00246,0.02491408291352647,0.37561522594520025,489.1131105398458,13.93,20.43,0.21443823621226357
VYD_00247,-0.0366810574508339,0.347007838404474,365.7589653145209,4.56,4.56,0.4691824575178947
VYD_00248,-0.03500149651825208,0.39135992935272795,358.6467473524962,14.88,19.86,0.3634311494186094
VYD_00249,0.06632191104244212,0.531437839780535,565.5706319702601,17.74,26.26,0.15249957021719243
VYD_00250,0.05594127077746677,0.4837143669274377,620.8299837045083,13.93,20.43,0.5077308834805699
VYD_00251,-0.054315156181132765,0.38373105092423465,341.0921501706485,12.0,18.0,0.56507808405736
VYD_00252,0.03155712270817276,0.47582110160657454,529.3615925058547,3.0,4.5,0.5891056992981057
VYD_00253,-0.022145375699839497,0.4043426969753025,503.273106323836,11.68,11.68,0.39808887516543817
VYD_00254,-0.05605242723056594,0.3867331136571899,392.0700934579439,7.61,11.11,0.06051335623360085
VYD_00255,0.03642173310643521,0.4785402533655964,494.13350615683726,5.39,9.39,0.4246277145406219
VYD_00256,0.02542949004766053,0.4525561457635511,501.35620172648805,10.68,10.68,0.6061068830867711
VYD_00257,-0.07197875902463681,0.4566308444247832,590.5657237936773,11.84,11.84,0.16793280050920598
VYD_00258,-0.001987121739461651,0.39667330514086363,604.7998885172798,6.83,6.83,0.49498208142543026
VYD_00259,-0.033149143737710995,0.3736715390122849,349.15280898876404,16.08,17.43,0.24385613483632193
VYD_00260,-0.06369704169215866,0.4273887012732452,511.7171991842285,3.25,3.25,0.40502220150255397
VYD_00261,0.055103127674521524,0.3631663227970278,481.99923838537705,13.93,20.43,0.36664850569978547
VYD_00262,-0.11186051683772363,0.30368184296224393,358.92236024844726,14.88,19.86,0.08855330148302605
VYD_00263,-0.03364582536219274,0.41028615409822033,471.0916936353829,13.48,19.98,0.2574949301700835
VYD_00264,0.10506125171518614,0.5078916299487313,397.5263157894736,15.46,23.2,0.3036633769225772
VYD_00265,-0.026983476739669127,0.2941975077606579,518.2180796731358,15.39,22.44,0.5396804528414425
VYD_00266,0.007974904401011142,0.47093330522874405,443.4585561497327,16.08,17.43,0.42042875732094565
VYD_00267,-0.03021237274293846,0.42759849587574966,419.1208955223881,10.73,12.73,0.5529823783446455
VYD_00268,0.0023588469595805135,0.3729499423116989,595.3655172413794,5.39,9.39,0.12072448685748932
VYD_00269,-0.04493573959856355,0.35799873757672007,413.34765625,10.24,10.24,0.14186793659031774
VYD_00270,-0.0034745036324557318,0.41284391809691406,613.3652751423151,11.68,11.68,0.29193878434786846
VYD_00271,-0.02849014866439723,0.37718311951324696,513.691109669046,5.39,9.39,0.4249358348840494
VYD_00272,0.01258768363815784,0.3991467496551619,551.6965517241379,14.34,15.6,0.43887150919527623
VYD_00273,0.03380636666212139,0.46632555553154775,544.2451253481894,17.74,26.26,0.19564184034599058
VYD_00274,-0.024502308811230326,0.4390167062726635,526.5859872611464,10.24,10.24,0.2163891706905036
VYD_00275,-0.06676093598040399,0.19581708204331796,291.0051546391753,15.75,20.1,0.5364385564552272
VYD_00276,-0.06528970378893911,0.3148799781957069,366.9145810663765,15.53,19.58,0.5056657621933451
VYD_00277,0.17759340589755648,0.6018446838657814,658.7205673758866,12.0,18.0,0.5818442134564007
VYD_00278,0.08836316945746255,0.5236010151603037,501.6800618238022,10.56,12.56,0.17639259133135182
VYD_00279,-0.00620070278789005,0.4336425919720619,500.0389479008599,11.68,11.68,0.5439528703685694
VYD_00280,0.08183104024087128,0.5320637451680327,670.309058614565,13.8,13.8,0.15555746649534805
VYD_00281,-0.01850208559743505,0.4878892245424601,508.21100917431204,16.08,17.43,0.3406368184146346
VYD_00282,-0.0005376894480238355,0.3721306246386633,564.2927072927073,8.14,8.14,0.2758423206897739
VYD_00283,-0.12095531899019073,0.29547020994912343,385.9260700389106,16.08,17.43,0.5652060605372553
VYD_00284,0.08246482719908761,0.42698073341070747,428.0415335463259,9.85,9.85,0.344950920560754
VYD_00285,0.07958477872983338,0.42996885031890747,600.1684665226782,8.14,8.14,0.255775424483015
VYD_00286,0.047068902516339946,0.5062392284206615,664.3335492227981,11.68,11.68,0.4279876479748191
VYD_00287,0.029998880413052972,0.3786425519590097,478.0518806744488,16.4,24.9,0.21137476683257422
VYD_00288,-0.005160717740422837,0.4154542698790846,427.680701754386,16.4,24.9,0.23624249990747243
VYD_00289,-0.04408166084438561,0.3271756669540297,351.76484848484847,10.56,12.56,0.2527852894984919
VYD_00290,-0.026269290452629216,0.4224248864327621,431.6150121065375,13.93,20.43,0.4552352379718365
VYD_00291,-0.13218004604743092,0.29483497209153203,453.9133333333333,14.88,19.86,0.12200814181432827
VYD_00292,0.012410050236348133,0.3856057966513765,441.80780346820814,10.24,10.24,0.5731133149168388
VYD_00293,0.02308735829274887,0.31701619111258394,612.0285714285715,9.56,11.33,0.10765278293536691
VYD_00294,-0.0667948242366599,0.3562254015955887,420.1828908554573,9.81,9.81,0.1858383424869232
VYD_00295,0.09440590574805048,0.4821432039351668,613.4513274336284,12.6,17.43,0.373357087177625
VYD_00296,0.008990113671411122,0.5148353056449704,468.0300369685767,6.64,10.14,0.5965682724787565
VYD_00297,-0.08393162829228318,0.3009045265240254,354.6555740432612,11.68,11.68,0.16579794464634712
VYD_00298,0.00062477674641601,0.39356545243364394,459.61336032388664,11.84,11.84,0.41062601327812437
VYD_00299,-0.13019089081250204,0.46212671183006104,522.2869565217392,17.74,26.26,0.0626038771986945
VYD_00300,0.09536051120438592,0.5430732490489424,558.8661832564273,8.4,8.4,0.4214012541777256
VYD_00301,-0.012528272996766227,0.38407057831092456,522.7843530591775,16.08,23.13,0.26458738233454804
VYD_00302,0.03116058216366663,0.3221126900406514,325.8445336008024,10.56,12.56,0.2746058181265934
VYD_00303,0.04656714221928268,0.4643249383260463,603.3036707452725,11.68,11.68,0.24855529082217795
VYD_00304,0.06407030521788531,0.3992388176078073,538.9530487804878,8.49,8.49,0.4517939396549429
VYD_00305,-0.026130503146800182,0.45320735477079355,460.3953488372093,13.93,20.43,0.05970384890646621
VYD_00306,0.07485059541796367,0.4602326248608642,537.3140589569163,8.14,8.14,0.2433910359784566
VYD_00307,0.12679337208129945,0.49046656181017995,509.233789411065,16.63,16.63,0.46170555812464226
VYD_00308,-0.08745123956646139,0.2922453578276563,294.79254302103254,9.81,9.81,0.5767821521689752
VYD_00309,0.021071071701984606,0.4126808099306615,449.0866141732284,18.6,27.6,0.463895258322853
VYD_00310,-0.006324689433869461,0.3378974284918411,409.90194552529175,15.93,18.43,0.34662774884562664
VYD_00311,0.08063891638137945,0.44824641792324554,663.6392961876832,8.14,8.14,0.18793644590795344
VYD_00312,-0.07725798775891261,0.29257291661778206,364.15127175368144,9.81,9.81,0.20573302332510662
VYD_00313,0.026926446694643325,0.47333751615940356,597.2643171806168,6.64,10.14,0.12513901880350956
VYD_00314,0.08592434985826211,0.508269518436745,552.0359712230215,15.0,23.0,0.26742438955470726
VYD_00315,-0.02894252966356534,0.38736136857302944,473.75299238302495,16.9,18.86,0.2528710246590724
VYD_00316,0.063945391527651,0.5011869772099983,543.4293598233996,6.64,10.14,0.24915074667504522
VYD_00317,-0.04828289730203391,0.3958809422640755,427.47872340425533,12.0,18.0,0.5491234801629851
VYD_00318,0.06729809473868313,0.6072611284223113,612.4575569358178,15.75,20.1,0.13576663439265532
VYD_00319,-0.06478728580992453,0.3791924334193919,542.996191135734,11.68,11.68,0.7966531977356441
VYD_00320,-0.020658267492567578,0.39663653127348913,479.1151185770751,15.39,22.44,0.557154301874575
VYD_00321,0.059408586399418956,0.4009289689092451,461.28988235294116,4.83,4.83,0.5857429887524173
VYD_00322,0.017598606619504662,0.40224157060330995,406.5357142857142,13.8,13.8,0.09248917564018813
VYD_00323,-0.006066695892541977,0.4246333202775424,471.2167080231596,8.4,8.4,0.333501886758815
VYD_00324,-0.03890986993923264,0.4459307555781238,494.52294853963843,3.25,3.25,0.5950327852476482
VYD_00325,0.18792508329878305,0.6382656318501473,557.0585808580859,13.0,15.7,0.3345452335525244
VYD_00326,0.13819155280032885,0.4907731897157172,625.5907590759076,6.83,6.83,0.0840228814835434
VYD_00327,0.005579815810274322,0.4424211963215393,500.9523809523809,13.49,15.99,0.4930595090220244
VYD_00328,0.049341838393690766,0.5752803479825984,503.70466321243526,20.58,28.78,0.2203881815511005
VYD_00329,0.029694912266325993,0.3911545917334116,633.4700748129678,15.38,21.94,0.221655348858428
VYD_00330,0.05872701365530528,0.42096941673454497,416.765690376569,10.56,12.56,0.19887341732619587
VYD_00331,-0.06246660000906637,0.21473787818755308,337.88969696969696,5.39,9.39,0.2273732244659458
VYD_00332,-0.09262742047209532,0.3225390043006504,404.45482546201225,13.49,15.99,0.26945612791130574
VYD_00333,0.06233741902121367,0.49218694478728664,552.7103594080339,11.84,11.84,0.5207473045804286
VYD_00334,0.018910701565593983,0.3741228875780835,441.4135618479881,12.0,18.0,0.3770449994873826
VYD_00335,0.02759888802922495,0.4887386211483129,511.9480834546337,10.68,10.68,0.5667277459584351
VYD_00336,0.03952287765310005,0.45322972549831386,523.3609671848014,15.46,23.2,0.15922968764879553
VYD_00337,-0.12257468125339852,0.29097168423645325,301.85428051001827,8.49,8.49,0.15100892838843646
VYD_00338,0.04189145615220426,0.5416354525558249,455.42203742203736,13.0,19.5,0.1346397974927831
VYD_00339,0.04286672923657479,0.4288255887802201,522.808988764045,8.14,8.14,0.12109070880685228
VYD_00340,0.0378913064770009,0.36227678834014637,493.1503006012024,11.84,11.84,0.2704661151050648
VYD_00341,-0.10819518522912974,0.33836774985835194,385.1304551853589,12.01,12.01,0.5883438139783521
VYD_00342,0.004603967650344741,0.42521957223626083,401.5688524590164,15.98,15.98,0.5059625416743997
VYD_00343,-0.04852751340538934,0.34078164838788877,525.1984251968504,12.6,17.43,0.17405872043567164
VYD_00344,0.015417873296910287,0.408180795619315,403.017444601603,5.39,9.39,0.584425938561172
VYD_00345,-0.004541241198765217,0.39938265139030094,519.8249999999999,12.6,17.43,0.35450996005349755
VYD_00346,0.02521407173439027,0.43257239655141894,548.7804878048781,8.4,8.4,0.2382642271158016
VYD_00347,-0.0669463457859526,0.2623179755180343,319.2396425670186,15.0,23.0,0.3395486220399553
VYD_00348,-0.0023695717224896194,0.41985992928292737,406.35231316725975,5.39,9.39,0.23122983255311275
VYD_00349,0.036430030697750485,0.3469614363464482,400.8207171314741,12.0,18.0,0.06422688892398436
VYD_00350,0.0347467741032349,0.4579906376171198,614.5984015984016,15.75,20.1,0.2769343905395888
VYD_00351,-0.11563071890168211,0.27849604394970134,297.1705565529623,16.08,17.43,0.15394538284119177
VYD_00352,-0.017965824443771594,0.41305021495200855,505.26809496236257,3.25,3.25,0.47722154560627716
VYD_00353,-0.009741050585341264,0.4453241171487688,612.6198347107439,6.64,10.14,0.1364319851782388
VYD_00354,0.08450212207396514,0.44014511446803306,423.77777777777777,17.74,26.26,0.1096282776084473
VYD_00355,0.0030756153172617805,0.4269767238269767,414.7275842375785,13.93,20.43,0.4822239994803604
VYD_00356,-0.011047191511289743,0.48347696780445926,376.0399061032864,8.49,8.49,0.2352690201643642
VYD_00357,0.02976972453139289,0.4401423027493455,513.0442225392297,15.93,18.43,0.38700642140480807
VYD_00358,0.010125384223747626,0.36160277499359,406.2315112540194,5.39,9.39,0.08574296604816213
VYD_00359,-0.03558645699592488,0.3998206367313785,497.5564202334631,12.0,18.0,0.2837307100934774
VYD_00360,-0.03888596808850207,0.3907584345360267,469.34899683210136,14.88,19.86,0.5234518327550509
VYD_00361,0.045417862603555154,0.5013671207779686,513.1757469244288,13.93,20.43,0.15736361054919726
VYD_00362,-0.004717865347629413,0.3228348746585349,460.41945063103196,5.39,9.39,0.3756603346681542
VYD_00363,-0.006610744654488072,0.42827568047476894,341.4833475661828,8.4,8.4,0.32395702706042095
VYD_00364,0.024646704680695807,0.5095878463208834,443.7675804529202,15.93,18.43,0.2308260629306762
VYD_00365,0.08823856397176161,0.5146022267953789,469.65205091937764,16.4,24.9,0.19446667885320615
VYD_00366,0.057964581652223686,0.5491251473556704,487.5392561983471,15.0,23.0,0.13303081729509114
VYD_00367,-0.009081164109019843,0.4725597196699516,584.5766016713092,16.4,24.9,0.09923320073997279
VYD_00368,-0.09312505287530776,0.32701028285393174,488.826754385965,17.74,26.26,0.1263412622711132
VYD_00369,-0.05083664796480302,0.33926559508335397,414.3344262295082,5.39,9.39,0.08226535142929371
VYD_00370,0.10927839662257861,0.5378284192757816,546.5586620069895,12.0,18.0,0.5509204619432789
VYD_00371,0.013132791504391929,0.4356094761914619,424.28591954022994,10.56,12.56,0.19244640605520322
VYD_00372,0.002263049578435252,0.3835512948333351,552.9858695652173,15.93,18.43,0.5051327543944736
VYD_00373,-0.003463338918165647,0.3734055350677602,437.0210280373832,15.46,23.2,0.23786146119115947
VYD_00374,-0.07873258384445986,0.3642683145072726,348.88050734312407,14.88,19.86,0.41480745959099147
VYD_00375,-0.04906118152613032,0.31700270495669075,391.1996086105675,12.6,17.43,0.14112352107819692
VYD_00376,0.037801505280799015,0.3800159486094911,407.5058004640372,5.39,9.39,0.12070779473195571
VYD_00377,-0.12668371347956334,0.2877507371015129,401.57823129251693,16.08,17.43,0.20423598908125934
VYD_00378,0.058102600407624154,0.5148208957557002,619.1599063962559,16.9,18.86,0.35273994390490987
VYD_00379,-0.0057068485261405144,0.4507982395906874,461.5085714285715,14.88,19.86,0.5299386920139108
VYD_00380,-0.0808526852460844,0.30404622228372663,460.2101910828025,18.0,26.16,0.12913989420221292
VYD_00381,0.0606950912513702,0.3996557364647828,502.9263157894738,15.0,23.0,0.575277236493865
VYD_00382,0.0813550403360093,0.5019113590516667,595.4115684093439,15.93,18.43,0.2478398376570938
VYD_00383,0.0384978635437988,0.4499521641715153,466.2599388379205,13.48,19.98,0.08927328935527035
VYD_00384,-0.04850082918355002,0.3831088395717148,474.615037593985,4.95,4.95,0.18360818749797578
VYD_00385,-0.037603214328386064,0.41570524803656744,585.3351063829788,7.61,11.11,0.20772495970273294
VYD_00386,-0.005720478915149508,0.40761516821175947,466.306338028169,16.9,18.86,0.2372659568680071
VYD_00387,-0.02532887175125334,0.40227350000469536,354.8852209243271,16.08,17.43,0.5404591392239195
VYD_00388,0.03409150713611837,0.5526788565662358,556.8548895899054,10.68,10.68,0.17545430884723706
VYD_00389,0.01181105089511211,0.47059180220612773,459.15004336513437,11.84,11.84,0.3168641633511716
VYD_00390,-0.05033385613704661,0.2116343437162645,384.50958904109586,13.93,20.43,0.10038764027984282
VYD_00391,0.03150926667015964,0.427894971864166,439.7623939258598,5.5,8.0,0.6128714772942492
VYD_00392,0.16906214132905004,0.7609901174452551,759.8588957055214,8.97,8.97,0.09278605996173556
VYD_00393,-8.98616328254724e-05,0.49334915214622144,454.2859292701279,10.68,10.68,0.3667623441520224
VYD_00394,0.060437911612609516,0.504913597204053,586.2649164677805,18.6,27.6,0.23110391799713617
VYD_00395,0.1350232421306532,0.5715282033495048,448.6258411843876,20.55,31.05,0.4100900321178462
VYD_00396,0.12989924844772516,0.5708246654018847,494.44542772861365,17.74,26.26,0.383290637545363
VYD_00397,0.007847993553890658,0.40645656558130516,418.20305676855895,20.58,28.78,0.1269785121773383
VYD_00398,0.07158227584705787,0.5357546661001071,470.02395964691055,17.6,26.6,0.2186724425085968
VYD_00399,-0.005558724582774664,0.4344852046519134,534.2708933717579,16.08,17.43,0.19075540749688918
VYD_00400,-0.08169642378826242,0.3270060710198016,363.185544768069,12.6,17.43,0.25533056752400834
VYD_00401,0.014273752755624182,0.5061673193420616,436.7700421940928,13.93,20.43,0.12950426679953994
VYD_00402,-0.16163863848307972,0.2599353903445275,541.3779069767442,18.0,26.16,0.14352748338841206
VYD_00403,0.15627477567693446,0.633273362822053,602.5638297872341,15.93,18.43,0.38847236957615433
VYD_00404,0.059483381610644356,0.45522175352806904,547.3471177944864,7.1,7.1,0.4406751397442502
VYD_00405,0.09671793836045318,0.5219539116441677,550.5980148883375,12.01,12.01,0.11092904422730784
VYD_00406,-0.01928279740230613,0.43281018647872044,504.1304347826085,7.61,11.11,0.07614632272938839
VYD_00407,-0.08425072883099516,0.3382716822055273,440.85641891891885,14.88,19.86,0.1601259789843351
VYD_00408,0.03827569502393799,0.42676033125496665,428.84151785714295,11.68,11.68,0.12326106855281087
VYD_00409,-0.052140295344577814,0.378304580818711,536.561855670103,7.61,11.11,0.42508817108466007
VYD_00410,0.06813767906826955,0.5271661559779021,469.8223826714802,7.61,11.11,0.38007672648053165
VYD_00411,0.07623802828086704,0.5035526802485965,570.6734164070613,15.75,20.1,0.5317465885874549
VYD_00412,-0.033887726185268564,0.36522157221854656,452.3244897959184,4.56,4.56,0.9427152599090374
VYD_00413,0.11082624304525623,0.5247164132507203,647.2128463476071,10.56,12.56,0.21934799740391345
VYD_00414,-0.06291541939855018,0.40991285151223406,437.0711610486892,8.4,8.4,0.14701259890558901
VYD_00415,0.09236576886858831,0.5528819216328629,485.48029556650243,13.93,20.43,0.22377476693919202
VYD_00416,0.055956080167253654,0.5929768811178019,563.5720720720722,8.14,8.14,0.062165302121150054
VYD_00417,0.018721107753059,0.45973767435033824,507.19626168224295,5.39,9.39,0.26577174991322916
VYD_00418,-0.04711907322533039,0.4599950189687701,572.6356192425793,5.39,9.39,0.2656724312690446
VYD_00419,0.04317238561815874,0.5070667156645826,555.5297504798465,8.14,8.14,0.2857097619335217
VYD_00420,-0.0021728069259397713,0.3332568923931207,301.62261146496814,10.56,12.56,0.3457940944379864
VYD_00421,-0.05747204391293764,0.35816327553097804,465.3376259798433,13.48,19.98,0.48572819374833914
VYD_00422,0.08493368306479857,0.5693159192306899,590.2866449511401,20.55,31.05,0.5903524293361812
VYD_00423,0.05782902334573601,0.4559052716726544,424.23376623376623,10.56,12.56,0.14917818322719226
VYD_00424,0.07618741855599633,0.49418400000738777,421.41071428571433,15.46,23.2,0.5854293139756775
VYD_00425,-0.0315844889978271,0.36312464245430587,438.3242811501597,10.56,12.56,0.5183501980199507
VYD_00426,-0.0363297942599817,0.3948810689337093,425.99543610547676,15.39,22.44,0.5439959110756954
VYD_00427,-0.03644679848238194,0.3470280728045038,405.06304985337243,14.88,19.86,0.1878910925880551
VYD_00428,-0.0021217165959616065,0.41234719840016093,366.7248554913295,13.93,20.43,0.2375278468597781
VYD_00429,0.01113850429617537,0.4223829453678292,367.7118190661478,6.64,10.14,1.1323918642284359
VYD_00430,0.004425750568388607,0.32395319433787445,347.03367496339683,9.85,9.85,0.18316913420033698
VYD_00431,0.04049458616092557,0.41347735580362255,601.5745454545454,3.25,3.25,0.1499885085698285
VYD_00432,0.02838755994970788,0.30024804930931315,442.5744822979292,5.39,9.39,0.4093136773460706
VYD_00433,0.011598395678310329,0.4602688998362272,357.8848039215687,15.46,23.2,0.3373791241618473
VYD_00434,-0.004990319989758256,0.46333779161399546,488.842415316642,18.6,27.6,0.1870840129647652
VYD_00435,-0.05857069157856367,0.29254248711288344,319.68518518518516,8.4,8.4,0.46544022927737216
VYD_00436,0.09123945107462503,0.4467636161095395,464.6208,12.0,18.0,0.1711764051086815
VYD_00437,0.06659598936671977,0.4388897463297233,450.92105263157896,10.73,12.73,0.26219252891321165
VYD_00438,-0.0020276540107446827,0.4483112156273865,599.3645680819913,15.86,16.2,0.5629200065682943
VYD_00439,0.03158662646387048,0.32205451492047477,357.4429824561403,15.93,18.43,0.3148889941322012
VYD_00440,-0.02344268882653962,0.4937631225494685,567.8902821316614,15.93,18.43,0.17613629894082594
VYD_00441,0.04319489797607039,0.4738536377941948,396.34612310151874,7.61,11.11,0.34531829142538817
VYD_00442,-0.07724763712425246,0.41151067526125085,537.8363273453094,9.6,9.6,0.27702753872058783
VYD_00443,-0.00944989009825962,0.31861277061098586,345.5066454013823,16.14,23.99,0.5182334303625564
VYD_00444,0.16576822317259718,0.5609779036083395,450.3750000000001,13.48,19.98,0.49139747595534683
VYD_00445,0.017363798400434532,0.421741790652133,506.2010723860591,9.81,9.81,0.3077614895790624
VYD_00446,0.016503446534423625,0.4749553405149906,544.1242236024846,17.6,26.6,0.17498284565900157
VYD_00447,0.0029766073975762745,0.4504290580861393,487.9414893617022,11.84,11.84,0.2609597012221022
VYD_00448,0.000806743537617223,0.4392768578504628,442.62920168067234,18.0,27.0,0.26317104089196797
VYD_00449,0.0084053487780557,0.39354629853790785,416.2910557184755,12.0,18.0,0.31914933502095283
VYD_00450,0.01730494843483061,0.2981413657772909,395.53221010901876,15.93,18.43,0.2778778589667718
VYD_00451,-0.0049015614530888586,0.30930282482713994,422.4676616915423,8.14,8.14,0.05564574720771759
VYD_00452,0.07145633411088416,0.4355954910571847,436.07667031763424,13.93,20.43,0.25125880895819186
VYD_00453,0.032190822820074745,0.45615268502068773,501.46985317088405,3.0,4.5,0.882773422913493
VYD_00454,-0.005043505109319494,0.3987889040468468,424.54474708171205,16.08,23.13,0.07044034472190426
VYD_00455,0.036717612919550426,0.4338651174841405,474.5888607594937,3.0,4.5,0.5428374112351382
VYD_00456,0.02584115814128606,0.40249028326025893,520.8163265306123,11.68,11.68,0.1082813318985734
VYD_00457,-0.025612766071466685,0.3630896073488623,439.1745076586433,17.74,23.32,0.5035202199519028
VYD_00458,0.03355170237263302,0.4750119165166631,475.0,7.1,7.1,0.009543318764785954
VYD_00459,0.09210731243885438,0.5719666063023833,534.0968456004427,10.68,10.68,0.49750167731934053
VYD_00460,0.0726967570040597,0.48589062605453665,627.3003472222222,14.64,14.64,0.15864452272211713
VYD_00461,-0.04237806117989617,0.3716371664130438,419.2770909090908,16.08,17.43,0.3779526119388492
VYD_00462,0.09430213160252565,0.5050544840129303,570.3218599033816,10.68,10.68,0.45683270309596435
VYD_00463,0.00558972206619358,0.37098336851438585,419.0019569471624,10.56,12.56,0.5509852581751339
VYD_00464,-0.0764689033702102,0.46926602519268373,491.8027522935779,5.39,9.39,0.05997570511922678
VYD_00465,0.048214346901875094,0.3893490812232323,499.45283018867934,15.0,23.0,0.16089756638726127
VYD_00466,0.13052595732316385,0.5180271918231305,525.317620650954,11.68,11.68,0.24578364496343474
VYD_00467,0.05978348191715081,0.5054690818156617,476.06160458452723,17.74,26.26,0.5773482183010238
VYD_00468,-0.01143545976617117,0.38870989879009105,509.0358632193496,11.68,11.68,0.33092667367674505
VYD_00469,-0.08832282855725536,0.30340367678679947,339.3023255813953,7.61,11.11,0.5448542088289403
VYD_00470,0.22067835052526488,0.6079313372213817,769.4348837209302,8.14,8.14,0.2374904374322181
VYD_00471,-0.03975365111841547,0.3460797107472724,383.9992283950617,3.0,4.5,0.35741349545149276
VYD_00472,-0.034793371638469274,0.29629312753997605,666.224374495561,15.38,21.94,0.3416176860783465
VYD_00473,-0.024677603213385788,0.4522625525244657,616.7378151260505,15.93,18.43,0.16455264280677523
VYD_00474,-0.06834767709407351,0.3149379753698749,369.6989966555184,15.46,23.2,0.08344791895806591
VYD_00475,0.08655944253421492,0.526839607126183,464.9490445859872,18.6,27.6,0.04403896219176652
VYD_00476,-0.13940081155509776,0.24109341064781642,415.17752808988763,0.0,0.0,0.4922539742906842
VYD_00477,-0.12410891742317512,0.2754218330963146,296.908718548859,12.01,12.01,0.4717306395146142
VYD_00478,0.044990678586146846,0.3415715105891365,413.3523316062176,13.93,20.43,0.10700926078568254
VYD_00479,0.043685888142992804,0.5151501875871497,571.6438152011922,15.75,20.1,0.5552483759329915
VYD_00480,0.0643657501260647,0.31594928183778204,411.7159090909091,12.0,18.0,0.049089836849781514
VYD_00481,0.06337350802743404,0.471686043774701,617.906894816306,8.14,8.14,0.5480359034022164
VYD_00482,-0.03966004015732432,0.394874018118176,384.4539682539683,12.01,12.01,0.2625813582840171
VYD_00483,0.10558077254889034,0.447804807155143,463.03280182232345,10.56,12.56,0.6019656940473992
VYD_00484,-0.03767251403332193,0.3325523601002208,431.4028169014084,13.49,15.99,0.29321556091941986
VYD_00485,-0.010334348986871682,0.4103847642139366,479.06324520476926,10.56,12.56,0.5272427913055631
VYD_00486,0.048164545348845414,0.48158041992608236,519.4951768488745,9.74,9.74,0.08585300880145068
VYD_00487,-0.013717911966614368,0.4419435738914834,489.0817270624519,5.98,5.98,0.3572053061251596
VYD_00488,-0.02230013065377478,0.4567972522122518,530.2692307692308,5.39,9.39,0.15028604183071215
VYD_00489,0.005658743939124422,0.4422567785421534,562.4098598356695,17.74,23.32,0.5736544388689233
VYD_00490,0.0028374518200096365,0.4177762327792656,578.9102880658435,10.73,12.73,0.3362359768993664
VYD_00491,0.05055573172370169,0.5310595463192403,578.0760023937762,16.08,17.43,0.4533420095644038
VYD_00492,0.022174810643344773,0.47981568141069725,581.9365079365078,8.14,8.14,0.10487240367200688
VYD_00493,0.06378404283340117,0.42841847024827623,511.7653997378768,15.46,23.2,0.2095852582394663
VYD_00494,-0.02779702362275114,0.39549522857721237,472.73463485177143,15.39,22.44,0.3802310730401604
VYD_00495,-0.04944485334296131,0.4043646611130922,463.38888888888886,17.74,26.26,0.3732147979724146
VYD_00496,-0.08924835967473746,0.3668414918864637,461.977223427332,10.68,10.68,0.4962282796611027
VYD_00497,0.04308497058379079,0.46552436444112133,471.8802642444261,9.74,9.74,0.3365699181854321
VYD_00498,-0.026556630968663415,0.4459931372580601,427.3417218543047,16.8,22.4,0.2083871832133719
VYD_00499,-0.07540808446285109,0.3801734959570373,419.97826086956513,12.63,15.13,0.10323165786761217
VYD_00500,-0.14480178720421263,0.31307959915311256,601.0744680851063,16.08,23.13,0.0515529377355404
VYD_00501,-0.06656681165274891,0.44007357005112935,464.2217573221757,16.9,18.86,0.32981144038948057
VYD_00502,0.11662431830439146,0.5018110836984295,458.00679012345665,3.0,4.5,0.44628667844101383
VYD_00503,0.13238066210407592,0.5580916705241263,629.9306930693069,3.0,4.5,0.05813863345854779
VYD_00504,0.014468828594544902,0.5078615387411495,526.5183823529412,5.98,5.98,0.14914456766110498
VYD_00505,0.05194732085909697,0.4907462314826119,541.659891598916,13.49,15.99,0.41123294033865343
VYD_00506,0.1018691094416292,0.6007984085817387,638.3522483940043,8.14,8.14,0.2578075925710578
VYD_00507,-0.05530192864327519,0.29396002286451833,425.21623419827006,16.9,18.86,0.4123463508290478
VYD_00508,0.06101468422985931,0.48185627326071806,495.0744897959184,6.64,10.14,0.26984345404362226
VYD_00509,0.00288245746828171,0.4284517311901395,474.7264757451783,10.68,10.68,0.4713164148249147
VYD_00510,-0.04640772704923828,0.3175398128894404,423.14005763688766,13.48,19.98,0.47789446260290713
VYD_00511,0.034475011246506225,0.4581079082902545,455.17,13.59,16.59,0.10895798425982262
VYD_00512,0.019616332586807634,0.384725429054919,417.1258644536653,15.93,18.43,0.20453638202601424
VYD_00513,-0.006124466985293145,0.5791993171375521,529.7854077253219,12.0,18.0,0.06400812038788552
VYD_00514,-0.03269988614189542,0.34119176775734233,488.27172582619335,10.68,10.68,0.22560761278847336
VYD_00515,0.17315290946437073,0.5234417884806952,652.3867187499999,11.68,11.68,0.35262874308623554
VYD_00516,-0.017462868928539595,0.366518428312323,462.6304816678649,11.68,11.68,0.38311235655826376
VYD_00517,-0.03005833859383054,0.4764767026399937,482.61302475780406,11.68,11.68,0.5161250944660791
VYD_00518,-0.04969542197672264,0.38904639791142764,494.9857819905214,15.93,18.43,0.058650279408630136
VYD_00519,0.02214697527096713,0.349840057311201,308.0661375661376,5.39,9.39,0.2083826058117814
VYD_00520,0.05136747127908831,0.5196408978419325,685.4544910179641,20.55,31.05,0.4657572085292648
VYD_00521,-0.056750125095554396,0.3418427734777806,374.8471023427867,4.56,4.56,0.6696494460044295
VYD_00522,0.024572549048292484,0.5059170171807084,552.9430199430201,7.1,7.1,0.09662164911313181
VYD_00523,0.0075324380707640455,0.45481542325936825,678.9456521739131,9.6,9.6,0.05116472701375774
VYD_00524,0.12675161297325938,0.5768342109644305,508.86865671641806,17.74,26.26,0.2774218734898369
VYD_00525,0.04877345055637809,0.39941169292532314,600.3623055809697,11.68,11.68,0.3022764522122006
VYD_00526,0.0009918015665065212,0.43504943730411805,386.58921438082564,6.64,10.14,1.2392820122249675
VYD_00527,-0.0009881215561929895,0.48471430703187385,550.6815159574469,5.39,9.39,0.41429852216926855
VYD_00528,-0.05855134112386111,0.275370738953722,380.9713147410358,10.73,12.73,0.34465184152626577
VYD_00529,0.06340232857574638,0.49904373332093926,530.3016997167139,13.48,19.98,0.19108158203914205
VYD_00530,0.0005753336376040632,0.42910040509445585,537.7857142857143,5.39,9.39,0.401314133352614
VYD_00531,-0.009357394051282905,0.3972737021576553,444.2168141592921,12.0,18.0,0.11377122760354164
VYD_00532,0.06478280735951128,0.5411208728463021,629.7722152690865,9.6,9.6,0.2191646016436848
VYD_00533,-0.06071455585659381,0.3144151455124682,394.3053960964409,15.53,19.58,0.2419469439246347
VYD_00534,-0.0803292906268867,0.38466939411611634,537.0247388675097,15.86,16.2,0.5011280276275225
VYD_00535,0.018073643847249472,0.36998688919830436,504.98067010309273,3.0,4.5,0.2122898310821689
VYD_00536,0.05076929211611461,0.4225405967947262,419.8520782396088,5.39,9.39,0.45171539861863613
VYD_00537,-0.1704098330715506,0.26803330747432996,305.81754735792623,12.01,12.01,0.2760991718520895
VYD_00538,0.016515789845436557,0.568658097539008,436.3289617486339,15.93,18.43,0.4991012876360168
VYD_00539,-0.01086871688813666,0.3012534246115542,474.11919191919196,16.9,18.86,0.4095639996255601
VYD_00540,0.07671270867620963,0.4901460788903698,476.624760689215,13.59,16.59,0.4325778517873425
VYD_00541,0.07010193241186886,0.5927580568356818,566.4734636871508,17.74,26.26,0.20950597580717512
VYD_00542,0.11044119662537549,0.5536740493731899,548.956647398844,17.74,26.26,0.27553541753398153
VYD_00543,0.11074444645041012,0.5298492490833493,426.0481740481741,15.46,23.2,0.35431103400244685
VYD_00544,0.041309827007402794,0.44659050163376485,564.066155321189,6.64,10.14,0.5755055493383073
VYD_00545,0.0667771461026839,0.47084736686358086,438.4401888772298,15.39,22.44,0.5237306504327572
VYD_00546,0.06593448515898344,0.49600398782017513,494.2612312811981,7.61,11.11,0.16488176950111266
VYD_00547,-0.011435258522342798,0.35758818765956246,430.57617896009674,12.0,18.0,0.45828187222870637
VYD_00548,0.05281703363453288,0.5194160954030674,497.79911373707523,10.68,10.68,0.559183889823608
VYD_00549,-0.053202541212702556,0.3355423379742522,462.93051843933716,16.4,24.9,0.5153803118501383
VYD_00550,0.15861764598420314,0.6198672335695358,504.9362089914946,20.55,31.05,0.4535753019048178
VYD_00551,0.05962396781535886,0.3824980377686926,398.85456475583857,5.39,9.39,0.518554429100176
VYD_00552,0.03268616630419612,0.5002446550074532,478.0245499181669,15.93,18.43,0.1683283015209381
VYD_00553,-0.04746214799058048,0.4253982151657749,491.96897374701683,4.56,4.56,0.11622489565322565
VYD_00554,-0.0742468474979063,0.4027631121756728,336.2490797546012,16.08,17.43,0.4480725765336765
VYD_00555,-0.06303747295132764,0.32752305317621727,439.89220303506016,7.1,7.1,0.5157769612793095
VYD_00556,-0.04729683225277433,0.2988899960591082,343.45567375886526,5.39,9.39,0.15507125897833432
VYD_00557,0.028481603648074033,0.5123356569931704,454.88291900561353,15.46,23.2,0.34430289890078786
VYD_00558,0.06853386546597248,0.501805549540616,571.0684500393392,12.6,17.43,0.35111338495188055
VYD_00559,0.011846705783038237,0.3949223679580951,564.4533551554829,11.68,11.68,0.1689267642266798
VYD_00560,0.028926029645373347,0.46561060499918805,511.50055865921775,10.68,10.68,0.24481261645937324
VYD_00561,-0.07121778299949696,0.3158973780191871,517.0509090909092,7.61,11.11,0.2302719147071803
VYD_00562,-0.10167637478460523,0.3762780411835349,483.73296089385474,8.4,8.4,0.2462482269165982
VYD_00563,0.0956976838334994,0.49450516175539755,553.9509237875288,8.14,8.14,0.47705592683214443
VYD_00564,0.026963268720747686,0.4237772091756488,516.3493377483444,5.39,9.39,0.1676776652451427
VYD_00565,-0.017497093522163158,0.3599906575094974,421.5257633587786,11.84,11.84,0.5784619204115511
VYD_00566,0.017200619500414533,0.4364775068040461,538.0398009950248,12.0,18.0,0.22281189189797165
VYD_00567,-0.013902820504561915,0.4031786776514044,497.9790605546124,3.25,3.25,0.48850257737499814
VYD_00568,-0.02760847369140799,0.3557874775865337,399.79999999999995,17.74,23.32,0.21809990105831376
VYD_00569,0.08264077738781117,0.5362346345744311,503.78627450980395,15.93,18.43,0.27972514918528363
VYD_00570,0.003933650368669865,0.39925671440721094,494.4940732758621,15.39,22.44,0.5107941204891062
VYD_00571,-0.0315599933873466,0.37887924393330963,531.0353535353536,17.74,26.26,0.21893959474741428
VYD_00572,-0.0212883569315239,0.40772840664897475,404.392545982575,15.39,22.44,0.5679656610316222
VYD_00573,0.028017281542668616,0.4275042588863245,433.3083090379009,15.39,22.44,0.3799902184343551
VYD_00574,0.15077369610475724,0.5860629342345574,672.1642764015646,11.68,11.68,0.21247719210286023
VYD_00575,-0.08689068501993012,0.25808898754761644,376.7761279268988,16.08,17.43,0.47991423221060003
VYD_00576,0.05380475039770819,0.4943561717063958,606.8980667838313,7.61,11.11,0.1567650934069077
VYD_00577,-0.06009201575994923,0.43868763607550715,653.0738007380075,15.93,18.43,0.07345573141367023
VYD_00578,-0.08790540507977038,0.3448372305623742,508.20645905421,11.68,11.68,0.24005252893182238
VYD_00579,0.025915112218912226,0.3601701619928874,400.63826366559493,8.4,8.4,0.1707850500914221
VYD_00580,0.09579258724075093,0.5672237739692466,583.332863187588,12.01,12.01,0.19433570594982214
VYD_00581,-0.029102167470108672,0.3390811135755974,422.8463751438436,11.84,11.84,0.4757248557945427
VYD_00582,-0.03217291861317847,0.407084953098397,418.60703812316723,4.95,4.95,0.09396378646889263
VYD_00583,0.017490636839167198,0.42362447725891905,545.622853759621,10.68,10.68,0.4617207640439997
VYD_00584,0.005008467103943028,0.44797049949492274,516.5589743589744,7.61,11.11,0.3768157140428842
VYD_00585,0.02729059901500814,0.3913942092476123,492.38511678435634,8.14,8.14,0.5108126742611582
VYD_00586,0.043856686556880235,0.5098269293134167,452.81004784689,5.39,9.39,0.5774376386453492
VYD_00587,-0.04565437951835121,0.393502418412507,480.590770791075,13.93,20.43,0.5583787174929247
VYD_00588,0.05694702752307522,0.5312372396203144,663.223463687151,6.83,6.83,0.2944359599635026
VYD_00589,0.020395367861022792,0.4039246259632447,596.1483781918565,11.84,11.84,0.4017294529841831
VYD_00590,0.12715397847627968,0.5145759160364551,592.250670241287,17.74,26.26,0.2058001985569591
VYD_00591,-0.04141847315526893,0.37761651611057323,467.722941481098,16.8,22.4,0.5325911669183758
VYD_00592,0.07578513347168059,0.6129783004157991,595.2340659340659,20.55,31.05,0.2512076903786338
VYD_00593,0.029427525083226488,0.42765992361130895,434.9717425431711,15.39,22.44,0.18320103623341802
VYD_00594,0.06389019876026292,0.47055137915249856,630.9075144508671,7.61,11.11,0.049430979097104547
VYD_00595,-0.07373224016755146,0.36839032800574056,546.3109243697479,7.1,7.1,0.03269538576376689
VYD_00596,0.12555272288708627,0.5343703962695302,558.764598540146,17.74,26.26,0.30015722764865393
VYD_00597,0.02824100915908829,0.4505530358753234,543.9554479418886,5.39,9.39,0.5745407267581344
VYD_00598,0.04330180575471981,0.5134172022704654,510.6023555804823,16.9,18.86,0.4875282111101208
VYD_00599,-0.05283172508171791,0.46591836609717063,561.7316129032258,5.39,9.39,0.21323279641438006
VYD_00600,0.0901013620060075,0.5115838068805058,616.9700822737472,9.6,9.6,0.3675417682852927
VYD_00601,-0.016863420975891136,0.33501638354265856,478.1280962491154,11.68,11.68,0.38667673771508065
VYD_00602,-0.010138493266501925,0.3842010489005907,360.6000000000001,13.48,19.98,0.43936163732363864
VYD_00603,-0.005042920272715548,0.3850587287590545,491.5342679127726,9.74,9.74,0.17396118700888133
VYD_00604,-0.07201972581255345,0.40972517226536176,589.6630710659898,15.9,22.5,0.4346516957742385
VYD_00605,0.01746881439651368,0.4633253392244753,459.7358326068004,16.9,18.86,0.3164384386800136
VYD_00606,-0.04398957937171604,0.4117942095134197,444.85397412199626,16.08,23.13,0.595150740295436
VYD_00607,0.0016471656695885828,0.37928962051516235,485.69486404833833,12.01,12.01,0.4551561287847122
VYD_00608,-0.013527711501763184,0.3938192209638572,489.01756668835395,14.88,19.86,0.43061684887733026
VYD_00609,0.012450325821923978,0.4668158966709268,467.4651726226529,5.39,9.39,0.4528711457879502
VYD_00610,-0.038002837650036835,0.46530624510767943,497.9183098591549,12.0,18.0,0.48925244377882765
VYD_00611,-0.005479915315291831,0.3657159809229862,488.77202072538864,15.39,22.44,0.3173468674479267
VYD_00612,-0.011300722279398507,0.44729104245845197,381.20819112627987,8.4,8.4,0.2425266684917322
VYD_00613,0.017214519742906602,0.47514217830092254,499.4140168721608,11.13,11.13,0.4189549106482139
VYD_00614,-0.11469510162283701,0.3425636235701205,362.04018637157833,12.01,12.01,0.4719939377816662
VYD_00615,0.02443360124981384,0.42402794212523093,505.96577946768076,16.08,23.13,0.21742552236219248
VYD_00616,0.117309106033259,0.4234158790344307,705.7718749999999,11.68,11.68,0.08815160065286536
VYD_00617,0.045625681841532734,0.42937209791579667,569.1716068642745,8.14,8.14,0.1761403467725922
VYD_00618,-0.02592070984197023,0.370379733933708,474.41338582677173,15.39,22.44,0.5589991356119898
VYD_00619,0.014761479103705726,0.4479394971911881,604.1900311526481,7.61,11.11,0.3551570510868464
VYD_00620,0.015525714439687286,0.4733596234521045,455.2071992976295,13.59,16.59,0.3172025054418361
VYD_00621,0.10040639649459772,0.546249847042653,498.70522478736336,17.74,26.26,1.1569416504837033
VYD_00622,0.01758331724832781,0.4562155452467842,425.7368421052631,12.0,18.0,0.22063924316712297
VYD_00623,0.0685698805256599,0.4233445513699464,414.3862973760933,5.39,9.39,0.5635813314420176
VYD_00624,0.128132475161141,0.5964923451495885,553.7876288659794,18.6,27.6,0.4005428095102627
VYD_00625,0.023360623103789235,0.3537632462700093,609.2892156862744,9.56,11.33,0.1698434253384713
VYD_00626,-0.08100335715124493,0.3355349439885261,386.34006928406467,15.53,19.58,0.4766607680510416
VYD_00627,0.05388841297896449,0.4319925750492233,548.9260496183206,8.14,8.14,0.5766963823853101
VYD_00628,0.202920494419512,0.5397048322927384,782.4416243654824,8.14,8.14,0.054074551516454336
VYD_00629,0.060659763385806954,0.4402389745852172,585.5057471264367,11.68,11.68,0.24078747022762373
VYD_00630,0.0108537074768956,0.4663279263755949,467.1186440677967,11.84,11.84,0.3913023011028585
VYD_00631,-0.0914017881279292,0.380671731635606,461.910878112713,9.6,9.6,0.2096444289211623
VYD_00632,0.07102860322854333,0.47189962372905886,589.0356435643564,11.68,11.68,0.27418318542414755
VYD_00633,-0.05301567412270376,0.44102443639028394,530.4125786163522,7.61,11.11,0.44366576451559414
VYD_00634,-0.004166574842458725,0.3848094654399754,394.15225424981526,12.0,18.0,0.3701165629858271
VYD_00635,-0.02827238309131974,0.2915924971486315,415.35555555555555,15.39,22.44,0.05953815959401927
VYD_00636,-0.06561049092329753,0.28086583887192945,440.404641044235,8.14,8.14,0.3794332155514883
VYD_00637,-0.02241830973068843,0.41161141316156163,683.641156462585,10.24,10.24,0.16187438235835874
VYD_00638,0.0338822505265562,0.4495799924518923,444.1151260504201,12.01,12.01,0.3273104813469486
VYD_00639,0.0553379578832896,0.4448626951034717,582.9947368421052,8.14,8.14,0.26063678690767217
VYD_00640,0.20467975706443092,0.6053498746707742,634.2192758796532,6.83,6.83,0.5406350436297167
VYD_00641,-0.049971275578543015,0.39039115048213596,460.9027001862198,18.6,27.6,0.589746092781281
VYD_00642,-0.0057121469037046705,0.47263876941597593,422.3071000855432,16.08,23.13,0.3146781384175885
VYD_00643,0.011179758254143333,0.42699942460751306,496.5099466278505,17.74,23.32,0.5677268992797746
VYD_00644,0.07219336829240736,0.5177168179627876,549.1770475723395,4.56,4.56,0.5600471596620867
VYD_00645,-0.06434616472376553,0.3715614015488798,445.2544731610338,5.39,9.39,0.4160276586010858
VYD_00646,-0.011083439623496734,0.47213118296666706,552.7568936409681,10.68,10.68,0.4914408496007405
VYD_00647,0.04493354405005495,0.4699325272970324,384.18166238217646,17.74,26.26,0.32002801429732464
VYD_00648,0.0449673010322518,0.4762463473639888,614.4930069930072,11.61,14.47,0.15655284703439937
VYD_00649,0.01636741757745013,0.39102308223528326,550.9847964688573,7.61,11.11,0.5631556880452165
VYD_00650,-0.12166028232154155,0.29019397403743846,376.2811594202899,3.25,3.25,0.18948717146726216
VYD_00651,0.06595306087832073,0.5036879595960024,561.012987012987,20.55,31.05,0.4237373407021574
VYD_00652,0.08070319148210232,0.45285565410961365,491.24156305506216,12.0,18.0,0.4639775308617783
VYD_00653,0.17303738376896718,0.6248697289828725,543.7140600315955,11.68,11.68,0.17277865917752275
VYD_00654,-0.022232233229913984,0.4313288291345925,511.3033816425119,7.61,11.11,0.28981205294272405
VYD_00655,0.0188019574736245,0.4331499781643536,566.4093120222377,8.14,8.14,0.3955986769156012
VYD_00656,0.008200126822752667,0.3791634407617044,548.1378692927485,18.6,27.6,0.30898516777024226
VYD_00657,-0.0672237280508036,0.4110504834184257,373.8600269179003,12.0,18.0,0.6017011768617035
VYD_00658,0.0679472804077248,0.4056477551267356,433.7527985074628,13.59,16.59,0.29526456807979923
VYD_00659,-0.014626271258089673,0.43779817969824536,375.5635607897471,14.88,19.86,3.9661418956288435
VYD_00660,0.010423673341258101,0.3458161812414688,368.4811046511628,13.93,20.43,0.19018904742126977
VYD_00661,0.0894615051304452,0.5795893091628085,507.13409415121254,18.6,27.6,0.1982993931695018
VYD_00662,-0.05053480075825849,0.3092973852793963,420.6144349477682,12.01,12.01,0.5781282908684827
VYD_00663,0.10426052415479407,0.6213802053837344,703.1442577030813,8.14,8.14,0.5848462611226574
VYD_00664,-0.013789905518149735,0.4291195738625693,464.5304022450889,11.68,11.68,0.5938945510663635
VYD_00665,-0.048400597895534955,0.38208539012452236,410.9052496798976,12.63,12.63,0.21641903191684936
VYD_00666,-0.11652901439741252,0.27647229251265526,296.39527027027026,15.98,15.98,0.24548428051205984
VYD_00667,0.00631507019329751,0.45894605690268864,591.7921077959577,3.0,4.5,0.28658004818434546
VYD_00668,0.1396295660733513,0.555637869443197,585.8240000000001,17.74,26.26,0.27549638089494777
VYD_00669,-0.015465848873213964,0.3907682756555937,559.7339449541284,5.5,8.0,0.09032641489454281
VYD_00670,0.04587936984456105,0.5300231991840939,604.3577981651376,7.61,11.11,0.05993958998708182
VYD_00671,0.03758592023341087,0.4533951532653222,413.30075187969925,17.74,26.26,0.2569861011810782
VYD_00672,0.04791396457930918,0.4880874541962031,515.5670037926675,11.84,11.84,0.4307265427034859
VYD_00673,0.1434821622852628,0.5878965227953868,580.1258865248227,6.83,6.83,0.1555592911327793
VYD_00674,-0.008418254548215416,0.3678842462879213,497.6354679802955,18.0,26.16,0.1698728564618048
VYD_00675,0.018878616189643406,0.4332113160303611,538.9379157427937,10.73,12.73,0.2502317230734209
VYD_00676,-0.04878722693614505,0.4007203837294224,441.55306799336654,16.08,17.43,0.33268297804811486
VYD_00677,0.019225438366142936,0.43049949184698383,445.1573736321001,10.56,12.56,0.5296718956331765
VYD_00678,0.026307373068506047,0.4434406600537243,390.7775061124695,7.61,11.11,0.3394057192436498
VYD_00679,0.0360964285342607,0.39480762058848795,391.6805736636246,9.74,9.74,2.1032570614366723
VYD_00680,-0.04900079085900756,0.34957055360951683,351.6933962264151,11.68,11.68,0.0587235809412589
VYD_00681,0.11927038602727025,0.4532574485791357,573.6456692913385,15.93,18.43,0.1395462541127795
VYD_00682,-0.04123062245491752,0.4024812791253047,328.7780678851175,8.4,8.4,0.2116129407229907
VYD_00683,-0.1107132254971976,0.3434371401878663,340.77727784027,20.55,31.05,0.4895517129345833
VYD_00684,0.06344895421476661,0.39722559996151474,474.40845070422534,20.55,31.05,0.35197097437342106
VYD_00685,0.07788028504931185,0.4154041683559783,523.0901467505241,10.79,10.79,0.1277816631582717
VYD_00686,-0.17183635822535231,0.26344080013960464,301.6577266922095,12.01,12.01,0.2165203633164099
VYD_00687,-0.004780738263822268,0.34952519550064554,358.05990783410135,17.74,26.26,0.1199567650610864
VYD_00688,-0.07216565146845991,0.3222925615529736,345.74394463667824,12.0,18.0,0.3188627084043269
VYD_00689,0.01274282356735057,0.4135774561727885,380.40350877192986,6.64,10.14,0.06265307364614832
VYD_00690,0.005584219778082372,0.33403501257713414,398.2185970636216,12.0,18.0,0.17193643015132515
VYD_00691,-0.0970860818692754,0.3526649913762378,488.61476868327395,10.68,10.68,0.3091505322764902
VYD_00692,-0.14423577188525674,0.32851075512706923,343.73957513768687,12.01,12.01,0.35102623138678657
VYD_00693,-0.0694711061602154,0.27735051752127443,508.8,18.0,26.16,0.0434790512524579
VYD_00694,0.08773290136187159,0.48964885920286166,770.7287878787881,12.01,12.01,0.1816533848378018
VYD_00695,0.06249303143917464,0.45154414850641317,474.1194968553459,11.68,11.68,0.08716385029209126
VYD_00696,0.026741252548606254,0.45507183602307094,453.12085308056874,11.84,11.84,0.23440022617399553
VYD_00697,0.008918283128341134,0.5152586332670108,445.44119184526915,18.0,27.0,0.536279445991204
VYD_00698,0.0020642810368012004,0.3627115680066184,456.09554140127386,15.39,22.44,0.2100278674254989
VYD_00699,-0.04495265567937947,0.3795300016366208,596.5309446254071,20.55,31.05,0.08610809672636131
VYD_00700,-0.0344197428530955,0.3438854080284654,487.9512465373962,7.61,11.11,0.49803373576321736
VYD_00701,0.10831708994565557,0.4540080379698948,455.358514724712,10.56,12.56,0.21471137357374104
VYD_00702,0.03973411050352065,0.3314294266800388,316.0573630136986,5.39,9.39,0.3221918810057765
VYD_00703,0.08166508868596581,0.47434764170369437,551.8928571428572,18.0,26.16,0.26328036533491384
VYD_00704,-0.039597792754676515,0.28727986412574946,360.4726477024069,5.39,9.39,0.24942764810223417
VYD_00705,0.025860141819216174,0.4200016323963356,531.7909002904163,8.14,8.14,0.28436282620481856
VYD_00706,-0.16257779580841733,0.3057810504264869,377.50175438596483,14.88,19.86,0.15702940466613383
VYD_00707,0.10049746238885697,0.48679630907306654,561.0978260869565,11.68,11.68,0.18055746677728227
VYD_00708,0.027029059087547044,0.42019473518362227,428.4537521815009,10.79,10.79,0.4742893824449594
VYD_00709,0.048575106562578664,0.4799661858214273,618.9256830601092,15.75,20.1,0.2534798070055498
VYD_00710,-0.03743004028618922,0.27004247154487365,589.7264325323474,7.61,11.11,0.14969416808724556
VYD_00711,-0.0460547073876596,0.3983593156222739,429.3563880883766,18.6,27.6,0.28510473355660404
VYD_00712,0.1201579750075494,0.5082956379597812,501.65032327586215,8.49,8.49,0.5109460367802972
VYD_00713,-0.015594591208379902,0.43212065315946235,462.8320610687024,15.39,22.44,0.432941472108924
VYD_00714,-0.020586817282854653,0.40348071603447205,546.7751831501831,12.01,12.01,0.6017452644145065
VYD_00715,0.12108183196726101,0.5654866490071742,432.00310880829016,18.6,27.6,0.5317440041957285
VYD_00716,0.02749800561306086,0.5040042949718115,484.7153598281418,5.39,9.39,0.25995249817649385
VYD_00717,-0.025932045204748937,0.3881690922085086,509.38823529411764,18.0,26.16,0.06996884613980651
VYD_00718,0.08867030453869808,0.4291148318127949,349.42023346303495,10.56,12.56,0.14322870782670624
VYD_00719,0.13617051489797294,0.5307948529603435,480.30088495575217,16.4,24.9,0.1561544770269112
VYD_00720,0.08272445514040967,0.5491328585753623,499.951467268623,7.1,7.1,0.4989796339765666
VYD_00721,-0.042432216991234936,0.4193073479075324,484.4970238095238,3.25,3.25,0.5561975605337715
VYD_00722,0.03972244253235422,0.478262138765628,521.3165340406721,11.68,11.68,0.31112481793123803
VYD_00723,-0.02673837050268208,0.3643415112575099,404.8802083333334,15.39,22.44,0.47527518267161156
VYD_00724,0.14245282120006805,0.543576152497294,811.9005524861877,8.14,8.14,0.09910309063425979
VYD_00725,-0.08683874501718139,0.39512386377718994,577.4375,10.24,10.24,0.08593219081105596
VYD_00726,0.09367893123789102,0.507504251109779,512.7748478701825,11.68,11.68,0.2710265457911161
VYD_00727,0.048264659319931555,0.4314591047726906,524.6873737373738,11.68,11.68,0.5461222955658656
VYD_00728,0.04217498639553894,0.4331095795952665,424.875,9.74,9.74,0.19667530688902274
VYD_00729,0.08948394768301098,0.43773473109618,443.52881619937693,12.0,18.0,0.3524830152870865
VYD_00730,-0.0017853901410880065,0.34843398964338645,445.38110137672095,11.84,11.84,0.440038675990106
VYD_00731,0.04724652770379025,0.4559300595047376,521.9943714821765,11.68,11.68,0.2931093820087052
VYD_00732,-0.018052884184112748,0.40716849570549724,334.98930481283423,17.74,26.26,0.4122296989560701
VYD_00733,-0.011202517586292435,0.3734724949714924,480.10011376564273,15.39,22.44,0.24231549188144832
VYD_00734,-0.07457282530122447,0.18824938100644908,354.25552825552825,13.48,19.98,0.1066875669764621
VYD_00735,0.025264549434685205,0.41273830112937726,354.7143533870203,16.4,24.9,0.580938209784515
VYD_00736,-0.006539190712845251,0.38558001656254576,477.0327763496144,15.39,22.44,0.42951124326000356
VYD_00737,-0.13476067703240557,0.35454643161997434,465.18188622754485,16.08,17.43,0.3682541068093887
VYD_00738,0.04739438285000613,0.4436253366097148,566.591304347826,7.61,11.11,0.1926427447149056
VYD_00739,0.20480764361647452,0.6649248524016775,602.8790523690773,5.98,5.98,0.22136850813557607
VYD_00740,0.012710912127615973,0.4435598023723968,422.24394966118103,10.68,10.68,0.5678896614499449
VYD_00741,-0.03366879097684616,0.45331250384500144,461.9859231185706,10.68,10.68,0.5082705230669469
VYD_00742,-0.12780247333095124,0.2992223124717169,443.8133514986376,14.88,19.86,0.20307390230374003
VYD_00743,0.054489226789649486,0.41723147544370265,385.25854383358103,9.6,9.6,0.18645554366528194
VYD_00744,-0.019551948544913135,0.3462366996913827,480.83104284559414,17.74,23.32,0.3413231521310795
VYD_00745,-0.09817969503531777,0.33747666534259346,445.07828746177375,14.88,19.86,0.44965818218133097
VYD_00746,0.0850324648040995,0.5712906871577381,474.3393258426968,18.6,27.6,0.3700039276980759
VYD_00747,-0.04626353318726113,0.47639159347850607,476.125,7.1,7.1,0.0801540221141404
VYD_00748,-0.07453789542561406,0.3118793735082244,418.0041562759767,7.61,11.11,0.33158625518503265
VYD_00749,0.05100672753145735,0.45699924780867424,389.42493297587134,15.46,23.2,0.4124679931867342
VYD_00750,-0.020645893650459875,0.4394469738466675,625.4537815126051,7.61,11.11,0.4593704288942504
VYD_00751,0.06672229031066962,0.487083650836088,545.8893470790379,8.4,8.4,0.4037592057686057
VYD_00752,-0.07458181697644249,0.33340097877565306,422.69468798349664,15.39,22.44,0.5335761542261973
VYD_00753,0.05280623650803157,0.4834037302099931,381.87926267281114,15.46,23.2,0.2995639155294238
VYD_00754,0.046475645232324794,0.4483813726239735,503.87864077669906,15.39,22.44,0.05740044751077053
VYD_00755,0.028799661761588925,0.4829286589820787,379.4661810613944,18.6,27.6,0.5444763844723789
VYD_00756,0.12174098610206809,0.565574687744571,648.7392784206944,11.68,11.68,0.40472414096227705
VYD_00757,0.015983261959334125,0.46051050031599816,458.08942307692314,17.74,26.26,0.5751350947004549
VYD_00758,0.0011379743116133997,0.4309066744488582,420.6354166666667,5.39,9.39,0.3930133339872768
VYD_00759,-0.017332130284954207,0.36459629875424693,436.3966446974237,18.6,27.6,0.4613805924817276
VYD_00760,-0.04470126054186555,0.2596487146560456,294.85969738651994,12.0,18.0,0.2005568454642323
VYD_00761,0.042907913628563714,0.5016563520391948,490.84990619136954,15.39,22.44,0.14756315155118097
VYD_00762,0.050178978331614756,0.4458238176605127,593.7477258944815,7.61,11.11,0.4564083070370326
VYD_00763,0.09342328798725481,0.4846284398058535,569.4881141045959,3.0,4.5,0.17464557073546888
VYD_00764,0.0671200340497754,0.38275294979788566,460.12825651302603,11.68,11.68,0.4138057157425844
VYD_00765,0.035728176889207715,0.4222411932216295,514.3415536374846,11.84,11.84,0.44591298418674896
VYD_00766,-0.05347862748850365,0.4375937941889101,483.67896174863387,11.68,11.68,0.3999508417839266
VYD_00767,0.024464916082491215,0.3831608314720684,580.1738035264483,15.93,18.43,0.11180653900354803
VYD_00768,0.0852758763158875,0.3624741322814363,407.5300546448088,15.46,23.2,0.20036744270400828
VYD_00769,0.09181104941839777,0.5101410865619774,504.27224334600766,7.1,7.1,0.3569267179963459
VYD_00770,-0.021025855861967896,0.4053903853031317,370.87464788732393,15.93,18.43,0.5866363160770562
VYD_00771,0.03003317807044633,0.4863545158219582,558.5029895366217,11.68,11.68,0.38336979405549415
VYD_00772,-0.02994784431870431,0.3920604559150755,420.449457452884,8.4,8.4,0.48166220808198207
VYD_00773,0.005876023584565977,0.46802087305249623,496.0446351931332,10.68,10.68,1.6074164573403507
VYD_00774,0.09763795498859239,0.5003232923466054,567.9293119698399,11.68,11.68,0.29502763463399134
VYD_00775,0.028516566525973785,0.37923171197083116,614.9519230769231,7.61,11.11,0.11488472551766134
VYD_00776,-3.1103630120301765e-05,0.45160963790631964,424.404432132964,3.25,3.25,0.4992023599691068
VYD_00777,-0.06756821734812901,0.3086078637133056,411.57636224098246,15.46,23.2,0.3568031413195008
VYD_00778,0.05676824983597936,0.4577644113759627,472.3475836431227,5.39,9.39,0.2960874644065117
VYD_00779,0.03441570789066605,0.41714773351898876,452.67254038179146,14.86,19.7,0.37431693414642303
VYD_00780,-0.021495306900707768,0.35234098517644025,508.82812500000006,8.4,8.4,0.3159398929853662
VYD_00781,-0.05439252331787444,0.3703756230577225,387.9368587213891,10.79,10.79,0.3490584389129123
VYD_00782,-0.07400430709659915,0.4388262717821913,516.1455633100699,17.74,26.26,0.27699447740038047
VYD_00783,0.06070506435216567,0.5669051582857086,573.3143596377747,3.0,4.5,0.42720063355402765
VYD_00784,-0.07324213144394413,0.3562265287965895,459.93013307984785,15.86,16.2,0.5782282392337493
VYD_00785,0.007361303113448698,0.3476256839357891,415.77478344562087,9.74,9.74,0.2835929175775987
VYD_00786,0.1687690619087817,0.6834448655033459,726.0889621087315,9.6,9.6,0.5030365068140544
VYD_00787,-0.12496714886936314,0.24289883941614565,393.4695431472081,11.68,11.68,0.3244434133831524
VYD_00788,0.044222733932520984,0.3891667671811858,606.6300309597524,12.01,12.01,0.35014924054477436
VYD_00789,-0.005012765806526979,0.4482341598102461,576.1810344827586,15.93,18.43,0.09554050700669313
VYD_00790,-0.05897544460920959,0.3173798677690495,357.9475935828877,8.4,8.4,0.2571779675477365
VYD_00791,-0.0418365105852013,0.4613003540471455,485.8001902949571,16.65,24.15,0.2901424657604537
VYD_00792,0.031782804545720265,0.4585343048813161,518.2603550295859,10.68,10.68,0.5141676941257609
VYD_00793,0.053991405923270515,0.5029813208035246,548.0913757700205,5.39,9.39,0.2704406933916032
VYD_00794,-0.015373760716464697,0.4964106695994693,551.8750690989498,5.39,9.39,0.49912356729079876
VYD_00795,-0.024029659498734656,0.30005278313482137,384.15625000000006,15.93,18.43,0.09198417007530431
VYD_00796,0.030104287619214517,0.33899550095451797,428.136177673875,13.49,15.99,0.4715135963171737
VYD_00797,-0.04912997371256818,0.3811043704087931,455.0922693266833,13.93,20.43,0.33219869489410864
VYD_00798,-0.06392434958866995,0.4112418006843244,493.4253968253968,10.68,10.68,0.08735038109388792
VYD_00799,-0.012749330159117885,0.4467970377442381,458.4930681133214,16.08,17.43,0.4519643479808078
VYD_00800,0.12957481461168074,0.5516015845625927,558.8804469273744,5.5,8.0,0.49241420199129443
VYD_00801,0.09569052195346754,0.5141243197646992,466.4671669793621,15.39,22.44,0.43970712463634937
VYD_00802,-0.017417443402988064,0.36715419111532327,440.4900662251656,12.0,18.0,0.25617024607608607
VYD_00803,0.03241533880961009,0.4399174563786037,503.5708836617928,8.14,8.14,0.4341669669572947
VYD_00804,0.13061542992105107,0.523743207378063,455.68376068376074,14.48,22.48,0.06512568010507676
VYD_00805,0.025817952503558096,0.44801240605853987,492.8406593406593,9.85,9.85,0.5439064665871478
VYD_00806,0.030322963859683725,0.4219667727579001,473.9913793103449,12.0,18.0,0.21897667706599905
VYD_00807,0.061102102329857785,0.4173031073892642,497.2256169212692,8.14,8.14,0.4689828601561354
VYD_00808,-0.046535255395594916,0.30219022627842673,390.5306859205777,6.64,10.14,0.07706612649014291
VYD_00809,0.010528425551870172,0.41590061071204787,503.9227974568573,16.8,22.4,0.6061975006662585
VYD_00810,0.04127519735033321,0.5270481015708286,372.31490787269684,18.6,27.6,0.1561326097833709
VYD_00811,-0.01647061840426224,0.41755546854120573,472.68750000000006,18.6,27.6,0.520577615272635
VYD_00812,-0.0020528393644312563,0.35105672257454124,498.68454258675087,0.0,0.0,0.0872155408700882
VYD_00813,-0.06395206895695268,0.3535171766415381,405.50306278713634,7.61,11.11,0.36107854791730276
VYD_00814,0.02714657386094378,0.39109962780686774,558.8537328593194,11.68,11.68,0.5411992652403467
VYD_00815,-0.005316418423972116,0.3746704576154369,430.88811536548985,13.49,15.99,0.5578905327355278
VYD_00816,-0.0008991792394689007,0.4632980914712174,431.91450125733456,15.53,19.58,0.3276996045830855
VYD_00817,-0.015625446926748398,0.4058352795552955,493.8156831042845,17.74,26.26,0.3240025310339902
VYD_00818,-0.11139268588616655,0.3618925049397104,381.6298312465978,8.4,8.4,0.5060574248179978
VYD_00819,-0.13866620720961156,0.29458382593724003,524.1351351351351,15.53,19.58,0.05301979666175756
VYD_00820,0.03796487186654039,0.4404500067768827,381.64344637946846,12.6,17.43,0.29999158497951034
VYD_00821,-0.03401512423616957,0.369323260811271,443.2618466047875,15.39,22.44,0.5722423950919221
VYD_00822,0.05265935925278476,0.35218228566397647,363.61231101511885,12.01,12.01,0.26295972725915207
VYD_00823,0.052680693148189066,0.43860299392706825,540.9221183800623,12.6,17.43,0.08839916514713483
VYD_00824,0.009219433170080456,0.4147056519985199,501.64000000000004,15.39,22.44,0.13308627574739604
VYD_00825,-0.0023888872973859884,0.41134800226903845,570.9974853310981,7.61,11.11,0.3293862435796468
VYD_00826,0.04042830227421626,0.4661915725998073,413.5154118241538,5.39,9.39,0.5454743440098753
VYD_00827,-0.04895775701853494,0.29983892388372907,422.380487804878,9.74,9.74,0.24052505421993348
VYD_00828,0.08860832651772571,0.5149494813379463,443.1290630975144,18.6,27.6,0.2909594135110011
VYD_00829,0.2508077790541403,0.5768744671146809,742.688524590164,5.98,5.98,0.06673561676105566
VYD_00830,0.016556127629218688,0.39906085946984593,432.26509186351706,13.93,20.43,0.21748472015095896
VYD_00831,-0.038225159987589775,0.3353229399648783,415.14689945815775,10.68,10.68,0.4559419287320441
VYD_00832,0.11423224297581415,0.5140071642280519,643.0914066776137,3.25,3.25,0.5055324945972707
VYD_00833,-0.016996063788297707,0.386056178537282,373.08188976377954,15.46,23.2,0.17512206401287353
VYD_00834,0.10753984712606422,0.5578620381712723,385.91553328561207,13.8,13.8,0.3838754269710686
VYD_00835,-0.044551792459070594,0.3896390070741096,458.5936507936508,10.68,10.68,0.17404590739636808
VYD_00836,-0.05386260299309337,0.25427959124198196,243.39066852367688,10.56,12.56,0.3956253712646681
VYD_00837,0.08913963665061009,0.4768387981163808,571.4334532374103,12.6,17.43,0.1531997739466824
VYD_00838,-0.06731535959735066,0.20894613991289326,281.672268907563,13.49,15.99,0.2707497740905001
VYD_00839,0.04785036888779543,0.40485589532819516,588.2475158084914,9.56,11.33,0.3041183777693911
VYD_00840,0.15374154057258213,0.5422175779709449,552.9302325581396,11.68,11.68,0.11925647720655634
VYD_00841,0.002375671724199017,0.46526514005730757,465.57659115426105,18.6,27.6,0.500835206538116
VYD_00842,-0.028816183932639405,0.44164611396726927,442.4339285714287,13.93,20.43,0.14943916403840204
VYD_00843,0.03903245808040597,0.39242886404360017,353.7367933271547,15.93,18.43,0.5943610137038954
VYD_00844,0.11613116795292484,0.44154477609709253,615.3672839506173,8.14,8.14,0.17835651617624154
VYD_00845,0.024582248039229038,0.432423607396488,432.5599315068493,11.68,11.68,0.32192834714849194
VYD_00846,0.0689396552358689,0.4350599631555935,396.52367688022287,15.46,23.2,0.19751744355805348
VYD_00847,0.027671780713982606,0.3995760035284846,422.38969404186787,17.74,26.26,0.3433219004592502
VYD_00848,0.0048399509587982404,0.4622009328535728,618.5658073270013,15.0,23.0,0.4070154163332145
VYD_00849,0.05152409787675956,0.3399660949178827,501.5716911764706,9.81,9.81,0.15091492224037187
VYD_00850,0.05311732370476136,0.46074473790594667,502.2372670807454,10.68,10.68,0.22220857326712612
VYD_00851,-0.097800043103962,0.3486739778486106,419.9945732609769,16.08,17.43,0.5595974150919202
VYD_00852,-0.07540333338584214,0.3509337890238917,352.14626682986534,4.56,4.56,0.4505074152963766
VYD_00853,0.1038636317463373,0.5039518508940829,585.1616766467065,15.93,18.43,0.13706912283672987
VYD_00854,-0.04126437559800327,0.37906836164443375,483.95751633986924,9.6,9.6,0.33452144710920295
VYD_00855,-0.11709650323531005,0.2989173432066664,414.45936794582394,10.68,10.68,0.2436787075455225
VYD_00856,0.030324600274151212,0.4100887869022099,624.2842323651453,8.14,8.14,0.13122113748877107
VYD_00857,-0.013335075726952651,0.45432653789954397,543.6820083682009,9.85,9.85,0.3268159717687281
VYD_00858,0.009298361207256118,0.3552027606140927,442.64367816091954,9.6,9.6,0.04806508400665345
VYD_00859,0.012435184209285056,0.3802780114726567,557.4922118380061,16.9,18.86,0.2651156211617329
VYD_00860,-0.06580417936468164,0.35899323755376134,495.64009111617304,5.39,9.39,0.12100187847657654
VYD_00861,0.014002022410748686,0.4517089154234911,516.8305941845765,9.74,9.74,0.43717821005885127
VYD_00862,0.05793935014647863,0.33617802878610215,430.7517241379311,10.56,12.56,0.19972268329324727
VYD_00863,0.007849534092029223,0.3970098578777069,600.6779661016949,3.0,4.5,0.19275610076424649
VYD_00864,0.014741158196410257,0.37201595172753776,463.3096446700508,12.0,18.0,0.05446363443101635
VYD_00865,0.09951267731293867,0.5004576609366254,639.9757252812315,13.8,13.8,0.4654866419071205
VYD_00866,-0.08872720502995507,0.41151913661082457,509.66424242424245,15.75,20.1,0.4553500546996932
VYD_00867,-0.04040291514081348,0.46152597003217266,413.0947580645161,18.6,27.6,0.2740426859362433
VYD_00868,0.05485559482706193,0.49903529121803064,418.99999999999994,15.46,23.2,0.35714312771976775
VYD_00869,-0.026729960937022325,0.34615997082944594,539.1354079058032,16.9,18.86,0.327545978346008
VYD_00870,0.1632329690339727,0.49011352610545655,650.448,11.68,11.68,0.06968628448251617
VYD_00871,-0.036606500475695046,0.3791049795105339,469.7334419109663,4.56,4.56,0.5065498039119245
VYD_00872,-0.03157556370893833,0.41669688196248783,431.7692960135709,16.8,22.4,0.3253786362482594
VYD_00873,0.054025496970801966,0.43168935836099714,423.6242424242424,17.74,26.26,0.22741717281713958
VYD_00874,-0.07334679892529612,0.3471950896186118,461.53790412486063,15.86,16.2,0.49391865089221554
VYD_00875,0.09820333455595397,0.5461926271248542,403.01851851851853,20.55,31.05,0.23705067714932093
VYD_00876,-0.0080913393983885,0.3838295666329696,411.6896792189679,13.93,20.43,0.3926548662518907
VYD_00877,0.003056970689133072,0.39908414599226993,572.6839530332682,15.38,21.94,0.28185951617811
VYD_00878,0.02309028923619419,0.4887803232309998,630.6173526140157,12.0,18.0,0.5062052380940056
VYD_00879,0.16211003982482505,0.6116106423950054,560.2345058626465,5.98,5.98,0.16703437017052172
VYD_00880,-0.05191511225189774,0.20522105429672002,368.22828282828283,13.93,20.43,0.2833615393095309
VYD_00881,-0.050304711628646054,0.3108546341770244,453.4368737474951,18.0,26.16,0.27146995721175515
VYD_00882,0.11078974677844439,0.5321107038030043,478.6368421052632,15.93,18.43,0.10455890078746206
VYD_00883,0.05013515519985302,0.5237831070749875,412.5952380952382,16.08,17.43,0.4054828046131615
VYD_00884,0.08294619118822666,0.5286893331168202,416.2421626533394,15.46,23.2,0.6053864833175674
VYD_00885,0.032435736873721685,0.5011519721948932,508.1083767155702,3.0,4.5,0.5815574491155151
VYD_00886,0.01653878890128159,0.2679616268535394,315.4811507936508,5.39,9.39,0.2777409017225359
VYD_00887,0.052051089190025164,0.3843626076120071,523.4578313253012,9.85,9.85,0.31864981688776867
VYD_00888,0.06361383511810689,0.4839311997535092,441.71719038817,3.0,4.5,0.14940149551045576
VYD_00889,-0.1614518600933128,0.2848320250300452,369.7152466367713,12.01,12.01,0.12332419490455661
VYD_00890,0.0476572927972763,0.49099810700502783,484.42618110236225,16.08,17.43,0.2851249276122314
VYD_00891,-0.011491374999180804,0.4010580388661937,430.6319809069212,12.0,18.0,0.5773047301636997
VYD_00892,-0.06289374689691621,0.4056197408117348,499.58032786885246,13.48,19.98,0.16865885320984117
VYD_00893,0.03900374336514574,0.17694237539887797,407.81655034895323,8.14,8.14,0.2757579627316554
VYD_00894,-0.00017239754074686343,0.3655600269043516,455.53235053235045,16.9,18.86,0.3367711430743408
VYD_00895,-0.088612767243122,0.3719777203876302,450.23454157782515,16.9,18.86,0.5179033711907148
VYD_00896,0.010794428954107697,0.4188053881477743,483.7003848268279,5.39,9.39,0.5036543552714104
VYD_00897,0.06311485128856231,0.44593979663117284,514.8122699386503,9.85,9.85,0.2270507199734503
VYD_00898,-0.021218721271933732,0.4042965235328585,432.5301886792452,12.01,12.01,0.584276538600872
VYD_00899,-0.04135620271235732,0.42447842130251395,608.5515789473687,14.88,19.86,0.13146386175821717
VYD_00900,0.05074587274642469,0.5163357747318612,540.6799645390071,9.81,9.81,0.31090774840867014
VYD_00901,-0.042771590747123146,0.4023045734398894,434.96515679442496,16.9,18.86,0.3966128677707662
VYD_00902,0.051084750774161955,0.4247201076848845,446.89376158122303,12.0,18.0,0.44228397017277277
VYD_00903,0.012411576472036492,0.3516359870241731,382.50639074863057,8.14,8.14,0.4521207418690477
VYD_00904,-0.047939541455755234,0.42330599109657485,546.308973172988,18.6,27.6,0.29881116087873616
VYD_00905,0.012011489034707928,0.41419940908258807,473.94803625377654,12.6,17.43,0.4550578027564183
VYD_00906,-0.10234831797130893,0.2837716147124792,335.10185185185185,14.04,19.29,0.29551030559550884
VYD_00907,-0.11607485165226118,0.3276703595060163,405.15147783251234,12.01,12.01,0.2218556849217195
VYD_00908,-0.04889025085577075,0.3223562228606762,472.441935483871,9.74,9.74,0.43505378638614794
VYD_00909,0.012591424939038795,0.4543583202675241,465.8377645143786,10.24,10.24,0.507824178963127
VYD_00910,0.09114885162196908,0.5830390320883858,486.6482412060302,12.0,18.0,0.055552993838283285
VYD_00911,0.024508181152013468,0.41800496550625255,473.3297823066233,6.64,10.14,0.5937198851900692
VYD_00912,-0.003698072099842653,0.42589037601213786,525.2324561403509,7.61,11.11,0.5638162971749197
VYD_00913,0.015286611426763203,0.4020048075118194,481.6758241758241,18.6,27.6,0.19918071168983528
VYD_00914,0.0467559548980553,0.45567206524043685,499.5237515225334,7.61,11.11,0.22771118561833292
VYD_00915,-0.028433689803761594,0.3604480886659702,485.4309252217998,16.08,23.13,0.21727371662559744
VYD_00916,0.01724455005393051,0.45511252597350244,440.912885662432,15.46,23.2,0.15148659812588422
VYD_00917,-0.09950802555035175,0.3647821196854943,321.21182266009856,8.49,8.49,0.5028175044038701
VYD_00918,0.05751428652522234,0.4805512273869242,456.8219868885526,15.39,22.44,0.5448543455426877
VYD_00919,-0.036179085797239795,0.29859897348329434,349.3293885601578,13.93,20.43,0.13897305851492917
VYD_00920,-0.00423036779052676,0.4077093521762881,477.4716599190284,15.39,22.44,0.5433323610014762
VYD_00921,0.023042026056512274,0.42568875470507317,463.8722843976299,8.14,8.14,0.41912039220865965
VYD_00922,0.21908566222616738,0.6889644419177298,754.888489208633,8.97,8.97,0.07654861990304707
VYD_00923,0.010435711049060716,0.39714184178608924,601.4894894894894,15.38,21.94,0.18377274525011278
VYD_00924,0.07907522453856933,0.4445404003456713,567.9722607489598,8.4,8.4,0.19360181961575154
VYD_00925,-0.15813386603788807,0.32899506331477346,430.9158878504673,14.88,19.86,0.058870313095556355
VYD_00926,0.05587609259732212,0.5296598117363143,503.3403636363637,3.25,3.25,0.3770132384566023
VYD_00927,-0.020521719557077146,0.3017701560211321,371.95214521452147,10.79,10.79,0.16916731418718292
VYD_00928,0.03778465239623132,0.43290225083711875,443.04149933065594,5.39,9.39,0.20612761657449086
VYD_00929,-0.11051273825771524,0.3281536365296983,355.6528497409327,12.01,12.01,0.05251854409024365
VYD_00930,0.05056714184050049,0.4690480031285968,477.9638694638694,15.93,18.43,0.23617891343093453
VYD_00931,0.0010878445308132904,0.4751022583058758,683.5686936936936,16.9,18.86,0.2458701008768253
VYD_00932,0.07817729560688597,0.48162205475870035,544.7130081300813,5.39,9.39,0.3391885567792586
VYD_00933,0.03138033081524112,0.33705515943218434,676.7115544472153,12.01,12.01,0.3322240802201471
VYD_00934,0.04525232454029107,0.42467642529927035,469.6354581673306,9.85,9.85,0.55770933212681
VYD_00935,0.146954324803735,0.5323278922780387,563.6046511627908,6.83,6.83,0.5793995162417644
VYD_00936,0.07227560236786956,0.5251062554494145,533.3173431734318,12.0,18.0,0.14979688561319568
VYD_00937,0.15131165954712275,0.5631522670952049,593.3820678513732,12.6,17.43,0.3397902163154126
VYD_00938,0.1224015309119429,0.4702859174176719,431.49975526186984,10.73,12.73,0.5637660319076412
VYD_00939,0.14276106481123568,0.5285766119961542,485.18063583815024,10.73,12.73,0.1924658864409646
VYD_00940,0.04147145231363479,0.46291820091076546,504.5855421686747,8.4,8.4,0.22751694700509092
VYD_00941,0.13911698926024674,0.5815572232375087,525.9591836734694,17.74,26.26,0.3341562056975737
VYD_00942,-0.020753681864655038,0.39443281928663243,485.17635402906205,12.6,17.43,0.4173499554635728
VYD_00943,-0.012723764269869679,0.4442370451864176,431.8267543859648,12.0,18.0,0.2525551606073269
VYD_00944,-0.02919660131016006,0.3898684334841484,445.41162227602916,5.43,5.43,0.33648539471313377
VYD_00945,0.022755120599664582,0.4125438529975877,555.4559270516716,8.4,8.4,0.4526868137752375
VYD_00946,0.08625822954729988,0.5375133339131386,488.98894706224553,17.74,26.26,0.46808517884027534
VYD_00947,-0.08027635908375184,0.36523251632849374,471.21804511278197,11.84,11.84,0.07348733939607138
VYD_00948,-0.03158545327782929,0.3795074062295874,467.1859504132231,13.48,19.98,0.0654736083534187
VYD_00949,-0.10568325192977986,0.39789215546101336,446.5700197238659,9.74,9.74,0.1497398777273962
VYD_00950,0.14471387294759228,0.652925940224251,736.2390977443608,13.8,13.8,0.18242186988704956
VYD_00951,0.14057445515734207,0.6447217031431869,683.5246523388116,13.8,13.8,0.2177384838274821
VYD_00952,0.012609825407401059,0.445727195353688,500.296447291788,11.84,11.84,0.4736952653854045
VYD_00953,-0.036881656348705286,0.4159604692459106,535.1428571428571,10.68,10.68,0.0060496693522046315
VYD_00954,-0.11655979188798407,0.27338191865367495,390.47388632872503,9.85,9.85,0.36287489404564177
VYD_00955,-0.0022083023146000596,0.4104055039849132,444.20802778849867,20.55,31.05,0.7140863926524327
VYD_00956,-0.09765076794603815,0.30512472674866825,426.0308182784272,18.0,26.16,0.25873255135743783
VYD_00957,0.03011652103661268,0.5080478628948055,439.09507286606527,15.46,23.2,0.3976134163322269
VYD_00958,-0.016662224357907898,0.3759363007785613,471.8243243243244,10.81,10.97,0.23943175862314392
VYD_00959,-0.05615910002378416,0.30742908746786685,380.9356756756756,12.01,12.01,0.5080917798872376
VYD_00960,-0.02506892280714796,0.36094858354290593,480.71161048689146,11.68,11.68,0.07392153255759337
VYD_00961,0.01677372438275234,0.4483557270104203,431.51389617199794,10.73,12.73,0.5255389618323285
VYD_00962,0.06703503887148791,0.43861755648217055,644.4162257495592,11.68,11.68,0.46791019626144686
VYD_00963,0.17286434512092289,0.6015843911732528,537.9588014981272,17.74,26.26,0.44431303627710866
VYD_00964,-0.04368141361695604,0.3453244815270106,388.75027502750277,15.93,18.43,0.2548100055453569
VYD_00965,0.040829012842971774,0.4741167142275366,455.2142857142856,11.68,11.68,0.37761586191133695
VYD_00966,0.12564561320615825,0.6190282101572012,533.6041474654379,7.61,11.11,0.5976870149425202
VYD_00967,0.09566122424360869,0.5689312708653999,617.5460385438971,10.68,10.68,0.12782815576582157
VYD_00968,-0.09100429470851726,0.3154196950004381,264.7557755775577,12.01,12.01,0.24969770896037402
VYD_00969,-0.017503566982341005,0.4148339594341816,541.0140845070422,11.68,11.68,0.19554223509540195
VYD_00970,0.05063183840177953,0.37308668106794357,588.6371882086169,5.39,9.39,0.12245379275425934
VYD_00971,0.009575547289607605,0.3652870522632551,440.76163873370587,17.74,23.32,0.14804157905226797
VYD_00972,-0.006411473846734018,0.414441675909966,613.9973457199735,18.6,27.6,0.41059171075096484
VYD_00973,-0.02232241152551424,0.41464983783428033,589.2076006806582,14.88,19.86,0.4866555657588041
VYD_00974,0.05561255523587043,0.4215579644296753,547.7757092198582,9.81,9.81,0.312958918207207
VYD_00975,0.11876914212905665,0.47136242177129417,542.2822349570201,11.68,11.68,0.5788647534744357
VYD_00976,-0.07267897174166504,0.3738654140341148,479.7527559055119,8.4,8.4,0.34877493020250955
VYD_00977,0.03360819415924924,0.4659926296976735,458.4245098039216,13.93,20.43,0.27600032435675775
VYD_00978,0.07364830841368109,0.5091897306360967,475.11475409836066,16.63,16.63,0.2187146796511524
VYD_00979,-0.019159136418165874,0.33358207711329063,520.7133458646616,12.63,12.63,0.58700299461931
VYD_00980,-0.16340118942204337,0.2828274774513426,302.02258726899385,12.01,12.01,0.1343555220079523
VYD_00981,-0.06319509468674218,0.42838577541470174,507.0392287234042,9.74,9.74,0.41387875089389137
VYD_00982,0.06372470343878608,0.5786652448309214,631.5377049180329,13.93,20.43,0.1681043583401899
VYD_00983,0.0016671459113762898,0.5500638102914425,465.311004784689,10.68,10.68,0.11528810880063936
VYD_00984,-0.023078051625170567,0.37839809499213084,386.6114285714285,15.93,18.43,0.04836613803019361
VYD_00985,0.07155494010115064,0.5262048303413014,453.55259259259253,18.6,27.6,0.18644032481473674
VYD_00986,-0.08628962766332958,0.280378502707056,407.01712170291535,16.08,17.43,0.5932274590736462
VYD_00987,0.08946115823297428,0.5275876807238455,409.66651355075794,15.46,23.2,0.5991845780490276
VYD_00988,0.03164894358112663,0.3763276326403856,446.5665529010239,12.0,18.0,0.08099317114950356
VYD_00989,-0.04629320795445339,0.4124885716127313,469.7940074906368,9.74,9.74,0.14289334746514779
VYD_00990,-0.05825209392287379,0.3912295480825804,402.1444393170282,8.49,8.49,0.5962318838992853
VYD_00991,0.027562349231526815,0.35848548294323956,439.7812499999999,12.0,18.0,0.3558758193852843
VYD_00992,0.06660395824646625,0.4106441716751602,519.9986928104577,8.14,8.14,0.21331113464178594
VYD_00993,0.029406530231446525,0.4787227972233648,516.5354703100368,15.93,18.43,0.5254181711428945
VYD_00994,-0.10652943541029672,0.1649254883408059,429.9857142857142,15.93,18.43,0.2704348641456427
VYD_00995,0.08200282012023233,0.5374263342769666,609.8812392426851,16.08,17.43,0.15979451794477995
VYD_00996,-0.0750985042438795,0.3864966419692074,476.3668831168832,16.08,23.13,0.5060125086124251
VYD_00997,0.03304068528791581,0.45194404237244235,533.8642583470169,10.68,10.68,0.5028983336404275
VYD_00998,0.12098944705248023,0.3436421792549383,418.27071823204426,15.46,23.2,0.1003904780430132
VYD_00999,-0.02973707821681962,0.44099626985063695,481.99935275080907,15.39,22.44,0.42695324354387537
VYD_01000,-0.073344586766531,0.46980943769480266,470.584,12.01,12.01,0.0692447022334166
VYD_01001,0.12161123772188863,0.5204465513662133,693.8604972375688,10.68,10.68,0.4012614532976095
VYD_01002,0.1044118235883367,0.5630219779483546,446.96316507503417,17.74,26.26,0.40521844536042173
VYD_01003,-0.05990123342347875,0.28096752530351216,347.9437652811736,5.39,9.39,0.34252582710859314
VYD_01004,0.034395496801238705,0.47000212468656816,492.9665587918015,16.4,24.9,0.243611167303263
VYD_01005,-0.10117379588926335,0.35738827475407625,492.78586424072785,16.08,17.43,0.39043034246536057
VYD_01006,0.010041857498256711,0.456549577071481,498.8214285714285,12.01,12.01,0.15365715423154214
VYD_01007,0.02559732027837311,0.45664063417738193,613.6097867001255,8.49,8.49,0.4389991238008906
VYD_01008,-0.027771146212532016,0.41437802633532783,363.19613075383586,15.39,22.44,0.4124430912914013
VYD_01009,0.04782289298460446,0.5450276576116587,335.2155555555556,18.6,27.6,0.259168098569791
VYD_01010,-0.09512810588003418,0.3287249976534786,383.5122723673793,16.08,17.43,0.3482275224345668
VYD_01011,0.026841952903630513,0.390478717951371,407.9921875,5.39,9.39,0.3531999277726316
VYD_01012,0.06782970991195897,0.402100237514554,338.77238493723854,10.56,12.56,0.3293948193929441
VYD_01013,0.018938765033420246,0.3501635024103616,387.9389499389499,10.56,12.56,0.2255979399596353
VYD_01014,-0.06150780563300843,0.3499310516687912,429.72030651341,10.24,10.24,0.07279805990124477
VYD_01015,-0.13789829618710434,0.2888070826620635,351.1239744758431,10.68,10.68,0.3022834771024552
VYD_01016,0.15592908227839158,0.6164733798901784,745.3605651105654,9.6,9.6,0.44800709709692255
VYD_01017,0.1508374085553504,0.5737469713364182,627.2993865030676,11.84,11.84,0.22811055537568617
VYD_01018,0.0724049370318911,0.4329392151163027,515.4615846338536,11.13,11.13,0.4503177507524525
VYD_01019,-0.13338447857328825,0.27581803579841346,404.7976804123711,14.88,19.86,0.21395260579075384
VYD_01020,-0.004667788026551528,0.35523050080550717,440.6371951219512,11.84,11.84,0.18044425970995834
VYD_01021,0.28975203336410266,0.721044769898157,739.8173996175908,8.97,8.97,0.29041643404889833
VYD_01022,0.02844144144264924,0.42128446987109036,591.5037257824142,5.39,9.39,0.18470084724592586
VYD_01023,-0.05792165994368218,0.2753658178007162,375.95302013422815,9.74,9.74,0.16536365297292802
VYD_01024,-0.1423518126272382,0.32109257064395186,462.73768472906403,16.08,17.43,0.2210690332270074
VYD_01025,-0.015862753877265517,0.4696187685095382,489.9165487977369,9.6,9.6,0.1949169890532683
VYD_01026,-0.04510013114032693,0.35015799251555857,452.5884615384616,7.1,7.1,0.21587181713092277
VYD_01027,0.03515649589669633,0.449657564228976,470.47558226897075,15.46,23.2,0.36923564457060926
VYD_01028,0.10317986487189303,0.44782907216479395,559.8936170212766,10.68,10.68,0.13002497363020707
VYD_01029,0.013961454957477575,0.4183494134370937,498.94687653713726,15.39,22.44,0.5595781494916077
VYD_01030,0.00827212100283216,0.3915229853444968,477.2222222222222,15.93,18.43,0.07720427718394564
VYD_01031,0.04183004768183037,0.4490300857865099,582.1410788381743,12.01,12.01,0.132862794552127
VYD_01032,-0.08853041169383515,0.3651255068505816,437.86372745490974,9.6,9.6,0.2738415893276383
VYD_01033,-0.0035960287774535957,0.3789712624479555,504.6246153846154,10.68,10.68,0.0907243545030958
VYD_01034,0.15779800391264448,0.4166398867304339,750.6775362318842,14.97,17.88,0.15234949250616206
VYD_01035,0.12016599926875084,0.594715726742902,695.9545454545454,13.8,13.8,0.19337994434179837
VYD_01036,-0.05166085244304836,0.44715423440673485,490.89198408186473,13.48,19.98,0.48383969959275036
VYD_01037,-0.04989424280065995,0.2868104742217269,336.2173913043479,9.85,9.85,0.17057350052061498
VYD_01038,-0.048366862936034725,0.4244549722908783,471.4972826086956,16.08,23.13,0.10211364855860716
VYD_01039,-0.010407366574653338,0.34825156735782953,406.69077134986236,9.74,9.74,0.40101540813939984
VYD_01040,-0.02717693432380281,0.5070331079046985,510.4585365853659,5.39,9.39,0.05889543120105386
VYD_01041,0.05298146717008927,0.530925660226067,576.2347629796841,10.68,10.68,0.12336634096145799
VYD_01042,-0.03592695147254209,0.4017017489825052,445.85126666864653,20.58,28.78,9.278421819311557
VYD_01043,0.026350290553035886,0.46127230776567396,446.829008649368,9.74,9.74,0.41504596917470765
VYD_01044,0.06525908198329758,0.5528369337686749,528.4084249084249,12.0,18.0,0.1501966460037854
VYD_01045,0.05093908473993683,0.4340304847901812,356.2169811320755,15.46,23.2,0.29216008452640496
VYD_01046,0.06324207747659524,0.3857470678710762,457.73849372384933,16.4,24.9,0.1325569934617332
VYD_01047,0.0371356313848685,0.48742307133222007,655.9156513589505,14.88,19.86,0.29420186297308293
VYD_01048,0.07647955354991359,0.4218045114126419,504.21096023278363,10.68,10.68,0.5691869152542078
VYD_01049,-0.04624339391777882,0.30257287925261755,320.3718411552346,8.4,8.4,0.15278128481640538
VYD_01050,-0.07989908491429112,0.3082276457653923,299.8869179600887,10.56,12.56,0.4961554011452325
VYD_01051,0.03134154778065432,0.4989201378498363,543.1611185086549,10.68,10.68,0.6204065370588222
VYD_01052,0.02222191290700586,0.5112751758892243,603.8355601233299,11.68,11.68,0.26817711271798056
VYD_01053,0.014918964085352315,0.3947094707094563,428.27534148094907,13.49,15.99,0.3836461734286976
VYD_01054,0.1311433047587755,0.543394702925997,608.0752972258917,10.56,12.56,0.20763705257248952
VYD_01055,-0.009381203319275786,0.31276377313625736,397.87790697674416,10.79,10.79,0.1379489087697457
VYD_01056,0.04009414002759099,0.44499726541244894,564.9513888888888,16.08,17.43,0.361219301655796
VYD_01057,-0.00038838582673449124,0.49468489903991286,597.6015406162464,6.83,6.83,0.39517670469386657
VYD_01058,0.030974292657934933,0.40757703782477683,589.3663265306122,12.6,17.43,0.2699654265104754
VYD_01059,0.020647771492419625,0.47766387435063745,440.84060984060983,5.5,8.0,0.39658216298600046
VYD_01060,0.036939377815208285,0.6073396648763411,510.7325933400604,6.64,10.14,0.5462599325067752
VYD_01061,-0.15139997029040436,0.4222208568001096,541.2421052631579,7.61,11.11,0.0774710773922645
VYD_01062,0.07114222747098166,0.4731292524298684,475.0298850574713,3.54,3.54,0.11974600221777143
VYD_01063,0.0017859795079535174,0.33135097125496954,410.70936749399516,10.68,10.68,0.34474772643365476
VYD_01064,0.08156283336084591,0.5403811817461592,577.0052083333335,12.01,12.01,0.5820699296088372
VYD_01065,0.04798432703893906,0.45399528207211154,570.6598447424136,8.14,8.14,0.3893681864734326
VYD_01066,0.0533734970528888,0.4122353862139704,434.34938101788185,11.68,11.68,0.6031607185682429
VYD_01067,-0.04197432378726346,0.3252077964512078,444.74136008918623,10.68,10.68,0.4932864629128129
VYD_01068,0.032443739311429,0.4246695750121469,578.1592148309707,8.14,8.14,0.25459381194878083
VYD_01069,0.028165509517272674,0.5030991861284874,485.7275784753364,10.68,10.68,0.2457724457364926
VYD_01070,0.01842887121407936,0.42853226910034814,489.5771144278607,8.14,8.14,0.10966467427801267
VYD_01071,-0.02233133530846153,0.39314327754992656,520.2508023842274,13.8,13.8,0.6061957359687744
VYD_01072,0.09213309996844729,0.4633277609422514,480.29675153643547,9.6,9.6,0.3169034767135595
VYD_01073,-0.12208876577970842,0.2153002437884274,362.4355575868374,20.58,28.78,0.6026276189475729
VYD_01074,0.017524362531444314,0.334493763012122,406.6259351620947,15.0,19.92,0.11062544725559807
VYD_01075,-0.1338558810465726,0.25679497556431624,446.6613475177305,14.88,19.86,0.4633944341856786
VYD_01076,0.09470754788093994,0.5173947688327271,409.62037037037044,15.46,23.2,0.3574399620674399
VYD_01077,-0.08528369383831047,0.36560672194243027,494.8729139922978,13.93,20.43,0.21405981356795736
VYD_01078,-0.08512257608599359,0.2836516719806109,437.5018203883494,14.88,19.86,0.45382587431651883
VYD_01079,-0.014447088523853471,0.42399663843730445,381.4402234636872,15.39,22.44,0.49251206409868364
VYD_01080,0.04919699079203724,0.5287267496356579,500.2033118675254,15.75,20.1,0.2971312649200248
VYD_01081,0.10627109976033947,0.48691246531331484,577.8881469115194,14.97,17.88,0.1640943793080943
VYD_01082,-0.0741807528389489,0.3728268089313661,476.98541666666665,13.93,20.43,0.13275633331919598
VYD_01083,0.03304455154271542,0.3868561784482864,481.63460296965786,12.0,18.0,0.43571544111248356
VYD_01084,0.10810704563136657,0.5072640303346058,569.3903903903903,16.63,16.63,0.5504859808675193
VYD_01085,-0.04877092529902395,0.35233379689273464,388.17974180734853,7.1,7.1,0.27776912492087447
VYD_01086,0.13409156223383414,0.5427261798130791,549.8848080133557,17.74,26.26,0.3385291354724563
VYD_01087,0.07982601146097541,0.5465061032705626,514.584229390681,12.01,12.01,0.4605395934535029
VYD_01088,-0.03984144699534217,0.4207630493300044,327.56609195402297,16.08,17.43,0.48651527512788345
VYD_01089,0.005863968954224823,0.34254126545425345,633.5766590389017,8.49,8.49,0.2403384206162353
VYD_01090,-0.05900944318248784,0.2808819226090457,320.91950464396285,16.23,23.99,0.17757630914055017
VYD_01091,0.107140243943165,0.508822759076333,396.8423127463863,10.68,10.68,0.4201291225317791
VYD_01092,0.04624602421166486,0.3315926050521031,307.0020942408377,5.39,9.39,0.26323454158220283
VYD_01093,0.043639291159305156,0.46614733732656205,528.4139662254679,5.39,9.39,0.6031351503794172
VYD_01094,0.09870054369730598,0.48829305114337745,602.3001245330013,11.68,11.68,0.4418366237357548
VYD_01095,0.11340691419781139,0.5284938489808763,541.814889336016,5.39,9.39,0.13854513649636757
VYD_01096,0.09336176942437961,0.5468991273994548,713.4702702702704,7.61,11.11,0.2558180705295329
VYD_01097,0.04647373126983737,0.5506347370722511,586.4679547596606,13.93,20.43,0.5834515621087014
VYD_01098,0.08101429035137328,0.5231790547969484,567.0805687203792,5.39,9.39,0.11557357093037744
VYD_01099,-0.008838855624482498,0.38613433315687873,399.8304195804196,9.74,9.74,0.46607663256488213
VYD_01100,0.08493210641665194,0.4885563925483655,403.41499999999996,15.46,23.2,0.2220630506617975
VYD_01101,0.00031011407139068905,0.4355034712907889,506.65483870967745,5.39,9.39,0.34194965335805005
VYD_01102,-0.06167581121180458,0.33889184438663983,307.6998671978752,7.1,7.1,0.21604234082140902
VYD_01103,-0.13523438304288435,0.22698747428861996,475.4765063571034,11.84,11.84,0.49812153073763776
VYD_01104,-0.0577949350236871,0.3073317760190978,409.57048458149774,4.56,4.56,0.24902381218058803
VYD_01105,-0.06002495917465791,0.37873043672434714,374.15455304929003,11.68,11.68,0.3318376597738664
VYD_01106,0.05453600040506985,0.40998033004614803,634.413043478261,10.24,10.24,0.127530647649333
VYD_01107,-0.03309418296477544,0.3361176346835416,467.4678663239075,16.08,23.13,0.5360008035269442
VYD_01108,-0.02506693749758158,0.37875743998214145,444.75055187637963,15.93,18.43,0.5006787868399876
VYD_01109,-0.029392445662888206,0.374670357653809,420.8910256410255,5.39,9.39,0.1257152794131228
VYD_01110,0.0038867736795369055,0.4220788434973683,557.450356555129,16.08,17.43,0.5067270036387463
VYD_01111,0.014065157501928268,0.3071138620529531,367.0941558441558,18.6,27.6,0.08267139178187122
VYD_01112,-0.02960256167232768,0.4171423053628606,672.4225806451615,16.4,24.9,0.427240045325752
VYD_01113,0.04789674888623332,0.46395411322673685,515.3652085452696,4.56,4.56,0.5410272401030218
VYD_01114,-0.008646146970428573,0.4489091978033609,480.4972160356348,11.68,11.68,0.49501712012615934
VYD_01115,-0.01676190493936925,0.44837979187201255,584.3468265867066,15.9,22.5,0.551476283628318
VYD_01116,-0.03231301671968144,0.3551808215748503,336.20820668693,7.1,7.1,0.17762019284666708
VYD_01117,0.06386247462173845,0.33335812808712034,385.08542713567846,13.59,16.59,0.21946526102995004
VYD_01118,0.11446464309380482,0.5111825193273581,567.4126984126984,8.4,8.4,0.06966300050425013
VYD_01119,0.0020677994172567543,0.438597423777103,503.1849056603774,11.68,11.68,0.2925380105630768
VYD_01120,-0.04033866923007387,0.3766101800997363,367.68408203125,11.84,11.84,0.5639106739707425
VYD_01121,-0.06075491367415116,0.3709457876972428,434.97911832946636,12.0,18.0,0.5962123547303727
VYD_01122,0.07938299307260338,0.45539262153597165,522.731729879741,12.0,18.0,0.5939698337155427
VYD_01123,-0.007085903439875277,0.4534668255322588,542.7451737451737,8.4,8.4,0.2141200057853279
VYD_01124,-0.08414613360923433,0.35305354599425487,378.8374384236453,5.39,9.39,0.22388805476527604
VYD_01125,0.0484751859890231,0.38071735708862914,603.477092241906,8.14,8.14,0.4561553370097946
VYD_01126,0.05054999631970385,0.5019982642373972,488.59886363636366,11.68,11.68,0.24164275716642927
VYD_01127,-0.049438690462482615,0.33629636703918697,486.1640000000001,7.61,11.11,0.34238464006134367
VYD_01128,-0.021887831657591363,0.40777804999481293,426.59854014598534,15.46,23.2,0.18995972599126434
VYD_01129,0.11923105114521099,0.4930371818744345,506.2953367875648,17.74,26.26,0.10718138913279854
VYD_01130,0.01608678609321838,0.45494515207152253,646.3380782918151,15.86,16.2,0.1544940272162879
VYD_01131,-0.007166600318983171,0.43086969816808035,427.5159090909091,9.85,9.85,0.37629741857536797
VYD_01132,-0.04891237203066496,0.40644212839657035,376.4268125854994,12.0,18.0,0.6029713612321834
VYD_01133,0.07352420760777384,0.4238722061402996,455.6903945111491,16.4,24.9,0.3216273302254671
VYD_01134,0.005229772922402358,0.48902323697418687,480.5694219340897,5.39,9.39,0.515481109699598
VYD_01135,-0.009186287582527522,0.48761976038429244,453.19411764705893,10.68,10.68,0.23387058680718847
VYD_01136,-0.04964776889537462,0.4038229722725717,359.1964549483013,16.08,17.43,0.1859509624140693
VYD_01137,-0.015268041205468071,0.3329696081651538,445.1906158357771,8.14,8.14,0.18757396574247281
VYD_01138,-0.059643030328885044,0.27874168846089403,399.55319148936167,18.0,27.0,0.05250538529786751
VYD_01139,-0.061411841987542154,0.38130702311619397,496.7488524590166,5.39,9.39,0.41762445417960514
VYD_01140,0.06094931851895508,0.5281088047601898,567.0938166311302,17.6,26.6,0.1283959787325296
VYD_01141,0.11514970446680707,0.5761239658302223,725.4969135802471,9.6,9.6,0.08959104155318401
VYD_01142,-0.03360866251633615,0.3797136398442425,439.60616740088113,13.49,15.99,0.3128281183236365
VYD_01143,0.1561497969049421,0.5705145087642576,595.1324921135647,12.01,12.01,0.1732368490181316
VYD_01144,-0.05213930778319984,0.40988248724465365,471.5229779411765,16.08,17.43,0.5992991983264732
VYD_01145,0.039107448124233814,0.42042371246171323,534.5041888804266,8.14,8.14,0.3617046466293367
VYD_01146,0.1368506224159495,0.573531393024881,633.0923076923076,20.55,31.05,0.5204151795761136
VYD_01147,0.07777900092807667,0.4864951418433237,485.2459183673469,15.46,23.2,0.5505356799007629
VYD_01148,-0.0032586109913111806,0.4827687315408939,497.22960932145304,10.68,10.68,0.40205960899037435
VYD_01149,-0.06685940206327534,0.4102914346897815,404.75129533678756,8.4,8.4,0.4250960733969827
VYD_01150,0.010223958309031198,0.3964669417569982,505.7582037996546,9.81,9.81,0.15954556507098966
VYD_01151,-0.03205017723493193,0.3248815166213679,476.0104408352668,8.49,8.49,0.23602160053444332
VYD_01152,-0.08450133266189912,0.26345255996253986,313.4674329501916,9.81,9.81,0.07217474002346544
VYD_01153,-0.10274634725003895,0.35973445844291935,384.68447517284716,14.88,19.86,0.4399007441871708
VYD_01154,0.09005452323423793,0.5163623005651594,443.8341584158416,15.93,18.43,0.4449119347119302
VYD_01155,0.003502566716138907,0.39569902529385803,470.6953907815632,15.93,18.43,0.2739169459522655
VYD_01156,0.1082678589290124,0.5722359574339341,529.8267782426782,17.74,26.26,0.3186417531771558
VYD_01157,-0.06997541383349738,0.29919064657807104,388.51859398879265,12.63,15.13,0.5587810575633797
VYD_01158,0.0005393718217469731,0.39702640081887225,505.68722849695916,8.14,8.14,0.31906500760945006
VYD_01159,-0.1574120563669729,0.18847518225539556,406.04038997214474,10.16,13.06,0.5939486807598467
VYD_01160,-0.02477026372013726,0.381770195804544,375.422256097561,13.48,19.98,0.3564337747451034
VYD_01161,0.01088940551441059,0.3197400931295842,558.7251184834123,11.68,11.68,0.23736853816505682
VYD_01162,-0.09111912607143113,0.3305649206987878,316.57103675260566,4.56,4.56,0.5038498100702574
VYD_01163,0.07264848891319747,0.4721118976489975,610.6482213438734,4.95,4.95,0.14024778923786727
VYD_01164,-0.12752945544270994,0.24944310555577937,391.0763435459569,10.24,10.24,0.5464100276103362
VYD_01165,0.04071097054492524,0.4023218453650023,520.3457013574662,11.68,11.68,0.30401789628905174
VYD_01166,-0.012389846822025043,0.4250719683900104,482.6875,9.74,9.74,0.18061975723160745
VYD_01167,0.0070550807779168785,0.3352907637625218,379.0780487804878,6.64,10.14,0.056144035965413265
VYD_01168,0.07763358378385128,0.49441650061050385,497.6325611325611,10.68,10.68,0.42883894580135556
VYD_01169,-0.06773151647305498,0.35106844837084794,542.3618421052631,18.0,26.16,0.07604210823246083
VYD_01170,-0.019546527734927134,0.4041418176510432,497.9170305676856,16.23,23.99,0.06310881068202123
VYD_01171,-0.0321303954215086,0.38116188582832095,492.2469512195122,16.4,24.9,0.5453433480416715
VYD_01172,-0.01483565339089998,0.5285406294362299,464.8381410256411,17.74,26.26,0.17834460688603476
VYD_01173,-0.026063111435946952,0.41886352765850904,585.5037073652991,11.68,11.68,0.5587364302897797
VYD_01174,0.020866947735612488,0.41289139105356304,489.25604395604404,5.39,9.39,0.2508870253428958
VYD_01175,-0.07757828889804355,0.3086663411068595,359.6677454153183,5.39,9.39,0.25615114384285864
VYD_01176,0.04402003646048419,0.5297890307895687,391.4183123877917,18.6,27.6,0.15375690524925256
VYD_01177,-0.04874240974794799,0.38629847244920185,423.64937388193204,13.48,19.98,0.2970003119781921
VYD_01178,0.041685690879271,0.4604261916971976,553.756038647343,5.39,9.39,0.11460516193275519
VYD_01179,-0.07305571464024012,0.3691400406335874,546.1259320629661,20.58,28.78,0.32943738112654053
VYD_01180,-0.03384076657959627,0.38843047002574194,521.391891891892,10.68,10.68,0.36753565307661046
VYD_01181,-0.04961718143961995,0.3980395508398175,484.29032258064524,20.58,28.78,0.11901368120958292
VYD_01182,-0.08720499483516088,0.25983217502063194,280.26235741444873,16.08,17.43,0.07250386249344565
VYD_01183,0.04037425342306452,0.43068493811451664,475.1633986928106,13.49,15.99,0.04216552001774705
VYD_01184,0.04501874438695763,0.43289330331623455,491.1607142857144,5.39,9.39,0.07727883646874761
VYD_01185,0.15749879300803954,0.5216925377101466,489.6675621222297,9.6,9.6,0.4083023483422801
VYD_01186,0.0037087732335221984,0.35839019776325254,558.1437802907916,9.56,11.33,0.17151482257913953
VYD_01187,-0.04440579250058488,0.32781258823113757,363.7400204708291,6.64,10.14,0.2697457610317709
VYD_01188,0.05579826768011292,0.44226560590152225,536.1267605633803,5.39,9.39,0.058726484069942214
VYD_01189,-0.05305271639674903,0.22727938266775827,348.7653311529027,15.98,15.98,0.3372999388023098
VYD_01190,-0.013085673227738365,0.5194883272050078,409.78671795274374,13.0,19.5,10.520732794957041
VYD_01191,-0.005607048207266784,0.4549923898387065,510.57994238386755,20.58,28.78,3.049796068222895
VYD_01192,-0.041241903140250384,0.46128476908508437,311.60525335320426,16.08,17.43,1.4758902361110453
VYD_01193,0.1707039088901194,0.5921610732691529,587.0471289274107,18.0,26.16,1.016811774591574
VYD_01194,-0.0039113080315356505,0.4236266198369334,492.0834311041586,7.1,7.1,2.120830311690621
VYD_01195,0.03298290704345378,0.46765150016137963,556.7321343053266,18.0,26.16,5.167273442141139
VYD_01196,-0.08764075558453074,0.2931690239672243,437.5129533678757,20.55,31.05,1.5423431066148658
VYD_01197,0.1799173143564226,0.6640481800259522,575.8004903858564,6.64,10.14,2.131570379719208
VYD_01198,0.03952708932453628,0.5155095060055332,476.7870568133276,12.98,15.48,1.2910826112978941
VYD_01199,-0.06246489169903598,0.22380291459355672,317.6203433754455,4.95,4.95,0.851522591248606
VYD_01200,-0.04252366284453777,0.4160114457655613,480.700972144326,15.9,22.5,2.953735298608587
VYD_01201,0.05576818580015546,0.5360099010746961,514.9552937837071,18.6,27.6,1.942671174496671
VYD_01202,0.18892279737700535,0.681125030483983,456.3624253559944,11.84,11.84,1.204441499060273
VYD_01203,-0.01453512234414702,0.41758762708036945,437.4131358057719,20.55,31.05,8.247975079096591
VYD_01204,-0.010609369802813214,0.4086848305312461,540.1509581201767,15.0,23.0,3.17004930035501
VYD_01205,-0.042829216542601994,0.524996661626984,432.07126645483436,13.0,19.5,9.096240278624308
VYD_01206,-0.10691227364984901,0.34075611149359775,382.13973063973066,5.39,9.39,0.6492530359407852
VYD_01207,0.21226959569659087,0.6785702072072032,440.1110710421927,11.84,11.84,3.0605523836877224
VYD_01208,0.1210548536497123,0.5918134045377518,434.958486600105,16.4,24.9,2.0935949114931356
VYD_01209,0.04181846944471382,0.3827553233625442,309.1040102545321,12.0,18.0,1.504040978770075
VYD_01210,-0.05441982113887035,0.44080229143396127,447.7764730333575,18.6,27.6,2.650524750986136
VYD_01211,-0.18933466175445166,0.24012512568300182,403.2547876769359,8.05,8.05,0.6692044539423255
VYD_01212,0.04776084808764009,0.5426588028756792,523.7163885668194,15.93,18.43,5.459978964359047
VYD_01213,0.01060161792853565,0.45395576100163043,445.3940397350994,13.93,20.43,3.4921750424183258
VYD_01214,0.09754791647785362,0.48989476204335763,513.0249973742256,16.63,16.63,2.6167620438042256
VYD_01215,-0.01777696661405727,0.36735066437823355,412.3883937413348,16.0,23.82,1.401223678429565
VYD_01216,0.010120257037242253,0.3744286439823353,569.246219464909,4.95,4.95,0.7100882253862835
VYD_01217,-0.09632901275211485,0.28315587620911037,329.592375706624,15.39,22.44,9.479622163533888
VYD_01218,0.026377316243804575,0.4993115642217765,454.8131963536391,12.01,12.01,1.8983383405893735
VYD_01219,-0.029667157085159837,0.35597701369365126,421.72909836065577,13.93,20.43,0.6743718445273863
VYD_01220,0.12040607424612151,0.5946075683029443,576.9055801921654,15.0,23.0,2.9806831587541867
VYD_01221,0.09709162817340501,0.5431654298664168,498.57800134138176,11.68,11.68,2.055886243285828
VYD_01222,-0.013970942065157919,0.4281287032134761,575.9422259983008,14.88,19.86,0.9729312558399029
VYD_01223,-0.08404521805819343,0.31018407033008244,383.36910197869094,10.68,10.68,0.7245946624701648
VYD_01224,-0.15368894072867925,0.2475125916192244,343.4898288666451,7.61,11.11,0.854263908611254
VYD_01225,0.023115780430093977,0.5809672756139665,511.87982832618013,13.0,15.7,2.2436626059664655
VYD_01226,0.0024536057918823945,0.42677904199713507,434.1133544851457,8.4,8.4,0.9549982661828355
VYD_01227,0.06063536976195158,0.5758583496210414,589.5053250956164,5.39,9.39,4.676726517469666
VYD_01228,-0.1457495848395208,0.16306157569110902,352.0227534562212,10.16,13.06,0.9539731810989796
VYD_01229,-0.0573324843037261,0.3388873383988393,414.5509776536313,15.93,18.43,1.1841499843985293
VYD_01230,0.10619519632765759,0.5391324329184397,702.0423620025678,11.84,11.84,2.35713194417173
VYD_01231,-0.010459792527311027,0.33951893949927325,415.5992085924251,10.79,10.79,0.973219521544197
VYD_01232,0.05855429295102445,0.43788449327269957,457.879461834157,16.4,24.9,3.00385446793187
VYD_01233,0.054419388954071606,0.5287273024514344,431.3726949474902,10.79,10.79,3.3304470214551998
VYD_01234,-0.006306870863690869,0.42225468697044904,459.24252790781424,9.74,9.74,1.526778944549871
VYD_01235,-0.024891454165082046,0.5347723769727777,534.9109338216064,20.55,31.05,2.100301903590537
VYD_01236,-0.03681149608589577,0.3773524713460617,485.51167778836987,9.85,9.85,1.163187240180359
VYD_01237,-0.01581091005778481,0.4262856195060826,401.6111733632142,6.64,10.14,17.172539257069648
VYD_01238,0.06300282100036067,0.5868521823073333,472.10841178256914,18.0,27.0,0.9103735426600535
VYD_01239,0.08580779237770926,0.45460065993390003,411.19304485279594,18.6,27.6,1.3907133166656072
VYD_01240,0.021561823466830353,0.4487815621910725,474.373166888862,12.01,12.01,2.273648277606092
VYD_01241,0.030125784186030957,0.44876167387504484,515.8297328027289,12.01,12.01,0.9676117149104028
VYD_01242,-0.011929411434686295,0.42937377898973517,417.2164838513101,20.55,31.05,1.8085859142900833
VYD_01243,0.06205989611132819,0.5610109756686454,533.1312362590901,18.0,27.0,1.6178839197211619
VYD_01244,0.1211475465781596,0.5355102393127157,463.81095728015566,20.55,31.05,6.497932087713858
VYD_01245,-0.03181777418538557,0.36852419583871865,452.3232753062542,13.93,20.43,2.13693048856853
VYD_01246,0.02915392098690113,0.4569376402213843,538.4655269584821,5.39,9.39,1.4671001235836776
VYD_01247,-0.1466332583726974,0.314447694455119,334.6650756302522,15.93,18.43,4.094546244159917
VYD_01248,0.018509555246438745,0.4034296933312883,477.3543061133423,10.68,10.68,1.8457964630299084
VYD_01249,0.03654557773902446,0.5052024874415875,563.7119599248592,6.64,10.14,10.110867748939429
VYD_01250,-0.00126330895416838,0.4173071750647832,419.19402014949634,16.08,17.43,0.8469418578092686
VYD_01251,0.0031626313416627688,0.5426311143624318,440.1808728652751,13.93,20.43,3.626996876052551
VYD_01252,0.07778654788277026,0.5036177893885386,369.1206305688827,17.74,26.26,0.8027775851398594
VYD_01253,-0.022900536052088877,0.3654106045999506,376.8042680893632,5.39,9.39,0.8267964248816877
VYD_01254,0.17096574716867396,0.6262091792024778,598.3283247850898,5.5,8.0,3.8094475970484227
VYD_01255,-0.028343630576592897,0.38895655371608845,424.87245560848856,4.56,4.56,2.5394495060796016
VYD_01256,-0.0851798664964579,0.3479743801410764,359.4873291187118,12.01,12.01,5.0882236541713555
VYD_01257,-0.07647740829010734,0.35998600641523903,444.4271274861428,10.68,10.68,0.8436699388479542
VYD_01258,0.1601474257446194,0.640496253287175,547.2403011667335,16.14,23.99,4.785575974940644
VYD_01259,0.017080408784254205,0.5217227577357677,515.9465827966652,15.93,18.43,11.02531984930128
VYD_01260,0.1999526966303263,0.6745388448976916,573.1313320825517,12.01,12.01,0.5871252676358484
VYD_01261,0.20096429190721996,0.6470576796600699,516.0840208423792,18.6,27.6,5.064256114872313
VYD_01262,-0.03909981130671138,0.3132408593246046,361.18759342301945,15.0,23.0,2.210249539657203
VYD_01263,0.0855935372537713,0.49749064343536353,380.28728173296975,6.64,10.14,8.771177330665434
VYD_01264,0.05784102204015291,0.49494745721375033,547.5279218797682,13.8,13.8,0.9003908174514014
VYD_01265,-0.13919543277819102,0.27317946666304266,434.4901091773861,16.9,18.86,2.542842387286436
VYD_01266,0.05416300227428743,0.47033708622665577,476.48292145443094,12.01,12.01,1.7511502192047985
VYD_01267,0.01575424669588985,0.36500388177601983,427.58102766798413,8.4,8.4,1.5322757900567054
VYD_01268,0.05608258933732746,0.5147833709097597,521.6861144126918,10.68,10.68,5.322778898021076
VYD_01269,0.0037987600049878972,0.4407899650770377,547.5183312262958,3.25,3.25,0.8749117721060081
VYD_01270,-0.18619677702769682,0.16820031608634653,237.5230280028721,12.0,18.0,2.696586733895852
VYD_01271,0.024560775186195566,0.4471930374350277,554.3768272041852,15.75,20.1,1.789870229538819
VYD_01272,-0.04927083151356511,0.32023777994506025,449.87635924285127,12.01,12.01,0.6824024205661611
VYD_01273,0.03853673146238741,0.4852803548172281,499.4370507514704,11.68,11.68,2.5298029923520913
VYD_01274,-0.016832585934177625,0.45500052419631937,517.696209376521,13.93,20.43,5.0948427317957306
VYD_01275,0.16583816136641827,0.6196852790604673,570.9766748033634,17.74,26.26,1.0002808792392415
VYD_01276,0.005591377171195959,0.39709157887357893,476.35499316005473,11.68,11.68,0.390444376577755
VYD_01277,0.09781217950932398,0.5654283042080613,477.8819419127478,16.14,23.99,4.525983907303711
VYD_01278,0.05513828374187294,0.4991390066651349,462.626383487885,8.4,8.4,0.9206457143416105
VYD_01279,-0.013440137387272205,0.39998679584255653,440.89024390243924,6.64,10.14,2.8866494573942205
VYD_01280,0.19125177231017404,0.6798139951308512,545.2022053939152,18.0,27.0,4.1524741541441115
VYD_01281,-0.04904511426632221,0.4241076764106945,388.70265268352864,12.0,18.0,0.8907520667890926
VYD_01282,-0.06552768826732605,0.41206351235651434,404.2928229665072,16.08,17.43,1.150497069627004
VYD_01283,0.08110806906894075,0.515047847492339,490.8283443996952,16.63,16.63,2.5266287554010787
VYD_01284,0.10622498972432048,0.5605495827434026,541.4430856855682,16.14,23.99,3.2837837978505244
VYD_01285,0.19582457220873914,0.6804268688276098,642.8338954044394,17.74,26.26,5.464274562846149
VYD_01286,0.06804369105861985,0.5771326692132412,430.78321899259777,6.64,10.14,6.096733893911343
VYD_01287,0.08663506770983573,0.5369181947557781,447.5854691204699,5.5,8.0,4.870016982589799
VYD_01288,0.20637481880664213,0.6725576255787722,533.8926174496645,12.01,12.01,1.3129098830292836
VYD_01289,-0.03645444993814926,0.38582537024981745,415.44396480159395,15.0,23.0,3.3093959996640465
VYD_01290,-0.014601912243074389,0.3809099712182517,447.7840260798697,10.79,10.79,1.0193796655636425
VYD_01291,0.022664293538311828,0.4524447579882548,518.1492222174342,15.0,23.0,6.389597499260836
VYD_01292,0.1430889137297277,0.5916097557335398,612.6241443108232,11.68,11.68,2.9779015976482466
VYD_01293,-0.014144420231382522,0.3422859482511493,440.0473496128646,10.79,10.79,0.9275521703479545
VYD_01294,-0.00967602033107505,0.3862989474150296,453.3676195565055,7.61,11.11,3.0805671343261585
VYD_01295,0.1406112918403807,0.6366218820745999,614.8067053513862,15.75,20.1,2.1321093760612055
VYD_01296,-0.09218105693198127,0.3341389525796557,386.9826120187255,16.08,23.13,2.8770217341340527
VYD_01297,-0.044156376973068207,0.41603526486260856,524.0556617803271,17.74,26.26,1.298268122178344
VYD_01298,0.14409539883502556,0.6490123697990394,595.7063375862789,16.14,23.99,1.315388427506509
VYD_01299,0.04390795870977542,0.3852539307511397,532.3634658664665,15.46,23.2,0.7324377727416106
VYD_01300,0.033696406359118795,0.44498511857704504,430.87478668941964,6.64,10.14,6.441607963159855
VYD_01301,-0.05478922544869036,0.4007349048939997,512.9761471230884,13.93,20.43,1.5188251679153597
VYD_01302,-0.03745531611580045,0.45106492775068974,580.0965717370766,15.0,23.0,4.077791663351024
VYD_01303,-0.05188897400948579,0.39803221382873133,377.2503954802261,16.9,18.86,1.2169375866833438
VYD_01304,-0.028414280534069514,0.3744375389496681,333.50083036773435,12.0,18.0,3.469225267429237
VYD_01305,0.060586852647992226,0.4695324250367382,459.68861223554575,20.55,31.05,3.601434913249135
VYD_01306,-0.06504469418804004,0.25177199549770074,386.31001311762134,12.0,18.0,0.6288287680152589
VYD_01307,0.0360441459727749,0.5309054801686731,501.4873267326733,20.55,31.05,1.3884964367465404
VYD_01308,-0.10837483717463235,0.29428163190933915,247.08502415458935,6.64,10.14,1.9916714143479264
VYD_01309,-0.1056418373191982,0.2962523199882662,407.8514401212734,10.16,13.06,1.6359371474929072
VYD_01310,-0.004711461407331765,0.43573524209438214,446.59430604982197,12.0,18.0,2.2429132556588094
VYD_01311,0.007491471070182554,0.40282136040047967,375.06813627254513,11.84,11.84,0.8238819213674998
VYD_01312,0.017250933528921247,0.43177992790790054,424.83307438337516,17.74,26.26,2.8413653451799616
VYD_01313,-0.2082534469182379,0.18743912475650545,209.234692441233,15.93,18.43,5.863224582943214
VYD_01314,0.06077591536731265,0.5591554523291897,454.18793706293707,18.0,27.0,0.6225442334888969
VYD_01315,-0.07588667540255692,0.3608987476013555,451.67860704787256,13.93,20.43,6.623435341314804
VYD_01316,0.01386749237556867,0.4892616900350865,468.91094856612114,5.39,9.39,2.371037539130583
VYD_01317,0.00413541283428992,0.4715085124593159,434.25304414003057,12.0,18.0,1.4396127047990823
VYD_01318,0.11482583447203977,0.5209075806739288,538.6675508399644,15.93,18.43,0.6228083343293734
VYD_01319,0.011981744327756644,0.4986001342468642,504.183400605449,20.58,28.78,1.0946832816787813
VYD_01320,0.07077801872906717,0.4783810451670942,560.9936078489668,5.39,9.39,1.8562999515358825
VYD_01321,-0.13464767421126075,0.3114078136683078,327.51323003575703,16.08,17.43,2.306448779749886
VYD_01322,-0.1043692650989844,0.28187960206988205,319.5304919519384,12.0,18.0,1.2163171776836177
VYD_01323,-0.1611357590412016,0.21554219806921246,422.31409875074365,16.4,24.9,0.4626347544165242
VYD_01324,0.0570722375004266,0.4721820160288934,468.0268474523892,15.93,18.43,7.152953387136675
VYD_01325,-0.01909435351029461,0.32876777978996824,511.2651884700666,10.24,10.24,1.8636296466430637
VYD_01326,-0.01637290872552484,0.369150168969785,443.2632005401756,5.5,8.0,4.073491781906303
VYD_01327,-0.14910266712629897,0.27652453373018937,361.2295296167248,16.8,22.4,0.6365257699029042
VYD_01328,-0.13779900636552642,0.37775419393785364,489.2162921348314,5.39,9.39,5.104834980660142
VYD_01329,-0.03580611128842688,0.38240469213582734,411.8594498669033,13.0,19.5,1.5545942899879899
VYD_01330,0.05678261621902958,0.5553549205524702,537.7387903071932,18.6,27.6,1.443109431366754
VYD_01331,0.12855797204997638,0.545899876783203,420.25966850828723,15.46,23.2,0.9468452334428119
VYD_01332,-0.009372301336656615,0.4034073547557236,514.0364376926465,7.61,11.11,2.503605545428751
VYD_01333,-0.1214914669121201,0.29298522076594774,397.3631336405529,18.0,26.16,1.196223942333659
VYD_01334,-0.010111514497815303,0.39620392464061266,529.2052619104053,11.68,11.68,1.161607925467323
VYD_01335,-0.03422391228632551,0.36536180163907933,420.2223796033994,7.1,7.1,0.975015926727741
VYD_01336,0.03267364194138349,0.46026079195813613,471.1406917164817,20.55,31.05,1.2883164146881445
VYD_01337,0.03994314103867116,0.5112125599538551,486.5517950695853,6.64,10.14,8.55918158794303
VYD_01338,-0.023579780856829886,0.3986841312360489,513.2530712530712,15.39,22.44,2.01693503181958
VYD_01339,-0.046971991842660286,0.2985851177169448,416.9746300211417,9.74,9.74,0.5226914561224999
VYD_01340,-0.10463030615295625,0.341248340806494,482.94485152333215,16.08,17.43,0.715329032391934
VYD_01341,0.1314806371095764,0.5439037714014306,439.9690330929933,6.64,10.14,2.9745826204492345
VYD_01342,0.11630993373608998,0.606303670794336,536.224644549763,12.0,18.0,1.443016122483872
VYD_01343,-0.05074377324222368,0.38480160424487253,383.8991617983236,13.93,20.43,1.0907737162598752
VYD_01344,0.04555073421424875,0.39611985271415506,368.4382905430861,5.39,9.39,5.116642127670417
VYD_01345,-0.08136789566665178,0.32245051483006404,380.7237509051412,12.6,17.43,0.7604346214119255
VYD_01346,0.06039929989326867,0.4980606773316435,535.5865445356917,18.0,26.16,0.8699460564158091
VYD_01347,0.034048512989200884,0.4713353589177133,580.703905325444,15.0,23.0,2.341816306082822
VYD_01348,0.08986676537928966,0.5037538115216711,560.0231251350767,10.68,10.68,1.2727409101447575
VYD_01349,0.03963305232074371,0.4233776980595714,540.0979742890535,12.01,12.01,1.4144315632985605
VYD_01350,-0.07871606219927905,0.34997281321034834,349.95319264069263,4.56,4.56,1.0168789326137226
VYD_01351,-0.006785435029076165,0.39586491643492855,559.2703504043124,16.4,24.9,1.0247448633719156
VYD_01352,0.046754793428335543,0.5428432396894702,564.8375226742678,12.01,12.01,1.0550295644456922
VYD_01353,-0.13049170101653265,0.3376164163530431,416.4343210968597,6.83,6.83,0.6260444412126349
VYD_01354,-0.11807387193496416,0.1811549122856575,371.5175977653631,13.8,13.8,0.9859691141411157
VYD_01355,0.021415702154172368,0.4493706273075536,589.662308011623,5.39,9.39,1.3262829733293777
VYD_01356,-0.01645366825983211,0.3551106467438181,485.2507716049382,11.68,11.68,1.42595980029432
VYD_01357,-0.09688224866153293,0.3549866899291716,600.5437026841021,10.24,10.24,0.8035016648824583
VYD_01358,0.07596475189230685,0.5057240938990735,446.9103827207275,11.68,11.68,5.813311059423261
VYD_01359,0.018806732063400142,0.36440389737180007,491.3468649517685,17.74,23.32,0.6847986740052872
VYD_01360,-0.02580135511317107,0.2943928056340057,372.5095129375952,7.1,7.1,0.7173236199735907
VYD_01361,0.0052176133137140914,0.44606973824483326,510.6865220483641,15.93,18.43,1.5487155192733437
VYD_01362,0.024257500809183194,0.511099202499086,534.9592132505176,7.61,11.11,2.660950072983882
VYD_01363,0.16159417897880055,0.6122273699953543,557.5446261682243,18.6,27.6,1.1823962086904563
VYD_01364,-0.010592756594150047,0.4079307555258941,338.21054044981554,10.56,12.56,4.098838044956184
VYD_01365,-0.13370507032681506,0.46200548993081486,428.60754133620117,13.0,15.7,16.375478139379744
VYD_01366,0.008809536466675602,0.4334618245785896,484.4062998405103,9.81,9.81,0.6911903245076524
VYD_01367,-0.023572001786354147,0.3992954841009657,378.36577777777774,12.0,18.0,0.6188843678001261
VYD_01368,0.009207278609776623,0.4267421664213234,449.4947368421053,18.0,27.0,0.05202362796336663
VYD_01369,0.0021460220333033688,0.38814889612766107,407.4481421647819,20.55,31.05,0.8525915039240112
VYD_01370,-0.02187942460057075,0.37444704667514506,381.0409004196872,12.0,18.0,3.594588008968823
VYD_01371,0.035132919399785856,0.5131982556337801,487.0903704173135,13.0,19.5,8.686836895600427
VYD_01372,-0.0511860988763838,0.3005170568259161,379.75934291581115,12.0,18.0,1.3421883703264248
VYD_01373,0.04879713793417898,0.5154882563623485,473.7724631914047,13.48,19.98,3.450673505021484
VYD_01374,0.06108894964301473,0.47538939473642944,474.8774820447825,12.98,15.48,0.6510220039798638
VYD_01375,-0.05318235906827243,0.38694406436090256,502.75381154711323,14.88,19.86,1.1013202971343454
VYD_01376,0.0348547761114492,0.46152411815469185,466.16507646976294,15.93,18.43,3.922072370146246
VYD_01377,-0.015525636855657103,0.3778779425659162,407.985887333882,20.55,31.05,2.34225511924521
VYD_01378,-0.010214559054002469,0.43030273567723293,459.76840865101406,12.01,12.01,3.2655485133587017
VYD_01379,0.09355462213300098,0.5669398636761345,614.0355894502702,10.24,10.24,1.7376580211892645
VYD_01380,0.09667051712335771,0.6749558245256533,642.5531234493027,5.5,8.0,5.008765077155307
VYD_01381,0.02928389652728931,0.40087728660707783,422.3407075682937,16.4,24.9,3.064933028736508
VYD_01382,-0.036514304052233625,0.3465630497019411,430.51121914734483,11.84,11.84,1.4722211375786252
VYD_01383,-0.0264553469795579,0.4272661202716083,595.1054306743583,15.75,20.1,1.3824868513474395
VYD_01384,-0.08221208332303613,0.33528799791300645,346.5203394060395,10.56,12.56,1.1017794159578231
VYD_01385,0.007421943136915771,0.45246021879435966,475.2648284989521,17.74,26.26,12.49714126993333
VYD_01386,0.1169971342522037,0.6336414203697693,633.3282118339326,12.0,18.0,0.8491992591065844
VYD_01387,0.0734423063956932,0.512167920294337,468.58038401660605,16.63,16.63,2.6538540571190374
VYD_01388,0.08218684573084473,0.5009861765934895,560.7367738984601,16.4,24.9,3.6093737750295993
VYD_01389,0.0836869946901956,0.49912766003234427,583.6249864086114,11.84,11.84,2.5328596453167602
VYD_01390,0.04843281720601065,0.43255047425083754,531.7149688149689,10.68,10.68,1.3229050035955863
VYD_01391,-0.1783241115324466,0.14238450925615864,272.01549789621316,16.65,24.15,3.9225686881924005
VYD_01392,0.03367960134624116,0.47922872735845956,382.9358576791252,8.4,8.4,1.6841200932689087
VYD_01393,0.09543298898999984,0.4714508205523789,500.6105598866052,8.4,8.4,1.5585014012863498
VYD_01394,-0.1803864621633257,0.16322548510900167,270.64741318214027,16.14,23.99,6.9845484377703615
VYD_01395,-0.007565185627329915,0.466981311739485,588.3468121523323,16.08,17.43,1.2819355809458752
VYD_01396,0.012367987522176356,0.44472462729478535,461.6673557601955,6.64,10.14,1.4647801711974213
VYD_01397,-0.1972558763530354,0.1675214802032833,280.2466898777605,17.74,26.26,10.822670222421602
VYD_01398,-0.02068590990551111,0.4409792118931173,487.43956743002553,11.13,11.13,1.731934015104698
VYD_01399,0.11898630476510838,0.5341617636173871,486.1153575615475,11.68,11.68,1.172506400479571
VYD_01400,0.1381093940551558,0.5911171963254842,534.0751057827927,11.68,11.68,0.7801764189950686
VYD_01401,0.026652842994127346,0.4216320755255923,512.3086574654956,6.64,10.14,0.6595167130346085
VYD_01402,0.11821158815875848,0.5393142510462654,466.2849740932642,5.5,8.0,2.7592579381809528
VYD_01403,0.16121893177463903,0.5563190707372214,537.8717051070842,15.46,23.2,1.3374180079646227
VYD_01404,0.05201261827080327,0.3529761771928536,706.0729537366547,9.85,9.85,1.0875722894924365
VYD_01405,0.017102645546741617,0.46121706488375935,470.11639649216033,11.68,11.68,1.0339505089909458
VYD_01406,0.055458491706448246,0.4195967046381595,612.0704685099847,9.85,9.85,1.437166930695801
VYD_01407,-0.0025174035240365,0.38798793772909423,469.34441301272994,14.88,19.86,0.779896067892893
VYD_01408,0.02985644540051668,0.45528996781688624,519.6302690931715,4.95,4.95,5.327417760133251
VYD_01409,-0.15432769021980597,0.12467080260730273,352.9735426208368,12.01,12.01,6.189244561867345
VYD_01410,0.01021963997920266,0.46842234308013037,402.6303780964798,16.08,17.43,1.6899639735763532
VYD_01411,0.04854671484297229,0.43713015302844693,480.58430168822633,15.0,19.92,1.2586653117471485
VYD_01412,0.038148633213960614,0.4475251405172699,574.824100283057,13.8,13.8,0.6814555827922438
VYD_01413,0.05812192958243049,0.5185723971096017,589.1047645845057,20.55,31.05,2.9366054817828613
VYD_01414,-0.05205900344874917,0.3797073811539957,472.1392812887237,4.83,4.83,2.219800164845708
VYD_01415,0.04971063601324163,0.41274914843653887,618.839445802771,8.14,8.14,1.3506222333946483
VYD_01416,0.0686115368332946,0.5045747665304472,509.4815262810644,16.08,17.43,2.4986197945162596
VYD_01417,0.06032047719627645,0.48689213045680313,532.4711575687185,4.56,4.56,0.7107398574828198
VYD_01418,-0.030859929462036167,0.4535990729692725,495.43029242174623,9.6,9.6,2.67435556558017
VYD_01419,0.08742394989353172,0.522982145885013,579.8881386742839,20.55,31.05,4.239404552545365
VYD_01420,0.06568060293022668,0.5277085570662075,498.50008016674684,16.08,17.43,1.7166045453677274
VYD_01421,-0.037813264226312086,0.38400087551477957,456.4641679017067,7.1,7.1,5.766648344197899
VYD_01422,0.10801667055530162,0.6176434203430458,702.0916259857305,5.5,8.0,2.2151545311963377
VYD_01423,0.12439198635882973,0.5979243067862835,590.0130157170923,16.14,23.99,2.2410617989834276
VYD_01424,-0.03655863722989733,0.3988673739928316,431.5641160949868,17.74,26.26,3.6402856347411863
VYD_01425,0.04088666112559697,0.4635713675196671,410.010564171724,12.01,12.01,2.448647511332928
VYD_01426,-0.025137581984916255,0.3649016141129387,476.3437271619976,11.13,11.13,1.128124840777388
VYD_01427,0.06423396651301137,0.5333850685214122,505.03862126245843,12.0,18.0,5.295435620840719
VYD_01428,0.05799221122756861,0.4916314966491393,436.90984020185033,12.0,18.0,3.272542299282705
VYD_01429,-0.023251521740325125,0.3684361209776791,448.31606425702824,4.56,4.56,0.68901026998356
VYD_01430,-0.05154219058074824,0.3664578024651212,433.5074119076549,10.24,10.24,1.1357618321416219
VYD_01431,0.0964308603463966,0.5060993175115418,601.3152512227656,10.68,10.68,0.6180779676193265
VYD_01432,0.03727895511114102,0.42316829836000935,500.85399915361836,17.74,26.26,0.6513632612797302
VYD_01433,0.10943167803738897,0.5895447846963832,534.1022265298978,6.64,10.14,10.21569597652754
VYD_01434,-0.058728205276707295,0.29862877998206777,348.8742974896964,13.48,19.98,1.4720124071239868
VYD_01435,0.1159927853660858,0.5885038221543107,677.1143446935966,20.58,28.78,6.814383558975512
VYD_01436,0.013406079977638026,0.408041718745737,471.9666570020295,5.39,9.39,0.9509963745954885
VYD_01437,-0.003526156006526764,0.41926412679531583,425.85488317440223,16.4,24.9,6.081830505039951
VYD_01438,-0.008222830409666638,0.415356909585172,451.43835616438355,15.39,22.44,0.843081156204529
VYD_01439,0.07177013460204516,0.4593951472808508,442.5540799659116,13.59,16.59,3.8742198973441306
VYD_01440,0.019810184550015517,0.488665911768164,483.3486556808326,13.93,20.43,0.9519281397597265
VYD_01441,0.013386224026689597,0.5080335929692225,506.0603668446714,12.0,18.0,1.1672246040973522
VYD_01442,0.14931502534365249,0.5602775215156968,489.686630113876,15.93,18.43,1.9661245689482898
VYD_01443,0.037997141704114445,0.4415171538886876,365.9765098008096,6.64,10.14,3.4665680534808954
VYD_01444,-0.12487314884022838,0.36343887510709244,424.28705315303256,15.93,18.43,2.055851928298267
VYD_01445,-0.02609232015205231,0.4609231515192158,432.4749571510188,16.4,24.9,1.4469000207611586
VYD_01446,0.1439147207336099,0.5140231779847871,691.2751851851855,12.6,17.43,0.7434033668087793
VYD_01447,0.009603747823984434,0.44979351134647566,500.23403154900444,8.4,8.4,1.0683210664680485
VYD_01448,-0.05287433011797283,0.3466258254449348,500.62057071182176,9.85,9.85,0.8782293584631617
VYD_01449,0.15699621261753183,0.6422270581580246,663.4488334359087,20.58,28.78,4.8936007110338835
VYD_01450,0.07032672889484111,0.5094133527214935,397.313482216708,5.39,9.39,0.33346954576508575
VYD_01451,0.033215173883319904,0.4520665647531939,465.8532357473035,15.46,23.2,0.7190488109163897
VYD_01452,0.10650052416276574,0.5639571254303075,565.2789934354485,11.68,11.68,1.2564292167478506
VYD_01453,0.12436556466411064,0.5246230099242791,537.3809523809524,13.59,16.59,2.40453158814872
VYD_01454,-0.0008654124726597635,0.5105834761327929,532.0459895975911,15.0,23.0,1.0193707729411945
VYD_01455,0.018257822416201462,0.3986750982501071,389.3350083752094,5.39,9.39,0.8223421225905966
VYD_01456,-0.09386389690347498,0.21071933133506435,271.0706043418736,15.98,15.98,1.4096789160144139
VYD_01457,-0.052161834284173904,0.4454268966680628,482.6391291670717,18.6,27.6,2.8346094360435634
VYD_01458,0.11786131470208258,0.5887250683578741,488.86304883052935,5.39,9.39,2.6830038732399943
VYD_01459,0.017041717214106078,0.46404390420767716,449.1673511293634,15.0,23.0,2.416048166461846
VYD_01460,0.011009369582921999,0.3870966991161395,382.02723174030666,10.16,13.06,1.5238223466970073
VYD_01461,0.012115070784123305,0.40059873078641234,447.4841211225997,11.68,11.68,0.7474254835830693
VYD_01462,0.18802995922994598,0.6524308658698434,515.4715561001226,13.0,15.7,1.5723008108092105
VYD_01463,0.03428396895312131,0.4496999010619399,525.0654883299343,7.61,11.11,2.4377918370687985
VYD_01464,0.09618819457611529,0.583608243009038,546.1550055309734,15.0,23.0,1.9802450672742427
VYD_01465,0.27739923499158775,0.7352005239651714,715.2347537637152,11.84,11.84,1.0795026518274689
VYD_01466,0.0005186703076311526,0.4508030266902836,557.180459272097,20.55,31.05,1.2721941236162733
VYD_01467,0.13377123869397817,0.4442540759657037,362.8892958892958,10.56,12.56,1.3527121239118347
VYD_01468,0.03504963051086361,0.4873503875956775,434.1297386390393,3.25,3.25,1.1615443071298392
VYD_01469,-0.010834237386129448,0.43075362858829447,509.75736631502366,3.25,3.25,0.7571698435075224
VYD_01470,0.11479693431748508,0.5365427638068693,582.7741170893578,9.74,9.74,3.4870084175834664
VYD_01471,-0.009397481287210357,0.43566419835152187,499.47793103448294,15.93,18.43,0.8026622361788903
VYD_01472,-0.17279392578388325,0.23576361004043042,360.1566747444949,12.01,12.01,2.6138352014909096
VYD_01473,0.13837391688537318,0.6263850050674986,660.498351115422,15.75,20.1,1.4209694343678674
VYD_01474,0.14561182808281478,0.5517403505779451,520.5719849583669,15.46,23.2,2.049178974850868
VYD_01475,-0.031121665836437416,0.44435929477061514,469.52014947245027,13.48,19.98,3.760873026330758
VYD_01476,0.15672295308067188,0.5615060054300769,680.7045528455283,11.68,11.68,1.689100778430498
VYD_01477,0.04327292513678528,0.5069633119924364,556.3063135061079,17.74,26.26,2.416400004612304
VYD_01478,-0.11188694039381754,0.32844585802740167,433.4636991192573,14.88,19.86,1.1556458161101517
VYD_01479,0.002385206990523722,0.45285980338616255,410.4000943142009,20.55,31.05,4.087691561336609
VYD_01480,0.12003223513726857,0.5847530815719199,636.7403079461094,5.98,5.98,2.0052323904097973
VYD_01481,0.13182829236307914,0.6008792710296716,490.96922340934435,9.74,9.74,1.740434984873371
VYD_01482,-0.007132336819844727,0.4385842276474162,499.4025669642856,16.08,17.43,2.4651622410983802
VYD_01483,0.07710032707719702,0.5342338066523717,580.548857186685,16.65,24.15,1.7827360555949112
VYD_01484,-0.040631491595506795,0.40705772692901515,440.36651475173903,13.48,19.98,3.4305444421632636
VYD_01485,-0.046599994268998364,0.42896237262702214,464.2955682378637,18.6,27.6,3.910308041946785
VYD_01486,0.0811586544773665,0.5616562993062226,548.4255960795402,12.0,18.0,5.835679672090709
VYD_01487,0.2564851745792945,0.6955978072080633,674.0507936507938,11.84,11.84,2.7777929574751727
VYD_01488,0.04474104577755805,0.433828586882933,452.6733042937149,14.48,22.48,0.8847756511045886
VYD_01489,-0.016946430149253226,0.36946762272070627,477.7087510159849,18.0,26.16,1.0177103395434999
VYD_01490,0.13398484920345233,0.5752418349514739,540.2879333207046,16.0,23.82,2.8940925744064927
VYD_01491,0.152185285614757,0.6318846464190506,660.0022068095839,11.68,11.68,0.8723865714366879
VYD_01492,0.011479949102850284,0.49745712795023983,565.2932532446638,15.0,23.0,5.108025885770868
VYD_01493,-0.060829003626065185,0.193799703450921,315.0769230769231,12.01,12.01,0.9840105403531563
VYD_01494,0.06525073972950189,0.5410472832115238,553.8301306687164,12.0,18.0,0.7147435637078826
VYD_01495,-0.05578803307274924,0.3458736036092013,388.9022661243462,16.08,17.43,2.3658734274814086
VYD_01496,0.07741928857084952,0.5388298294621057,522.6689865158766,7.61,11.11,0.6338984188981487
VYD_01497,0.011642209541925661,0.4325999181260587,463.2664740621149,13.93,20.43,6.490796435984755
VYD_01498,0.09689864637029409,0.49661952793147335,550.1915860814945,7.61,11.11,3.3318573553507007
VYD_01499,-0.02582729000136903,0.46234958211382016,477.3150492264417,8.4,8.4,0.5855098839601286
VYD_01500,-0.0726682346463788,0.2976518104739698,280.6817946058091,4.56,4.56,1.061027966994325
VYD_01501,0.133139155912476,0.5947318283604369,569.7007391942218,20.58,28.78,9.735770021425797
VYD_01502,0.12218773280081459,0.5560981998769627,487.64747474747486,15.46,23.2,0.8180587412613364
VYD_01503,-0.010109119632527632,0.3888055128694204,523.2840493161242,18.6,27.6,2.857516192264342
VYD_01504,0.09910421604657906,0.5627814435911699,543.7516685658471,18.0,27.0,3.3721856173292566
VYD_01505,0.16560195417305382,0.6087543524885692,607.0027509169721,15.0,23.0,3.3004648150117735
VYD_01506,0.014622644704929764,0.4542989792354469,481.99884339579006,18.6,27.6,1.211096289544689
VYD_01507,0.026954282931639872,0.5154110651464263,596.8311411304658,10.24,10.24,2.3066598213565754
VYD_01508,-0.0014926403361316795,0.4536461719331708,443.36291328758585,13.48,19.98,1.7661883502953788
VYD_01509,0.1664940265507813,0.6161768008795465,554.1173508907823,20.58,28.78,0.7115606036830096
VYD_01510,0.11759577559064129,0.5497100978409146,438.1122677219547,9.6,9.6,3.1951838548632097
VYD_01511,0.11818594740626155,0.6281167617789869,550.250254841998,13.59,16.59,1.0805731321967975
VYD_01512,0.04839709429817677,0.47985316709207293,466.4620476610769,11.84,11.84,0.6239772259362908
VYD_01513,0.11684595568594161,0.5442836384360761,410.8119964189795,15.46,23.2,0.9219810230468338
VYD_01514,0.09279940211587487,0.48395215435740857,498.6532137518685,11.68,11.68,1.2683207059302972
VYD_01515,0.15437136014505776,0.5456318049091016,520.6109794135997,15.46,23.2,2.2057153071513724
VYD_01516,0.11021255701041681,0.6275421361350323,543.7863054928517,18.6,27.6,1.830362998521692
VYD_01517,-0.0291633491452612,0.3622177882411985,462.703286082474,10.79,10.79,4.282198306709145
VYD_01518,-0.00789028873049829,0.48542101717314035,562.026161602398,20.55,31.05,2.04224765627237
VYD_01519,0.14085091289859894,0.60708745374834,543.4725410559777,17.74,26.26,1.5565326805365227
VYD_01520,0.026672182258482335,0.3826148278417777,468.3751965408806,13.93,20.43,4.216599785208915
VYD_01521,-0.05047190473851196,0.4666450829714705,488.7545860188398,8.4,8.4,2.2233501177571755
VYD_01522,-0.08418608020029547,0.20799155019737373,300.72495921696566,15.75,20.1,0.8444688061966584
VYD_01523,-0.003266372780252608,0.4007706005009834,361.4387313791447,16.08,17.43,1.1464830479011168
VYD_01524,0.00433021491284556,0.419159328226525,436.0022050716649,9.74,9.74,1.7816640645153405
VYD_01525,-0.09285596251210912,0.3390442957899022,350.96285289747397,4.56,4.56,2.5926276127749093
VYD_01526,0.04158193888926054,0.5323917960042449,493.0910106085985,9.74,9.74,1.479770252582542
VYD_01527,0.04352840994490074,0.5020086798612974,448.4989111498256,12.0,18.0,2.5272818515720634
VYD_01528,-0.06056680709942913,0.337603048046392,408.08002663115855,10.79,10.79,2.05492528698928
VYD_01529,0.01466847106099521,0.42329347632880104,512.151843728862,20.55,31.05,13.439951165914218
VYD_01530,-0.04353860014850211,0.3444845343879804,385.409090909091,11.68,11.68,0.7250556692051445
VYD_01531,-0.05602906196126497,0.35212828308003036,352.0127955944284,13.48,19.98,1.6995475682692125
VYD_01532,-0.02990681001324594,0.37762404595668425,545.6585954080648,17.6,26.6,2.8548810667576268
VYD_01533,0.12260430044185136,0.6241649149637896,616.0807158509862,17.6,26.6,1.500147668144559
VYD_01534,0.05116322031947032,0.4315672852689526,409.8313862249346,10.79,10.79,1.5878166772311322
VYD_01535,0.030852685320357932,0.49902906072292225,521.0616469866586,20.58,28.78,1.7971002687502506
VYD_01536,0.11948768435594595,0.5998233684399819,552.949397166241,18.0,27.0,3.1428419650114376
VYD_01537,0.028329045412857478,0.468612404007902,530.2702991452992,5.39,9.39,1.0308861451968994
VYD_01538,0.11000312596914633,0.5060643886759645,542.2207100591716,9.74,9.74,1.857882023164548
VYD_01539,0.012052198235182192,0.3393822311998802,362.8603452140776,7.1,7.1,1.2277025303978022
VYD_01540,0.12203230379297399,0.5393200914586375,480.48173173173177,13.48,19.98,1.1007212908994173
VYD_01541,0.07098248110933908,0.513853295160907,531.5429259160203,16.08,23.13,1.0280317266707393
VYD_01542,0.05631401322870698,0.5246487509646516,532.783700200109,20.55,31.05,1.514353994591481
VYD_01543,-0.022370740383001946,0.3471323749715997,438.015625,8.49,8.49,0.670605710633793
VYD_01544,-0.010326128797837907,0.4374917179613851,350.8830956277764,18.0,27.0,1.1963530625299459
VYD_01545,-0.10141311127664993,0.34847305416135754,414.9047837664125,14.88,19.86,2.9915667013076224
VYD_01546,0.059523306271030425,0.5280426812966162,552.1476312168273,20.58,28.78,2.81140316834022
VYD_01547,0.0751607832390555,0.423637274345078,342.1141217298452,16.4,24.9,2.061986801881267
VYD_01548,0.007115418325486986,0.42583341094472127,417.84233261339097,8.4,8.4,4.452220471137868
VYD_01549,-0.07379711297354007,0.297880491502005,348.5807658058772,4.56,4.56,1.5455550215945155
VYD_01550,-0.025387482773807358,0.4552976128219985,351.16141800034416,17.74,26.26,1.6032571801241124
VYD_01551,-0.031594482292476044,0.4355412118085006,324.7226013649137,10.68,10.68,0.6850624238077677
VYD_01552,-0.04481796460164808,0.2148940978655229,368.3899560922063,10.24,10.24,1.0033238411380845
VYD_01553,0.09356770091736591,0.47908194846507596,523.6896925578873,11.68,11.68,3.5507714481014694
VYD_01554,-0.053102789843089665,0.42015744181310555,397.957970363718,20.55,31.05,3.0664603048823307
VYD_01555,-0.03685356306190324,0.38739814035497705,419.1284080914687,11.68,11.68,0.9412752827266899
VYD_01556,0.08083257016355917,0.5323651932408073,485.2396140972633,10.68,10.68,1.397047013445665
VYD_01557,0.04441173778574041,0.4995633623276107,526.3845675654673,15.93,18.43,3.5425950185164803
VYD_01558,0.006374928989689414,0.41881806144269174,429.7758046614872,5.5,8.0,2.2310714196358292
VYD_01559,-0.11915844843865044,0.35150684530360327,413.3069064160197,5.39,9.39,1.3603224870998625
VYD_01560,0.16397470791676017,0.6545747114298192,672.3865902729178,20.58,28.78,6.287096622283042
VYD_01561,0.12039864091795821,0.5372561834124636,395.9492857405163,5.5,8.0,7.481239445443787
VYD_01562,0.04721380074388807,0.4727202963544348,432.5861774744027,4.95,4.95,0.6452886915643329
VYD_01563,0.0496522205557588,0.4545977472605327,519.5193028180486,20.55,31.05,3.405468255677792
VYD_01564,0.006053702692760474,0.41457083373771336,466.2124156100774,15.93,18.43,3.3437530751874736
VYD_01565,-0.10876953704467537,0.3128753334125778,400.1934005499542,10.68,10.68,0.8982290724279053
VYD_01566,-0.03099706900507385,0.38729268026393543,347.87151277013743,6.64,10.14,2.101173229987105
VYD_01567,0.011518770820805567,0.39292454717793124,514.8598707403057,15.86,16.2,0.9374185480330236
VYD_01568,-0.12862241645746536,0.36917109052629493,538.5000000000001,15.38,21.94,0.8765101200675476
VYD_01569,0.049042502553201084,0.4875018067644852,474.29113924050614,18.6,27.6,2.0269821791291847
VYD_01570,0.08938965566248816,0.5508889997747487,500.18993974325383,18.6,27.6,1.0520740506222233
VYD_01571,0.027526267767544202,0.4661538426212107,547.2189911642995,20.55,31.05,4.924427935225199
VYD_01572,0.12257598931109981,0.5685751730613282,561.7918722104768,12.01,12.01,4.678595371834979
VYD_01573,0.020918960619639788,0.42906963638280937,418.91799754299745,16.4,24.9,3.5843340788820273
VYD_01574,-0.0800443967292325,0.30263572166423025,472.52396268896763,20.55,31.05,0.8562123702610343
VYD_01575,0.00919694806731945,0.48229781700061813,509.6564502478541,13.93,20.43,4.535869666155149
VYD_01576,0.14062728274103772,0.6047835199827795,597.6036509900989,11.84,11.84,1.776027406042792
VYD_01577,0.014935950629945492,0.42613075498859415,456.5237753882914,5.39,9.39,1.1509382016085077
VYD_01578,0.07285477551161351,0.5369839871236102,461.89997583957484,18.6,27.6,1.1440154033344472
VYD_01579,-0.022943683949945965,0.4638989703748148,510.4766731802638,13.93,20.43,2.2547220713646925
VYD_01580,-0.02599963315075098,0.4191493761760024,514.7144432773107,16.65,24.15,10.474326672879563
VYD_01581,0.12910607415349543,0.598137623557795,509.26557206150636,17.6,26.6,1.057367317232247
VYD_01582,0.02682405211661865,0.44840828168989,542.032904842752,15.0,23.0,3.405652543140211
VYD_01583,-0.008588955217135754,0.38400659563734624,440.93394582607317,7.1,7.1,1.7582693438235062
VYD_01584,0.1442486510392723,0.6245970380147077,521.8094988650253,9.74,9.74,1.577385660459202
VYD_01585,0.03228908377680658,0.4516855501462438,437.76230899830216,17.74,26.26,1.4619699924082221
VYD_01586,0.007394463085639227,0.4401445321592631,567.2792056074767,11.68,11.68,1.6642975312803916
VYD_01587,0.1911964192061236,0.6757113033717171,517.2049808429119,16.4,24.9,3.600135995721428
VYD_01588,-0.10560196383730905,0.3507416320402318,404.42778152393794,20.55,31.05,6.125188510041031
VYD_01589,-0.15243652498484167,0.22692420137850441,261.98714585519406,13.48,19.98,5.233641840053814
VYD_01590,-0.1111532529838636,0.3717438154831475,372.55070674895495,15.93,18.43,6.910895010359259
VYD_01591,0.08954310581959155,0.5453064490817673,473.36434802057715,13.48,19.98,1.232238844754839
VYD_01592,-0.03278349585531204,0.35277116460576335,439.81349840255587,10.56,12.56,0.6918131039507852
VYD_01593,-0.09588601870820535,0.3258984172959818,236.98441674087263,6.64,10.14,1.852908828466929
VYD_01594,0.10262996341587247,0.5612508641340009,403.4886288440777,15.93,18.43,7.90531301000674
VYD_01595,0.014221131160250203,0.4498060862495474,646.2703097603741,15.0,23.0,0.9400389181726466
VYD_01596,0.04304185326963546,0.5382458169164851,423.76807688852966,18.6,27.6,3.063979796975875
VYD_01597,0.10940636274433944,0.6708728306317,530.1744595498104,13.0,15.7,6.1752622249520135
VYD_01598,0.021376308636516697,0.36634033190192855,452.10415886099645,12.0,18.0,0.7285163534546197
VYD_01599,0.06842536894324178,0.4451830080682396,446.0812323491656,6.64,10.14,5.358599107886135
VYD_01600,-0.05685656369587028,0.22926894305888124,373.1274675690919,10.79,10.79,0.9773495842229162
VYD_01601,0.005840957810269378,0.3739436486567695,435.58320473251047,13.93,20.43,2.136623135591361
VYD_01602,0.03794405101749714,0.4609942779105615,446.9913442622949,14.88,19.86,4.190849995323608
VYD_01603,0.03960559209467906,0.47975717694372266,373.9533588738417,20.55,31.05,6.173736689126847
VYD_01604,0.18276725379718223,0.6021534441204909,496.99770740793815,16.14,23.99,1.919409402916459
VYD_01605,-0.027499459085465312,0.4580119361424812,411.3856121537088,10.68,10.68,0.6149617796410706
VYD_01606,-0.0059107836691367635,0.46798195797006337,497.80354643023793,13.93,20.43,1.1949690895981813
VYD_01607,0.055315274108149626,0.37102285662485396,311.1256074766355,10.56,12.56,0.7372722481847345
VYD_01608,-0.0755651738334434,0.3098147327289543,381.31036560867824,14.88,19.86,1.370581859968592
VYD_01609,0.01783746263251754,0.5219598771392344,507.40071856287415,12.0,18.0,1.1206982164316386
VYD_01610,-0.166891636130599,0.19236393127194787,387.9674236578106,17.74,26.26,5.018334431234162
VYD_01611,0.1127080469216971,0.4093540150221856,351.9870899470899,10.56,12.56,1.3011396154779162
VYD_01612,0.03248120420086872,0.493257315092639,547.4508261211643,16.08,17.43,1.0703152601657582
VYD_01613,0.07007825040506643,0.5113278550275098,446.2851917650746,11.68,11.68,5.277565967463204
VYD_01614,0.11600235572610859,0.5827501787889791,495.3398200224972,18.0,27.0,2.4510216942769185
VYD_01615,0.035278705871978504,0.5041375123664362,463.72320376914024,13.8,13.8,0.6976515194464101
VYD_01616,-0.021188685194283192,0.4139622098550257,472.7650051614804,15.0,23.0,3.7352265514935263
VYD_01617,0.016363516513365817,0.3983712542470337,522.2771950375379,5.39,9.39,5.169079045058065
VYD_01618,0.02789545866967054,0.49078732005418424,588.4900929335439,5.39,9.39,1.5430398822567255
VYD_01619,-0.04454218710130993,0.36278619738876894,294.4448374370834,6.64,10.14,2.022955478839267
VYD_01620,0.020821391190218135,0.4817195670753153,475.78383422356654,10.56,12.56,4.27584055236681
VYD_01621,0.049929004103063446,0.4896363979258107,475.3416520210898,4.83,4.83,0.7681269509446187
VYD_01622,0.1319752765435497,0.5848751092818419,561.3246866802681,8.4,8.4,0.9408821575117138
VYD_01623,0.02368763283924241,0.39842776549114656,483.5785268185157,12.0,18.0,2.9874058891838753
VYD_01624,0.03183237336937261,0.5095722361079414,510.74315920398,12.01,12.01,1.3195226388216774
VYD_01625,0.12617894225486506,0.552810874338606,523.395588235294,18.6,27.6,2.626063837146866
VYD_01626,-0.0748763633369189,0.31248675386853264,396.17322372284195,5.39,9.39,1.4081210270315851
VYD_01627,0.11480229006448515,0.5852915560110754,483.46640926640936,9.74,9.74,0.7067089178669503
VYD_01628,0.059427110184208605,0.4977204718257503,536.9454148471616,11.68,11.68,0.6307236516636194
VYD_01629,0.05611016316591705,0.4534245422564494,494.3180730101735,13.93,20.43,1.832145662472813
VYD_01630,-0.0018598397931548312,0.4399714818573938,404.6959680052236,12.0,18.0,3.3742226019051036
VYD_01631,0.02822596328649196,0.3765444893393372,509.17304429783235,8.49,8.49,1.4586491203941778
VYD_01632,0.022821558298412085,0.5394152737884926,575.4607549430796,9.6,9.6,0.9159759935609035
VYD_01633,0.16728943012688216,0.5917913006549131,632.2788406351633,13.0,15.7,2.877299029185768
VYD_01634,-0.04064297972623037,0.41089010124997793,489.5561512824228,5.39,9.39,1.8991706106347326
VYD_01635,0.021633419776319943,0.4281416984679128,447.55408062930184,7.1,7.1,1.6837319019889276
VYD_01636,0.061537561895515125,0.507678727346813,524.72282405678,12.01,12.01,0.7375772997823689
VYD_01637,0.08358869129650254,0.47731391303127313,430.2032552083333,13.93,20.43,2.1198694033059176
VYD_01638,-0.00721145133804288,0.4242289117745515,439.20186542305123,18.6,27.6,1.6611555465217702
VYD_01639,-0.021618611268882024,0.3734713002592294,462.4439982150824,13.49,15.99,2.465342996848625
VYD_01640,-0.034464402898511375,0.44924321227425845,523.5857598299682,18.6,27.6,1.2956249837160962
VYD_01641,0.048002750371845586,0.5055482995763677,563.222527716186,15.0,23.0,6.216493878677516
VYD_01642,-0.044748319559827096,0.30608103636717193,347.218574929972,15.0,23.0,3.1490789157569705
VYD_01643,0.07855405474064031,0.5120246459130815,584.215592082417,15.0,23.0,4.791486744484307
VYD_01644,0.05866230790156255,0.5859887342588435,605.8254958143717,5.39,9.39,4.896742961279344
VYD_01645,-0.0559218463029661,0.31920346051801823,326.73629320619784,4.56,4.56,0.9244472719066301
VYD_01646,0.14643824753520202,0.5840884617351523,534.127369777287,17.74,26.26,1.4997720516229398
VYD_01647,-0.09010470212324459,0.30658410354447024,355.93850372111234,15.39,22.44,0.7031123974945572
VYD_01648,0.021319242647559807,0.4438601976766517,564.5358346439001,7.61,11.11,3.6876603214785644
VYD_01649,-0.14348676105900024,0.14884645839502192,354.7044089312025,15.46,23.2,2.4285941540568605
VYD_01650,-0.03821150202108685,0.38657525282721616,456.78136073706594,17.74,26.26,1.5580279428212207
VYD_01651,0.0020199911095389795,0.38748720263297565,380.58275657504464,16.08,17.43,1.3929993955788447
VYD_01652,0.007029155675755685,0.460969978951914,489.93788819875783,18.6,27.6,1.9996801489606908
VYD_01653,0.08567142132994546,0.49962129431732544,470.5427826842334,9.74,9.74,3.818896592893775
VYD_01654,0.03685353751853017,0.4561698015582157,427.5345784023669,17.74,26.26,1.4878320014329547
VYD_01655,0.01870877354202116,0.43064813670166624,550.5449037776194,16.08,23.13,0.7719863149417879
VYD_01656,0.10886905241037093,0.5704938040984018,487.9870852374328,10.68,10.68,2.7684507232891984
VYD_01657,0.049832010064281534,0.5397181362725203,638.6075059382423,15.9,22.5,2.899993237920695
VYD_01658,0.09187826278792215,0.5550356020166215,524.1342632665288,9.74,9.74,16.54755664287869
VYD_01659,0.020886485571215117,0.4769530101747556,464.0035608308605,7.61,11.11,0.9175183095857755
VYD_01660,-0.005128004780771078,0.4601962194979385,470.19706158708465,20.58,28.78,3.2170152560672056
VYD_01661,-0.09428240443972098,0.2984130758837587,475.5818578704826,12.01,12.01,1.1354129693878028
VYD_01662,0.09885597644392309,0.5003749274476312,566.960650887574,9.85,9.85,0.9324232312936334
VYD_01663,-0.0748592913967915,0.42508592239082227,469.97395223073477,5.39,9.39,3.056554463074008
VYD_01664,0.13906529026882186,0.6182918062171172,563.3149303888623,6.64,10.14,4.581044847561607
VYD_01665,0.16671977191412723,0.6671888501435003,647.5647295144416,20.58,28.78,3.972075864693911
VYD_01666,0.07837501124915167,0.4955188106653089,429.1308411214953,20.58,28.78,0.9714712668160511
VYD_01667,-0.017802049074164647,0.3631415526130591,460.07105480583857,8.4,8.4,1.9923596583186278
VYD_01668,-0.052270696409675056,0.31467105980742,376.8633618323006,18.6,27.6,3.5115962374011644
VYD_01669,0.08814473751472758,0.512175493097815,386.23471057475973,6.64,10.14,2.6880772618152076
VYD_01670,0.03136296593384574,0.44728276011850915,414.35426906972515,5.39,9.39,1.513323758915385
VYD_01671,0.0040466397165631095,0.44247351930871376,505.1750826901874,14.48,22.48,1.2507177975085055
VYD_01672,0.06186849600111818,0.5254720132314012,501.5300398816416,20.55,31.05,2.1352253204647167
VYD_01673,0.20369782951746393,0.650578322650337,583.4051065057462,16.9,18.86,5.718822103015776
VYD_01674,0.08708000312720716,0.5334973081223097,500.86146095717896,14.48,22.48,0.8743092546308248
VYD_01675,-0.06212503156531746,0.3447208199519358,549.5056967572305,15.0,23.0,2.1984289113853643
VYD_01676,0.0032462054056770365,0.41611309063689006,510.89075780620914,6.64,10.14,3.080623997434038
VYD_01677,0.0021204449520453444,0.39871816227944173,405.03292317924837,13.93,20.43,0.8348041414243101
VYD_01678,0.039658602032412275,0.4585000196627077,467.61649670840325,5.5,8.0,4.262419836674737
VYD_01679,-0.04520960351107408,0.4869532680128776,376.9255518449131,15.98,15.98,3.3834919600666966
VYD_01680,0.14264518968287104,0.6317342253622183,601.1506600660067,13.59,16.59,5.000499283432848
VYD_01681,0.131398272229452,0.5757196345909159,406.87885249079284,16.4,24.9,1.4184024465145102
VYD_01682,-0.03903179787226371,0.31164676297676097,333.43958135109426,9.81,9.81,2.6047740952373224
VYD_01683,0.08845667956249144,0.5558397069860765,571.002920753885,18.6,27.6,4.993979646026309
VYD_01684,0.015241470075366985,0.47873884687022766,536.7823492063492,18.6,27.6,2.169347189975377
VYD_01685,0.047767618070985896,0.4692897464039186,429.54445307534786,17.74,26.26,3.908905150999379
VYD_01686,0.0510771787162052,0.4766108946814481,504.80672514619886,17.74,26.26,0.9431360495723787
VYD_01687,0.03684017264915026,0.5130847597692542,606.7810970464135,15.75,20.1,1.6313004207326007
VYD_01688,-0.09300392320714641,0.2922842840765424,458.37153110047836,18.0,26.16,1.1584456547381963
VYD_01689,0.007899892650229405,0.4523791003310962,549.2819685521747,15.0,23.0,6.735377785695715
VYD_01690,0.0006998912728976335,0.47801491955057435,556.4155024785941,4.95,4.95,0.612330995690189
VYD_01691,-0.053672487980589836,0.35332597802651056,353.77726001863925,5.39,9.39,0.8866584804798716
VYD_01692,0.09687775038516107,0.45109317539429117,316.01945724526365,12.0,18.0,0.5381735221275982
VYD_01693,0.03239963682304922,0.39733277351320134,373.83804055931097,6.64,10.14,2.968944120394445
VYD_01694,0.12088215307227398,0.5393325210410442,481.58753573470557,11.68,11.68,2.4007292610312785
VYD_01695,0.09969653839577923,0.5417648499115236,444.31183469004384,9.6,9.6,0.8776862339567367
VYD_01696,0.060767103543119545,0.4524132257068157,455.57283494846945,15.93,18.43,3.5695636054861084
VYD_01697,0.10519609252041207,0.5329956871750193,504.83451704545445,14.48,22.48,0.7738836983468855
VYD_01698,0.0025958625701958077,0.4268615926007835,522.6704495853339,5.39,9.39,0.6302073806984198
VYD_01699,0.03840940221719945,0.4327603282813721,499.7575365408039,5.39,9.39,3.613490585947218
VYD_01700,-0.03903697037130298,0.35827144272062855,357.0453313624045,16.08,17.43,1.1179722635868419
VYD_01701,0.06766448150382325,0.4828381460564633,568.5442516906792,20.55,31.05,0.9360373722063196
VYD_01702,-0.041422518608547676,0.26985611189542497,415.698795180723,12.63,12.63,1.3938061393966112
VYD_01703,-0.04875923467781446,0.3594376465283094,308.6217060581364,17.74,26.26,2.025445932288169
VYD_01704,-0.04033066249006188,0.3849080239380966,349.22902048835255,16.08,23.13,0.9801895779284546
VYD_01705,0.045169957495544505,0.41296038445609384,351.25132971856436,13.59,16.59,5.328050716119817
VYD_01706,0.05757406911326679,0.5160934575162424,430.90802707930374,18.6,27.6,2.8258645518341385
VYD_01707,0.16083402443082578,0.5810730341577036,518.6511417775586,20.58,28.78,3.3594360119958218
VYD_01708,-0.07558615430609959,0.25193397887287605,308.83964062074585,12.01,12.01,4.043623015029
VYD_01709,0.05579624449912658,0.5153372782398563,474.16387046429975,5.39,9.39,0.705782045907285
VYD_01710,0.0696092452828167,0.5775019166452166,598.6522268191775,18.6,27.6,1.130748843477487
VYD_01711,0.18707648824252113,0.6686117913018219,572.4934794934795,6.64,10.14,1.4566252088516933
VYD_01712,-0.05763263029370791,0.37177953031428285,489.8586497890296,9.85,9.85,0.7784822320345931
VYD_01713,0.06649830618067518,0.509065912606353,620.371561410306,8.14,8.14,1.419521440398669
VYD_01714,-0.12254661844225881,0.26102793822185605,429.9848043970257,16.08,23.13,1.7010840980098114
VYD_01715,0.11192012628454202,0.5864754696815835,618.2043010752689,20.55,31.05,0.7162465565059194
VYD_01716,-0.01855704811265658,0.35859727313830825,439.5291334604166,5.39,9.39,11.982462649080434
VYD_01717,-0.12590014252565454,0.34181620182937883,385.20466549295776,16.08,17.43,0.6265245203731667
VYD_01718,0.1152674182072688,0.5434541720085665,540.8843966075137,6.64,10.14,8.072441496421789
VYD_01719,0.03987696587642931,0.461250715529823,422.30602670516055,15.2,22.79,1.521953127433426
VYD_01720,0.1522676069138142,0.6113422636956615,585.872468763464,15.39,22.44,0.6396575421588091
VYD_01721,-0.00985809895685482,0.3649934391350729,407.23353293413174,13.93,20.43,1.2878229829118728
VYD_01722,-0.03857684479367064,0.40734041400070453,347.15773809523796,8.4,8.4,1.5712411918001727
VYD_01723,-0.02109944875669637,0.4325259802492192,474.29224030037557,10.68,10.68,3.0755757722147608
VYD_01724,0.009302199792305975,0.39431502349219527,502.2353923205344,11.68,11.68,1.3187575298491299
VYD_01725,0.15050491762790386,0.6597425637539501,669.7391990530676,17.74,26.26,4.182741824372412
VYD_01726,-0.13421052377185771,0.17109066571731113,305.8236147153106,13.93,20.43,3.603776310821972
VYD_01727,0.16330630791003625,0.6521293452197738,561.2523226351348,17.74,26.26,5.2100183170278
VYD_01728,-0.015677561382175385,0.3807348452553058,348.7211272475795,13.0,19.5,3.1873810466857018
VYD_01729,0.08261898885221187,0.518368318501392,520.010130541202,10.68,10.68,4.045511087975802
VYD_01730,0.03232284681357805,0.5040747152305692,397.60066549069927,18.6,27.6,6.9082879470442595
VYD_01731,0.056829769794304354,0.42495065973739443,522.0380980507974,9.74,9.74,2.7998077957697114
VYD_01732,0.02146623220034419,0.3608262452141453,333.94496467882374,10.56,12.56,3.350796850141634
VYD_01733,-0.01719142077713772,0.42243531000948,404.2095743528647,17.74,26.26,5.092093075871644
VYD_01734,0.2389928590380747,0.7096785512296163,576.9997533300445,20.58,28.78,2.253339946930471
VYD_01735,0.06721956203087594,0.5348145267735178,556.2534670364839,5.39,9.39,1.2868971628441195
VYD_01736,-0.06232435796464159,0.3542208149502143,387.77398176291786,18.6,27.6,2.267234769971952
VYD_01737,0.08719913897038532,0.5676388981222728,575.0781442031954,18.6,27.6,5.38826711593938
VYD_01738,0.025148796602554566,0.4645712843250941,507.47628634022135,16.08,17.43,4.6375272789435416
VYD_01739,-0.030783238809746184,0.45839026855453757,386.1130952380951,17.6,26.6,0.09371636023483652
VYD_01740,-0.02734258757972372,0.4037261463134384,367.2970756062767,18.0,27.0,0.7751554694563478
VYD_01741,0.18956528025583758,0.6875907668682183,671.0364105115563,6.64,10.14,6.062716119741158
VYD_01742,-0.011595241197324689,0.4175463780293251,451.47371244635184,8.49,8.49,3.074728217374876
VYD_01743,-0.0037345701739220608,0.40613885512296355,526.8613749584855,11.68,11.68,4.138714691366702
VYD_01744,-0.023631316804274386,0.3732453606935984,429.55663915979005,13.93,20.43,0.7351055306819052
VYD_01745,0.025383562555415653,0.46230029490548896,520.1191649377593,15.0,23.0,2.125535182530222
VYD_01746,-0.014113155384877575,0.45326695198054534,492.25548458761455,13.93,20.43,1.0040038332270849
VYD_01747,0.054457676563413035,0.541846368783682,576.3850063532401,12.63,12.63,0.867022224834473
VYD_01748,0.014761074311358868,0.42933485692607076,416.0881647623079,9.74,9.74,1.9540364589924237
VYD_01749,0.0007956474543153811,0.40498556227437593,456.08285839544067,17.74,26.26,1.259351718176066
VYD_01750,-0.06480139643706989,0.48438435297916826,476.2038839041239,6.64,10.14,6.542650836546926
VYD_01751,-0.09745327063119684,0.34753194742238536,425.04044224614495,18.6,27.6,1.8958076543083324
VYD_01752,-0.01866909555351058,0.3941954301599282,417.9752253361572,17.74,26.26,5.602375732153903
VYD_01753,-0.11357369536333413,0.22386280293897096,490.81049436253244,11.84,11.84,0.6308119703077915
VYD_01754,-0.013344745516925865,0.4114520157392365,415.47337324720337,12.0,18.0,3.468345087700436
VYD_01755,-0.008455750264352666,0.4248641242693935,420.8911764705883,15.93,18.43,0.7488172619451314
VYD_01756,-0.18624004276301767,0.26314637936094387,410.37290105915775,18.6,27.6,2.1308366685559164
VYD_01757,-0.03298009898898792,0.4465181704815928,480.5745308627404,13.48,19.98,4.668194852727995
VYD_01758,0.06748668003967345,0.5074024685037695,605.5307762976573,16.8,22.4,1.203636648492936
VYD_01759,0.11329691897852515,0.5044469523903373,504.97097884899165,16.63,16.63,1.1202899347412496
VYD_01760,-0.019154381883312976,0.37332140531670543,442.51310388380165,16.08,17.43,0.8680356155499811
VYD_01761,-0.03430124291861592,0.3880567826716799,445.20518924065703,18.6,27.6,3.4604452104752315
VYD_01762,-0.042031375292691554,0.39929922031544285,357.6076266934268,13.0,19.5,3.291757138265035
VYD_01763,-0.05559390114447646,0.46265954843354734,576.4522489217497,20.55,31.05,0.8892643946065227
VYD_01764,0.06649956564588043,0.6029725347715298,553.6154048370137,20.55,31.05,2.0938180501285037
VYD_01765,-0.027230713687007784,0.37465436259392365,549.8894822382172,7.61,11.11,1.1837574603767471
VYD_01766,-0.06195879617408551,0.385099504731709,481.6822247065402,9.74,9.74,7.889215791720044
VYD_01767,-0.024853300477872646,0.265208878048723,372.5567164179105,12.6,17.43,0.7383555396859562
VYD_01768,0.03868951278519391,0.5197713190359579,549.2151499873961,17.74,26.26,2.182308443981248
VYD_01769,0.019148678606150764,0.46063737124920273,389.81879887855996,17.38,25.38,1.8758393997097293
VYD_01770,0.013028850878890582,0.4358075679206162,496.134360063728,15.39,22.44,1.036168264580414
VYD_01771,0.05680631955374421,0.461686238356871,481.743378588916,13.59,16.59,2.4728922732334846
VYD_01772,0.060397594620851106,0.5406168710437673,521.5138334480383,18.0,27.0,2.001036481824754
VYD_01773,0.06008439034200444,0.5202668769557016,474.8780372605617,18.6,27.6,5.243888658982102
VYD_01774,0.024566129080335977,0.5072374128699689,627.5302013422818,15.75,20.1,0.9434717126070372
VYD_01775,0.11601265202996529,0.5681652427866744,579.2363423212191,18.0,26.16,2.3495739590920706
VYD_01776,-0.07408247086687632,0.3375895368357835,412.9421371908539,16.08,17.43,3.529847644369805
VYD_01777,-0.05362468402563243,0.46498535437711697,453.4766355140188,6.64,10.14,1.3052455627685466
VYD_01778,-0.04136078996968227,0.33353340859465225,401.91550925925935,9.74,9.74,6.200712523981103
VYD_01779,0.03804593945596715,0.46895228941751277,524.5319422977846,11.68,11.68,1.0673419321963318
VYD_01780,0.11074895454799186,0.5810282011114412,557.2077256253867,20.55,31.05,3.1203749373181355
VYD_01781,-0.10701481639791562,0.23502167178402886,335.2631578947369,6.64,10.14,1.1587528114943004
VYD_01782,0.06088260460045949,0.43647140479835783,455.9603089720736,15.46,23.2,2.3138921488927373
VYD_01783,0.1397767041979318,0.6228996110826979,635.3532998918068,15.9,22.5,2.8019629343525887
VYD_01784,0.009365628110604478,0.4964151578853533,586.6847164760284,16.9,18.86,2.271602922776102
VYD_01785,-0.019902075944597888,0.4352948081581286,565.4331436699855,5.39,9.39,2.3227165006382156
VYD_01786,-0.008681178073407634,0.4503750249495429,470.6751246035342,17.74,26.26,5.476635872261556
VYD_01787,0.032962562026796316,0.45024355091725865,445.84980988593156,13.8,13.8,1.15726353326723
VYD_01788,-0.004806164098193188,0.39396965735063927,395.1603585657372,12.0,18.0,1.368173529720968
VYD_01789,0.016075609987346615,0.41234067283882153,486.487108655617,11.84,11.84,0.8964197748110854
VYD_01790,-0.03814659386459905,0.3673014040073653,459.89340101522845,13.49,15.99,0.10939646566156264
VYD_01791,0.0249947988838117,0.39848370896101953,435.3958020989505,15.46,23.2,1.46905011853516
VYD_01792,0.09797984059060821,0.529217224033706,534.5603428829236,3.54,3.54,2.4376475801953745
VYD_01793,0.016856377776907395,0.4859868629479124,429.4705800334635,20.55,31.05,3.9535583020954315
VYD_01794,0.06258625416746978,0.5006304445484864,516.6188221367269,5.5,8.0,3.721860513683522
VYD_01795,-0.024992588421797936,0.3989089542240446,413.5667351129362,14.48,22.48,2.4140081375378135
VYD_01796,-5.242701740562657e-05,0.30456437024834604,400.31610044313135,10.73,12.73,4.475002193270828
VYD_01797,-0.1438418630429509,0.17547504282791818,279.9139617145235,3.25,3.25,2.6461189481844665
VYD_01798,-0.11358000630180012,0.32004159296467927,297.5249740932643,16.08,17.43,1.329572360244652
VYD_01799,0.13942915233540856,0.6032510712186538,569.0899775056236,20.55,31.05,3.3012716597290432
VYD_01800,0.01601304715936603,0.42525993137777296,522.0039886039885,16.08,17.43,0.9641529311268557
VYD_01801,0.07234489565337401,0.39897253932453286,552.3228495642288,12.01,12.01,0.7266373907734877
VYD_01802,-0.14487320197419482,0.22112922320929562,392.93272080616487,16.65,24.15,0.9570369496606154
VYD_01803,-0.05498934027935314,0.4395142868392096,488.9973433694932,5.39,9.39,2.4871284576734856
VYD_01804,0.101495634564924,0.5332973344976939,548.6157688966117,10.56,12.56,5.068468561579713
VYD_01805,0.04224327651319223,0.4641329868064205,506.2550222662049,11.68,11.68,2.7776715625677117
VYD_01806,0.026668031793223985,0.45979196344222395,584.3604336043361,12.01,12.01,0.6117508883469913
VYD_01807,0.10610202012710147,0.5369932448867859,537.7850182704018,15.93,18.43,2.2593297345403838
VYD_01808,-0.05537792722788524,0.364888274181656,418.71334431630976,10.68,10.68,0.6687659760772864
VYD_01809,0.04527995008834451,0.55069253991233,563.7589152149783,5.39,9.39,5.699870603012171
VYD_01810,-0.08712305693521516,0.31846804404772794,343.78416955017303,7.61,11.11,0.6414305095220261
VYD_01811,0.10321497007188883,0.49772382341510474,446.4533035270741,18.6,27.6,1.1067625063248496
VYD_01812,0.029224030420182193,0.47500530655179624,446.9113341698034,20.55,31.05,2.6369812778931117
VYD_01813,0.12284098668003128,0.5406467528239467,554.0569562937897,9.74,9.74,5.778719018545216
VYD_01814,-0.09400321613065894,0.27625530781689067,273.6185672514621,9.81,9.81,1.883193886629495
VYD_01815,0.08464604127360538,0.5838600676113916,370.06202188039805,16.4,24.9,3.3522845926331994
VYD_01816,0.06825957797978208,0.548425335548542,511.2008045591686,4.83,4.83,0.8302790424046721
VYD_01817,0.018557353094833508,0.4240683191636041,508.8446045084702,10.68,10.68,2.0618408881718833
VYD_01818,0.09632312494987186,0.5719081954459797,532.6535764375876,14.48,22.48,0.9819456373699721
VYD_01819,-0.01714748692575562,0.4066637405230953,502.4096563356525,7.61,11.11,1.3076300268532153
VYD_01820,0.05397747056173709,0.4607848145904654,497.49451817657246,9.74,9.74,0.9623870957400963
VYD_01821,-0.1170738662733134,0.27758427754682485,382.80786151491964,11.84,11.84,2.8786549592158006
VYD_01822,0.0028188622588463867,0.3753912612504362,450.4885183160197,9.74,9.74,1.0090672457050986
VYD_01823,0.03516469537599185,0.4473404824202661,401.67547619047616,16.4,24.9,4.624210953678341
VYD_01824,-0.06403697830591643,0.3870193551181431,404.0228401191658,10.68,10.68,0.8316749960588299
VYD_01825,0.015329993752599014,0.4648048710123278,614.4922414566328,13.93,20.43,3.069233983592698
VYD_01826,0.10142612772656692,0.5244062364709108,566.3957201753811,8.4,8.4,4.209308426517432
VYD_01827,0.0038753326683969355,0.41815361305844045,485.74753256283236,15.0,23.0,7.500296109397059
VYD_01828,0.04446294336256753,0.4825225726697474,520.4660929432013,9.74,9.74,0.8005362709494284
VYD_01829,0.02383959705227975,0.38657822942709397,544.2024022489139,12.01,12.01,1.0792358399599804
VYD_01830,-0.015298331007833656,0.3285031250352482,357.13069972683337,15.46,23.2,1.3100790917307983
VYD_01831,-0.01666875033298606,0.4222740463637584,592.2464818763326,12.01,12.01,0.647154835546467
VYD_01832,-0.05616816126521931,0.3888159713949865,534.1421008047438,15.86,16.2,1.2987418052026964
VYD_01833,0.002790626294569559,0.4287101393091471,429.44315038579134,17.74,26.26,1.8903347749077792
VYD_01834,-0.12939598535519464,0.2718550844253347,288.95048309178753,18.6,27.6,0.6949008547027968
VYD_01835,-0.028413345082046078,0.3902060482508417,397.6611405835543,10.68,10.68,1.2457524019101238
VYD_01836,-0.09723462352488131,0.3598177299872321,489.61983071342195,20.55,31.05,1.1392380050901845
VYD_01837,-0.017748784175750664,0.42124038198202446,488.49927671006395,6.83,6.83,1.3325678925127589
VYD_01838,-0.07357572347122314,0.43650690380197293,348.5961940610623,17.74,26.26,1.318913765907557
VYD_01839,0.09269343009433906,0.512360189289675,519.3233019502352,6.64,10.14,3.270692488826973
VYD_01840,0.032721664556494036,0.46478770227771976,481.310411311054,5.39,9.39,1.2865300389711163
VYD_01841,-0.09630251101614762,0.3778050511343822,409.44442487229173,13.48,19.98,1.5652031347398239
VYD_01842,-0.01760717615588609,0.35355056324182227,339.07232704402537,12.0,18.0,1.225952116546127
VYD_01843,0.05411402399399446,0.5609267779608919,563.8427255196058,5.39,9.39,1.2856939536148044
VYD_01844,0.009940462401050452,0.3451183327427409,506.3554193795481,7.61,11.11,0.7269417772618311
VYD_01845,0.06003794562492301,0.5257633107460824,561.6937996492312,11.68,11.68,2.6690418279535626
VYD_01846,0.006231550558987659,0.40227563788813075,409.71924543447733,12.0,18.0,1.360815009157011
VYD_01847,0.041478748075084206,0.5308696597439386,460.5289223677553,17.74,26.26,4.905964653668139
VYD_01848,0.05151091419807318,0.5741246875608296,700.2428743476515,3.0,4.5,2.74706576306243
VYD_01849,0.01847966252966197,0.5026059472699276,535.4212775528566,20.58,28.78,1.218883427120668
VYD_01850,-0.056338004582552455,0.4115710237743114,330.80077220077226,6.64,10.14,1.4269132889294043
VYD_01851,0.04562939878898789,0.4431055601174206,463.3379730317529,9.74,9.74,1.2679685223595516
VYD_01852,0.013698530994902626,0.3776642863153349,347.050161631925,18.6,27.6,2.4678176421183515
VYD_01853,0.052185401468195766,0.42286889696877555,390.2902282453637,8.4,8.4,3.8577020816969694
VYD_01854,0.12102602664765455,0.6148454882276747,686.6530391854367,15.0,23.0,12.52428169990581
VYD_01855,-0.0948435592667626,0.30859927185575775,258.8445363667701,20.55,31.05,1.5979056023876395
VYD_01856,0.12170026960754933,0.5865707278625867,432.42595373986177,9.6,9.6,0.9161122330217509
VYD_01857,-0.036844231051822184,0.3846754338043932,330.1351543942994,4.56,4.56,1.159153191430317
VYD_01858,-0.01622851402958723,0.43646984371419517,481.1557517084284,12.01,12.01,0.9659067783813494
VYD_01859,-0.04798582981804492,0.370529537441441,429.086873756165,10.79,10.79,3.1979617231498527
VYD_01860,0.014716911433689868,0.4641084367214285,537.8400646203555,13.8,13.8,1.1921074843617612
VYD_01861,-0.09075576698690324,0.27628756862511666,431.7236215112322,13.09,17.4,1.213532531915612
VYD_01862,-0.008780774269007936,0.41573800508972664,395.0906941554757,18.6,27.6,2.910554934081153
VYD_01863,0.0003138841265670697,0.43644923078424763,552.7289906625165,20.55,31.05,1.2375999230027928
VYD_01864,-0.08785813553044142,0.34463796577609873,480.25673758865247,15.86,16.2,1.358711269085075
VYD_01865,0.056524811552446444,0.5225262381655679,561.0394949821948,10.68,10.68,0.8504456662220011
VYD_01866,-0.02054879983525145,0.40254619771171457,433.8603584827013,15.39,22.44,0.6593029211448186
VYD_01867,-0.11728912908440586,0.3046584158450289,314.6150013838915,4.56,4.56,0.9977015944700003
VYD_01868,0.023922391048805853,0.3824838335652019,404.93395541731473,6.64,10.14,2.650570300947892
VYD_01869,-0.0016322526584310252,0.43149596983183164,411.0796247568927,16.08,17.43,2.4031359712977682
VYD_01870,0.10076772491310367,0.5651172671213143,461.0495231428819,17.74,26.26,3.1891800676081754
VYD_01871,0.09115789486971518,0.46139359598094665,582.7361063757245,9.56,11.33,0.806395102716526
VYD_01872,0.12768682813933782,0.5692627221616139,521.233,20.55,31.05,6.053653972918094
VYD_01873,-0.03603021108097087,0.4127022807860501,360.56439888164016,12.0,18.0,1.4802959737176113
VYD_01874,0.2005634574938854,0.6310210748740556,602.9852987175478,8.4,8.4,0.8787941206672487
VYD_01875,-0.11334435500169236,0.23345490399071453,294.91188106941615,17.74,26.26,2.2957856542951562
VYD_01876,0.03684247538741985,0.5055297680497718,493.80207253886005,6.64,10.14,2.658098225793345
VYD_01877,0.058677340083755226,0.5338216922256842,493.38112049117416,13.93,20.43,8.959791520919756
VYD_01878,0.0756922872714761,0.4985464810587512,488.79869720529507,20.55,31.05,5.242337403385925
VYD_01879,0.015416624169360918,0.46937209514098394,490.145073413981,10.68,10.68,2.9796340391142926
VYD_01880,0.08010052884798714,0.4788785641523587,559.6206577974871,8.4,8.4,2.9814973206078266
VYD_01881,0.11458355426495671,0.5534789785959287,634.1737476220674,11.68,11.68,1.3020635169737387
VYD_01882,0.05057536047019225,0.5230184315847092,452.9633134712001,18.6,27.6,2.3660944780398667
VYD_01883,-0.12471420455811424,0.2878270740720184,262.8693672099712,16.08,17.43,2.299662390647779
VYD_01884,-0.05760519749481578,0.2975066222361064,414.9023058252428,7.1,7.1,0.9088717225220673
VYD_01885,0.021098907499842227,0.46333990805314257,449.3948334644637,13.48,19.98,2.123579638372716
VYD_01886,0.154451798848435,0.6020414976671795,686.5312728157703,17.74,26.26,1.1326749137814196
VYD_01887,-0.13943959355872926,0.3046006478590032,313.5242748565224,17.74,26.26,1.7735981226540338
VYD_01888,0.070645463698289,0.5117413813192083,498.26451681453534,11.68,11.68,5.216543673826605
VYD_01889,-0.09636685384229006,0.23730254140577975,264.3325249066742,15.0,23.0,11.567066198139369
VYD_01890,0.04802919250537416,0.5003854319970515,549.6513383665065,16.08,23.13,0.8030870822652905
VYD_01891,0.13461446284472275,0.6097930955648284,630.9400699912511,9.6,9.6,0.6292731070417863
VYD_01892,-0.07501082902338264,0.3146694369693541,399.62228997289964,17.74,26.26,0.8155854545377995
VYD_01893,0.05853358258669603,0.46392078828811634,441.0382788183256,12.0,18.0,5.027045623105455
VYD_01894,-0.02215310175723163,0.36787138757901355,495.98413811707576,18.6,27.6,5.100562905926999
VYD_01895,-0.018662545743498293,0.3958507822569036,438.74600905408624,12.0,18.0,1.1544909550447988
VYD_01896,-0.04035012139465446,0.3479151111498031,412.6385775028992,10.68,10.68,2.134995066218575
VYD_01897,-0.027672364145694406,0.3836387820616116,506.5751866334875,11.68,11.68,0.7735016797995082
VYD_01898,0.003501785964280483,0.42649908547042575,467.94623035894494,16.4,24.9,1.9152521033826742
VYD_01899,-0.033418793585795296,0.37384499952930933,371.9481874606459,18.6,27.6,3.0626365477973216
VYD_01900,0.03372359429722329,0.5091447684803974,492.9906745414982,12.01,12.01,0.8849510026418959
VYD_01901,-0.03427752472593644,0.3215663330279532,306.8071931776047,4.56,4.56,0.7423320837763027
VYD_01902,0.09644418136082393,0.538902849523986,562.1277747274297,15.0,23.0,3.5268142613667006
VYD_01903,0.043494474704834016,0.40382364957239686,417.60195622353433,13.59,16.59,4.614021360434056
VYD_01904,-0.15424097730347394,0.19465527193191304,270.61918309286733,6.64,10.14,2.7088069333186935
VYD_01905,-0.08045271242577613,0.3745115625699291,384.2723916844764,15.79,22.59,1.4197538346393848
VYD_01906,0.012219871511547747,0.4244941096984006,510.82107843137265,13.59,16.59,1.0057066929160003
VYD_01907,0.025913578737539533,0.41758026229093587,424.2927436935534,12.0,18.0,0.9069937355076023
VYD_01908,0.13578044828476693,0.5685364660666397,640.7800351141209,14.48,22.48,1.1010465515021115
VYD_01909,-0.19497946795971377,0.18783565872388322,365.9962245154795,16.14,23.99,1.0932305888535372
VYD_01910,0.13769176579764547,0.6080514253929873,587.1010461692662,17.6,26.6,4.395681055435317
VYD_01911,-0.0961346746313396,0.30444969583703646,384.1502890173411,18.6,27.6,0.8103666066682544
VYD_01912,0.04222362225961598,0.503360965479365,508.5167984963584,10.68,10.68,3.514901603288386
VYD_01913,-0.039267791651844026,0.4335062937281586,462.54054453980467,11.68,11.68,1.8582512721108035
VYD_01914,-0.007787716034265002,0.40261338811019315,436.2788716296952,9.74,9.74,10.60748612331759
VYD_01915,0.09231495819123985,0.5761050646441339,402.9122859627552,15.93,18.43,9.176854245360708
VYD_01916,-0.1583412003848613,0.15140100539093373,252.1218407008358,20.58,28.78,2.731752945102814
VYD_01917,0.06440114409629828,0.49598482307160463,493.06540664375706,15.93,18.43,2.4051873631660667
VYD_01918,0.051431075261069055,0.48356247249280015,442.49660356851734,11.68,11.68,3.0189732774886826
VYD_01919,0.017256633666555308,0.49630461387809294,511.6780041436463,11.84,11.84,1.6137564843996366
VYD_01920,0.051616932908304984,0.5023686739684163,456.1963684013477,13.8,13.8,1.4696377602182584
VYD_01921,-0.006381344958545788,0.3303794907277051,483.89229580005156,13.0,15.7,1.0697829834606243
VYD_01922,-0.0136706603509897,0.4085297394717421,530.1513513513513,10.68,10.68,1.1225367486194253
VYD_01923,-0.05224951696004362,0.3301738233501114,445.5488775220233,15.86,16.2,1.9390683649304632
VYD_01924,-0.041027993176062635,0.41892843221402465,509.1122994652407,15.93,18.43,0.7262084605547822
VYD_01925,-0.056585737692641684,0.46162537579594437,363.62352822985736,6.64,10.14,13.694941345111936
VYD_01926,-0.10946339022177597,0.30087822191937025,389.0310402684563,16.23,23.99,0.6560703542551611
VYD_01927,0.017303582213713406,0.4483468640989902,486.18794901506374,10.68,10.68,1.188505375256677
VYD_01928,-0.03192562960990673,0.4206361045690602,483.17220376522704,16.9,18.86,0.991035602304648
VYD_01929,0.02175891566364625,0.36775784174546033,378.57352796133733,9.74,9.74,2.816508959531375
VYD_01930,-0.10426287939485429,0.18430735393162087,430.43264393515926,13.93,20.43,0.9926117923497494
VYD_01931,0.06327723825985583,0.5128616877305862,550.9054177030881,16.0,19.52,4.533483881247205
VYD_01932,-0.028563848602931725,0.34663057492243177,444.8095109429883,15.38,21.94,2.039658974231268
VYD_01933,0.0371405400763839,0.49623973537932414,509.12722772277226,13.59,16.59,1.112580491197394
VYD_01934,0.11220854378887861,0.48900129688964716,565.9937395659434,5.39,9.39,1.3207661888120905
VYD_01935,-0.005537403992110961,0.393181674167162,512.8368162261831,3.0,4.5,0.8964679228188994
VYD_01936,0.015802388109900995,0.33595957816696903,323.3367077464789,15.93,18.43,0.6249861963265348
VYD_01937,-0.03111098713466257,0.3738051936004352,383.53229974160206,12.0,18.0,0.6296115962624056
VYD_01938,0.019396360264486046,0.45217325189067115,320.90825597471854,17.74,26.26,2.786032352888388
VYD_01939,0.008144825093508657,0.5121419223052491,466.2554616953103,16.08,17.43,0.9444786824495168
VYD_01940,0.061191605809656845,0.47553835119606574,551.209046909903,6.64,10.14,1.4764996200776561
VYD_01941,-0.02871376004719927,0.4394023746881197,449.6840450615667,16.08,17.43,1.0493246711719253
VYD_01942,0.056060610287282625,0.4708409422910108,381.1688729432142,6.64,10.14,2.221702309995234
VYD_01943,0.09467754651580874,0.5225225402569574,385.1570061902081,18.6,27.6,0.9881915394795234
VYD_01944,0.04100397265342164,0.607131758268602,440.7781493868452,18.0,27.0,2.256194141430903
VYD_01945,0.024563352469460294,0.4502376113588789,501.78977429755884,17.74,26.26,2.9920501496915723
VYD_01946,0.003958841854051087,0.48486143744974225,491.5845481049563,16.08,17.43,0.774822522662033
VYD_01947,0.10723709757568066,0.5748885902795482,502.5789519650655,15.0,23.0,3.1509472783932817
VYD_01948,0.059581419487590805,0.516311670867952,547.8684871837829,13.0,19.5,1.6440066906218294
VYD_01949,-0.20727240048795842,0.27143892004997544,468.6185449358061,12.0,18.0,0.9304021152740739
VYD_01950,-0.04073976896543669,0.4087036401981658,388.3968750634943,6.64,10.14,13.5487370794362
VYD_01951,0.24117696720983592,0.6955592727613333,586.6574476001491,16.65,24.15,2.226261570981986
VYD_01952,0.11016380902773124,0.5969700040872349,585.6576179165253,13.0,15.7,0.8102017327999098
VYD_01953,0.24861537495313177,0.7076305643564956,611.8408805426453,20.58,28.78,8.77145852910812
VYD_01954,0.05950144743560227,0.46618695131807103,556.1049559981473,13.48,19.98,2.9775414609119655
VYD_01955,0.009066872236130995,0.46617325344081134,455.0977566483435,17.74,26.26,3.711363716997884
VYD_01956,-0.11901317248665504,0.2753408368124598,308.1028434759501,16.08,17.43,1.0343344934304928
VYD_01957,0.046884542281072555,0.4601250273475922,399.04851463988035,7.1,7.1,1.2708593744774723
VYD_01958,-0.047531052081631886,0.4058875154917544,327.58461036843823,8.49,8.49,0.84308840242405
VYD_01959,0.060144404145622894,0.4820356130219844,479.4860752225094,10.68,10.68,0.9587296729046215
VYD_01960,-0.00667985659110833,0.4313139693673333,481.2003567181928,7.1,7.1,0.9277172827946464
VYD_01961,-0.008872088215049461,0.48010721547632706,536.3767163906757,15.0,23.0,6.0381189881104875
VYD_01962,0.06195906249467129,0.48642688959952624,470.3428460493108,10.68,10.68,2.8340666682209705
VYD_01963,0.014894704135443063,0.45876913346944886,467.74660132785345,5.39,9.39,1.7429817104406455
VYD_01964,0.015125073871506297,0.5334983992553879,627.2239955971382,5.5,8.0,1.4673566956241884
VYD_01965,-0.1321832548054466,0.33562134830816054,338.83873062251433,13.49,15.99,10.167168272333052
VYD_01966,-0.00876308110788847,0.44455420502021553,444.3960599823581,6.64,10.14,3.74454167117569
VYD_01967,-0.0037689423000338736,0.46039586033237545,603.2131081624449,13.8,13.8,0.6842981570674413
VYD_01968,-0.03150565380593447,0.3718789802912337,380.8662820733597,12.0,18.0,3.192317494716218
VYD_01969,0.11854782524908596,0.4407641261753629,328.9188610575894,10.56,12.56,1.2856257184099853
VYD_01970,0.026717282960083154,0.5198867337828126,532.1688153733885,16.63,16.63,1.128311606226297
VYD_01971,0.01044905975597113,0.43383565586750883,476.799456357596,15.93,18.43,0.9020255551266013
VYD_01972,0.1190167236593485,0.6488549753452276,549.011855104281,18.6,27.6,1.2549126632839025
VYD_01973,-0.014409059049453386,0.49821085908667134,490.01580135440184,20.55,31.05,1.7085610729053937
VYD_01974,-0.008023532441147993,0.4088697823960539,428.041872616862,7.1,7.1,11.711071937811782
VYD_01975,0.01271247378177739,0.4261630985526602,367.5892969569781,12.0,18.0,1.312650075595981
VYD_01976,0.12976362970021585,0.5483886736385242,624.8121429737229,11.68,11.68,1.6834098889927391
VYD_01977,0.13075112586182328,0.39168917877468123,391.5116413315373,11.68,11.68,1.431144680057358
VYD_01978,-0.005048937195646099,0.4228690506201644,451.40997249207834,7.1,7.1,7.918486715602331
VYD_01979,-0.03817462818940162,0.37433808285507014,492.4387115165337,10.79,10.79,1.9403200638135032
VYD_01980,-0.029177972256419556,0.4133121284544722,432.48384527872594,3.25,3.25,4.8443221279511866
VYD_01981,0.048362253422764935,0.49074625872905764,578.1919256648509,10.68,10.68,0.861131294996927
VYD_01982,-0.013686703477362647,0.42311283146553513,465.5923771313941,17.38,25.38,2.744538972887422
VYD_01983,0.09408105825305212,0.5245262374315648,559.0749373916393,5.39,9.39,1.4289347180562146
VYD_01984,0.07959110413431546,0.5612496984719808,557.5731589731229,13.93,20.43,4.561997079465162
VYD_01985,0.06884290767175384,0.4719319404908552,542.7053976102185,10.56,12.56,0.6678881632001951
VYD_01986,-0.06019810697486072,0.41307287468206166,467.60518962075844,13.48,19.98,2.067093736318455
VYD_01987,-0.01728320220226561,0.4760792463777973,478.2208660273175,5.39,9.39,2.8415200688565214
VYD_01988,-0.11982404080638218,0.31421484980476183,517.0993719985222,15.9,22.5,0.7453807297584042
VYD_01989,0.1274703374240776,0.5696489427303058,568.8751434034419,20.55,31.05,8.633146995707515
VYD_01990,0.003242886087616181,0.4563589079792187,448.45671212310765,5.5,8.0,4.390988336491201
VYD_01991,0.04343729070692447,0.41302579442985504,458.7805749805751,10.79,10.79,3.5805450403373777
VYD_01992,0.034546910068982285,0.5286987849279273,427.7678958785249,18.6,27.6,1.1422949209523914
VYD_01993,0.05270438579859407,0.5116964035591282,567.0303919267777,5.39,9.39,2.345397283028146
VYD_01994,0.002662355134680538,0.3954714677263528,458.985428051002,10.24,10.24,1.664398251034342
VYD_01995,0.007867860505177307,0.4433444435182052,523.7314621409921,12.6,17.43,2.1066416565817674
VYD_01996,0.08421439245335936,0.6328421318956509,489.08795346929634,13.0,15.7,7.380302489182704
VYD_01997,0.04687304732040723,0.5349391281472479,588.9686386315038,7.61,11.11,0.7730723436645732
VYD_01998,-0.09782583215794938,0.3524104854929975,461.3528949436731,11.53,11.53,1.0508682933642408
VYD_01999,0.08508450522579543,0.48832098123454903,532.9105485232067,11.68,11.68,3.9208208207455675
VYD_02000,0.05449107862900225,0.5148843174004283,591.6921244394618,15.93,18.43,1.9694530291674757
VYD_02001,-0.20082026457342725,0.2280843665396421,287.18305892547664,17.74,26.26,1.2740362276305404
VYD_02002,-0.019657451802218368,0.40783227205430933,412.35265901981245,14.88,19.86,1.3190473739462125
VYD_02003,0.04231394130995552,0.4606570148921723,388.591342170671,20.58,28.78,2.6564154258063106
VYD_02004,-0.007583534071998172,0.43166718257776265,387.0537128712871,16.08,17.43,2.2233219746557604
VYD_02005,0.15626603217568044,0.6138934959795306,516.3791335101681,11.68,11.68,1.5544694642059846
VYD_02006,-0.011561685060694655,0.38963826921890254,477.3253257790369,4.83,4.83,2.410924932530044
VYD_02007,-0.04820376485286017,0.33701848366146847,303.02705112960757,15.46,23.2,0.9262002324281013
VYD_02008,0.00245404565662835,0.4900685026889473,502.14826405507904,13.48,19.98,7.517638485068252
VYD_02009,0.005364497786077421,0.42868360872431527,403.52555366269155,20.55,31.05,5.812346048104741
VYD_02010,0.2026226687109187,0.6854440082102456,629.7752796357711,17.74,26.26,4.893528089440186
VYD_02011,-0.11436137868522743,0.43376665331385383,475.7570411637264,16.4,24.9,0.8906167217961777
VYD_02012,-0.20530056836289548,0.1955010827478362,351.4246274509805,12.01,12.01,1.7554775975226384
VYD_02013,-0.08347338556518132,0.26882121626102445,344.23463388562266,15.93,18.43,0.518725707521277
VYD_02014,0.0017464079410782418,0.4430471100310366,426.9451628518083,5.5,8.0,3.9766764441742644
VYD_02015,0.17526511611738452,0.6664889625363019,640.9595180722893,13.59,16.59,2.853828914591472
VYD_02016,0.0565996953303774,0.4909343687314295,485.8228510411104,12.01,12.01,2.5627480004481558
VYD_02017,-0.008038737385287837,0.399962089787148,341.62043871504324,17.74,26.26,2.645298962931965
VYD_02018,0.13731171247275117,0.6123584967271462,525.1609110947833,13.93,20.43,1.4974753805604082
VYD_02019,-0.08665462372729171,0.38399636761141537,426.0525668613587,5.39,9.39,1.7874254971106431
VYD_02020,-0.05038482626810341,0.34011270720147146,547.5544578313252,20.55,31.05,1.1447645962483892
VYD_02021,0.11170067650537457,0.5528031233837236,531.9320175438597,17.74,26.26,1.1327188388404403
VYD_02022,-0.00921406039173734,0.3913038971442701,311.51799502682894,20.55,31.05,2.101168097945076
VYD_02023,0.0362772871747727,0.40255257341240347,444.17367750159343,10.56,12.56,0.8636398500808835
VYD_02024,0.09038795524560232,0.5603931872093828,497.323153097888,15.0,23.0,6.280499061721705
VYD_02025,-0.04602914187005186,0.4144524200367119,451.0191696368365,15.93,18.43,2.8592334430250244
VYD_02026,0.04795191084635391,0.4738493475432955,492.1552518427519,5.39,9.39,1.7900825495074746
VYD_02027,0.03879787557559085,0.5317509539821413,556.1971919328381,16.4,24.9,5.708176954068403
VYD_02028,-0.042229094065656475,0.43234745747297143,528.5005891264097,15.75,20.1,1.6431067691949899
VYD_02029,0.04958251384930349,0.5337816677840093,497.9356568364613,12.0,18.0,0.8216302543234469
VYD_02030,-0.024599012240683383,0.38804188757694075,410.3603753298798,18.6,27.6,2.8264628935851324
VYD_02031,-0.042742908003626325,0.3199445557008023,442.3160825417623,5.39,9.39,1.6790061550965514
VYD_02032,0.05110606260927821,0.48167942381701956,474.14832826747704,15.46,23.2,2.259576768150106
VYD_02033,0.12306710685562396,0.5769205064994498,502.1070792159403,18.6,27.6,1.7007276548095345
VYD_02034,-0.010463436804026479,0.38938970639591236,406.8913915094339,18.6,27.6,2.3355187001766744
VYD_02035,-0.013246462782798509,0.39997494939993933,300.3910308996445,13.48,19.98,1.0058562493940142
VYD_02036,0.021479790425235207,0.4615974394345114,431.9396144516787,17.74,26.26,2.1546549517955675
VYD_02037,-0.03208818251239191,0.42701288421110756,472.2793213671011,5.39,9.39,1.1201797402122335
VYD_02038,0.12237901194064052,0.47132933955173506,590.8800417246175,8.14,8.14,0.7941030805510447
VYD_02039,0.07128528946580465,0.48330133998732233,494.77046239404393,15.93,18.43,6.13646659534735
VYD_02040,0.09561584948748689,0.528286260285819,453.8730125954988,13.0,19.5,1.3354324204464731
VYD_02041,0.02561871788423332,0.4617135225728495,494.56707092980537,15.0,23.0,1.498742681793596
VYD_02042,-0.029876555379845824,0.4234612297990854,382.78301301921886,17.74,26.26,3.550198664111342
VYD_02043,-0.02844365033916472,0.30319077519581034,389.20724465558186,10.79,10.79,0.9268066024050692
VYD_02044,0.07553672633404328,0.558557233378135,413.33588997619665,12.0,18.0,1.041947485929288
VYD_02045,-0.10500238980129975,0.3143823405862872,379.09254542367125,4.56,4.56,1.618947467348148
VYD_02046,0.22272370525507215,0.6546877888642781,637.1011342155009,12.01,12.01,0.29073484706129676
VYD_02047,0.06517665421881415,0.4897602472758013,420.77893317927976,11.68,11.68,1.4299512859498495
VYD_02048,0.09963904060713707,0.4778727857163286,464.29860263193603,11.68,11.68,2.0273658051110153
VYD_02049,0.17321614705263555,0.6519423081315386,492.65782368822613,15.0,23.0,9.367454078809395
VYD_02050,0.14201949544943743,0.6081363790412995,615.8390427029565,11.68,11.68,1.1738204320884862
VYD_02051,0.12712772521855034,0.5901989539270187,466.659018987342,15.93,18.43,2.098560045442285
VYD_02052,-0.08149521094095034,0.3223010559208339,346.6726674744677,12.0,18.0,1.5820999391359962
VYD_02053,0.024851026844730884,0.44642553977778837,511.7144097222223,15.0,23.0,4.1178553558111135
VYD_02054,0.1925432756108077,0.6554374706448306,478.6660088801184,18.6,27.6,0.5703832495209343
VYD_02055,0.030100821761800144,0.5043561103140096,458.9836881073577,18.6,27.6,2.4020043925861856
VYD_02056,0.0321841017483774,0.4297819828085895,627.5753424657535,10.68,10.68,1.164974426357407
VYD_02057,0.008739072181007683,0.430557556284327,362.4280974716852,20.55,31.05,7.205643281939105
VYD_02058,0.02182116106436778,0.4585820483097063,474.1109434838111,18.6,27.6,2.37662614186905
VYD_02059,-0.019246874216219147,0.3673544305625977,404.7971572401541,8.4,8.4,0.933987934864447
VYD_02060,-0.042733234166060036,0.3927642524979232,434.1380182558012,13.0,19.5,2.505323354304753
VYD_02061,0.07450667794388506,0.5226117674403465,518.3771282354102,15.0,23.0,5.5914545489100025
VYD_02062,-0.038409168209379875,0.4577412050997401,500.3196276183089,12.0,18.0,1.774545171890295
VYD_02063,0.08312269424557085,0.5671870837831788,479.8859924370422,16.0,23.82,3.448234104313843
VYD_02064,0.009929764018919375,0.5312917123697789,435.60850911691085,13.0,19.5,3.859824160343394
VYD_02065,-0.04403033926451506,0.23332029535078705,298.01431217376654,13.49,15.99,1.6345051666274797
VYD_02066,0.10767436200723061,0.48292850586408353,459.70821000155786,9.81,9.81,1.7641173746794179
VYD_02067,-0.022045584611989914,0.46886620303575594,506.0051621083136,18.6,27.6,3.04042776453355
VYD_02068,-0.04969271616680057,0.3327835638648735,436.9471531336686,20.55,31.05,5.85064644613595
VYD_02069,-0.014806257503133451,0.5035550722331121,481.92822458270103,11.84,11.84,3.6344253603956598
VYD_02070,-0.009546319498975544,0.3671754155674176,472.1922677737416,15.46,23.2,1.0592635083371853
VYD_02071,0.08562814859713601,0.5518697224496352,589.886086662153,6.83,6.83,1.62845444525027
VYD_02072,0.028066015769513633,0.4500281962363008,561.9402274530547,10.68,10.68,1.0398618669228086
VYD_02073,-0.14876329864747034,0.1531070729043226,216.2043923470763,12.0,18.0,2.045487442607161
VYD_02074,-0.025182089542796934,0.40607100931839696,423.5959152798789,11.84,11.84,1.8190026014072176
VYD_02075,-0.009487441512301938,0.4411699077344966,481.0406719717065,10.68,10.68,0.937433417925291
VYD_02076,0.02599467261375681,0.45820911160661965,398.22049307449595,16.14,23.99,5.1446500762556715
VYD_02077,0.08286654263390704,0.5224534722063582,687.9187222715175,7.61,11.11,1.5504559089247767
VYD_02078,-0.06546649052630935,0.40803414829005724,463.79898352611286,18.6,27.6,1.5720713238354493
VYD_02079,0.00040187913932026356,0.394569348145718,465.8735600658255,12.6,17.43,0.9981282851553489
VYD_02080,-0.02708085382438237,0.42166102359083574,352.4965889259083,16.4,24.9,1.7334591834874307
VYD_02081,0.1371614606316132,0.5886240166733693,531.4682325413967,15.0,23.0,3.058301460549197
VYD_02082,0.080059164529349,0.5212838697772417,510.0497764179806,13.8,13.8,2.3413290121528383
VYD_02083,0.018953370082689203,0.41736670428143563,423.0684605757196,18.6,27.6,2.200226152416401
VYD_02084,-0.025515337770765645,0.39757508470959524,419.57150201983103,17.74,26.26,3.7551694637415958
VYD_02085,0.11098726907440924,0.538151330546214,553.242830476837,11.68,11.68,1.6257289971618656
VYD_02086,0.008910572976884338,0.4407537970265825,364.9595402298851,13.0,19.5,1.796367135221362
VYD_02087,0.019469681991419446,0.4325299304050046,504.32514014661496,10.68,10.68,0.6387857187369869
VYD_02088,0.11946891192592772,0.5803798769888225,616.4252710985386,16.08,23.13,1.1675900455922963
VYD_02089,0.03007595451116877,0.4471387193465153,485.2420044626255,5.39,9.39,2.962420070565301
VYD_02090,0.08306258637613066,0.5320390175160565,563.3927759197323,20.55,31.05,2.055755082322153
VYD_02091,-0.014266631609329762,0.45989228730244053,484.5277142985168,14.48,22.48,6.143078702619593
VYD_02092,0.017319467455817052,0.4845685338890675,372.43997732525185,16.4,24.9,6.301191567146938
VYD_02093,-0.06242373163485333,0.41762231535516126,443.0357734349122,12.01,12.01,0.8336060579827932
VYD_02094,0.059762638200565904,0.49555302334333234,440.63251248493196,17.74,26.26,1.6022593465879247
VYD_02095,-0.05730806434928088,0.3709111638856545,372.82691484809595,9.74,9.74,1.2684913439171523
VYD_02096,-0.0072456935144024955,0.42958629743026205,438.6613756613756,8.49,8.49,1.5148434727969027
VYD_02097,0.11977001007747058,0.5682802532170501,566.4290459494372,15.0,23.0,2.978768623782211
VYD_02098,-0.08174820957987479,0.3130286701453187,413.2321428571429,16.23,23.99,0.8177214277678977
VYD_02099,0.012023395160249936,0.34197528187315723,409.3506401137981,10.73,12.73,0.7737729789577601
VYD_02100,-0.03060496117623475,0.3713984201266408,521.5376668101594,18.0,26.16,0.6402713397388721
VYD_02101,0.0544825594805831,0.43032573623100867,489.856268299175,5.39,9.39,1.0297240989934051
VYD_02102,0.00018890717355278395,0.49681957228764095,471.09861989649215,13.48,19.98,0.9451839980340241
VYD_02103,0.04471857181406565,0.37935119958789143,375.206669109564,13.48,19.98,1.5019971488894157
VYD_02104,-0.00277958546732526,0.38717336838651306,485.05311379630854,10.68,10.68,2.0655842937346462
VYD_02105,0.009247624725171849,0.36023027959913667,449.75702722590125,10.79,10.79,3.7649996733718845
VYD_02106,-0.020146262673173158,0.35180895542021295,410.36069167072577,4.56,4.56,1.130861788214652
VYD_02107,-0.025605197682341763,0.3983278287299649,416.2420017873101,4.95,4.95,4.618316806709345
VYD_02108,-0.024481674009109784,0.3838777156563948,461.4505987234265,18.6,27.6,5.218586776791644
VYD_02109,-0.03521374543178506,0.34460109817414425,425.95157559988434,20.55,31.05,5.716924808189465
VYD_02110,0.05885002950539519,0.4552138491961451,472.8808803160109,15.0,23.0,5.3675811008470715
VYD_02111,0.059679458387696116,0.4716124951729953,440.3179421405159,10.56,12.56,1.931437792775924
VYD_02112,0.07368333372974294,0.47026848604415616,415.83879894838805,13.93,20.43,1.991489423641365
VYD_02113,-0.014751241707264518,0.3714118724143606,575.8717948717949,7.61,11.11,2.4129427204689904
VYD_02114,0.027843753240423832,0.3724869118933544,511.5239449976294,8.14,8.14,1.1622830642653108
VYD_02115,-0.004764554551671948,0.40620388722949746,420.41923431510475,12.0,18.0,5.6652991708520775
VYD_02116,-0.033883263556731685,0.35203416061422665,370.3890824622532,13.93,20.43,3.5497808954358856
VYD_02117,0.0812079588050437,0.5057382482947249,473.01652892561975,18.6,27.6,1.131957677146764
VYD_02118,0.12206272563720645,0.5660377793519915,476.80113207547174,5.5,8.0,1.4570405992041706
VYD_02119,-0.06966083005652168,0.3465206119778564,366.40859678867065,6.64,10.14,2.7666747804077167
VYD_02120,-0.028492199414682735,0.39753935005072444,410.75005956635687,16.08,17.43,2.3068410752006847
VYD_02121,-0.053503221361241034,0.3810541130367523,372.9992237531534,6.64,10.14,5.67929395882689
VYD_02122,-0.015494631651019376,0.3960798290120195,396.6598225892788,15.0,23.0,7.192400142203158
VYD_02123,-0.0719573674988572,0.35254792507387217,348.7428466617755,15.39,22.44,2.2493059453801165
VYD_02124,-0.03852647954214937,0.35038310425163227,338.336717247275,17.74,26.26,2.581384592342538
VYD_02125,-0.03677062741556095,0.4237715686013942,531.9038461538462,15.75,20.1,2.3234433454015417
VYD_02126,0.06705057765855346,0.4282546612551047,428.50569554711774,7.1,7.1,0.7969659464213477
VYD_02127,0.07004030068111852,0.5055396411661285,468.41226954863316,3.25,3.25,0.8670033986609
VYD_02128,0.12476538248371899,0.5212132006378755,474.467556373677,15.93,18.43,1.2081471472424363
VYD_02129,0.009366140402134454,0.4505350111341254,378.87757150025095,6.64,10.14,1.097227514909756
VYD_02130,0.04272012481136822,0.43684829753315324,423.3616708648194,12.0,18.0,1.3528956750892973
VYD_02131,0.08987361269014094,0.5139486257345188,445.2683798502384,15.93,18.43,1.616882572156642
VYD_02132,-0.005186913836878201,0.354219359124488,468.8040366111243,5.39,9.39,1.1809747263283172
VYD_02133,0.06823452948417379,0.46424929840473517,419.70242888686835,6.64,10.14,4.234528432901787
VYD_02134,-0.06656052142271889,0.4035736483707394,422.93473531544583,9.6,9.6,1.5211004274467215
VYD_02135,-0.053026310575991505,0.34144988206880167,456.7639521640092,15.39,22.44,0.9665272759683475
VYD_02136,0.023390825327186223,0.46480619983292837,471.8605675007812,7.1,7.1,9.70503367465276
VYD_02137,-0.12792374410776525,0.3173832657119911,360.8900407256571,17.74,26.26,1.4900467018585608
VYD_02138,-0.08227268041970617,0.35828637209295244,383.2567126725219,13.48,19.98,1.107852725900351
VYD_02139,0.044706671187319295,0.5071029431574205,541.1954441913439,9.6,9.6,1.212423551621159
VYD_02140,0.02724327611966345,0.48262849402421343,468.69910269192445,9.85,9.85,1.3835145604834307
VYD_02141,-0.16059071911253064,0.14106693056401012,288.1763679245283,20.55,31.05,5.8313274861812285
VYD_02142,-0.00631435286914589,0.3758924372981067,448.0709797200801,13.48,19.98,1.9269612250922101
VYD_02143,0.07045823822941769,0.5186879602167465,460.192333862554,20.55,31.05,1.2158585520590433
VYD_02144,0.012056854596170646,0.46338188814998227,431.36707587039655,13.93,20.43,9.572436704784488
VYD_02145,0.10428310665004478,0.5855342399762264,537.7860783457112,7.61,11.11,1.8903346411515336
VYD_02146,0.09802378831560148,0.5507706134238355,504.6153952269277,14.48,22.48,1.9942539326509094
VYD_02147,-0.11828030530896277,0.27624514869150224,271.8829519994568,16.08,17.43,4.050671357008198
VYD_02148,-0.05207293637415488,0.37293913184800775,407.6215821331663,16.8,22.4,2.63569560065558
VYD_02149,0.02216990771737745,0.5579562535028135,520.7016447604681,13.0,15.7,3.833179394650303
VYD_02150,0.040126265915031774,0.4362681670963207,518.7942868222062,11.68,11.68,4.253268907705622
VYD_02151,0.03462555430152826,0.4341637921133672,397.13072651550203,5.5,8.0,1.1902705103656928
VYD_02152,-0.030976743319853735,0.3772527399866409,506.55449041372356,17.74,26.26,2.191647095401251
VYD_02153,0.006522592928491351,0.46016111005126886,542.6864451476791,11.68,11.68,1.0531298489382719
VYD_02154,0.04370313428543424,0.41243729973010307,626.6215722120659,8.14,8.14,0.9046147261068321
VYD_02155,-0.04673751836576357,0.38216073690600283,312.7845853930237,13.0,19.5,3.9546082259354995
VYD_02156,-0.031616037325262074,0.3836074198216943,442.65285204991085,15.46,23.2,0.6180272675736743
VYD_02157,0.036212059222684785,0.4933006988876485,587.5856838990103,15.9,22.5,2.973142683439155
VYD_02158,0.04914728165524702,0.3890970801806544,445.1596656897862,10.68,10.68,2.534756357232438
VYD_02159,-0.0019968086834372314,0.4326822269898014,484.42381606039805,7.61,11.11,0.8047848002538001
VYD_02160,0.2981870638697988,0.7576645839022688,643.8901357827476,20.58,28.78,6.881165674895373
VYD_02161,0.022291776945955733,0.4584517530496651,415.9450373532551,10.79,10.79,0.5128174930794387
VYD_02162,0.1056578694140275,0.5723367111944299,668.1261300992284,12.0,18.0,1.255848515181475
VYD_02163,-0.06701101887942915,0.4130201425615109,407.3533033388587,12.01,12.01,1.1600294969500589
VYD_02164,0.08799272749401918,0.5006898445322383,497.02747520728343,9.74,9.74,1.6972190370211415
VYD_02165,0.02127437460033425,0.4003230115475575,431.103809246874,8.14,8.14,0.9478421768717288
VYD_02166,0.07995296585541137,0.5024496087190732,553.0752513785274,13.59,16.59,0.848102011488053
VYD_02167,-0.16141414179291366,0.3111837488602166,320.2900105152472,16.08,23.13,1.306842233310498
VYD_02168,0.04086394604491442,0.48995523464322543,612.3832964601772,10.68,10.68,0.9952076052446289
VYD_02169,-0.14190633064553582,0.3025848121794004,371.2780905752754,15.39,22.44,2.2511406557213682
VYD_02170,-0.10614059035572297,0.4049541376428592,508.827710533093,3.25,3.25,1.0684390705199092
VYD_02171,-0.04976396028915091,0.4416173661524627,499.05649459418305,17.6,26.6,1.8080279879486247
VYD_02172,0.003426597613313276,0.4077485140287456,463.450800376648,16.08,17.43,1.173144207589926
VYD_02173,-0.030676484369681907,0.42598824152560816,502.73577981651374,15.0,23.0,3.1496237250302146
VYD_02174,0.10519602329800978,0.5358179104147757,443.14980264394467,20.55,31.05,4.387267586553491
VYD_02175,-0.02970099396786565,0.41637746292483113,499.4693766937669,11.68,11.68,0.5019816881523538
VYD_02176,0.003303083673173003,0.421100966363557,371.91549295774655,13.0,19.5,2.69633973328557
VYD_02177,0.01179137196891765,0.45028885597247764,438.15676046671234,16.08,17.43,2.003344371925691
VYD_02178,-0.062464592167227086,0.26225098511981837,349.56482861400895,10.79,10.79,0.17526884110364363
VYD_02179,0.024688997031220006,0.40460509679470896,486.369937093036,16.9,18.86,2.4970042168073903
VYD_02180,0.03260899364002213,0.5034743173104735,389.3903502179468,16.4,24.9,1.8303381812517976
VYD_02181,-0.15985324711177828,0.15768698546951998,301.78272299321384,20.55,31.05,4.501237166489786
VYD_02182,0.09957668900183876,0.49781945431788305,562.3126481361776,8.4,8.4,1.2799749909711575
VYD_02183,0.15638132974031382,0.5460232560957781,618.6423473433786,18.6,27.6,0.6929654708586919
VYD_02184,0.024433014556668756,0.45529155467581783,517.3526121086348,13.93,20.43,3.053534541517065
VYD_02185,0.0029417247495649897,0.4344345681125202,418.15024549918166,10.68,10.68,0.8433543720487451
VYD_02186,-0.05415157694482104,0.3907213920114916,449.50869838608253,16.9,18.86,1.3179033887927043
VYD_02187,-0.01321615308041887,0.3928143472490897,566.4810446503791,7.61,11.11,0.6533999472763875
VYD_02188,-0.010475707071069727,0.4174177824338804,470.661861780951,13.93,20.43,2.0361543428272983
VYD_02189,-0.025721934031941156,0.27393792601573436,329.29678571428565,13.93,20.43,0.7705253709103372
VYD_02190,0.07356986882167496,0.5245233557323357,575.7370632463512,5.5,8.0,4.998639869927283
VYD_02191,0.030484986425296488,0.4346815994435205,306.6149281698938,16.4,24.9,0.8825654832387368
VYD_02192,0.11943286631978407,0.6050883678882024,651.5474709223695,4.95,4.95,2.037025930287617
VYD_02193,0.06533168903665128,0.5447028902893069,492.3969020889584,18.6,27.6,1.9386533570777462
VYD_02194,0.09608087130567901,0.49738581421162475,494.2659453302961,8.14,8.14,1.4452047405256603
VYD_02195,0.007439589392142253,0.466417504657017,410.5573788792141,6.64,10.14,2.466987243917966
VYD_02196,0.06186419661500061,0.5614035944871718,608.1701689328389,18.6,27.6,0.6608868673901679
VYD_02197,-0.04631803111346401,0.4301000131309514,459.09880047614695,14.48,22.48,3.0082131632052658
VYD_02198,0.11014903855146016,0.5578641443305876,566.9050350541747,14.34,15.6,0.4320920431934578
VYD_02199,0.04348989393308391,0.42397659347543126,386.71532462057337,13.59,16.59,2.6105231785267504
VYD_02200,0.05563838618372122,0.48342686700936155,513.5891080762096,16.4,24.9,1.6360902345441115
VYD_02201,-0.019256615975061543,0.5278611001456419,421.60556291390725,6.64,10.14,1.026073818368611
VYD_02202,-0.0163479125279075,0.3959186274307861,489.06277533039656,11.68,11.68,1.2504194877534125
VYD_02203,-0.02044668488615883,0.40156666375513467,468.279325325837,16.08,17.43,3.227464322915196
VYD_02204,-0.10349964223946823,0.3656101163696012,355.399288572699,8.49,8.49,1.2387749358216649
VYD_02205,-0.12105951387543207,0.17132854659009228,346.42992926613624,11.68,11.68,1.2466674644585416
VYD_02206,0.028743446402890352,0.44155392289629575,455.1854670558798,15.93,18.43,5.282908600149174
VYD_02207,-0.10973031780098186,0.3640277698901957,373.87538189419524,14.88,19.86,1.712195600845155
VYD_02208,-0.021168986859175468,0.48703401693323417,520.9166547941301,17.6,26.6,1.933710805957676
VYD_02209,0.03281181139844306,0.46621873076848874,458.6085651621841,15.38,21.94,2.3852401702617314
VYD_02210,0.12477553457873146,0.5923000953000185,566.7090213231272,17.74,26.26,5.030152992786952
VYD_02211,-0.053721373464473365,0.388838241013786,446.6825353645267,15.93,18.43,1.0151063351975025
VYD_02212,-0.054659844730365045,0.431899106749606,486.1855005159959,16.08,17.43,1.0694255738253673
VYD_02213,-0.1130534570399135,0.28856007122033417,387.9348766217247,16.23,23.99,2.1665132245203464
VYD_02214,-0.014533454956063539,0.426827965918732,444.4443144346347,13.48,19.98,2.583865703843836
VYD_02215,0.13345151761775234,0.5867657855117013,480.77423489825355,16.14,23.99,8.582663512377849
VYD_02216,0.13192421633814394,0.5712418213253245,516.7342307692307,9.74,9.74,2.149897417469648
VYD_02217,-0.10280392944170304,0.3000205204883099,338.91265962478315,7.61,11.11,3.4982338813698743
VYD_02218,0.08524113598209188,0.5516054964082091,540.2899822769854,17.74,26.26,3.262372996742355
VYD_02219,0.09253430520317725,0.5347589330322726,608.8610615521856,20.55,31.05,1.2320160816455
VYD_02220,-0.10682358378550022,0.27452336557178253,347.01374165685115,16.23,23.99,1.4186946897509767
VYD_02221,0.057369183403250125,0.4504132811901474,497.3838621229926,12.0,18.0,0.6990030782519405
VYD_02222,0.12972719964416687,0.5030108246682237,493.26748853211006,10.56,12.56,0.9607455323300755
VYD_02223,-0.06560190335950906,0.2664085042921645,295.24681026203865,11.68,11.68,2.0043034025739273
VYD_02224,0.03672074268830125,0.45365105367517605,515.5953530545165,6.64,10.14,12.125829725303392
VYD_02225,0.11213176364945843,0.5907658950718283,562.6926147704592,17.74,26.26,0.689181289177751
VYD_02226,0.014420218769878996,0.4104718992127075,375.38130195925913,6.64,10.14,5.655148592958175
VYD_02227,-0.05066089560544363,0.4307713870786882,515.3919438980587,15.0,23.0,3.2402752054842803
VYD_02228,-0.0829248548712975,0.30299807682176055,331.7946155981127,18.6,27.6,0.9937921606734411
VYD_02229,-0.15266370594064163,0.17999234492377558,336.06033684989814,20.55,31.05,1.4871302374190196
VYD_02230,0.014041089920472935,0.3974902611936355,489.3421212121211,12.6,17.43,0.9070280032620822
VYD_02231,0.020123611177120585,0.43191110800643584,501.054684894965,7.1,7.1,0.8268458200696397
VYD_02232,-0.08780032053718574,0.33164850746981006,373.31788079470203,4.56,4.56,0.6640632125716378
VYD_02233,0.03279177092355753,0.41631250752363963,343.90715011860385,17.74,26.26,0.8137916146166067
VYD_02234,-0.05113512199115321,0.4902637720289922,532.6477963525837,12.0,18.0,1.4463530604961101
VYD_02235,-0.011669695946511382,0.4449201692709045,370.9382641509433,18.6,27.6,1.8244061081682887
VYD_02236,0.0014135615099451814,0.39619285297043794,449.5478224630132,9.74,9.74,1.3264599396691648
VYD_02237,0.07279780439080709,0.5974027512914913,651.560822898032,17.6,26.6,3.9961591065519846
VYD_02238,0.09653380669415554,0.5681279122672089,514.0946365485494,15.0,23.0,2.56812812296074
VYD_02239,0.013823166376576762,0.4695262230335728,553.7953418158293,7.61,11.11,2.56496371350014
VYD_02240,0.024631648962537736,0.47093096013607055,483.10227092266166,16.08,17.43,1.7308417884994867
VYD_02241,-0.10643831239027593,0.2689023854593006,396.1139746416758,9.81,9.81,1.9964211437064086
VYD_02242,-0.05849705165745128,0.3759913110958908,334.9535928143713,3.25,3.25,1.289632958263235
VYD_02243,0.21028052764528474,0.5957758225455297,501.1239669421486,13.59,16.59,2.0323051888930834
VYD_02244,0.02923146085644386,0.450516432633474,435.94632683658165,18.6,27.6,0.896748620152035
VYD_02245,-0.08085434846940301,0.33808633006103944,316.80074706510146,10.56,12.56,2.5816359315052466
VYD_02246,-0.006843534565788773,0.4449108411923298,409.9133136554296,18.6,27.6,1.7722498320930296
VYD_02247,-0.07950444159795024,0.3012501639296771,331.82373351839004,18.6,27.6,0.7945945243761189
VYD_02248,-0.08595777397611662,0.38033458009444837,378.0519922254616,11.68,11.68,2.2744012386433288
VYD_02249,0.02155607406301268,0.4347933698696077,378.741711011052,17.74,26.26,1.3444201376093836
VYD_02250,-0.004032951776266188,0.3981017679609056,512.8588143525741,13.59,16.59,0.7086816799389164
VYD_02251,-0.03358172344815379,0.36384257078442406,407.2886527254028,12.0,18.0,0.8056336502183069
VYD_02252,0.09394454465204864,0.6143716917702932,589.6891060441549,7.61,11.11,0.7586189704352913
VYD_02253,-0.0010849831767233194,0.4100692032741907,476.6354671280278,18.6,27.6,3.174747806582452
VYD_02254,0.15092419354607708,0.6430652619715281,521.6072078631234,13.0,15.7,1.513304274903428
VYD_02255,0.058351878907934564,0.4333142539903817,425.4255533199196,13.59,16.59,1.3677226896973804
VYD_02256,0.11113030848309577,0.5660147769043157,508.20247813411083,18.6,27.6,1.8882782010809305
VYD_02257,-0.0027152037779222815,0.4383640895160106,506.5708413549092,10.79,10.79,5.285394328195097
VYD_02258,-0.01268370107524151,0.39628581049002876,401.9877488514549,16.08,17.43,1.4376199156135199
VYD_02259,-0.017020701733016362,0.37630496971184046,471.77126794719885,13.48,19.98,9.98446952613257
VYD_02260,0.037058873027184344,0.4786203423587073,510.4685510567863,7.61,11.11,1.0820550383642389
VYD_02261,0.02774379515312303,0.45700606364215834,512.0257910130284,12.01,12.01,1.0350118627536
VYD_02262,-0.004186987595373935,0.4959515658319249,627.8315869208433,12.0,18.0,2.1830146222602824
VYD_02263,0.0031413056332305397,0.41828604504701716,489.625653827865,18.6,27.6,2.3131453678499083
VYD_02264,0.005735949555968127,0.39807147351644623,481.66234240818557,14.88,19.86,1.5030287493113035
VYD_02265,0.011311099127720136,0.4270646095565302,504.3692728036991,11.84,11.84,1.3127975867133652
VYD_02266,0.15334235708387922,0.6370516851498875,549.3556149732622,20.58,28.78,1.5593832020213114
VYD_02267,0.07968764305489606,0.5662681411953353,555.0171032984933,20.55,31.05,2.02703644605848
VYD_02268,-0.020554602856186155,0.3774109303881058,450.47917402047295,4.56,4.56,1.5570771164090915
VYD_02269,-0.03226290106078858,0.3961249456925511,391.1642096353249,18.6,27.6,3.902627912443199
VYD_02270,-0.015121238810027436,0.3340567136755735,456.424586288416,12.63,12.63,1.1644082698998888
VYD_02271,0.06990335355535755,0.5326181482570711,589.9504467912267,20.55,31.05,1.0176998419999
VYD_02272,0.13732236019017624,0.5547496154451838,584.703182125931,16.63,16.63,2.0303623580245387
VYD_02273,-0.055516902130283416,0.3482061495509571,303.00726480203406,6.64,10.14,1.51450473562258
VYD_02274,0.003928226194534811,0.45751338765757704,431.47116850506666,5.43,5.43,3.0612174003876853
VYD_02275,0.21577862662034902,0.6688197910072942,641.0765427889532,6.64,10.14,1.602702465395002
VYD_02276,0.005159206488149598,0.42675666400266316,502.1728971962616,15.39,22.44,1.060386879514176
VYD_02277,-0.08910769165068765,0.304305120163141,406.88907839049966,18.6,27.6,4.358361397267121
VYD_02278,0.0857441570363902,0.4866564092586462,468.268194842407,11.68,11.68,2.399055158755886
VYD_02279,0.13900887225387135,0.5553849415771105,571.1624641833811,15.98,15.98,4.800240636695662
VYD_02280,-0.058711112278724414,0.41536314384958284,460.77879581151836,20.55,31.05,1.6830270775423997
VYD_02281,-0.021847339638045193,0.43302604872683886,369.3575864089044,16.65,24.15,2.348528325314374
VYD_02282,0.044006832821736806,0.4639745133974687,399.06382130035905,15.46,23.2,0.6900187541029591
VYD_02283,0.12383204677337464,0.5971437748867091,489.74982443820244,7.1,7.1,1.5685887271362808
VYD_02284,0.1142314070040676,0.5381180126924203,459.2855352361419,6.64,10.14,4.825799748601256
VYD_02285,0.12372467397514918,0.5888713657574716,495.94765780820444,17.74,26.26,5.11515389403954
VYD_02286,0.08700089077614478,0.5159240231343747,471.2934801918635,13.0,19.5,1.5505965523631986
VYD_02287,-0.002917392227258474,0.477604424795614,502.47422928709074,15.75,20.1,1.1436284812444604
VYD_02288,0.12626570218133468,0.5857979065792864,500.0171339563863,9.85,9.85,2.995602023331395
VYD_02289,0.057923067008006986,0.4633560650243686,492.2202533265097,15.0,23.0,4.290575095656485
VYD_02290,0.140720529159708,0.45978930202888113,448.825292740047,13.59,16.59,1.1766536384116488
VYD_02291,0.13710336698182016,0.5924475099858306,533.6712252302541,18.6,27.6,2.9619001655261115
VYD_02292,0.043696150554978545,0.45050006227013734,509.46395806028835,6.64,10.14,1.268046639211327
VYD_02293,-0.05302905988756498,0.2904184015745516,337.7602082762401,11.68,11.68,1.006446223680955
VYD_02294,0.01715369229879621,0.3827236330886254,455.24767916821406,12.0,18.0,0.730653670912965
VYD_02295,0.07731432621163481,0.4650588142647028,364.2243537414966,6.64,10.14,2.020712990898829
VYD_02296,0.05193389267470063,0.504465392147749,572.8315481986369,13.0,19.5,1.6969339318555194
VYD_02297,0.1134824660445309,0.47247746733429885,535.0022656471256,13.8,13.8,0.9701753328203325
VYD_02298,0.0258402253548124,0.5060924793522222,590.350251486054,11.68,11.68,1.2043655243543205
VYD_02299,0.10400441505430588,0.5921884280501967,664.2297650130549,8.4,8.4,0.8453042311666846
VYD_02300,0.05292865438677566,0.48262685229710767,470.3393102186443,18.6,27.6,3.010059766090325
VYD_02301,-0.004520601804844614,0.46503980412043405,477.9474940334128,13.93,20.43,0.8127684135646713
VYD_02302,0.014845161995315881,0.41223837266868874,358.5819119965601,6.64,10.14,5.755934568693601
VYD_02303,-0.003640488482359389,0.31895391965606446,322.5424610051993,15.93,18.43,0.47685696815173567
VYD_02304,0.017323918084054337,0.499532515740884,440.39183222958053,16.08,17.43,1.0037045008262273
VYD_02305,0.02273717427974316,0.48857933954341737,374.63874699519215,17.74,26.26,3.6603160498698877
VYD_02306,-0.05081264997940499,0.3710516869075087,302.7118018967334,10.68,10.68,1.5664657350318112
VYD_02307,0.04190264606305404,0.4124479611217585,436.35832349468717,5.39,9.39,4.193378929587816
VYD_02308,-0.03690603925469788,0.3339731267610822,269.5222110327851,15.0,23.0,4.918906308250164
VYD_02309,0.001926248351216796,0.4663294711405828,523.5310650887575,13.93,20.43,0.9309431895295602
VYD_02310,0.04518244183283062,0.4223444501371505,393.6321003963011,13.59,16.59,2.916769419271714
VYD_02311,0.008225896037531828,0.44087393288659643,492.5395948434622,16.0,19.52,2.3903979349140814
VYD_02312,0.048506089663560466,0.5308879588426314,462.70617816091954,3.25,3.25,3.451063556115163
VYD_02313,0.024433023674390562,0.37960818624151815,399.68193832599115,11.84,11.84,1.877944903453612
VYD_02314,-0.03238647276013787,0.3949900274052489,487.58484022789185,18.0,27.0,3.3580082925157733
VYD_02315,-0.008531097010111665,0.45670890139784204,450.7820149044309,6.64,10.14,17.648814501064532
VYD_02316,-0.06340530662751573,0.2636921373986005,322.1573246682914,20.55,31.05,2.032302316589034
VYD_02317,0.11590352323563231,0.542256436309807,525.0532424198462,12.0,18.0,1.8932060186059898
VYD_02318,-0.09842832916872675,0.30165573292950837,341.95223973778684,4.56,4.56,1.763721286778543
VYD_02319,-0.09934477823924716,0.319350444670064,522.6156554151996,15.75,20.1,1.3317663622104015
VYD_02320,-0.001929981215237027,0.39106881448856273,365.03189066059224,11.84,11.84,1.089059911999817
VYD_02321,-0.07378739490910648,0.35722317567826756,424.342665549036,12.0,18.0,1.6376710892819542
VYD_02322,-0.016482273405932044,0.4042080852279849,364.97409900990084,6.64,10.14,3.474353733871904
VYD_02323,0.058659398854003036,0.5437550265235096,527.3351158645277,3.0,4.5,0.6186876274328443
VYD_02324,0.06349944716165981,0.4671801334086196,400.6299346776483,8.4,8.4,1.9383384379868007
VYD_02325,-0.05460156387110389,0.3574201386733433,470.76373218527306,15.05,22.66,3.706451386543547
VYD_02326,0.06725542512105788,0.5024239130863722,462.129443254818,6.64,10.14,7.706394398086573
VYD_02327,0.07178224071211743,0.5732652481982944,535.8750368405541,16.14,23.99,0.934187592097408
VYD_02328,0.030628952298487586,0.5149943052869417,511.3095035460994,15.46,23.2,5.8157855289408396
VYD_02329,-0.007690485517425471,0.5285970712385321,479.5692043570921,9.6,9.6,4.650391614042276
VYD_02330,0.08442997461741915,0.5068127399752272,675.5571533923304,5.98,5.98,0.7475847658508055
VYD_02331,-0.08129652029250432,0.4028314912920565,441.51926605504593,12.01,12.01,0.3009361704157154
VYD_02332,-0.03393448916993985,0.4673101330973258,572.825721592985,20.55,31.05,3.014457207047321
VYD_02333,-0.14495692423418519,0.21373380509895476,353.20261020109194,16.65,24.15,10.270112194347963
VYD_02334,0.015063488062505891,0.44293841921404187,396.43891442715693,6.64,10.14,3.110450788655946
VYD_02335,0.04133412581833242,0.46236622290162893,434.3258365927856,18.6,27.6,2.535786346286869
VYD_02336,0.08581901082639663,0.5433765581290194,462.23441004934944,17.74,26.26,3.6885694468139323
VYD_02337,0.020677175614983497,0.46482088742855976,488.80019204609096,15.0,23.0,3.435876397338618
VYD_02338,0.1520680437221042,0.579086376771155,566.5289275774264,13.59,16.59,4.648677591496521
VYD_02339,-0.0895642134016611,0.3104904167700568,329.6292613636363,16.08,17.43,2.7090410918122303
VYD_02340,-0.11260011153512102,0.39925507045192365,460.33272107058514,16.08,17.43,1.050211761261258
VYD_02341,0.06681195636650392,0.4798592526089511,512.6312784010937,20.55,31.05,6.840925880629809
VYD_02342,-0.002041047314351775,0.3797896364762528,499.80456306500207,8.4,8.4,0.6396106589794531
VYD_02343,-0.00043193557002830905,0.41864165097537903,484.55846211133866,15.0,23.0,2.957102991060498
VYD_02344,0.07576220968028696,0.5107297473196041,452.27595099935525,16.4,24.9,1.2793666396623948
VYD_02345,-0.03641037930127792,0.4518587977379102,488.9650638617581,5.39,9.39,0.7341322753214213
VYD_02346,0.07913780284982003,0.5045114675903699,488.6249809596346,20.55,31.05,5.418297297578415
VYD_02347,0.06484060511709676,0.5129215850189129,444.11293206197854,13.93,20.43,0.9237745532753241
VYD_02348,0.1787779913389538,0.6752306726260181,667.4917413172225,13.59,16.59,9.239758672337766
VYD_02349,-0.017324222133062825,0.4294255507183012,477.7582361885454,5.39,9.39,1.0850080510134201
VYD_02350,0.03459525914242987,0.41881523398561393,478.9661723818349,16.65,24.15,2.974969693371972
VYD_02351,0.08022768410351712,0.5667526197879792,487.89553372493424,18.6,27.6,5.398270014788355
VYD_02352,0.05173316626996726,0.584612670624001,454.3234860582238,6.64,10.14,8.959475041218129
VYD_02353,-0.06746243360743946,0.2906424212343375,295.57875046763934,9.81,9.81,2.211183470094818
VYD_02354,-0.035426492582034605,0.3746681780180815,395.00069429979874,13.93,20.43,3.9503137164180693
VYD_02355,-0.06455247104529266,0.3208019455245915,409.2125,13.49,15.99,1.3890229897884927
VYD_02356,-0.0442288976534861,0.36569964448545017,395.21688827490937,16.4,24.9,6.370617864901053
VYD_02357,-0.10035920284386375,0.3474394373108118,355.9007117437723,12.01,12.01,0.7729860327668298
VYD_02358,0.009301008996477688,0.4511379291577692,379.7247781794281,16.08,17.43,1.6766232483394152
VYD_02359,-0.03762547450964184,0.3774503513672878,342.6228011948224,4.56,4.56,1.6594142413246613
VYD_02360,-0.06281582093313166,0.3557302322033251,413.0055408746057,15.0,23.0,3.235103161661339
VYD_02361,-0.04010506132718477,0.35982811015606586,291.51877837391663,6.64,10.14,2.6642637117788004
VYD_02362,0.0758689950448285,0.5634273384308527,582.8714180749448,17.74,26.26,2.6224426485348036
VYD_02363,0.002405784325621848,0.4327637242509963,548.8972972972973,18.6,27.6,1.633617680114487
VYD_02364,-0.030328350135666253,0.3551465739289392,424.06566513205723,11.68,11.68,1.1350445232473045
VYD_02365,0.13247160403496677,0.6003372671080209,582.9352383253791,13.59,16.59,4.552042500448339
VYD_02366,-0.012513855682321169,0.4615393409270877,531.6774020397208,15.93,18.43,1.0322937576756472
VYD_02367,0.03125230823820743,0.45850313953929334,517.4846575899206,13.48,19.98,2.7090493147991435
VYD_02368,-0.009757610010688506,0.41497901047966707,435.49925439904564,16.08,17.43,0.9258710321400521
VYD_02369,0.11603373325667149,0.5948490792770202,615.618466047875,5.5,8.0,5.071176836794843
VYD_02370,0.1062487834549241,0.5634699309306501,497.7501053518753,15.0,23.0,1.3072214015300874
VYD_02371,0.0216275756006499,0.4259890733371853,487.4596693386774,12.0,18.0,2.206309244647444
VYD_02372,0.03155245823980771,0.484942836806197,520.9243596537715,17.74,26.26,7.785065593493742
VYD_02373,0.0487391635775795,0.47150682412780553,542.5252771019195,5.5,8.0,1.0147243445495628
VYD_02374,-0.04198835363312238,0.1863908696263584,264.1046339202966,10.56,12.56,5.9390008685354445
VYD_02375,-0.027491572612993526,0.44055927449044513,449.33436174315466,9.6,9.6,0.7165212098474836
VYD_02376,0.06267275250279501,0.5029979023718596,508.38854852129185,18.6,27.6,3.6421304316263
VYD_02377,0.044893108974300704,0.5232359815150007,439.48759821291026,16.0,23.82,1.7915539362641495
VYD_02378,0.05711145780224975,0.4755252187086224,450.85669747244157,6.64,10.14,4.938527880081891
VYD_02379,0.04242261606672677,0.40815909550652807,393.37606837606836,17.74,26.26,1.2846347534206077
VYD_02380,0.08719691827289607,0.49954992225596245,686.7252910052911,14.97,17.88,1.302110115609703
VYD_02381,-0.07161824894421936,0.32813148750209314,490.0452983442674,18.0,26.16,0.8826027239683366
VYD_02382,0.04730887884273359,0.4457003072800271,550.1177647783252,7.61,11.11,1.7894030505342908
VYD_02383,0.01572119851804258,0.49787798973653513,638.4834605597964,15.75,20.1,1.9444554056510108
VYD_02384,0.05047460877017971,0.5300426493119548,576.6002152273338,5.39,9.39,4.095714279420815
VYD_02385,0.08201859531198719,0.5088301249823411,559.7615877589549,6.64,10.14,5.55626800106279
VYD_02386,0.11850258093298512,0.5868150857691612,509.65908833842326,16.14,23.99,2.4323927217620493
VYD_02387,0.11608111679439817,0.5844347037151499,471.47861223352373,13.48,19.98,1.9722692604108274
VYD_02388,0.0790461090894543,0.5920953109948078,615.5648483476687,5.39,9.39,4.863739325162545
VYD_02389,-0.01399865033660986,0.40364637524271235,445.58686117467585,15.0,23.0,11.569503584256099
VYD_02390,0.07395429927999263,0.5124044764934144,483.1649079565586,12.0,18.0,3.5916082935528544
VYD_02391,0.11049100929520803,0.5499838415301868,527.0870253164557,8.49,8.49,1.9131284016615728
VYD_02392,-0.07289717048923992,0.289896799477715,393.93386215028397,5.39,9.39,2.567828118326604
VYD_02393,0.023385296698003613,0.46241176424982616,473.99174769703166,5.39,9.39,4.309690036278119
VYD_02394,0.10988493809950703,0.5065411283250395,493.0088651474683,18.6,27.6,4.831415722265753
VYD_02395,-0.14427509301106187,0.15507364870201013,393.2560975609756,15.93,18.43,1.7836927820013382
VYD_02396,0.09872401638698255,0.4312047327522561,675.9763829787234,14.97,17.88,1.2952861541756586
VYD_02397,0.01801616856646906,0.42374120876300575,327.74441687344915,7.1,7.1,0.3383466861812819
VYD_02398,0.0025680097551371104,0.39139993186990546,375.40918163672654,20.55,31.05,0.9667880013805444
VYD_02399,-0.018467155442846796,0.4150362000115659,490.21465355805253,18.6,27.6,1.1778307947756725
VYD_02400,-0.08024148540564323,0.244994229928186,341.4465558194775,9.74,9.74,0.8142484050001665
VYD_02401,0.23352200999995154,0.6840079909042683,526.1336442912188,12.01,12.01,1.3571054879979854
VYD_02402,0.01769290468799022,0.46532064699203396,504.975442043222,15.38,21.94,2.2428648244384943
VYD_02403,-0.08105660806836139,0.2984627429571636,305.6167108753316,15.46,23.2,0.41522129725443646
VYD_02404,-0.06003306109484565,0.23804330892015457,294.635668202765,16.9,18.86,2.994344460904759
VYD_02405,0.1744368525821565,0.6675263234163575,634.7334208798424,20.58,28.78,5.912523711249549
VYD_02406,0.0941860417860018,0.5330830342469116,450.386460554371,7.1,7.1,2.0570216343714716
VYD_02407,0.009000271554487923,0.39774875747729516,393.4270503232349,15.93,18.43,2.172057989245124
VYD_02408,-0.0014879061076449708,0.4388723988324926,592.6455935082092,18.0,26.16,1.4604545333608079
VYD_02409,-0.06993363279713254,0.3419375844776515,429.53373015873,8.49,8.49,3.3290233293403895
VYD_02410,0.18953949999772138,0.5795473597315148,564.9424578709413,15.98,15.98,2.0049979085059575
VYD_02411,0.018257758421972,0.38879178462132186,453.6572002294894,7.1,7.1,0.9608789659385635
VYD_02412,-0.0009986093591699636,0.4018653635708194,432.9515317383243,15.46,23.2,6.231832059104202
VYD_02413,-0.021721766342296563,0.422288439696437,483.7591125198097,5.39,9.39,0.5230205090161011
VYD_02414,0.165852217208326,0.5560122832321993,563.8398853398852,15.46,23.2,1.3426695885072033
VYD_02415,0.048955689695476784,0.502561061363675,490.40770635149426,5.39,9.39,2.8662593011948245
VYD_02416,0.04810784498375714,0.394676301847486,387.88742304309585,5.39,9.39,0.6239022627247571
VYD_02417,0.027597488026235642,0.3746795921276626,430.2525658188309,12.6,17.43,1.235222190631371
VYD_02418,0.051238929669289716,0.4787015104512495,469.310441267868,13.8,13.8,2.6555141531124358
VYD_02419,0.05739917859741333,0.5620853974918444,516.3887262079063,15.93,18.43,0.7519138936263109
VYD_02420,0.03588030594834325,0.4573322472996612,497.5805530233973,11.68,11.68,4.531960955990288
VYD_02421,-0.04999651817764684,0.32108245107967043,386.1456018711887,15.46,23.2,3.2883828793103174
VYD_02422,-0.029438134232565995,0.3769940194619075,477.31497539254724,18.6,27.6,2.3323021434697866
VYD_02423,0.14727430688953655,0.5853732078831315,457.1255868544601,11.68,11.68,1.8794570804092967
VYD_02424,0.08430139816862721,0.5423457899602513,543.8599029775845,17.74,26.26,3.2912954735760898
VYD_02425,0.12455726382850024,0.546359590184944,467.15621748359416,6.64,10.14,19.813926039384825
VYD_02426,-0.040130408519426196,0.3237014436329348,324.9348392701999,15.39,22.44,0.6328385097719608
VYD_02427,0.054173550502500695,0.5167455887861079,482.4814814814815,15.93,18.43,0.7447455044704024
VYD_02428,-0.09180567624793275,0.348737578641022,542.4665718349929,11.68,11.68,0.77765663271928
VYD_02429,-0.09985991921472397,0.3759702620033183,386.4511252362138,8.49,8.49,1.5987486933240012
VYD_02430,0.1342660711722809,0.6303623828550075,531.4141161773892,15.0,23.0,0.8864380300583767
VYD_02431,-0.010530413995260586,0.419172298051516,456.92359843546296,17.74,26.26,1.059376296862309
VYD_02432,0.07740177273512237,0.5165674068229889,590.5769045323048,11.84,11.84,1.1428991362583931
VYD_02433,0.07547085237280042,0.46072506639378513,452.63833508219665,6.64,10.14,1.5721829859976701
VYD_02434,-0.04070540094732127,0.3845484814669838,407.8430475545013,17.74,26.26,4.860877945260012
VYD_02435,0.09858639268254754,0.5128696823754438,523.4892519346521,20.58,28.78,5.45152667303927
VYD_02436,0.19093469543886,0.6446799083473246,666.4415826801046,13.0,19.5,0.7347701905843663
VYD_02437,0.027902795816429217,0.4364826952011614,423.2652086862776,16.4,24.9,1.7863112076398684
VYD_02438,0.06217981990770011,0.4397719601932679,555.9256865912762,5.39,9.39,0.8524774419632378
VYD_02439,-0.13172414514496572,0.30293697802941383,352.234375,17.74,26.26,0.6470299226426378
VYD_02440,-0.0023452685189277833,0.4215042849264136,388.58760162601595,17.74,26.26,2.7045956590139246
VYD_02441,0.11066678401198296,0.5774511648591987,523.829006266786,15.93,18.43,1.846449679606959
VYD_02442,-0.15768010228876653,0.16021900748631906,289.9676930843009,20.58,28.78,2.719418321617362
VYD_02443,-0.053542210292086015,0.45289971378623317,415.8539724811362,11.84,11.84,0.6114995336025588
VYD_02444,-0.2506667015877462,0.2883840233455267,462.37751886161766,11.68,11.68,2.8876612305002283
VYD_02445,0.03729169110867769,0.41555940754483817,539.4814363968351,11.68,11.68,4.076270557965165
VYD_02446,0.03190544377436721,0.4932974380594765,522.6689390711546,13.49,15.99,0.6555956429061233
VYD_02447,-0.07553074131940896,0.3677146582951682,342.43289817232375,15.39,22.44,2.631937835841701
VYD_02448,0.02518673699217369,0.4382203864659394,529.9180381117368,16.08,23.13,2.542628053877024
VYD_02449,0.08677416659498575,0.5240068167496834,507.9455736603393,16.0,23.82,3.295149918357451
VYD_02450,0.018675405425002792,0.4381424659068274,452.5297569153396,5.5,8.0,1.9683736291332654
VYD_02451,0.06672978959280783,0.5809941443175363,434.1186371100164,15.0,19.92,3.3629180627849373
VYD_02452,-0.07291234297988597,0.28858506959690383,370.961082505089,11.78,11.78,2.2978217832665626
VYD_02453,0.15350271141574134,0.6388675905560404,740.5246957766643,7.61,11.11,0.7585626117252975
VYD_02454,-0.01263021031436847,0.44553607684270374,398.05221078976643,12.0,18.0,3.9510717852957415
VYD_02455,0.07909947736887704,0.589397568564845,544.9695224382049,15.0,23.0,1.1402692374031378
VYD_02456,0.08641918955639372,0.5303909533991004,510.7881878557875,10.68,10.68,1.1599977563093338
VYD_02457,0.025992586716569482,0.44870340346326826,486.3829787234042,16.08,23.13,1.1518088504126618
VYD_02458,-0.15438893797146372,0.23100711470072313,303.3262488763323,18.6,27.6,4.294652552022834
VYD_02459,-0.06450526946402509,0.44326138268228876,403.16873396065023,8.49,8.49,1.2857307725473548
VYD_02460,0.006367184608025702,0.3972020717467953,453.5117722602739,12.98,15.48,2.5747100505897036
VYD_02461,0.14231099497818167,0.5516368416166507,663.222860218913,13.93,20.43,1.5546941977938822
VYD_02462,0.05064906033378992,0.4955883778796678,574.8137477732047,6.64,10.14,4.4867354561058095
VYD_02463,0.02869055849843,0.4800222277327333,608.3282797655146,7.61,11.11,1.3570916523304655
VYD_02464,0.12914829701138184,0.581291743657114,512.1795077581594,17.6,26.6,2.059302454511373
VYD_02465,0.04503735172149477,0.25722781781388343,391.01856216853287,13.48,19.98,0.9346170798577821
VYD_02466,-0.0708493327169647,0.3238974015242448,442.54705056179773,6.64,10.14,1.5635656599325103
VYD_02467,-0.011601063428529195,0.4162794705906806,448.578588058877,13.59,16.59,6.961671636589858
VYD_02468,0.02363757697906292,0.4683779159209711,428.70413291550875,15.0,23.0,4.652645136515949
VYD_02469,-0.025607424181025677,0.3901798422880393,439.5957711442787,15.39,22.44,0.663776823507777
VYD_02470,-0.006107034842487703,0.43732002246514085,454.1895910780669,7.1,7.1,1.2469322368637716
VYD_02471,0.015004471156977743,0.41234981587847896,437.7589329021828,13.8,13.8,1.701035998968972
VYD_02472,-0.012355149023457532,0.3994488416831731,462.3575909661229,13.93,20.43,0.661999224142908
VYD_02473,0.16059823903503564,0.581175246705357,579.7517374900713,14.86,19.7,5.539198396932412
VYD_02474,-0.08469618742263106,0.38097072057122294,459.63929393706815,13.48,19.98,0.7194998554435038
VYD_02475,-0.016395503337155577,0.41569326237503845,362.65823491118755,12.0,18.0,2.958055073641667
VYD_02476,-0.014175227535489235,0.4890114540179044,544.5143420580852,9.6,9.6,1.5324246226439182
VYD_02477,0.0745492646731104,0.5228533842074404,404.03290401428967,17.74,26.26,2.9266999042584927
VYD_02478,-0.0011861755488865506,0.40793213460964556,336.89730928146724,16.14,23.99,2.7299949730769657
VYD_02479,0.06227167056631069,0.5131185428610916,475.95509764723977,5.39,9.39,1.789528980563876
VYD_02480,-0.00010860740618345288,0.45294398682837445,404.7901605266196,20.55,31.05,2.380201182908311
VYD_02481,0.005452868535844729,0.37411263030130576,438.3947297224175,18.6,27.6,5.0782468639039955
VYD_02482,0.02611536553907357,0.49314934733127397,444.28018555334666,13.0,19.5,4.1564851831793685
VYD_02483,0.11443652603810472,0.5443259067521556,615.7670109356014,8.49,8.49,0.9046069618568799
VYD_02484,-0.054098300957877155,0.3671083334956724,443.1544952262062,15.93,18.43,11.863118318698419
VYD_02485,-0.003849718328108278,0.3483181624949866,376.84286285485814,15.93,18.43,0.6896424989980331
VYD_02486,-0.025072394127669186,0.3842422632947755,414.72651356993754,12.0,18.0,1.5870441588674322
VYD_02487,0.07913640764887826,0.4978574354401994,742.2410819286556,16.8,22.4,0.7036059862495422
VYD_02488,0.03384485120944014,0.484138637705288,490.0279885175311,15.93,18.43,5.3774141323437945
VYD_02489,-0.028307712954184192,0.4401839460634584,454.78651644022244,12.0,18.0,7.475214090023516
VYD_02490,0.00045339091127876265,0.39301679529720795,483.4097836312325,6.64,10.14,1.4638194439326406
VYD_02491,0.09936721956734441,0.4588894043863466,400.5597534445251,10.56,12.56,7.587898908313891
VYD_02492,-0.1787918303473943,0.1738210293994904,295.9558093346574,5.39,9.39,0.5554667799769122
VYD_02493,-0.16733950364456285,0.2925210798267654,426.5415019762846,18.0,26.16,2.3696284610219185
VYD_02494,-0.010379736468160197,0.3982508921829216,474.45340690138374,15.93,18.43,3.149900403275817
VYD_02495,0.019433962720860024,0.3927718294359079,555.8428227746593,8.4,8.4,0.3424861951641056
VYD_02496,0.04759069678113703,0.48458986786194447,525.1967114738358,20.55,31.05,4.590988665204083
VYD_02497,0.0018695286426597393,0.3854944123939636,435.0499355670103,15.46,23.2,2.5595825739277704
VYD_02498,-0.09817719130911015,0.3504986128460446,347.3495713172253,8.49,8.49,0.7078318918262873
VYD_02499,0.0626669023761865,0.5053279287487226,498.1141476420597,12.01,12.01,1.6498713426977385
VYD_02500,0.14812022140220502,0.5803148517442356,599.5517415446744,8.4,8.4,0.5458702146082905
VYD_02501,0.10671785963449237,0.5036447683549112,460.6848402241406,6.64,10.14,1.8173765603843106
VYD_02502,0.03862956699270622,0.5089053523821369,609.5182563338303,15.0,23.0,2.216335099429243
VYD_02503,0.08514370313863746,0.5604642484012815,550.1579714841218,12.0,18.0,1.697362712952403
VYD_02504,0.06388280049778579,0.5128999241411096,577.1616450603487,15.93,18.43,3.0793178536703536
VYD_02505,0.05972861535194466,0.4892073335964498,585.6338729763387,9.6,9.6,1.3337546658854562
VYD_02506,-0.08853565634995042,0.27426084954660734,257.9044701986755,4.56,4.56,1.6620047291254039
VYD_02507,-0.11114325924539398,0.3934196563959656,427.867229933615,12.01,12.01,1.3680254358475543
VYD_02508,0.04713984050360931,0.41459269162554013,408.92752982766245,10.73,12.73,0.6233457616676674
VYD_02509,-0.0125405241463785,0.4250864329151828,484.57423580786036,10.68,10.68,0.7538614095912629
VYD_02510,-0.042289580077426295,0.4316994298664728,464.04172015404373,18.6,27.6,2.1473223583711913
VYD_02511,0.01666978197253741,0.4246233902988283,542.5998882795043,20.55,31.05,5.412580112701519
VYD_02512,-0.023458303583612696,0.37466524356227654,355.82513661202194,13.93,20.43,0.9040787543159219
VYD_02513,-0.03166664242189462,0.4045515966894596,498.59746768662626,18.0,26.16,1.0407006347829677
VYD_02514,0.012485562090513637,0.42428409715391585,440.7575806192844,13.49,15.99,1.7161840571387115
VYD_02515,-0.002257474738344753,0.445220866346939,377.5810945273633,18.6,27.6,1.6593514922228987
VYD_02516,0.00898332377263821,0.47431610304660327,342.7020157756355,18.6,27.6,0.6325266783219131
VYD_02517,0.07517954366934496,0.5743800318006063,510.5041125241915,17.74,26.26,8.00113254609262
VYD_02518,-0.08382879795818386,0.40711868029238973,520.6477358490567,15.75,20.1,1.4593742264668916
VYD_02519,-0.010241678134078846,0.4140643186116369,363.6120862030659,10.68,10.68,2.4756288372144613
VYD_02520,-0.0754823703442443,0.3215848258348538,303.8241635167297,4.56,4.56,1.9658502831650082
VYD_02521,0.020241072434182505,0.5126979629887621,406.67556449809973,15.93,18.43,6.158669378098251
VYD_02522,0.08866550290548723,0.5491696210787531,500.7294398862975,9.74,9.74,4.289002920326193
VYD_02523,0.1937254219757113,0.6230576715792709,591.9526292643084,15.46,23.2,4.3810406371275255
VYD_02524,0.06138668134872003,0.47739552918474987,546.9108919687278,7.61,11.11,3.0958905968519637
VYD_02525,-0.10429472528270078,0.3329408648370711,359.8905109489051,4.56,4.56,1.094899486436021
VYD_02526,0.06499142087620513,0.530831407436084,579.905299739357,11.68,11.68,0.9523405565441891
VYD_02527,0.07456962380088833,0.416773984096539,345.89707843374947,5.39,9.39,2.2706022023771846
VYD_02528,0.18196205151228867,0.6271623116331797,492.38330134356977,12.0,18.0,2.8561152072252627
VYD_02529,0.03174858432522918,0.42280113454690693,530.9100992410976,17.74,23.32,0.9439598520037971
VYD_02530,0.05124625480642413,0.4833949205037325,593.75106685633,18.6,27.6,1.5491318021427471
VYD_02531,0.0589388650063993,0.5872348051686399,533.6132468735527,20.55,31.05,1.1899981755241806
VYD_02532,-0.006482434173176379,0.4235101397786177,511.67207743857045,9.85,9.85,1.8581236993818886
VYD_02533,0.31712515991855483,0.7676532784987498,636.1999123547358,20.58,28.78,16.934547873693255
VYD_02534,-0.2265798361685218,0.17837454107230127,355.5444703025396,16.14,23.99,2.718933688543649
VYD_02535,0.06305521398529541,0.44563059567829705,411.6165969601145,13.59,16.59,5.390429191466143
VYD_02536,0.015597220304119721,0.3439593013768742,355.49894754567646,11.68,11.68,3.2738694471485315
VYD_02537,-0.004820382258770665,0.38250714161256844,465.84033923303843,5.43,5.43,0.7678453701712484
VYD_02538,-0.11109089774330444,0.40227472335386927,497.6005478201324,8.4,8.4,1.2068645870244135
VYD_02539,-0.06010930714840257,0.3648846070471836,525.3275198768914,12.01,12.01,1.0671300660234526
VYD_02540,-0.11752096557697497,0.2456443954739983,297.40896815926635,16.08,17.43,4.37371551908846
VYD_02541,-0.07803879878529213,0.3158618496247556,427.56631435390375,14.88,19.86,0.8070940538653948
VYD_02542,-0.039376408752543855,0.46170035489027555,492.7042114188806,5.39,9.39,1.9447676695275713
VYD_02543,-0.12301065093369787,0.1469909398078904,318.6994330651062,7.61,11.11,3.011195054040894
VYD_02544,-0.14270772264762308,0.2533578341211302,279.0355037760176,12.0,18.0,5.975792366669756
VYD_02545,-0.0016018084347665656,0.41949226955516333,439.354465408805,17.38,25.38,1.0807693843602526
VYD_02546,0.008956836242694872,0.4780890654603,575.5135790089412,20.55,31.05,3.2959725353002205
VYD_02547,-0.05366419772730049,0.3561875162896957,503.30839594903625,5.39,9.39,0.8499266174890314
VYD_02548,-0.024734829924264592,0.37259786709885173,387.59395030990083,17.74,26.26,5.198183754421422
VYD_02549,0.03411395825139067,0.4850722891508545,530.8860759493671,5.39,9.39,2.088321169491828
VYD_02550,-0.07896596882971511,0.3801718051562116,365.15972972972986,8.49,8.49,1.0186006050842598
VYD_02551,0.05271117537296231,0.456409014760198,427.56399848971114,16.14,23.99,2.9153991146974403
VYD_02552,0.0838401594639029,0.42308538611508817,493.1731707317073,11.68,11.68,1.3531463964406172
VYD_02553,-0.007116568704195726,0.3862079577227444,420.59506479673354,11.68,11.68,1.5444461827806175
VYD_02554,0.024550001586977566,0.45958101963598985,536.885308784043,10.68,10.68,0.717450833914768
VYD_02555,0.08332693933646729,0.50702616611483,544.3846397968897,10.24,10.24,0.8675319856955884
VYD_02556,-0.043499347467373974,0.4440690224694527,514.8582269748188,15.9,22.5,1.6012082185587764
VYD_02557,0.11374569977900413,0.5947298301522066,587.5053910662331,20.55,31.05,1.597171093300702
VYD_02558,0.037895989425049355,0.4744107740350985,462.4048005466813,5.39,9.39,3.222723185357006
VYD_02559,-0.06216271441198081,0.38785079882835277,554.1056195965417,17.6,26.6,3.8095195271817412
VYD_02560,-0.1332967291734377,0.331211544261618,402.98459464663955,6.83,6.83,1.43223182771217
VYD_02561,-0.14316106638543072,0.12099280539915394,392.8915141286944,14.86,19.7,19.05762095057258
VYD_02562,-0.018713943900127813,0.4046440448934265,370.43181102362206,10.68,10.68,1.7454649100415154
VYD_02563,-0.05790975910547923,0.3193688795282021,485.07304585277075,6.64,10.14,2.3926423593460253
VYD_02564,-0.058345910471908555,0.2834811195914971,360.646186440678,13.48,19.98,1.428101884625508
VYD_02565,0.05851208866961927,0.5212884378474468,536.6080111946826,13.09,17.4,1.5726370291178762
VYD_02566,-0.008667963867209121,0.44404122033400606,553.3544009998215,5.39,9.39,1.5422382464857127
VYD_02567,-0.03490683603053248,0.3852784223912201,444.0194931773881,7.1,7.1,2.6927658785962754
VYD_02568,0.08523678043099168,0.5090305079021079,554.2376824817517,6.64,10.14,2.410918506986214
VYD_02569,0.17563592678484818,0.5870162294109721,551.7665354330708,15.46,23.2,2.0970244321431277
VYD_02570,0.15437755762000477,0.6175063121119427,534.9234859675038,12.01,12.01,0.9290849897573413
VYD_02571,-0.0037095600969104785,0.4475120156660336,524.965479215611,16.65,24.15,5.732013410438986
VYD_02572,0.10706603623862186,0.5892821764297212,492.75310344827597,5.39,9.39,1.398106956693366
VYD_02573,0.1416609844464491,0.5939813983526249,483.8530933633297,10.68,10.68,1.2226750902423995
VYD_02574,-0.07742276279220461,0.2695764603730318,345.69441956052066,13.48,19.98,10.437711724720149
VYD_02575,0.16634678167465358,0.6396500700808009,514.0155642023344,14.88,19.86,6.076185479442077
VYD_02576,-0.07526340524533985,0.3835601567347222,381.18971981057626,18.6,27.6,2.8218469273657143
VYD_02577,0.026621716833232514,0.48295980848768155,296.08207569073596,17.74,26.26,2.366992249737025
VYD_02578,0.18515256375043276,0.5624333289216263,416.6543084131188,13.48,19.98,2.6980555242443542
VYD_02579,0.027631854469401997,0.5158697272840571,629.7290754571209,10.68,10.68,1.0666891048378297
VYD_02580,-0.06433312811525177,0.3562192252586011,415.74978885135135,13.8,13.8,1.303672437974379
VYD_02581,0.1430880161457853,0.6398598160804222,516.1820464532328,9.74,9.74,1.317338655216927
VYD_02582,-0.028852829356890115,0.3582083182986561,472.9617087471581,18.6,27.6,4.599994990212236
VYD_02583,-0.06442477951451808,0.4461081243619563,405.07953419226953,8.49,8.49,1.1093843256581781
VYD_02584,-0.019373628806964277,0.40305954871061656,488.2458345955771,5.39,9.39,1.8252162336863362
VYD_02585,0.0018073165899032534,0.44635181292775794,486.8796583850931,4.56,4.56,0.7084532001596259
VYD_02586,0.016875833790830172,0.4317271365276886,518.5292163376978,5.39,9.39,1.4094220062249243
VYD_02587,0.019343164608784123,0.310889084605552,353.538361929427,15.98,15.98,0.8520009948956125
VYD_02588,0.018999217589754078,0.3968567685860732,477.65762633286977,17.74,26.26,2.376193827977577
VYD_02589,0.07213207087898384,0.4980580014748455,528.7083287369003,15.93,18.43,2.4976234802539725
VYD_02590,0.13583245293390714,0.5633617406133613,529.097459233978,5.39,9.39,0.7265485266768247
VYD_02591,-0.12455544252210372,0.18660977562248035,363.06553038323113,15.0,23.0,2.6006644108913535
VYD_02592,0.02932052777394775,0.4441456478445317,379.97276995305174,17.74,26.26,0.580482592772233
VYD_02593,0.07580158430849189,0.5350859650448796,534.5964912280701,5.39,9.39,1.9432285305158588
VYD_02594,0.15217429591009204,0.5838811431688053,577.9493185689951,14.48,22.48,0.6460646425110437
VYD_02595,0.1956727963760282,0.6317635297899091,745.5080291970802,6.83,6.83,0.9436588065600007
VYD_02596,0.04783396099126337,0.49312448140014986,421.8005315222204,12.0,18.0,3.7245668802436356
VYD_02597,0.304342862962143,0.7313669446093504,683.8958415064731,8.4,8.4,4.211717302205949
VYD_02598,0.10851523018288796,0.48765931635798354,358.60351648351656,17.74,26.26,0.6267024243504056
VYD_02599,-0.015608288567370962,0.3769487632084389,387.49064307587616,9.74,9.74,0.8068637960824352
VYD_02600,0.04262983745836564,0.4524647108698024,464.23082035700713,9.74,9.74,2.9014173580193527
VYD_02601,0.04313388565298803,0.49527916764467056,519.7260677466863,5.39,9.39,2.2434818911840146
VYD_02602,-0.14813883640314995,0.24221321495219736,320.6539565866544,6.64,10.14,2.3955688271847486
VYD_02603,0.10327940616408525,0.5357613348202426,595.8123327156682,6.64,10.14,2.6709841403191503
VYD_02604,0.03408270168449913,0.45713648352888914,488.70966658268253,8.4,8.4,3.2714931824040656
VYD_02605,0.046423543210817715,0.5276614609892593,567.0824147322005,16.4,24.9,4.291732015606416
VYD_02606,0.09293267378541507,0.5941089522720454,575.4766315789474,16.08,17.43,0.656953659639986
VYD_02607,0.048482775495958606,0.5396281329811202,608.5871802411056,17.6,26.6,0.9332956237858103
VYD_02608,-0.0846874284141019,0.3569540123110513,357.9665176936039,18.6,27.6,3.7597225595873804
VYD_02609,0.17736408213956115,0.5777679289688538,722.9457472873646,14.97,17.88,2.355793730310745
VYD_02610,-0.02543043029501498,0.3061495126528094,359.9119854446213,15.46,23.2,1.2058236281192087
VYD_02611,0.05510610240678061,0.4247572156414662,494.7620408163265,5.39,9.39,0.6742228163653349
VYD_02612,-0.05067429987581695,0.46302839767530185,486.27312081857525,9.6,9.6,3.497065465802465
VYD_02613,-0.06231700075930895,0.4120408772870219,463.5129554123372,9.6,9.6,2.098472402519001
VYD_02614,-0.0024173243615301203,0.4806207991842122,399.15937011391566,14.88,19.86,2.462796697627483
VYD_02615,-0.025831559419856074,0.3862554169955863,402.6556368960469,18.0,27.0,1.8827528162136986
VYD_02616,0.007280412010177678,0.40009308997103105,478.5224873795319,0.0,0.0,1.2007235120259463
VYD_02617,0.03879960750221397,0.45896618276782775,520.7964409722222,17.74,23.32,0.6346351681781681
VYD_02618,-0.06926291420342912,0.3557830005485656,398.48397592321464,5.39,9.39,1.6924971244810076
VYD_02619,0.05080410796539218,0.4792976502225323,418.09295199182844,17.74,26.26,1.3510815177132591
VYD_02620,0.05555190342563659,0.4781090818300806,474.776923076923,12.01,12.01,1.0376089917017974
VYD_02621,-0.0164204143634214,0.41387291148232536,439.53734756097566,16.08,17.43,1.0844132216461961
VYD_02622,-0.005249152630710851,0.46930893806327295,578.7229593888219,7.61,11.11,0.683504895795629
VYD_02623,-0.029552330152311714,0.3429129598831534,474.6279399088779,17.74,26.26,4.501249163874635
VYD_02624,0.036938695127446554,0.4769879345837453,594.100295333727,6.64,10.14,2.3332372178013028
VYD_02625,-0.05605819354739241,0.36975775701755625,479.796556122449,3.25,3.25,0.8633107106463828
VYD_02626,0.006979382329675993,0.4100899834317032,468.2924437933172,15.93,18.43,4.881908981014435
VYD_02627,-0.008375121585600727,0.41499166012097255,424.4841781874039,13.48,19.98,1.7809608353854258
VYD_02628,0.05963081691282632,0.5072232183531156,554.6836241664337,5.39,9.39,6.88911276802339
VYD_02629,-0.1014240199218897,0.34520082255968687,396.1985074626867,12.01,12.01,0.921449266048372
VYD_02630,0.00369281337807603,0.40905653663921093,371.62806413144295,5.5,8.0,2.076193223671468
VYD_02631,0.03162361787811142,0.4368751216234994,421.2061231755074,20.58,28.78,0.7730628095467017
VYD_02632,-0.020305101995406256,0.3908450930301999,407.0973808860407,11.68,11.68,1.9803676498715554
VYD_02633,0.010956120138735983,0.3345449924857063,490.5174705982615,12.6,17.43,1.613908531667008
VYD_02634,0.030389405289508554,0.4596300100963205,456.94633779781645,6.64,10.14,12.441784586952664
VYD_02635,0.0475194503856754,0.4551828886661455,499.4427436989297,7.61,11.11,2.3900242037635255
VYD_02636,-0.04154313854043964,0.3220738187241878,404.4010682768232,11.68,11.68,1.1893832581874315
VYD_02637,0.08244077565406205,0.5841389672517865,502.5985775719485,13.0,19.5,1.6653056014694034
VYD_02638,-0.05180805567718121,0.32012130598991984,362.4892756278148,15.0,23.0,3.6086639173446007
VYD_02639,0.01886091201808016,0.456065487782172,427.748506967485,10.56,12.56,1.2434086670802436
VYD_02640,0.05393258749858776,0.453928512122432,564.169387755102,16.4,24.9,0.8117906444826272
VYD_02641,0.049313583297137024,0.4362183947936768,595.2608190531512,11.78,11.78,1.8947830558398822
VYD_02642,0.011986038198963557,0.3974900360793813,430.9204181184668,13.59,16.59,3.9503438820856935
VYD_02643,0.09380107308168022,0.5883261232118908,360.8834335337342,18.0,27.0,0.8129748380872807
VYD_02644,0.05868639752265985,0.5048119125237039,503.89422632794475,17.74,26.26,2.3962244625845415
VYD_02645,0.10980178685776214,0.5649941005074337,497.8866808392643,15.0,23.0,2.9745113943491277
VYD_02646,0.10428721011573555,0.5330796260190268,511.72343070229954,11.68,11.68,2.2168072944050166
VYD_02647,0.294736435212064,0.7770091555520628,641.227321067744,20.58,28.78,10.33573116632646
VYD_02648,-0.05121270341288095,0.5070466493715456,445.6949494949495,13.0,19.5,1.9103057824417897
VYD_02649,-0.04462717564866574,0.40066087524169564,521.1303687796208,20.55,31.05,7.465504147785867
VYD_02650,0.01602746546145343,0.42897657139887435,507.8936078006501,18.6,27.6,1.2728318296098293
VYD_02651,0.04598642869338172,0.41931880629477825,500.3400089007566,10.68,10.68,0.6165819687815698
VYD_02652,-0.02756411942839681,0.4018495450500296,427.26918649270914,15.46,23.2,1.4327837106274905
VYD_02653,-0.015571570120710183,0.4051514501129673,518.9816987629129,15.93,18.43,8.639086816740774
VYD_02654,0.16498456406127704,0.6474249799773847,568.1028342484047,20.55,31.05,1.8547973936124054
VYD_02655,-0.037429020009337365,0.37363132190836185,421.6718446601942,13.93,20.43,4.258552523015751
VYD_02656,0.06576986454347664,0.5581785703879684,615.6894834906379,6.64,10.14,9.030897133648793
VYD_02657,0.06307504407340074,0.49247615137211165,538.5984105960265,18.0,26.16,1.0367518072086856
VYD_02658,0.004060728562452478,0.4026706313332423,428.71457515512225,9.74,9.74,2.177596389237859
VYD_02659,0.027151904618267098,0.47694689624248154,575.7269740328563,15.0,23.0,5.190647746516699
VYD_02660,0.13899062640377838,0.509370392667655,463.32284215546025,6.64,10.14,1.1542444303658457
VYD_02661,0.15825230410078814,0.6483806302300951,583.9928748000582,16.4,24.9,1.891531965155358
VYD_02662,0.07670444625306998,0.49743253845728047,527.4219819819821,14.34,15.6,1.525775350724486
VYD_02663,-0.0022601635449342725,0.38809107458794123,299.6483263084281,6.64,10.14,14.546219214239184
VYD_02664,0.04304908829327008,0.45683892838554685,490.8340399757722,6.64,10.14,0.9091964676726766
VYD_02665,0.10055998773538896,0.44781626274187053,427.41402781888127,5.39,9.39,0.9300959920255911
VYD_02666,0.031486970817157726,0.48014421022064935,520.0993087557603,4.95,4.95,1.198472996688397
VYD_02667,0.040784754703164026,0.5371242188666976,366.9670679886685,18.6,27.6,0.7796037992948982
VYD_02668,0.02776489994938397,0.4567923860118522,496.1006653167487,18.0,27.0,0.9567434376976286
VYD_02669,-0.005790159894483531,0.41760274662362246,398.39424403705897,16.08,17.43,1.3953125528163475
VYD_02670,0.018523062258737025,0.4773320583340027,455.7293074324325,10.56,12.56,1.3056822980338534
VYD_02671,0.018321529106103913,0.45093874254149435,454.81796233703517,13.93,20.43,1.1449117511869653
VYD_02672,0.018783809115320935,0.4467940502622852,417.1995803505307,6.64,10.14,2.228273474446629
VYD_02673,-0.141095611863395,0.18918120065366684,458.9344807353805,11.84,11.84,1.4082051526267783
VYD_02674,0.04218774525121958,0.5309671180946846,473.51352003862877,16.8,22.4,1.1399706105097533
VYD_02675,-0.01611193202668045,0.45697179352592576,470.6169557918299,20.55,31.05,0.9835909634137732
VYD_02676,0.06050885245164159,0.4826841977988171,427.14473095328265,15.0,23.0,7.988836607035366
VYD_02677,0.039031596318374516,0.4530717389463122,381.51565180102915,5.5,8.0,3.848072379080305
VYD_02678,0.017230911188709418,0.4898195776695738,471.7825263223282,15.93,18.43,8.858360615417707
VYD_02679,0.026031098822446086,0.422943496719924,433.6253093267344,15.98,15.98,3.2223528033335485
VYD_02680,0.12965942100211006,0.5957304788178145,657.3603331897173,17.74,26.26,1.9157696982396053
VYD_02681,-0.13764196804103546,0.2941504660353256,322.0658295281584,12.01,12.01,0.7241656560571957
VYD_02682,-0.004744127675368981,0.34943672981307766,459.6790515766316,12.6,17.43,1.125359711151706
VYD_02683,0.007246004329566312,0.44606532906100216,466.03325783105885,15.93,18.43,4.981675493450417
VYD_02684,-0.01540171871919997,0.42641834535920137,503.58401202856805,10.68,10.68,2.1900430824834554
VYD_02685,-0.011053758394994093,0.42627449274071627,446.0589937309116,17.74,26.26,1.7117360466296858
VYD_02686,-0.03734176356197574,0.41820682596370123,475.4377570468454,17.74,26.26,2.7377340217491257
VYD_02687,0.09740276879672917,0.5611434866258058,421.52075824322526,17.74,26.26,2.065949758132942
VYD_02688,-0.016210478116214077,0.45186579244647485,442.4194714253445,4.56,4.56,1.2195820114541878
VYD_02689,0.050416013789926176,0.4934555472379988,411.83681781156656,16.4,24.9,2.025602466502265
VYD_02690,-0.014863913618800576,0.3692398436418073,408.95062989445,13.93,20.43,0.7968192809324172
VYD_02691,0.009095306158132258,0.41975070392223196,394.50264783759934,11.84,11.84,0.6253584032243934
VYD_02692,0.014904356171680832,0.4456846613528586,492.2030669144981,13.48,19.98,0.59339378783592
VYD_02693,-0.04921627129617304,0.39261027920218505,431.59895833333337,8.4,8.4,0.632548245991899
VYD_02694,0.14235300511313537,0.5726695996348751,449.2287612719507,10.68,10.68,1.739315549895376
VYD_02695,-0.004545534128533041,0.45014980676901223,341.7878670788253,20.55,31.05,0.7116976131890708
VYD_02696,0.006279891553926898,0.4541889187829216,453.43169084901615,18.6,27.6,1.938491725997299
VYD_02697,0.049318594856018944,0.4575300531541872,517.9803819894564,15.93,18.43,3.184312651160914
VYD_02698,0.0592560447273111,0.44018297572062703,500.6520661157025,9.85,9.85,0.6700160894702322
VYD_02699,0.19472717256009422,0.5490530434839522,496.60252566548553,10.73,12.73,3.0322497377420756
VYD_02700,0.1604619116276956,0.6260292434592745,618.8742027913854,15.0,23.0,2.9794859425030693
VYD_02701,-0.017577885162403405,0.37054713389916505,377.6708416833667,15.93,18.43,1.10066988938443
VYD_02702,0.07029681557714469,0.5354328504857608,709.6310818546078,13.93,20.43,2.8850537992206826
VYD_02703,-0.009324427575744813,0.36659975903356856,435.43964091660763,15.46,23.2,1.159489735571331
VYD_02704,-0.010195285595223242,0.3496528084536917,467.5724404378623,8.49,8.49,0.8556151037285492
VYD_02705,0.010484048418195403,0.4614842819594388,545.0122425184608,15.05,22.66,1.4213487409351542
VYD_02706,0.045391358419826985,0.5077303137269167,530.3679985948888,7.1,7.1,15.695676198299969
VYD_02707,-0.013040128507613677,0.4359694233833165,456.5878594249202,18.6,27.6,4.469732872962908
VYD_02708,-0.0011088986489884002,0.4043696162450377,448.4447228311932,9.74,9.74,1.7686459401502344
VYD_02709,-0.02342177945687686,0.4036958380975239,449.74173553719004,12.6,17.43,0.6659107917593714
VYD_02710,0.14225290661875267,0.6030382397098771,569.6792452830189,5.39,9.39,1.5609637864891521
VYD_02711,0.008204064194281857,0.42036417208242893,430.1038150616934,11.84,11.84,1.94066436963106
VYD_02712,-0.02335401129046323,0.4325577075431656,431.6713336078589,13.93,20.43,4.631820474570742
VYD_02713,-0.010083748415766002,0.4186154896207731,554.0862199364695,13.93,20.43,1.8205954861682487
VYD_02714,0.005694338926343742,0.44424244822455466,407.5241044977108,18.6,27.6,1.0238163519573091
VYD_02715,0.017645863594403354,0.41751332953045533,399.933757151939,12.0,18.0,2.162259995182236
VYD_02716,0.19984707574132676,0.6143777945666052,815.6604878048781,12.01,12.01,0.850049898852323
VYD_02717,0.11733346227556467,0.5403898841599255,523.5565217391304,15.0,23.0,0.8862289626939075
VYD_02718,-0.005417658579278138,0.5278244708190786,570.34625826662,5.39,9.39,3.9552656585447563
VYD_02719,-0.027510391432940734,0.19650802100926218,289.13205245501683,15.98,15.98,1.8081491783032162
VYD_02720,0.1143132817052425,0.5599542515095876,557.8104262113006,16.14,23.99,3.963017186968519
VYD_02721,0.06770177312796011,0.5703695094059021,623.3129475517708,15.0,23.0,4.230526654875464
VYD_02722,0.056472297944075815,0.48709122409497296,405.0436028968014,17.74,26.26,7.29068782239348
VYD_02723,0.034882763047841006,0.45579220257198855,517.9734028683182,15.0,23.0,1.0589019507053736
VYD_02724,-0.055989843478104054,0.35532132770172004,296.4306626790492,20.58,28.78,3.4843340987970906
VYD_02725,0.010572750767248467,0.41688586350700024,430.6725628930817,9.74,9.74,0.6977832573417007
VYD_02726,0.04172209365167819,0.4626876384873427,475.1386586284854,11.13,11.13,1.0993460598710354
VYD_02727,-0.045926228099565126,0.3618018427419968,402.7366962305988,4.56,4.56,1.4882748174384257
VYD_02728,-0.005073033831676022,0.3797362485462779,442.96994590262454,15.93,18.43,1.3734561597906596
VYD_02729,0.023691273036318024,0.4643145709114599,527.053544494721,11.84,11.84,0.7294150404265484
VYD_02730,0.05014551176702763,0.442661817003841,438.9275626423691,12.0,18.0,0.6083548679216094
VYD_02731,-0.11546779508368285,0.3375875774274613,462.3074537171658,16.08,23.13,2.8390247613434876
VYD_02732,-0.017908704586819296,0.4777162235915048,469.54059417849413,15.93,18.43,4.575478849703936
VYD_02733,0.007779964794262522,0.37086949454291745,463.81011969532096,11.68,11.68,1.0116897882556661
VYD_02734,0.09091570808926427,0.5047194226963962,457.50216490096733,13.0,19.5,2.988749562732138
VYD_02735,-0.06538145671194814,0.2095462675915951,402.953204241586,7.61,11.11,1.1977588330529725
VYD_02736,0.005800350499335711,0.42892288094497594,516.5318976683939,10.24,10.24,1.701390632456127
VYD_02737,0.007432851454602405,0.45383459831748163,385.244191049914,6.64,10.14,2.5560675371833885
VYD_02738,0.06007939186030333,0.5551944455664207,537.9227544149411,8.4,8.4,2.1686096970022133
VYD_02739,-0.028396178573637375,0.28158820199590107,448.54561175961936,8.14,8.14,0.6503905564946917
VYD_02740,0.010387584462408414,0.469272950295737,548.5208405098173,16.9,18.86,0.7994900454496937
VYD_02741,-0.07012357986495343,0.3110096121094007,387.83808939347443,5.39,9.39,2.693054562987262
VYD_02742,0.07522632611950368,0.5142544445304736,507.18369489153247,13.48,19.98,0.7821202225950549
VYD_02743,-0.1190679559367897,0.34109919611382694,509.7466491841491,15.75,20.1,1.8905366367047463
VYD_02744,0.03313378411344231,0.5159859845108694,440.48258992805756,18.6,27.6,0.9539724299422678
VYD_02745,0.08688355627823917,0.5354633242782981,442.55429913689494,15.0,23.0,5.034960095234375
VYD_02746,-0.2686251636786135,0.22228710658312523,398.6962241003271,15.93,18.43,4.041606700545724
VYD_02747,-0.04726830214419605,0.41023501826033265,533.747020348837,20.58,28.78,7.59248109305486
VYD_02748,-0.10310598197826744,0.3592079283934755,416.9355957244727,15.0,23.0,18.264104674002404
VYD_02749,-0.06323536619965253,0.3658565344437618,517.0029197080291,9.6,9.6,1.8839928403710233
VYD_02750,0.05510520890169533,0.49353599071164944,412.45174379287016,10.68,10.68,2.8471224176504495
VYD_02751,0.07676754044304313,0.47952927854260335,519.6011461318052,15.93,18.43,0.9621139589362214
VYD_02752,0.044743068429632174,0.4862442270627088,674.0154506437771,15.86,16.2,0.6406688647202037
VYD_02753,-0.1104851199951471,0.30533748400574745,349.15655780196994,16.08,17.43,3.182635170496125
VYD_02754,0.08920022861278754,0.5123778250624818,562.0533738938054,13.49,15.99,0.9946780765744927
VYD_02755,0.1639272224726116,0.627373364904733,579.2921926133708,11.68,11.68,1.1785014855530016
VYD_02756,0.022596529995792678,0.4123110684029309,391.59010827674814,9.74,9.74,3.0216371728911477
VYD_02757,0.28542089100946694,0.7794754215173931,671.7970305993123,18.6,27.6,12.16678172384176
VYD_02758,0.05266252357944657,0.4371499916514366,451.870871191876,5.5,8.0,2.5755677583795675
VYD_02759,-0.027999364371493564,0.4070235793224058,429.8459043462876,13.93,20.43,4.653884508246728
VYD_02760,-0.017671132383068784,0.5195534600766677,513.0838124054462,13.93,20.43,0.9108909141827808
VYD_02761,0.004338143814751202,0.4080264087928559,376.4406127258444,16.4,24.9,3.502041062665214
VYD_02762,-0.08011661095794836,0.3691252879778765,437.310570071259,14.88,19.86,1.390098867195802
VYD_02763,-0.010525136864949894,0.4492799793913972,494.59987397605545,10.68,10.68,0.8693571182114709
VYD_02764,-0.025373855218486927,0.4330342779138229,459.54461018857296,20.55,31.05,1.9569032638177455
VYD_02765,0.14960069696879055,0.6574639436061799,605.814838123208,17.74,26.26,3.934339496516956
VYD_02766,-0.10389655098927986,0.37772238524836577,480.39092039801005,13.48,19.98,2.225437652588449
VYD_02767,0.08104798870755656,0.4881497517787321,319.6212387308279,20.55,31.05,2.348875318181778
VYD_02768,0.010983025659017539,0.45659614634325446,486.08423913043475,8.4,8.4,2.1251681935749946
VYD_02769,-0.005347343921275994,0.49999160943964643,537.3965775569751,16.08,23.13,3.5050062720093003
VYD_02770,0.16397720304807406,0.672702124428636,542.0621487176173,17.74,26.26,4.257448236529938
VYD_02771,-0.05005741794585201,0.3856725296982745,399.9552603036877,16.08,17.43,2.023902165969746
VYD_02772,-0.05295846460318259,0.3956930092319067,482.88359501894956,11.84,11.84,0.511446248846053
VYD_02773,0.009913537022780847,0.4256284390296266,434.03990478857463,13.93,20.43,1.9667447773854172
VYD_02774,0.004218341368330971,0.5122711335737127,443.2687579482832,7.1,7.1,0.647361588753243
VYD_02775,0.10066462640214507,0.5422968898595947,519.0069258266308,5.39,9.39,4.934738288519877
VYD_02776,-0.018032711976903013,0.4296392301476325,437.0992690403207,16.9,18.86,2.3309910183595153
VYD_02777,-0.04701557089508554,0.3949339201742631,407.2371531768183,17.74,26.26,3.358891067790284
VYD_02778,0.12662043315019433,0.5428788737953958,446.85360781867314,12.0,18.0,1.3131431908065456
VYD_02779,-0.01844814513582766,0.3896994339699391,488.29158790170135,9.85,9.85,1.1544950511531533
VYD_02780,0.024143524161451373,0.4493793448322411,446.5166666666667,15.39,22.44,0.7597798680693849
VYD_02781,0.05670453555700452,0.5368147493156544,446.2567577360677,10.79,10.79,3.8103728877650305
VYD_02782,-0.013623579150571533,0.4466512978499338,346.86287192755503,17.74,26.26,0.6405293126082423
VYD_02783,-0.0009318754201531176,0.4074983219735398,471.20983318700615,4.95,4.95,3.7649855373931698
VYD_02784,0.06287088916304359,0.5549231567142171,491.63952757884164,3.0,4.5,2.190829496609374
VYD_02785,0.19953312749594154,0.6480487908824114,582.411336912934,15.0,23.0,4.051377349370822
VYD_02786,0.01622626139414482,0.4951744193877978,455.5002583645525,17.74,26.26,4.269892236496872
VYD_02787,0.15877216830636875,0.6148922412693484,522.7269233317871,20.55,31.05,4.1476858720738345
VYD_02788,0.027958579913850163,0.41773995075909726,426.9266199399228,16.08,17.43,1.9257742133780542
VYD_02789,0.11112332071550018,0.5463170911430377,583.7295056073291,15.98,15.98,3.486792890416872
VYD_02790,-0.05083068931942459,0.4549920184466704,512.3470560820258,13.48,19.98,5.342980526468321
VYD_02791,0.005171092907823867,0.5673368114840207,496.6879723803302,15.79,22.59,2.949993979231803
VYD_02792,0.031417785801121076,0.43481052445810736,442.6412441886207,6.64,10.14,2.4860211119903366
VYD_02793,0.013373753126337354,0.4228392144453641,355.31019698725373,5.5,8.0,2.3721596700129575
VYD_02794,0.1435461523323581,0.5428878067842433,552.8353901273885,10.73,12.73,1.3836318254739395
VYD_02795,0.0648830877173477,0.5124581907170205,490.24808879324985,9.74,9.74,4.898381751012254
VYD_02796,-0.047999674276657696,0.2936152300398214,328.77591397849466,13.48,19.98,0.6426533297329784
VYD_02797,-0.018439892751748264,0.366612925980855,412.1635220125786,18.0,27.0,0.08823137641672713
VYD_02798,-0.05170769404887606,0.37470664058445613,317.64943820224727,20.55,31.05,1.7162776424957207
VYD_02799,0.007053363104343521,0.4000430928531214,477.22424604359514,13.49,15.99,0.9282251699388709
VYD_02800,-0.05465310186177363,0.34751564991459144,377.4749952821288,15.0,23.0,2.916689566580038
VYD_02801,0.029563254982483207,0.48084898196520953,422.58969104665823,18.6,27.6,1.747195369964436
VYD_02802,-0.06537923015069437,0.2902303952370111,335.3299474605954,8.4,8.4,0.7866357546391397
VYD_02803,-0.047229211694750355,0.3467817628942865,577.6144736842107,8.14,8.14,0.838874271433171
VYD_02804,-0.045695447434792064,0.42375639358622913,497.5388305300868,12.0,18.0,4.550905217708487
VYD_02805,0.04532577132309758,0.4913628871911605,562.0860050890585,10.68,10.68,1.6177414112290889
VYD_02806,0.08318676207584022,0.5627823676209455,398.17514317463025,15.93,18.43,9.667035449385592
VYD_02807,0.046654632913188096,0.5011302450115953,449.8894589552239,10.16,13.06,1.1804557946756458
VYD_02808,0.03888322660065132,0.476946848069888,525.4916477624253,12.01,12.01,1.3315231477878529
VYD_02809,-0.05953739883667955,0.43400259187033036,502.10971446306655,13.93,20.43,1.7682780762719077
VYD_02810,0.05494284918537302,0.48026600848401824,499.50640063564936,12.98,15.48,3.103501307520632
VYD_02811,0.004843554817620138,0.4355380884170255,421.9272039706925,7.1,7.1,1.1675075393508845
VYD_02812,0.05010033429255858,0.46913086870669424,397.9697672959918,15.0,23.0,8.77042548909308
VYD_02813,0.0686779300301501,0.475183276711642,405.94358517859126,6.64,10.14,2.4715042188628313
VYD_02814,0.05926504076889839,0.4644949722144642,444.0897334479795,6.64,10.14,7.989802775924817
VYD_02815,0.027973788555221056,0.45329709226440024,342.64639536656,18.6,27.6,1.806425842670057
VYD_02816,0.09208365433468896,0.4795004526870773,377.8421827357797,15.46,23.2,7.849813827717959
VYD_02817,0.054280630945874785,0.5113554681294086,463.39199999999994,16.4,24.9,0.6885300987607491
VYD_02818,-0.09991456315725704,0.38744880252263764,437.6907928388747,14.88,19.86,1.0755754984102042
VYD_02819,-0.0118932022592268,0.41021169291309373,500.17740365901136,20.55,31.05,19.81631405110454
VYD_02820,0.10201993222887956,0.5525174970257003,567.8231566820276,16.0,19.52,0.954889923819179
VYD_02821,-0.01498746054457449,0.3777930089506288,438.41067798636846,18.6,27.6,4.600011891960084
VYD_02822,0.032859980111530594,0.46876281871527653,548.9065291463303,17.6,26.6,2.9637486051136164
VYD_02823,0.21040189266216308,0.7195936448432092,547.7103878116343,18.6,27.6,1.9870383335976192
VYD_02824,0.024288202193160927,0.4429119678497223,469.2795011192835,13.0,19.5,2.5828272703676993
VYD_02825,0.11994290235622915,0.5257607837015031,415.3068905616677,15.46,23.2,0.9510274305353772
VYD_02826,-0.015408927412793438,0.412055977364956,365.4434604904632,5.39,9.39,0.8079725636537233
VYD_02827,0.06976953745936162,0.5104209064031547,646.2148484848485,16.9,18.86,0.9070113338955809
VYD_02828,0.11763540272866181,0.5514640986605676,430.09345251915477,6.64,10.14,2.367867361231151
VYD_02829,0.0037065072005132917,0.4020815651000987,488.4670341432087,4.83,4.83,5.133615948829699
VYD_02830,-0.02826181525052469,0.45532101530691094,487.7505809450039,13.48,19.98,0.3569851049667379
VYD_02831,0.0420645406567703,0.45494110294110335,453.6282845406532,6.64,10.14,4.218232475324914
VYD_02832,0.16489529800237063,0.6193393015011955,513.0192739941562,13.0,15.7,4.8950651999615316
VYD_02833,-0.0933881510465967,0.3488977656759906,449.82179132040636,16.08,23.13,0.8961574046001173
VYD_02834,-0.005200341355684361,0.39333260650847357,582.4452808338158,16.08,23.13,0.9621568191048738
VYD_02835,0.015760005587244295,0.41332244365293114,466.995385489138,18.6,27.6,7.7601182760111636
VYD_02836,0.026220736159137958,0.5316572014320109,593.6720151610867,17.6,26.6,2.183875880972603
VYD_02837,0.010819729135835636,0.44075517757739574,549.9768006065202,4.95,4.95,1.8137703433276584
VYD_02838,0.015122893264228904,0.3653965315305144,308.7498703543647,6.64,10.14,3.182471994968615
VYD_02839,-0.021699391969998195,0.4225426345529179,530.6220197096535,7.61,11.11,2.607704091669488
VYD_02840,0.03791695691344851,0.4719531358725118,486.66998211890905,5.39,9.39,2.466884021608183
VYD_02841,-0.07244743998733175,0.31184686722446614,406.22291797119607,16.08,23.13,0.8783624791977607
VYD_02842,-0.07937403890303098,0.3840503136173417,390.32872070036706,16.08,17.43,0.9731698900709632
VYD_02843,0.025504698486498643,0.46247689751213855,513.2875746066195,9.6,9.6,0.5048253881722563
VYD_02844,0.07337514412405194,0.5463171285493837,458.4810825013136,16.14,23.99,1.0481445733486843
VYD_02845,0.01380349218694433,0.3926060062104986,402.1841205211726,12.01,12.01,3.378475984197521
VYD_02846,-0.02144803215890104,0.3872327658744852,365.0444591904446,16.4,24.9,2.072050518298387
VYD_02847,0.09124341271830344,0.5771052758007024,578.7608409986859,20.55,31.05,2.524148680643169
VYD_02848,0.02087963991529711,0.37948849059517764,438.62894207112515,12.6,17.43,1.229960290976165
VYD_02849,0.10175745122739321,0.5183888931675713,671.4193032917864,10.68,10.68,0.862572753347604
VYD_02850,0.055868324355738366,0.49068250556022625,503.29879767048646,6.64,10.14,2.9250625077831414
VYD_02851,-0.08434553506192051,0.36449345815626355,407.6152972358956,15.46,23.2,0.7279198527756684
VYD_02852,0.0505176978097307,0.480744893605545,514.3553941350551,11.84,11.84,3.0701665665402476
VYD_02853,-0.0025097598199652718,0.3978703449499909,389.7260869565219,7.1,7.1,0.9512993133039814
VYD_02854,0.13306230146176848,0.5361278299264596,562.4613903331408,20.55,31.05,1.4284781099950423
VYD_02855,0.03617209300948899,0.4234796485608014,475.8116351588382,6.64,10.14,2.823694458958053
VYD_02856,-0.038102880009115186,0.40261243745005776,597.2608977685521,7.61,11.11,2.1220801098252724
VYD_02857,0.0271109059553113,0.4403043658854549,493.0835738651272,15.0,23.0,2.0961828601979238
VYD_02858,0.1815239540326892,0.6254758801112473,544.3959905660377,5.5,8.0,2.3313223837774903
VYD_02859,0.056438961589529955,0.44020093130861704,512.444146559428,7.61,11.11,2.466899977934642
VYD_02860,-0.13669797982120144,0.17961569986592552,309.06259980836785,20.55,31.05,2.585215067004394
VYD_02861,-0.031876491816541286,0.4344493915725361,456.0133393624236,15.0,23.0,4.85395913485573
VYD_02862,-0.012431364676234062,0.4613604811724957,547.8845991114875,6.83,6.83,2.6023879882856717
VYD_02863,0.019661987530443386,0.5217874601201918,578.5083495987855,11.84,11.84,1.2704122917330696
VYD_02864,0.09375196583334518,0.5543960307121668,535.4083858086316,12.0,18.0,1.7948868288643065
VYD_02865,0.008289553956580105,0.43907458422404316,484.1537773804201,9.74,9.74,1.8684198019357872
VYD_02866,-0.015946081079185798,0.4343383318567354,446.0830137471238,13.48,19.98,4.61875139070707
VYD_02867,0.07333641641635026,0.5051447060990367,561.246768820786,15.86,16.2,2.068829508690611
VYD_02868,-0.003672322539072056,0.41192796498381185,476.55746664523394,9.85,9.85,1.705800028301517
VYD_02869,0.031022548327060136,0.46682381648955107,386.2306448778775,17.74,26.26,7.825554543637394
VYD_02870,-0.08427174519782235,0.328823761112296,340.5604065989003,12.01,12.01,1.6426901293196052
VYD_02871,-0.016288318672601006,0.4034263596733893,337.42954285329563,6.64,10.14,4.086454267911379
VYD_02872,-0.014318887806550567,0.4160580743276617,477.1275487086541,15.38,21.94,1.2157985898633754
VYD_02873,0.031044959868259232,0.4625627002514962,516.0109752709086,11.68,11.68,1.9772403031424892
VYD_02874,0.01066713129501616,0.4462144598081537,595.912382655342,10.68,10.68,0.6120883508238456
VYD_02875,0.08751357333104202,0.5119005873729437,415.09568480300186,20.55,31.05,1.1747685480631946
VYD_02876,0.09699432224020846,0.42822595543312125,415.49940298507465,18.0,26.16,0.9130041335575976
VYD_02877,-0.04177848471468013,0.34815168811555397,383.8747746271103,20.58,28.78,1.6791030080311187
VYD_02878,0.0399495030092101,0.4520780709912116,589.2326824254881,10.73,12.73,1.3410980012299603
VYD_02879,0.15135406097743231,0.5638966316818503,460.3353335193973,13.8,13.8,1.9721475568569724
VYD_02880,0.027921732912210458,0.5220388712910609,551.3625670656211,20.58,28.78,3.970671377233357
VYD_02881,0.05770825071071629,0.4743631269762896,530.5226753048781,15.0,23.0,1.4448083440943393
VYD_02882,-0.038320734505523264,0.4110483973924652,420.8389610389611,15.46,23.2,0.7434112842028586
VYD_02883,-0.12142689387223796,0.32667897494604625,294.929520295203,12.01,12.01,1.4894648937240282
VYD_02884,0.09164329653908303,0.5397693183795089,556.8548895899054,8.4,8.4,0.5243363346481464
VYD_02885,-0.003441384116222136,0.3617358541590391,409.01519949335017,13.48,19.98,0.43005179154397793
VYD_02886,0.16735961753980014,0.6526209959384418,551.9412660798916,13.0,15.7,1.6282018003136656
VYD_02887,0.2027132447253988,0.681847090260064,679.4136946351542,20.55,31.05,9.062017263759023
VYD_02888,0.09392959115366435,0.5159974690018581,440.99960254372013,15.0,23.0,0.6940210518112075
VYD_02889,-0.019268515674020964,0.42847189807894187,410.3671941466734,13.93,20.43,8.031802253609243
VYD_02890,0.01590242416310677,0.4449381139350103,448.6647403792647,17.74,26.26,6.441851459524641
VYD_02891,0.038969464000111906,0.4690513943404164,389.12883652014386,20.55,31.05,3.908423187750288
VYD_02892,0.03362426422125026,0.3947380145304514,331.8358518518519,15.93,18.43,0.9291279940300181
VYD_02893,0.0012695645315697892,0.3774075155565033,446.14340228961635,10.24,10.24,1.3690951183145252
VYD_02894,0.003849286170498899,0.38704934032768873,474.7360603701263,15.98,15.98,4.589758043082011
VYD_02895,-0.05194945106988038,0.41081687939965694,453.17132292522604,16.08,17.43,0.6690511215562251
VYD_02896,-0.08248982268893791,0.3558021709732895,380.6161757830762,14.88,19.86,2.3545463774457667
VYD_02897,0.027337347780841063,0.5845842356051365,510.81128112811274,13.0,15.7,7.339540214274006
VYD_02898,0.0011680027583235455,0.42081011350313324,366.0975363780435,16.14,23.99,3.8191358365779577
VYD_02899,0.05255334695969646,0.44599572388460884,618.5141529362063,15.86,16.2,0.6524668910148972
VYD_02900,0.10796560451593129,0.48788202887797705,471.04488579940414,20.55,31.05,1.3861002725139786
VYD_02901,0.16859950461099885,0.6300039465457047,654.1748254603353,20.58,28.78,6.716271720212429
VYD_02902,-0.014033308060525055,0.3821352984106674,454.03966730646187,5.39,9.39,0.8612960277882256
VYD_02903,0.0929517970905208,0.5221174243648473,485.9408515696008,16.4,24.9,3.933238511340328
VYD_02904,-0.07614956403724879,0.3618469755559028,321.8861047835991,16.08,17.43,0.7245867075828244
VYD_02905,0.12446118184148128,0.5671523439469158,592.9844539141413,6.64,10.14,3.48456603740578
VYD_02906,0.061736527889253164,0.5197127622636653,479.6519083969466,14.88,19.86,0.7180319063895733
VYD_02907,0.04057430962381306,0.47658432700952646,489.8433147632311,7.61,11.11,0.791784162847793
VYD_02908,-0.05523096136928495,0.3410058914733511,433.96429988099953,10.73,12.73,7.615159275096822
VYD_02909,-0.08780854307065811,0.3154196982905435,434.26808125242593,18.6,27.6,2.129067973181841
VYD_02910,0.11138630404545113,0.5839970552183128,600.6678198145147,15.0,23.0,3.725385158898034
VYD_02911,0.14441385690508818,0.6289227402561203,560.7810671710732,13.0,19.5,12.514547735950158
VYD_02912,0.11228331804089622,0.541189261358298,531.9083061692622,15.93,18.43,4.556022376659629
VYD_02913,-0.021695854184113742,0.49399083199150506,527.5859310344827,18.6,27.6,0.997757450321788
VYD_02914,-0.03684679847757783,0.3350810787852596,458.9857341684064,9.74,9.74,0.7931891708953451
VYD_02915,-0.005716979860780432,0.4443990873935541,348.8002875152051,20.58,28.78,4.977261949131195
VYD_02916,-0.010337549598371779,0.4173713733915617,530.6024042742654,7.61,11.11,1.857913882536393
VYD_02917,-0.05726846422119072,0.4023472270819062,493.3827993254637,17.74,26.26,0.6578790571690711
VYD_02918,0.09867286484799472,0.5194884765384068,419.7123893805309,13.93,20.43,1.05950456128241
VYD_02919,0.015106008506048237,0.5083704897297983,483.35475480555743,12.0,18.0,4.3465797356203515
VYD_02920,-0.10475197287500103,0.3521065884917049,433.3340823970037,16.08,17.43,0.3634922041742744
VYD_02921,-0.0005340401032245495,0.4194309895996545,390.5260621988612,6.64,10.14,0.6292717846987936
VYD_02922,0.05638225295681811,0.507243543853896,474.99675324675337,16.4,24.9,1.3564690846494636
VYD_02923,0.0288620615147061,0.41450035436921984,370.3549537533705,20.58,28.78,9.487163838481834
VYD_02924,0.08402208096525211,0.3663110733032226,325.8960592435864,10.56,12.56,1.0404937717199434
VYD_02925,0.015541706648057195,0.4208738307062881,462.52370030581045,11.68,11.68,2.175322110775923
VYD_02926,0.014735192310689154,0.4225611593858031,516.6051293389344,17.74,26.26,1.24326460687096
VYD_02927,0.08822723818225851,0.5549832232639298,559.9129008746356,17.74,26.26,0.7550471745097844
VYD_02928,-0.027453511930733553,0.47839204627064197,558.2564597923208,18.6,27.6,1.1414568486606709
VYD_02929,0.050321539317563814,0.5139831771083474,457.1881365091242,9.74,9.74,6.626071274260799
VYD_02930,-0.07418442889295601,0.36770797955765394,442.27395643309376,14.88,19.86,2.5631665190585053
VYD_02931,0.06908146203255083,0.5532853977629709,623.6857908847186,15.0,23.0,0.5152976403442658
VYD_02932,-0.008016864613305374,0.4765934331980486,497.1734098860678,15.93,18.43,3.0687747993496006
VYD_02933,0.024227577688930163,0.4387838561445662,457.1854700854701,12.0,18.0,1.6113878129825205
VYD_02934,-0.037657981976275005,0.451622961562557,396.74580318887405,12.01,12.01,3.9231714971839238
VYD_02935,-0.08714224843344336,0.3324606031671533,349.11636759108205,18.6,27.6,1.5275198317425973
VYD_02936,-0.006564940984941641,0.3405045745013867,405.41758035797955,13.93,20.43,2.9441774418324007
VYD_02937,0.08675333908263734,0.5074367822142729,501.8830599008012,18.0,26.16,2.8811693720730136
VYD_02938,-0.015058346103910068,0.3794270959695987,450.0409742120344,15.0,23.0,0.9636243705017105
VYD_02939,-0.012454236575466583,0.40827581979090477,530.2396586904099,13.93,20.43,1.484108937947158
VYD_02940,0.011721841918700201,0.49425997819995604,510.81764141898367,18.6,27.6,1.4378242344470693
VYD_02941,0.04503081510810116,0.48923548503799186,417.1513292433538,20.55,31.05,1.620010125950366
VYD_02942,0.07317871583211971,0.49117895284355384,527.2643533123028,7.61,11.11,2.183393712384693
VYD_02943,0.17237077882063417,0.6532137729058967,640.6769143451731,17.74,26.26,5.811405021196716
VYD_02944,-0.05894135326364576,0.37852516642761314,420.57113067655234,17.74,26.26,1.1903566758338728
VYD_02945,0.09793083457228244,0.48692691421126555,426.0349517906337,10.56,12.56,1.598441408085193
VYD_02946,0.06811426060338116,0.5025184862588337,480.22550790067703,12.98,15.48,1.220480575233756
VYD_02947,0.17178779716748016,0.6326205558555738,557.6182447940575,13.0,19.5,6.600713969904119
VYD_02948,0.07260623439554999,0.5265492748141434,490.60631578947374,20.55,31.05,1.566278021804691
VYD_02949,-0.043560621509314806,0.3738812666635033,451.83950969213214,15.93,18.43,7.732734407213741
VYD_02950,-0.048738624284662344,0.41763349652642273,533.73289947383,17.6,26.6,1.9967835170901316
VYD_02951,-0.08709526527113988,0.3558925320069141,415.01947690595443,5.39,9.39,0.987803197319585
VYD_02952,0.02150301377311538,0.4835329958363292,524.7809414088215,11.68,11.68,1.676299859887483
VYD_02953,0.1871412244068618,0.678945675349701,628.2292193254856,15.0,23.0,3.816301739881297
VYD_02954,0.08503619582260837,0.5377455181601768,589.8458857268915,11.84,11.84,6.239478901376409
VYD_02955,-0.03397453452588888,0.3647393949304494,436.680196801968,12.63,12.63,0.8965876151112608
VYD_02956,0.021920071490670507,0.47923443731008236,420.258678490321,17.74,26.26,5.087594778304237
VYD_02957,-0.03747519717272712,0.48117743820475234,377.04367182531263,13.0,15.7,1.304045470056013
VYD_02958,0.06378759971544962,0.46886766093099497,472.2636487999005,9.74,9.74,2.2161142753008805
VYD_02959,-0.09773089644189605,0.2830887066216957,399.796875,5.39,9.39,0.9893837842301265
VYD_02960,0.040195862178210084,0.5287992628914365,486.82549309664677,20.55,31.05,5.578561235111134
VYD_02961,0.024201506999548015,0.4968978223410707,512.585512216031,13.48,19.98,0.644306169164233
VYD_02962,0.051035525159284514,0.46980973347873306,599.389660087077,6.64,10.14,14.084622608544578
VYD_02963,0.057232893841614375,0.49750388598383777,378.67298847604775,20.55,31.05,5.322479247900429
VYD_02964,0.026322877173029672,0.39497816750705655,526.441435768262,13.59,16.59,0.4481776868379434
VYD_02965,-0.06013250144496641,0.3449017124367561,430.79540827867004,18.6,27.6,2.432179530892064
VYD_02966,-0.04546786588199646,0.3781353085413108,472.0449003498929,13.48,19.98,17.829035909418035
VYD_02967,0.0012751340775703417,0.5339019078816688,636.5855847688123,12.01,12.01,6.072890128972428
VYD_02968,-0.057953174913796,0.37376040861105025,469.4586530264279,9.74,9.74,0.6541423602087731
VYD_02969,0.08960205883599807,0.5573222168073955,616.4391265990297,13.93,20.43,1.2576819331798677
VYD_02970,0.023900344500584245,0.46263976475566027,541.2534414610877,13.93,20.43,4.040312571942861
VYD_02971,-0.03078802708106205,0.3926572817280179,431.28134424816886,10.79,10.79,0.6402456064938162
VYD_02972,0.008614740252335175,0.42615917924126556,502.89758856802626,13.93,20.43,0.9266813874041412
VYD_02973,0.0018158237714402331,0.46634101926432264,569.9036691904486,20.55,31.05,2.3687166033313343
VYD_02974,0.06360481013104306,0.5319757533464836,457.1884221311475,18.6,27.6,2.6924787466148135
VYD_02975,0.005596958886804749,0.42503190383237766,392.28653115829474,15.0,23.0,12.73832997479912
VYD_02976,-0.08095245254367797,0.31665293930310917,416.0997154600063,18.6,27.6,4.371949707956231
VYD_02977,0.02338784165953864,0.437527581638613,356.6772197962154,12.0,18.0,2.270415768116997
VYD_02978,-0.13503948704008992,0.23339197598779163,443.4537072608529,17.74,26.26,0.717048170562952
VYD_02979,-0.14509798095505874,0.20692587568448365,328.4512567828853,20.58,28.78,4.425879017594156
VYD_02980,0.016895904567469137,0.48015454142656044,519.64738782255,9.6,9.6,2.1578261145689934
VYD_02981,-0.029063539857276055,0.3459828963613835,359.2387002473578,10.56,12.56,2.451468166610286
VYD_02982,0.057706127506223025,0.49756086176085185,491.740062024246,17.74,26.26,0.9766166341724384
VYD_02983,-0.07887294545111609,0.324059993336926,375.09786780383797,9.74,9.74,2.608298501995935
VYD_02984,0.10839347426559337,0.6039142076983037,448.52285783639434,6.64,10.14,6.800624222330581
VYD_02985,0.11197611640890083,0.5433334598719253,589.0160904725277,5.39,9.39,13.221310246281606
VYD_02986,0.06812752957084942,0.4979566324596367,496.02241778601194,16.08,17.43,2.965869626764844
VYD_02987,-0.07297679387436994,0.3152008645472109,411.98873692679,9.81,9.81,0.685041426072264
VYD_02988,0.10004721601219797,0.5633624278851924,588.4038128249565,20.55,31.05,10.166340482158546
VYD_02989,0.010251934122640114,0.4550273167470916,515.9935472306865,7.61,11.11,1.5320229884471008
VYD_02990,0.04884606154467704,0.4112025187167132,494.8389868036489,7.61,11.11,3.1008097687021965
VYD_02991,0.07900163425632716,0.5135285516034973,570.0537866092089,15.46,23.2,3.44938911991046
VYD_02992,0.12254813594648324,0.5890712996964181,514.2566815144768,15.0,23.0,6.916091424690061
VYD_02993,0.023840668387137515,0.5125434391057417,517.042942942943,16.63,16.63,0.916773197724579
VYD_02994,0.055025667900706114,0.3590011693360592,352.15344293543006,5.39,9.39,1.1559763327280634
VYD_02995,0.04522380833981669,0.4926841386793143,572.2714054927303,13.59,16.59,3.071590711168492
VYD_02996,0.062247566452362374,0.5669256851345977,465.1615632554391,18.0,27.0,0.6861104088021386
VYD_02997,0.008554968397461607,0.4360087398890442,468.5221330039119,16.08,17.43,1.3351096153125976
VYD_02998,-0.19219887954213455,0.14393377218444353,253.81173847256505,16.65,24.15,3.455979073902661
VYD_02999,0.07503410401012921,0.5178914753565689,542.249218527991,11.68,11.68,0.968564050592031
VYD_03000,-0.009651145605717282,0.45443002577221914,461.47049331489166,12.01,12.01,3.585200951341712
VYD_03001,-0.03925501274270919,0.4644945619648892,516.0355759070096,16.9,18.86,2.3536741617231742
VYD_03002,-0.09945116635874227,0.30404659544488116,409.477798457857,4.56,4.56,1.0348120227763353
VYD_03003,0.01667895540896453,0.41519573178974173,460.9727272727272,6.64,10.14,0.15372927419107948
VYD_03004,-0.023031982108987617,0.3975077121533627,384.7775647171619,17.74,26.26,6.608130642749477
VYD_03005,-0.026043031531572575,0.4165973893115103,498.34001045114087,15.93,18.43,1.5669983129719225
VYD_03006,-0.0025793476949265612,0.38641444602700914,396.4886783362775,5.39,9.39,1.7152827717600188
VYD_03007,-0.00548433717968712,0.4564479411968823,429.74427064387055,16.08,17.43,1.5109317107251339
VYD_03008,-0.07725663832539828,0.4176422169430391,375.35564466378776,12.01,12.01,1.7904564796060867
VYD_03009,0.015663587640687336,0.40829658139627245,343.61448427212866,20.55,31.05,2.2564969105832673
VYD_03010,0.26817383539409934,0.7273600029626017,621.4478305199953,20.58,28.78,7.274686789143786
VYD_03011,-0.04893770029458414,0.34326294184131073,357.7714190093709,13.93,20.43,0.826751128161739
VYD_03012,0.09660853123081085,0.4835675320501099,447.47078705939157,20.55,31.05,1.141044471035254
VYD_03013,0.03464541891238731,0.43264458512136766,448.75639493186713,11.68,11.68,1.1381607353472636
VYD_03014,-0.08999858664216905,0.29587011104883254,370.58831316187593,16.08,17.43,1.4547930079957931
VYD_03015,0.11065938214679055,0.5534783879023807,687.5543618739904,16.8,22.4,3.4126499095730622
VYD_03016,0.017608160390673925,0.4771181965006407,433.00274355523334,20.55,31.05,5.327492111034456
VYD_03017,0.01586821571476919,0.4835432782966859,424.585529067336,18.6,27.6,0.6620082254950025
VYD_03018,-0.07182697880615295,0.3455858207722938,356.2628147074805,12.01,12.01,1.5251812859971734
VYD_03019,0.028542649530263833,0.3650836155726019,424.6403385049365,5.39,9.39,0.9684250008914872
VYD_03020,-0.005550856544623342,0.4671127861611927,488.6657259561827,18.6,27.6,3.7330742590139288
VYD_03021,0.03403422623181646,0.41814225171241876,434.2843157112956,16.4,24.9,4.072503046019733
VYD_03022,0.08465346480973532,0.48694951527008257,458.2195746496906,10.56,12.56,7.735983679349022
VYD_03023,0.010285721418915976,0.484776495444409,438.0725511138237,16.08,17.43,3.6030287308353284
VYD_03024,-0.13192185664902364,0.18265534473670703,434.886716405111,15.46,23.2,3.207173828292855
VYD_03025,-0.08478146307473083,0.3056444565527189,423.5678464150451,20.55,31.05,2.108657496013744
VYD_03026,0.030273868699014033,0.43519964447432313,479.48911691542287,9.74,9.74,0.8916611615742223
VYD_03027,0.11669090522285144,0.6263013689908602,591.7436049970255,20.55,31.05,2.3154293509669848
VYD_03028,0.03111525531584662,0.38244570055854327,371.1871422280933,5.39,9.39,0.6257716222827454
VYD_03029,0.12686273575939913,0.6437595230948107,607.1870164035902,20.55,31.05,3.5601034347581684
VYD_03030,-0.014159090525143598,0.3886908034237402,429.8008538422902,5.39,9.39,1.0966709718727838
VYD_03031,0.24561250005238486,0.7185119494891394,633.9761545538175,20.58,28.78,7.47763918694104
VYD_03032,0.13638939737154976,0.5597358214350446,498.74741506646967,16.14,23.99,2.9814409758127582
VYD_03033,0.0989833369409258,0.55499981124577,552.7325540205454,17.74,26.26,0.7790269122216095
VYD_03034,0.20881456844073856,0.6768346437734701,569.1141500163774,13.59,16.59,1.6816587500390252
VYD_03035,-0.018029066641604335,0.4201162912767276,446.45761830473214,13.49,15.99,3.1776594472049693
VYD_03036,0.030919777775193353,0.46742123722654116,473.70447480366465,15.93,18.43,6.746202862876747
VYD_03037,0.1020273206666208,0.5437647498632151,486.25789942145093,16.8,22.4,1.2364225146188643
VYD_03038,0.13414811691002484,0.5681181186664088,558.1474922522293,11.68,11.68,4.346978265193472
VYD_03039,0.0912686327673866,0.5619682027342223,567.3829404714343,13.0,15.7,1.3776695896376285
VYD_03040,0.13919642962143733,0.4748243706939863,362.6093803491954,10.56,12.56,0.8043521648586769
VYD_03041,-0.04823570292708078,0.35931711653530224,524.7051813471502,11.68,11.68,0.5323192971887727
VYD_03042,0.04787046681442642,0.4463105343525139,551.0514403292182,12.01,12.01,1.5964824042505283
VYD_03043,0.008535695638899278,0.4111352508202322,421.4514858096828,7.61,11.11,4.1243306332122
VYD_03044,-0.1751090016492667,0.28296293586566773,232.94059405940598,13.0,19.5,4.615204220748188
VYD_03045,-0.06672244649222875,0.34289716047963986,434.80426666666665,16.8,22.4,1.0259217849057944
VYD_03046,-0.05084666009548442,0.3578844468284723,403.7059686888454,10.68,10.68,1.1240475308447868
VYD_03047,0.011991160628846944,0.396596742941088,410.8895776272164,13.59,16.59,1.9081493871327964
VYD_03048,-0.023158034963327738,0.4726179093533256,495.69917324314173,12.0,18.0,1.4664940165208937
VYD_03049,-0.0678913974963175,0.40010389457661755,511.31724911830713,17.6,26.6,1.7335409728335547
VYD_03050,0.03160857609711337,0.4135014205855665,484.0220953326713,11.68,11.68,1.108496750113348
VYD_03051,0.0022281706019231444,0.45061222399609085,539.3192083227608,15.0,23.0,2.171138320102314
VYD_03052,0.017519791236265896,0.49017976848319855,481.74690976514216,17.38,25.38,7.1244830026069135
VYD_03053,-0.06779622517382135,0.28558993995172427,339.8652883569098,15.0,23.0,1.2688723102564807
VYD_03054,0.07581318374676659,0.5734732449596249,399.45136086545904,13.59,16.59,3.224305792920106
VYD_03055,0.03393598557288305,0.37044136795034244,416.5780167699599,18.0,26.16,1.5130948661572317
VYD_03056,0.10411231536203887,0.5077477538019423,457.5444528555808,20.55,31.05,3.270888554580762
VYD_03057,-0.06678105171044584,0.39578227259288645,469.4093413802151,9.74,9.74,2.0855371518453647
VYD_03058,0.06019333676037762,0.5097809475372982,537.5232427576913,5.39,9.39,2.4506563715646843
VYD_03059,0.02476238712384245,0.45643507903461605,469.1729012405036,13.48,19.98,2.8768304695656983
VYD_03060,0.14010554735084552,0.6347426233781281,595.0871548619447,15.0,23.0,2.2946182955351353
VYD_03061,-0.005225905728922181,0.45340205991578364,548.5907376362111,16.65,24.15,1.3188707405861144
VYD_03062,0.004812108748705558,0.44360837456617197,435.13281878115447,15.93,18.43,1.7122007420358407
VYD_03063,0.0258029137425114,0.40843216075557187,437.5751633986928,13.93,20.43,1.0115755249433696
VYD_03064,-0.002038629776199788,0.37064355952106914,445.9799999999999,15.46,23.2,1.0318322568614438
VYD_03065,0.07816167606780036,0.5104387706867555,524.1140028288544,17.74,26.26,1.9492756135559997
VYD_03066,0.14116396149560578,0.5113414812271824,550.4675531146119,11.68,11.68,1.9024549558648431
VYD_03067,0.012860241772051834,0.4298995197489647,514.325031658928,15.93,18.43,0.6520421879448549
VYD_03068,0.05504046330494533,0.5399399548586926,526.5187312839943,20.55,31.05,4.500548320275802
VYD_03069,0.025297112634862864,0.4747521189619159,446.869509573052,12.0,18.0,5.406284484876426
VYD_03070,0.04386697024602811,0.4721751332353706,530.5200814901049,18.0,26.16,2.8336642633622726
VYD_03071,-0.005186848591449264,0.4457420270888718,390.7676363125351,18.6,27.6,3.9178958875728886
VYD_03072,0.05544167412945233,0.5289581408929586,439.3931203931204,11.84,11.84,0.7837337091198231
VYD_03073,0.06066062578124003,0.5237616551147874,549.5779163930839,15.93,18.43,2.5162810492222025
VYD_03074,-0.018459263073266483,0.4082208443020585,388.4773362619807,18.6,27.6,2.772356731240991
VYD_03075,-0.13324234646236505,0.29606896461640164,407.0837127845885,10.79,10.79,0.7738333783915218
VYD_03076,-0.031519777462529486,0.3579788435683103,425.3253194120071,11.68,11.68,2.0077262646833245
VYD_03077,0.05144803229777641,0.5100493957734207,509.17910085054683,17.74,26.26,1.1350413314468424
VYD_03078,0.011849731612392575,0.36779481075246406,404.7726308921873,13.93,20.43,3.382353210976868
VYD_03079,-0.031447689188009637,0.2548358509110965,248.2295180722892,10.56,12.56,0.9156504941208626
VYD_03080,0.0422581617611024,0.5345160125289403,472.08483290488425,18.6,27.6,2.895170664541304
VYD_03081,0.04605887782809547,0.5067234927963047,517.8144611186902,15.93,18.43,4.841943168013576
VYD_03082,-0.05574439225734901,0.37043254382770524,364.7573029891305,4.56,4.56,1.6204055671185567
VYD_03083,-0.029115365713560493,0.38445409130760405,476.4486643064049,10.68,10.68,1.7098351360517103
VYD_03084,0.013566902174548244,0.414141607131391,424.37424822307275,13.93,20.43,0.9927132259083781
VYD_03085,0.07621696356182421,0.49771691982440025,461.5520000000001,20.55,31.05,0.7241994421748152
VYD_03086,-0.005636042882790638,0.4959727013729496,577.2185815014518,15.75,20.1,0.6635075189149782
VYD_03087,0.10202579034866015,0.5685691674119455,568.3711192810459,14.48,22.48,2.696270677769358
VYD_03088,-0.03911698781368208,0.49166683205690415,563.1330698287222,9.6,9.6,0.6279175689033817
VYD_03089,0.12318364623711069,0.5740767234743785,482.79608326485896,13.8,13.8,2.0041866553130054
VYD_03090,0.06750530324161491,0.4814105572672933,562.5594989561587,20.55,31.05,0.6576856781038793
VYD_03091,-0.09117435373637589,0.3952996100722714,480.9584457636265,16.08,17.43,1.0243596947748648
VYD_03092,-0.04936640883342393,0.42238305914025875,442.528945861696,20.55,31.05,8.665340272767931
VYD_03093,-0.04471117908337566,0.3244263075132592,375.7389575971732,4.56,4.56,0.6233881114046299
VYD_03094,0.09994546399434238,0.5433156318310783,424.05547095932127,17.6,26.6,1.266654993660844
VYD_03095,-0.09502672191978326,0.1666549299437724,387.80035741639006,13.8,13.8,1.0805057762613923
VYD_03096,0.0019262486033830403,0.4510290087668987,533.9569898083413,18.6,27.6,15.852538642875553
VYD_03097,0.13604431948142587,0.5821519414655462,532.9165739710788,18.6,27.6,4.467646586184675
VYD_03098,-0.007266861885458055,0.3942208851083178,431.3412532028885,11.68,11.68,1.1845784174542062
VYD_03099,-0.1569807263495674,0.17392697584318365,304.85516730460546,18.6,27.6,2.229106110398803
VYD_03100,0.08996020997962866,0.44728363383689057,371.31876579046394,10.56,12.56,5.117842443073505
VYD_03101,-0.016970549444242165,0.39338043221682145,454.6653468482738,13.93,20.43,1.7416450934350036
VYD_03102,-0.02543593774050832,0.39523079260308974,398.29496812386157,16.08,17.43,2.4132801148014567
VYD_03103,-0.06624055431423233,0.3976142699081661,532.0396656285857,13.59,16.59,1.6787941594568208
VYD_03104,0.034597612614224546,0.4275452089231118,478.8593838326741,11.84,11.84,1.9513546838581384
VYD_03105,-0.03726966234019242,0.4637161065684196,505.3621154883972,6.83,6.83,0.5101614386851818
VYD_03106,-0.014257079307713878,0.4148373942119455,381.8612707862861,18.6,27.6,5.368063547494076
VYD_03107,0.011772760618259217,0.38625770207267845,413.46858546858556,11.84,11.84,0.7836032747315169
VYD_03108,0.030321387656022138,0.3688350200187416,431.1173110720563,13.93,20.43,0.6259255208336926
VYD_03109,0.0593564971627598,0.4933757454659194,563.7645096731154,20.58,28.78,3.3049358007448566
VYD_03110,-0.05895549203645157,0.41271264024849735,418.97715609998346,12.0,18.0,1.6593865841771218
VYD_03111,0.15412704632783897,0.6716621484927674,562.4650977263663,12.0,18.0,0.6916005187707903
VYD_03112,0.053454958040145786,0.4726582732278581,435.10013210039637,17.74,26.26,2.079553139630091
VYD_03113,-0.022551835967094126,0.404982776036699,357.67291633842757,16.08,17.43,1.7531145073752494
VYD_03114,0.12132331367521,0.5611679031143804,537.9452284009147,5.39,9.39,4.927388173841567
VYD_03115,-0.05509217007257853,0.3682262009791796,398.027693856999,14.88,19.86,1.0920510534965657
VYD_03116,0.09933509412433332,0.5752039366782057,429.21986258588385,15.0,23.0,0.8829332191622165
VYD_03117,-0.12228571370953603,0.2084824443232446,296.77171109200344,4.56,4.56,0.6410632592967292
VYD_03118,-0.06038497697424502,0.29084730412329207,332.28008048289746,16.08,17.43,0.6809178278494906
VYD_03119,0.007038546119916235,0.4114677383303125,463.3199052132701,13.93,20.43,1.974020757938394
VYD_03120,0.027384228817855374,0.43681723928231664,488.0748071117074,11.68,11.68,0.8230228983067538
VYD_03121,-0.05972603379913997,0.38392424397075187,449.6676263135166,15.93,18.43,1.910176414669411
VYD_03122,-0.11390816025089624,0.2290346459758848,341.216440831075,17.74,26.26,1.523627142032303
VYD_03123,0.05751195939749506,0.474504866054389,408.34943181818187,18.6,27.6,1.9394953990318442
VYD_03124,-0.0797124759114194,0.296908598379868,367.4891786179922,18.6,27.6,1.0547930616243535
VYD_03125,0.03461949696583521,0.46123508190442125,474.5689746021708,5.39,9.39,2.6123062803155963
VYD_03126,0.01248537336816499,0.45255079664038744,525.4115097937251,16.65,24.15,1.5759033804965434
VYD_03127,-0.060943036899116836,0.36989864623959584,489.80513517009445,13.48,19.98,4.264212507058299
VYD_03128,-0.0058163639573954,0.36603612916979933,356.37685873605943,10.56,12.56,0.5891509194113532
VYD_03129,0.15563387970905113,0.5889731380737758,565.6631901840491,6.64,10.14,4.481857798467675
VYD_03130,-0.027127772305888455,0.42361063275217004,442.7745077281388,15.0,23.0,1.2987329747810696
VYD_03131,-0.046067665980693645,0.34293677594525174,311.1425137362638,18.6,27.6,0.8037782062150866
VYD_03132,0.017765433756323553,0.4124369393710341,493.19585755813944,12.01,12.01,0.7574325561881197
VYD_03133,0.04406197793104932,0.5478004514445556,606.8602478893476,5.39,9.39,3.0648081816794845
VYD_03134,0.16473456166493586,0.6508580761036893,634.45644659523,16.14,23.99,1.5923837595753072
VYD_03135,-0.01866197973897178,0.30545014045804486,396.99971247843587,10.68,10.68,0.9579688732456805
VYD_03136,0.08730351074895741,0.5815224461102207,484.51496203662344,9.74,9.74,0.6121679965869703
VYD_03137,-0.0504084913955269,0.3774693202404749,405.67853439336324,17.74,26.26,0.797094142885101
VYD_03138,0.004951400375889028,0.45552548372086155,374.5640713706407,18.6,27.6,0.6920648544328619
VYD_03139,0.01811242837667101,0.4292783833380522,489.83636363636367,4.95,4.95,0.8573264297171883
VYD_03140,0.06751040511589475,0.46987154921072294,485.7115809706871,8.4,8.4,2.8653885922583564
VYD_03141,0.08718392873199587,0.514002280771142,453.025859015232,11.68,11.68,2.3227910961894542
VYD_03142,0.007781348338306595,0.47664571242053394,453.08012660336493,13.48,19.98,3.308036736390275
VYD_03143,-0.014485085682297416,0.3604006785613469,384.8764297585297,11.84,11.84,8.443498588756453
VYD_03144,0.13856303169941983,0.597132277657851,499.7265240764039,18.6,27.6,4.812734788285368
VYD_03145,-0.1459779753244567,0.1775589646350276,332.9844108570071,17.74,26.26,3.474246243541911
VYD_03146,0.04622387215237558,0.4562076761039218,515.2123106060607,13.93,20.43,1.4529254309079653
VYD_03147,0.06417982572965954,0.4004621220921878,397.45625209520614,7.1,7.1,0.8226884460822111
VYD_03148,0.11011385188716134,0.5293666060700758,471.06510244547275,12.0,18.0,0.8308481462388345
VYD_03149,0.0021604194970213414,0.42090179630126595,539.8344632768361,10.68,10.68,0.48513362196259313
VYD_03150,0.06464166128783581,0.49106404910238755,480.239550842171,17.74,26.26,0.8851486931098709
VYD_03151,-0.02924444994639312,0.3915107964105959,353.891785656987,12.0,18.0,3.4266766143767944
VYD_03152,-0.015045998081810018,0.44850473009369235,457.7952660327736,20.55,31.05,1.3622374398568493
VYD_03153,0.0556574145491758,0.46059412308701025,438.10032858707547,10.56,12.56,2.5135641709388445
VYD_03154,0.10707530339377591,0.514702317374646,451.2506607929516,5.39,9.39,1.2447692483065038
VYD_03155,-0.04542114825788156,0.31714490555034586,291.96114637430276,8.4,8.4,1.4301079311372267
VYD_03156,-0.14587273405357734,0.24174702651412128,270.7032282188707,13.48,19.98,2.2138992111120808
VYD_03157,0.046874563267236206,0.4827737919087754,506.7422535211267,5.39,9.39,1.5782225011735111
VYD_03158,0.021196708322539854,0.4534737314434662,512.6620766654262,5.39,9.39,0.7394461624021551
VYD_03159,-0.10532888755735237,0.25993517340349914,403.7730186877643,16.9,18.86,2.019812744355754
VYD_03160,0.05228200344830212,0.47684882139097984,567.7094277673547,10.24,10.24,1.1766268717331874
VYD_03161,-0.023014927340840357,0.421450444420415,398.4519033974621,10.68,10.68,2.0143959374538603
VYD_03162,0.2316660139988255,0.6909821214968326,710.4996983863672,5.98,5.98,3.6576221457870663
VYD_03163,0.03135564159252699,0.42466916772854857,379.5718536831023,20.58,28.78,6.005093887079975
VYD_03164,-0.02511828586780117,0.368736099013526,445.0007021376189,11.68,11.68,3.5222102252363663
VYD_03165,0.0368773108269786,0.4272580796874478,421.6044433094994,5.39,9.39,1.0779406824180242
VYD_03166,0.05749497858070564,0.5025194110785602,547.1370038412292,10.68,10.68,0.645912193543119
VYD_03167,0.06812340665385383,0.4394231403465547,486.57993278924636,16.14,23.99,1.7199183551268826
VYD_03168,0.11908000495980962,0.6192859755424516,575.9537249283667,20.55,31.05,1.9231243981041064
VYD_03169,-0.08042846492301652,0.39067400465808527,442.9832848837209,16.08,17.43,0.7560017871802954
VYD_03170,-0.11638707067704958,0.25265743960014664,262.94514729180537,18.6,27.6,11.979725022036751
VYD_03171,0.0442643766449386,0.5318721911866613,551.8765157826529,18.6,27.6,2.9759945210260565
VYD_03172,0.057299066069316326,0.5331343944531852,363.7126901817768,15.93,18.43,4.828139309008749
VYD_03173,0.17235817300080508,0.6163387425974518,692.4539557080008,6.83,6.83,3.691735668517688
VYD_03174,0.08802772849347364,0.5768235525315824,659.0397681532763,15.0,23.0,3.396637865287705
VYD_03175,0.019581037269514857,0.43822553063351305,488.98003742981905,15.93,18.43,2.2182280508215415
VYD_03176,-0.003314083771731118,0.37066734169994137,346.0731839537405,11.84,11.84,1.524668794069565
VYD_03177,-0.029119425022395656,0.4665047063407459,485.8009438414346,6.64,10.14,2.9218236687259465
VYD_03178,-0.08703110258260342,0.3335149929242897,367.36084783732554,12.01,12.01,3.205200561156343
VYD_03179,0.09363789396851122,0.6032636810009466,626.2221810089022,13.93,20.43,0.7393452515507053
VYD_03180,0.07056183502165478,0.4773429211120074,528.9866517370419,6.64,10.14,9.34764192319564
VYD_03181,0.05982497025190953,0.44491173486677277,589.6400449943758,7.61,11.11,0.7412148879558557
VYD_03182,-0.003462665151471007,0.40528993283279213,481.55088821658507,15.93,18.43,7.084340255420594
VYD_03183,0.0035116772837466086,0.3746355070389805,396.3374116367591,15.46,23.2,1.0127857724277514
VYD_03184,-0.01249567525559773,0.4270749665867294,486.70826306914,15.0,23.0,1.309991278588053
VYD_03185,-0.034148546507690544,0.37278841422598247,473.79064187162544,8.4,8.4,5.032296831611917
VYD_03186,0.09339674232779241,0.5803869490228303,471.84937816674346,15.46,23.2,0.5982693612745283
VYD_03187,0.07785319768839152,0.5066998363256416,351.503937007874,16.08,17.43,1.5393717454367544
VYD_03188,-0.03561578346760685,0.37827000755224177,521.6437450670875,9.6,9.6,2.798144109666152
VYD_03189,-0.016196140734873948,0.4108747754331053,499.93669278001244,9.74,9.74,2.6091216091877936
VYD_03190,-0.015542188452355209,0.4599988067939107,494.77967757694176,7.61,11.11,2.254972509421117
VYD_03191,-0.04283990543274523,0.2774563006640587,272.24653480766233,12.0,18.0,1.7668424716960809
VYD_03192,0.15732577735719572,0.5975429859920407,534.8657737247078,11.68,11.68,0.96352703324356
VYD_03193,0.05126059146536398,0.4237609428565431,433.2011834319527,15.93,18.43,1.2114950628620305
VYD_03194,-0.1362147491268382,0.32631734805308515,351.9233849439402,15.98,15.98,1.0331711861961426
VYD_03195,-0.15384637972104898,0.28413537024294294,430.12992125984255,13.0,15.7,0.6298744959112791
VYD_03196,0.20887302824072018,0.657031199670806,502.4764957264957,15.46,23.2,1.0302658871735129
VYD_03197,0.00544909449428476,0.44761879594866605,472.1790849673202,15.46,23.2,0.8395551564604659
VYD_03198,-0.04453797314948725,0.43979595595621196,517.7003026500331,9.6,9.6,7.456295939876375
VYD_03199,-0.033723677044814986,0.4072621918857333,553.7271231749949,12.0,18.0,1.3363406014568169
VYD_03200,0.06326826158607371,0.50062268738383,563.8136482939633,17.74,26.26,3.5710065547833603
VYD_03201,0.005991193276973612,0.4555042450481664,560.8283062645011,13.93,20.43,2.933194968326543
VYD_03202,0.08179123562961953,0.44798458317398204,410.74643485055685,18.6,27.6,1.4076342417900511
VYD_03203,0.30570800024156464,0.7351581103968197,611.3064319026358,15.46,23.2,11.02850846632531
VYD_03204,-0.06006547307041206,0.40640894679976935,438.9335461983636,14.88,19.86,1.379742458938637
VYD_03205,0.12717207465165942,0.5771197983081281,579.7830197971042,11.68,11.68,2.7977969871743142
VYD_03206,-0.06195846591911957,0.33630941301754047,377.7297641186259,18.6,27.6,2.8145421047509327
VYD_03207,-0.0588969605790891,0.4456100616179081,487.6582388840455,16.08,23.13,0.9494383045598617
VYD_03208,0.016959846321993346,0.4271039067760805,319.8052088149176,16.14,23.99,1.786983229823145
VYD_03209,-0.018458287363132476,0.40647540003214094,417.461680517082,11.68,11.68,2.983085049589476
VYD_03210,0.036374607386958746,0.5138524203501258,487.08157174832127,18.6,27.6,1.0979802613951253
VYD_03211,-0.02141094510711795,0.38196073385152934,419.01328884542363,20.55,31.05,4.780047395823331
VYD_03212,-0.03563522776119282,0.39909938800151706,559.0486828942983,9.6,9.6,0.8271784755468796
VYD_03213,-0.04713165060565949,0.4144550351400069,454.41951650943383,9.74,9.74,11.17837458385575
VYD_03214,0.11156185066029345,0.528895036293355,513.4825092056813,10.56,12.56,2.0929952503133284
VYD_03215,0.16020255986439466,0.6846446373608652,573.4797747319154,13.0,15.7,10.701966059064805
VYD_03216,-0.11365206123961927,0.228828990576748,315.07152238805963,17.74,26.26,2.305802788229112
VYD_03217,0.15025523658383003,0.6426670463345767,608.4052115115031,20.58,28.78,3.3408389649017773
VYD_03218,-0.016062162294921228,0.42416212456717944,455.2645966925414,7.61,11.11,0.8122212779228501
VYD_03219,0.013360852148617774,0.4056863389953977,414.6806074484754,12.01,12.01,2.2807384262955956
VYD_03220,0.06104149734263935,0.3900173766245109,390.07212847033213,10.56,12.56,1.0112049831698
VYD_03221,-0.1031512427758811,0.31663962881677143,373.6506231198968,14.88,19.86,0.6393047543631758
VYD_03222,-0.06707932639293375,0.34705826683485774,486.6870785294756,13.48,19.98,2.5356238459090674
VYD_03223,-0.048081118524300165,0.34485037740085717,398.87993874425734,4.56,4.56,0.8972248508553885
VYD_03224,0.024868735178655683,0.3646015857621505,443.9700722394221,10.79,10.79,1.0712680594709667
VYD_03225,0.028854200753801552,0.4531688468728121,546.042605895467,15.0,23.0,1.1097964856658884
VYD_03226,-0.005207321542353846,0.4326345371881885,377.4264754918306,16.4,24.9,0.8247067762520907
VYD_03227,0.012860825746420031,0.4549792517144701,351.40056100981775,16.08,17.43,0.980077546859346
VYD_03228,0.06828383507650743,0.4880055572351297,527.0609937402191,11.68,11.68,7.035779339238278
VYD_03229,-0.1447215098516091,0.2678953557350062,360.2160453043889,14.88,19.86,2.912573903167979
VYD_03230,0.09899521936567374,0.4522976512703621,624.1824729891957,14.97,17.88,1.8305694550670717
VYD_03231,-0.02330957843652446,0.41391714019789516,447.8804004214963,15.0,23.0,3.1375340540947687
VYD_03232,-0.012065515940454017,0.43719697134355656,385.5134939322587,5.39,9.39,1.5198998881029033
VYD_03233,0.06387843207811657,0.5204839112838154,474.97063071738086,14.48,22.48,1.7136402081954238
VYD_03234,-0.016860017830059543,0.4685070276999277,643.8703703703704,16.08,17.43,0.02960842872600415
VYD_03235,-0.06346103777444789,0.3336506194808742,293.58785061456035,20.58,28.78,3.495164125247795
VYD_03236,0.08323332379201404,0.5085735661124118,575.0189832689832,20.55,31.05,3.413382925624831
VYD_03237,0.055149330652092245,0.44279437442802555,511.73840520748575,11.68,11.68,2.0285112681480877
VYD_03238,0.0523790357880687,0.5111891475996851,447.9776536312849,18.6,27.6,0.8866789074031376
VYD_03239,0.28418028643185195,0.7583495669734553,662.3656626506023,14.48,22.48,1.3712262158268556
VYD_03240,0.09730445123048333,0.5271665077853458,498.55425882352927,11.68,11.68,2.92622240134464
VYD_03241,-0.038035151533446845,0.38963992611836107,388.43361048122955,9.81,9.81,1.0922404425352057
VYD_03242,0.012795692210448685,0.4705573744476068,453.45066311639084,13.93,20.43,5.372855554439278
VYD_03243,0.10714181036237408,0.48375221890597947,563.9735244109788,11.68,11.68,1.1347772534054847
VYD_03244,-0.017245328880882472,0.3725305190192893,515.5746735825435,16.08,23.13,1.536524162415682
VYD_03245,-0.12002257219074608,0.3196745792877624,369.71555409404795,13.48,19.98,2.5115676743132074
VYD_03246,-0.00031979028004953177,0.39360258253595226,459.8433228180862,11.13,11.13,1.0413587933357835
VYD_03247,0.08633746938600703,0.5356906418634017,467.5425645118383,13.48,19.98,2.080371723453109
VYD_03248,0.13312440477619444,0.5658950085108788,493.63710520811543,9.74,9.74,1.320961395225527
VYD_03249,0.09149869014122021,0.46802270527488604,498.00782141111284,16.14,23.99,3.3760514891536317
VYD_03250,0.12524134907455056,0.5625689045200767,491.1317949327939,5.5,8.0,6.93408702865641
VYD_03251,0.027951922593787145,0.5159509684078576,484.4602866164684,13.48,19.98,1.141185174466143
VYD_03252,0.11029906511334496,0.518724961363693,562.854365230652,18.6,27.6,0.7308729808555905
VYD_03253,-0.02358889183204635,0.37162063701812453,421.12403240324034,15.46,23.2,1.5331669008782944
VYD_03254,-0.006728527669554683,0.3970663548468862,396.1510879558689,17.74,26.26,0.8988464307204961
VYD_03255,0.059793153234309115,0.48526041152953014,394.6495344860345,14.88,19.86,2.8886454568065334
VYD_03256,0.08782376920654789,0.557325908682934,517.0054682159946,17.74,26.26,1.2065631446581202
VYD_03257,-0.0743514723436247,0.4059205739552067,500.2417076285947,15.0,23.0,7.150724294257738
VYD_03258,0.04611675543669099,0.5071524608089875,460.7089249492901,18.6,27.6,2.445282493166758
VYD_03259,0.05780576657522967,0.50210683694504,497.6496998172801,16.08,23.13,1.0535207900678398
VYD_03260,0.01388857810086299,0.45465104254238914,456.60411866359453,11.68,11.68,1.9207366145421314
VYD_03261,-0.06738180736637021,0.38014092193524557,421.17566637159433,11.68,11.68,2.8040034269797283
VYD_03262,0.05523750229899351,0.5212121363882285,581.9002177068215,9.6,9.6,0.7597401420691177
VYD_03263,-0.10601331393088469,0.32850014690639473,342.0022563176896,12.01,12.01,0.6091649632041631
VYD_03264,0.0679427627289663,0.4684077463421212,624.9776970097472,20.55,31.05,1.669285689122336
VYD_03265,0.03465417930989036,0.388297131064797,408.69394376351835,16.8,22.4,0.7640132522868289
VYD_03266,0.13411641504088656,0.5779913125091769,548.0472404115997,5.5,8.0,3.5217890825033296
VYD_03267,0.05267188743877997,0.4966426421396017,510.1852683584101,5.39,9.39,1.2202080591490143
VYD_03268,0.011459806070300093,0.45151061765971584,497.8418088737201,18.6,27.6,1.6144845777453685
VYD_03269,-0.07849520080342275,0.39276763911046575,528.0237082066869,15.38,21.94,0.9128319038420303
VYD_03270,0.1565713839349591,0.5549118994090416,396.5773096869197,11.68,11.68,4.292184734750763
VYD_03271,-0.03917787240442381,0.46722323333608984,490.7130214917826,18.6,27.6,1.7342752444150538
VYD_03272,0.12588814021219047,0.5827031488231728,611.3845229512135,6.64,10.14,1.1367656192217594
VYD_03273,-0.002812388272937657,0.4945673656415768,435.40328767123293,8.4,8.4,2.014156751247724
VYD_03274,0.0791993783629377,0.49474346321302165,527.0548484240111,15.93,18.43,6.8558300107420935
VYD_03275,0.07419925209239252,0.4863269135978171,574.3833185448093,11.68,11.68,0.6226799039892951
VYD_03276,-0.08233418705874201,0.3387197090411938,470.346530612245,10.68,10.68,1.3488928705856742
VYD_03277,0.055947810965669344,0.5134541221716503,549.8565121412803,10.68,10.68,1.1214828125220724
VYD_03278,-0.04065330960733067,0.3905541507706107,482.3683444864708,15.93,18.43,2.8215742520235647
VYD_03279,-0.13976815540857193,0.17600338073976937,272.0971213344095,10.56,12.56,2.0457257273536587
VYD_03280,-0.01477563265078287,0.35793849273738054,424.1798871063578,15.93,18.43,1.853783582268564
VYD_03281,-0.00819596855869279,0.39587670910464196,430.360669456067,9.74,9.74,1.6378489746528704
VYD_03282,-0.11562855132690512,0.2783136323055284,299.36528712323707,18.6,27.6,2.982218903959429
VYD_03283,-0.01946378535478599,0.42733467178857953,328.07068584070794,16.65,24.15,4.975000252255926
VYD_03284,0.10112261175970287,0.5035933010193131,449.91479610249013,20.55,31.05,7.62102782856646
VYD_03285,-0.08208753136676912,0.382401583077246,400.8538181818181,13.48,19.98,0.7563173652999403
VYD_03286,-0.07194451758600395,0.28375881022834176,347.8229295225722,9.81,9.81,4.239005606422464
VYD_03287,-0.015182244117570088,0.4324956474111708,363.47650539505736,6.64,10.14,1.579790200283484
VYD_03288,0.05810464516355242,0.45318247769886366,459.9711234858487,6.64,10.14,4.793118884508968
VYD_03289,0.06090137464412703,0.5465164102554493,367.3961948734277,15.93,18.43,6.915212131969418
VYD_03290,-0.04667011866953426,0.3344826058112835,437.8918688803747,10.68,10.68,1.9390331329246728
VYD_03291,0.07674611843720362,0.5149981162851399,509.97809969202694,17.6,26.6,2.416496085993502
VYD_03292,0.03062362884962583,0.4795700506767704,470.71803566942987,15.0,23.0,2.190373977177891
VYD_03293,-0.019950725448933986,0.39774460018801727,467.48829701372074,8.49,8.49,0.6823744513482323
VYD_03294,-0.07609540708421911,0.35920910583146953,503.0373333333334,12.01,12.01,0.30848962895701953
VYD_03295,-0.0011437223946508268,0.4033990442740434,517.6390449438203,15.86,16.2,2.3508092716296427
VYD_03296,0.1236178232499391,0.48914729452151023,442.22855336190554,15.46,23.2,3.916791907802577
VYD_03297,0.06772272247820728,0.4320658775933593,386.490189208129,17.74,26.26,0.7859843664067061
VYD_03298,-0.07030287610616637,0.31481146502261703,306.8857971014492,4.56,4.56,0.9502721115576436
VYD_03299,0.10772372819961967,0.5473831238307049,533.9978909496929,18.0,27.0,4.445269906868773
VYD_03300,0.03808644868462808,0.4524726785294888,539.0978699233173,15.0,23.0,4.849593999109758
VYD_03301,-0.04610263428707159,0.41083674245450524,346.5134922198149,16.08,23.13,1.3963502009302315
VYD_03302,0.10119230866014138,0.457388072575192,562.3213318895506,5.39,9.39,1.0215075741954018
VYD_03303,0.07429062011480303,0.5212034751717477,502.3525938422607,14.88,19.86,1.9557911920922528
VYD_03304,-0.022314225476013857,0.36283122632457854,391.00084776012875,5.39,9.39,6.166888962873836
VYD_03305,-0.1703049263040345,0.14945700837892248,271.62042931162097,20.55,31.05,3.7160874521704725
VYD_03306,-0.037915895385551755,0.3370226273624865,429.84985084521054,9.74,9.74,0.8439971409643724
VYD_03307,-0.18145071980936966,0.2698006159964293,463.4760049220673,11.68,11.68,1.3418809640896152
VYD_03308,-0.06622572353565394,0.3893937872571368,392.244806567981,14.88,19.86,4.410474586734073
VYD_03309,0.03135991854050997,0.3936896193185214,500.994043186895,11.68,11.68,1.1080771601414425
VYD_03310,0.014243656025232818,0.5187454441445445,538.7104413347686,18.6,27.6,1.5374623275089974
VYD_03311,0.09560097755636657,0.5351959192040274,558.7806411062224,20.55,31.05,0.8772556543671626
VYD_03312,-0.027984527412881776,0.3934292624528695,433.6787819253439,17.74,26.26,0.8410173806273947
VYD_03313,-0.043515530342752226,0.3860856569150586,635.3941908713695,10.24,10.24,0.7815393406837661
VYD_03314,-0.05866544287532279,0.4055567879746199,408.06736741519353,9.6,9.6,1.158087634205133
VYD_03315,0.12813882597826126,0.6117922414581412,605.3646867838045,20.55,31.05,2.8806163457680354
VYD_03316,-0.024697755097494115,0.37301279316935165,389.7329301289193,4.56,4.56,1.730747418625954
VYD_03317,0.25070150247913325,0.7025371413340764,611.9582179001527,17.74,26.26,4.876993879372274
VYD_03318,0.025439434989719786,0.4765672552587851,495.3813167091714,16.08,23.13,2.9160195239259052
VYD_03319,0.012929307022731328,0.4141347116349857,400.6674657534247,20.58,28.78,0.8033994321175888
VYD_03320,-0.010435289280749917,0.43834042554443287,410.3906749266384,16.4,24.9,4.221196105013448
VYD_03321,-0.19020709054626697,0.19024851890721914,329.3774047298125,17.74,26.26,2.2453298670756388
VYD_03322,0.03175825730889299,0.4475012859204248,443.23202875399363,20.55,31.05,0.6813274926577103
VYD_03323,0.13223757384270082,0.5911503488559294,586.3515424164524,17.74,26.26,2.1491864046755165
VYD_03324,0.06690230608055661,0.5410065753315667,576.245620992795,20.58,28.78,4.163723050687971
VYD_03325,0.060102524639805734,0.4836627445530178,510.9826700898587,15.93,18.43,2.573475336814932
VYD_03326,0.046668389439111786,0.5294412166444276,560.341027590702,15.0,23.0,5.06260830431966
VYD_03327,0.10299578216276117,0.5447163131772927,486.3929633300297,16.4,24.9,1.1110901860455216
VYD_03328,-0.059992504399379906,0.34594493588009967,341.57289841144205,16.08,17.43,4.862001774535211
VYD_03329,0.13697060745716041,0.6373043352128623,597.0087143217986,15.0,23.0,2.1823379285603512
VYD_03330,-0.0011890723893735592,0.3799995343156047,447.74639145496513,6.64,10.14,3.8115537837308424
VYD_03331,0.047827311596434954,0.5016608858864179,541.6587278536163,8.4,8.4,1.8923004660453215
VYD_03332,-0.019887355598247027,0.35573663201284106,413.78508623605006,15.46,23.2,1.6318850760800847
VYD_03333,-0.1874068417161716,0.2071521943713188,388.55086232095874,12.01,12.01,1.8839501860855803
VYD_03334,-0.00894450417484937,0.36505795813676023,410.27046397585804,6.64,10.14,0.7383051358765783
VYD_03335,-0.02738564078319658,0.3671526076185149,434.0214671595111,13.93,20.43,1.9432879130223903
VYD_03336,0.11438630027648174,0.5845056138578038,619.5629115571152,15.0,23.0,6.997145561189152
VYD_03337,-0.037710500545040895,0.43403136862511715,473.167112024666,15.93,18.43,4.015651245380098
VYD_03338,0.06618097835099086,0.5428729316697536,551.2788990825688,5.39,9.39,1.201081716626785
VYD_03339,0.07426166978156802,0.5422634822984423,553.1779814251663,20.58,28.78,6.690803248801417
VYD_03340,0.008184258183387293,0.43620038750618284,447.5515212219858,13.93,20.43,8.808314641797644
VYD_03341,0.15214250765548024,0.6156333061237632,573.2371435342443,18.6,27.6,3.4838978130519775
VYD_03342,-0.007614737899613367,0.44014313936795796,515.223723479299,13.48,19.98,10.137153944753521
VYD_03343,-0.02308877340411513,0.42042938128020085,390.76992871030467,15.39,22.44,2.5459808311261325
VYD_03344,-0.05848047138226169,0.40721880868335825,401.94053308823527,20.55,31.05,2.9970962843941384
VYD_03345,0.13129611911281405,0.5436635427497497,542.3636363636364,13.93,20.43,0.6539207826730997
VYD_03346,0.10576942499888245,0.5531566637317662,568.6186210367388,18.6,27.6,5.4692963831595085
VYD_03347,0.1465798528032569,0.5598589705762125,493.2682162816361,20.58,28.78,7.728793027792724
VYD_03348,-0.0008895760364188351,0.43885112965817674,451.7284257156159,7.61,11.11,19.50808212117631
VYD_03349,-0.029678463883019385,0.37442982847059314,377.52679275019705,4.56,4.56,2.094516934667586
VYD_03350,-0.20637899121960165,0.17862204349264174,380.83003020007556,18.6,27.6,2.9267046659999485
VYD_03351,-0.1250461575089006,0.30920804548468755,342.690519187359,16.08,23.13,1.2229002179788775
VYD_03352,0.00818908488825157,0.443719741300505,515.8705946141333,10.68,10.68,1.5284740827721648
VYD_03353,0.08710478117478845,0.49737839481886453,530.4869812604364,16.63,16.63,4.445245399254023
VYD_03354,0.0901528277076535,0.5631663646430666,599.6243545611018,12.0,18.0,1.2837547015126045
VYD_03355,-0.01372386891927407,0.35835060336700914,440.44622184803205,8.14,8.14,1.3004279593644832
VYD_03356,-0.011430900550494841,0.4008903226236139,426.71795269484295,17.74,26.26,3.545926002632562
VYD_03357,0.15995294957830278,0.6190328143876135,467.41876999644495,6.64,10.14,0.7735436393949091
VYD_03358,-0.04592241249817632,0.3512716238190789,418.9035984596999,15.93,18.43,2.0903403317767446
VYD_03359,0.11260257012891602,0.5234762980455132,577.2779074290161,11.68,11.68,4.247607544300608
VYD_03360,-0.0348324326506533,0.30753836837318044,299.02272317403066,8.4,8.4,1.5251357095490112
VYD_03361,-0.14671279591621453,0.1669179874325554,292.0662866793329,10.56,12.56,1.3046285601123266
VYD_03362,0.0713906013647391,0.5231498734290054,568.7530755711775,16.08,17.43,0.940644859725378
VYD_03363,-0.05587164696474891,0.3582978545343579,405.9086527929903,7.61,11.11,1.2585079259154546
VYD_03364,0.0157406987502697,0.4134409158075115,425.29689052960396,17.74,26.26,1.9424140440508018
VYD_03365,-0.08926723024268267,0.32874917021036376,348.9452776187751,4.56,4.56,2.4060340215767853
VYD_03366,0.024186215246774306,0.4346074512630087,524.450929965557,6.64,10.14,5.988406688123745
VYD_03367,0.12658179429698313,0.6055715359111062,553.4846032132423,20.55,31.05,4.525800033198581
VYD_03368,-0.04284271564992715,0.35812795273456605,403.47705395119766,12.63,12.63,1.230799717279024
VYD_03369,-0.011183011671181152,0.41973878496686595,462.96131614050677,18.6,27.6,3.099765841935403
VYD_03370,-0.04679757527527582,0.39736193224460503,448.64592622618574,20.55,31.05,1.362142405260013
VYD_03371,-0.13061168185255065,0.2938091146881634,390.11158475426276,5.98,5.98,1.1004731334185536
VYD_03372,0.1021579683928328,0.5149820626599928,447.7806351061756,12.0,18.0,2.8235691347077787
VYD_03373,0.1201214500119198,0.4598968440582358,361.3819655521784,10.56,12.56,0.8150708297054773
VYD_03374,0.06603162073506665,0.5557837454056134,615.4378848243389,7.61,11.11,1.5194440182402946
VYD_03375,0.06158623689230104,0.4990271852376919,475.4665633875548,13.59,16.59,1.0667014003899513
VYD_03376,-0.04245480209946789,0.3472562940624372,422.75288499801036,7.1,7.1,0.6936919753464749
VYD_03377,0.03912160164495583,0.4700385907925134,422.52024562537537,11.13,11.13,5.963629013631461
VYD_03378,0.015277506668715973,0.46696013297493094,530.4189841005182,5.39,9.39,4.624858130527766
VYD_03379,-0.04824087929164323,0.4214869140009415,448.70988725065064,15.93,18.43,5.0753554456173005
VYD_03380,-0.05497956724181334,0.4445458048220036,499.4286030551249,16.9,18.86,1.2459771246977784
VYD_03381,0.04557720463682082,0.5244624515336185,608.9254281378713,13.0,19.5,1.2696281705620023
VYD_03382,-0.043846961770445336,0.3614318749646863,348.86167767882785,18.6,27.6,1.9167142563915578
VYD_03383,-0.09377333010595865,0.3052833495190153,416.9448189945772,18.6,27.6,3.7625962935236124
VYD_03384,0.02998661647877826,0.49162257127575193,496.76594446139774,9.6,9.6,0.8998274589327416
VYD_03385,0.13780343310432372,0.6409341390708607,487.8548151242947,15.93,18.43,2.6588983033880687
VYD_03386,0.10706479275354393,0.5517038045192358,534.539156626506,17.74,26.26,0.9132682525535056
VYD_03387,0.06669760791520048,0.567824634249311,532.3022664904968,13.59,16.59,5.478366006357012
VYD_03388,-0.17881883784439545,0.3072115824980834,540.3028346898682,11.84,11.84,1.9864558485064556
VYD_03389,0.08494699985408048,0.6044328797537971,631.6486142533936,18.6,27.6,1.9485782223661416
VYD_03390,-0.03720387038111059,0.35458727411644664,361.75732090384025,12.0,18.0,2.691429966422758
VYD_03391,0.010336695646500875,0.45881863066918116,509.8876089663761,5.39,9.39,2.651622717241007
VYD_03392,0.11177512686356682,0.6078765163559616,410.44660230644973,20.55,31.05,7.3162655111829515
VYD_03393,-0.015585393447002735,0.4241699681188082,489.6029609690444,5.39,9.39,0.8140915153965549
VYD_03394,-0.005714090226634497,0.3794191931058057,386.18341205668065,13.93,20.43,3.4325685708315423
VYD_03395,0.06864253475271236,0.524329345108918,523.1141628060888,5.39,9.39,0.8325398348475374
VYD_03396,-0.08442299983673149,0.31920025975672056,377.97871858727655,12.6,17.43,1.214907651102382
VYD_03397,0.021037044189765944,0.4574471902803042,469.09352066737756,15.93,18.43,8.776623363816825
VYD_03398,-0.11842656251704338,0.3646400453257646,337.5737898465171,12.01,12.01,0.7023226425872594
VYD_03399,0.09792276778892915,0.5457695144414902,474.36720554272506,5.39,9.39,1.669874179981146
VYD_03400,0.1562597051480529,0.4691299260862091,396.1007096069869,10.56,12.56,1.0089016647628308
VYD_03401,-0.018666095068243457,0.4255860965296495,382.2452134024731,13.0,19.5,5.522635382269487
VYD_03402,0.034312909303357744,0.5309387167668067,564.789340101523,3.0,4.5,0.7636153986304935
VYD_03403,0.09188469739836358,0.5417511814859539,516.8920908270259,15.0,23.0,3.96323178399457
VYD_03404,0.14537757496974105,0.6357591222353856,493.4507163906108,13.48,19.98,5.4117380028538555
VYD_03405,0.08046013581611247,0.5189445276200667,513.6686592655851,20.55,31.05,4.7835457733837
VYD_03406,-0.084221311613433,0.31832879376946704,355.5007537688442,18.6,27.6,1.0960977232750484
VYD_03407,0.07288572746785586,0.47423390259726717,428.73853949929526,10.56,12.56,8.197934944562109
VYD_03408,-0.08208989109747182,0.3611495583393455,345.8962938881665,20.55,31.05,0.8468568363431547
VYD_03409,0.06643927812509721,0.5406747920938338,484.3452809299751,18.6,27.6,1.9981738637238782
VYD_03410,0.09171376310163337,0.5329777772283925,578.070343275183,18.0,26.16,3.41558445483645
VYD_03411,0.2032660434738497,0.6642481263383786,439.8464852163696,13.48,19.98,1.4020323352787074
VYD_03412,-0.03339382895109968,0.31233638408004305,322.63450042698565,8.4,8.4,1.289497520810789
VYD_03413,-0.1132685897156366,0.3493681009521473,472.0559163059162,15.39,22.44,0.7764869665546865
VYD_03414,-0.03685197999464226,0.3809652907714764,448.2000289582277,20.55,31.05,3.840120186010009
VYD_03415,0.08968535051641123,0.5416166428622579,556.3782991202346,13.93,20.43,0.6536705070360065
VYD_03416,0.05798380223463915,0.5337309830018154,574.5641931684335,5.39,9.39,5.140158378793549
VYD_03417,-0.014226581450513852,0.40597045308975277,397.0492146596859,13.8,13.8,1.0511793057899683
VYD_03418,0.004576518109928259,0.398521270766948,446.8433908045977,18.0,27.0,1.345219711399488
VYD_03419,0.0033552965715036333,0.43020217677645095,372.51474406528183,16.4,24.9,2.966357967554078
VYD_03420,-0.09054844335121061,0.3227107829538077,443.09086595492295,18.0,26.16,1.1609685905067504
VYD_03421,-0.03494481121877283,0.40771160972472476,515.4029411764704,13.48,19.98,1.783353811297334
VYD_03422,0.10425479987923153,0.546104787394922,514.3345381526103,12.0,18.0,0.6855388198665473
VYD_03423,0.01951785783445381,0.34893196125991366,374.5603822762816,15.93,18.43,0.9503770563716997
VYD_03424,-0.024692931943225128,0.3900295505618357,341.38111952706464,8.4,8.4,1.4876760365012243
VYD_03425,-0.062039888679052614,0.22614356918784842,467.4744491326771,11.68,11.68,1.175278526762419
VYD_03426,0.039225303321347695,0.4870053452015774,446.9257770632369,10.68,10.68,1.0271041732417525
VYD_03427,-0.017250424059149463,0.40477361475571766,450.0319544216003,16.08,17.43,3.3264972280198477
VYD_03428,-0.16449316881971662,0.1789638231457451,303.07614213197974,16.14,23.99,2.438192118624326
VYD_03429,0.029710145770993162,0.42430627255768877,464.1690942574921,12.0,18.0,1.6506651950117346
VYD_03430,0.0827246858315338,0.4979670923038412,458.776956579121,13.93,20.43,2.087518887461297
VYD_03431,-0.16704468819133497,0.3222947659350338,473.76199040767375,13.93,20.43,0.917099642542712
VYD_03432,-0.062030696444696144,0.25033778963898656,348.7852901742961,11.68,11.68,1.4461280416652251
VYD_03433,0.047130629559647544,0.44829035221038777,439.75516061375436,11.84,11.84,2.4901993928487
VYD_03434,-0.008705314408233385,0.4311733536318239,489.4519806212596,9.85,9.85,0.9814091361589379
VYD_03435,0.1935729715520279,0.6494009311357593,617.8801486302701,14.48,22.48,11.319595712373216
VYD_03436,0.09537184653052146,0.587655093943038,560.9431865306462,18.6,27.6,3.3137636864766353
VYD_03437,0.1421103298126429,0.6421982666427006,589.8599852616063,20.58,28.78,3.3539464377811985
VYD_03438,-0.025877122642760382,0.276061816649534,340.3215003348962,9.74,9.74,1.2476652600702618
VYD_03439,0.07853038776488663,0.4958431460985128,609.4571263035923,9.6,9.6,0.9529889409362113
VYD_03440,0.05126342044544784,0.4932145390872055,686.8890484739677,15.86,16.2,0.7657086163922461
VYD_03441,-0.07598936571461384,0.2767595681114211,255.93491902834003,6.64,10.14,2.7160501543864193
VYD_03442,-0.05157518394855454,0.24902631064708497,279.64279183175864,3.0,4.5,0.9065145393784177
VYD_03443,-0.007073298739123558,0.43439308700586843,478.64514449362144,16.08,17.43,2.114651976607156
VYD_03444,0.0736968670815968,0.4601303494310215,494.4023578849072,13.59,16.59,2.3595748028105166
VYD_03445,0.10244870298998937,0.5843165070820818,492.9059997806297,6.64,10.14,2.5088537984573804
VYD_03446,0.05416715742336181,0.5288996406018815,448.4018234378474,6.64,10.14,1.238574433367097
VYD_03447,-0.10087907586443524,0.41256046863046736,483.3031953522149,14.48,22.48,1.5167593252330622
VYD_03448,0.003871624632726431,0.43698961137693065,433.2912688442211,18.6,27.6,4.388493910223754
VYD_03449,0.0035261206921375393,0.42333996045653977,493.04847490491454,15.0,23.0,3.690856669122765
VYD_03450,0.014391514337977682,0.41516117946788705,398.5407025761124,10.68,10.68,2.9384342660043212
VYD_03451,-0.14861864799738625,0.28129165051829,315.69689320388363,10.68,10.68,1.4155292717535772
VYD_03452,-0.19126962993154195,0.17125147064022642,284.69127789046655,16.08,23.13,2.031856595987361
VYD_03453,0.04464999416632924,0.4412772214281862,488.57385697538103,9.74,9.74,0.9467701390510439
VYD_03454,0.08493474551410626,0.5267815885717413,651.2007475813543,15.75,20.1,1.2585474829334775
VYD_03455,0.01743538848012793,0.41893178368949235,353.38553791887125,16.4,24.9,0.7793107817654713
VYD_03456,0.07068650184742939,0.5649631196741812,558.0380292532717,18.6,27.6,1.7785846793464428
VYD_03457,-0.011190635453395116,0.41913500964161127,517.1130113764785,20.58,28.78,3.6586022635154034
VYD_03458,0.1202133929937758,0.5320106110559532,551.6785237883503,3.0,4.5,1.2397811130386287
VYD_03459,-0.20943524213724085,0.14163085847308357,274.7766243654821,18.6,27.6,10.838955342884955
VYD_03460,0.04825557691311153,0.48325245150683765,493.5380698351115,7.61,11.11,6.818167027334109
VYD_03461,-0.07144453818575344,0.34085964195949964,346.3533834586465,4.56,4.56,2.7065461725734594
VYD_03462,0.04343209126751554,0.44255861687879466,478.3628795872903,6.64,10.14,2.345824626783294
VYD_03463,0.20804799301441504,0.6816880893808109,633.6696626328122,16.4,24.9,8.56523178802898
VYD_03464,-0.007250583951252754,0.39476269967700434,462.1177976952626,15.93,18.43,0.8614418607040465
VYD_03465,0.07984366448520908,0.48075800860382567,550.1481201382884,16.08,23.13,2.5487326305620166
VYD_03466,0.10520593697233215,0.531798567951134,461.2824342398572,13.0,19.5,1.2327575554351886
VYD_03467,0.06673495790145274,0.4929781704287133,539.8869621066153,15.0,23.0,0.8559439756962436
VYD_03468,-0.05366892794525855,0.4488595298879423,478.90769758664084,8.4,8.4,2.4103135421590607
VYD_03469,-0.08290081302808783,0.3699965407653606,451.46232458816365,13.0,19.5,1.805433215263929
VYD_03470,0.013535954851963175,0.47805102193195415,443.5561699382545,20.58,28.78,2.9842773207234194
VYD_03471,-0.03471021092380736,0.4183890955114403,410.23235313042915,13.0,15.7,8.555627761439533
VYD_03472,0.027160042569461116,0.3579831162723689,325.2758654602675,16.4,24.9,2.7977441297975196
VYD_03473,0.03670062567591163,0.44849700580587465,462.0320428164315,5.5,8.0,3.9470066306644744
VYD_03474,-0.07918956450746271,0.3693334094786765,444.6981361426257,14.88,19.86,0.6778283087104645
VYD_03475,-0.0365301150024954,0.4049345091347743,437.21621429418013,7.1,7.1,11.632708474768924
VYD_03476,0.09646812298547564,0.5512292337451506,536.8158917325471,20.55,31.05,4.11035480390224
VYD_03477,-0.04340418135049809,0.39252451808767486,423.4734926052332,11.68,11.68,1.2073648192525053
VYD_03478,0.028747071898901928,0.507607890105607,575.8225341521496,18.6,27.6,2.197458689155856
VYD_03479,0.03678268670127669,0.5235227212058424,509.7103240895422,20.55,31.05,2.472962640310474
VYD_03480,0.04669903837616912,0.455280840160426,566.4908515925007,4.95,4.95,1.220520338099091
VYD_03481,0.038621744857559946,0.5694473577301237,527.2127351664254,8.49,8.49,0.9502788112982278
VYD_03482,-0.0180818596774356,0.46803206033703965,449.7250935056103,14.04,19.29,1.6196541815566434
VYD_03483,0.06606477944514098,0.45551297537936175,434.65448683503496,10.79,10.79,1.0369739731571217
VYD_03484,0.10620159757014654,0.5705417392181829,647.6421361120156,4.95,4.95,0.8479189918354434
VYD_03485,-0.054903233456776945,0.317529284685748,448.69013674716314,15.0,23.0,1.9000681018128853
VYD_03486,-0.03475535653007771,0.34546965912104777,414.23402417962006,8.49,8.49,0.9554189970457592
VYD_03487,-0.0029867488029983844,0.4225983796682301,478.51705831157534,9.85,9.85,3.1592636074159874
VYD_03488,0.1272063464971392,0.5614498220114155,615.63375502884,17.74,26.26,5.671890939929872
VYD_03489,0.02058485105788349,0.6006870513922645,468.1249085953599,13.0,19.5,4.138912224114305
VYD_03490,-0.0037318527205853214,0.42812574897796735,480.6478801002964,16.08,17.43,4.817801411911333
VYD_03491,0.13078438324794642,0.5964155432410231,496.71374795417347,10.79,10.79,1.682766563991386
VYD_03492,0.09215718747322175,0.5596378527951174,524.4494825036963,12.0,18.0,1.1214070544346653
VYD_03493,-0.00892655520051641,0.4317076521590509,308.3715492172251,16.4,24.9,6.900848825177169
VYD_03494,0.12194102300983536,0.5295728656489546,549.2996034660008,15.46,23.2,1.8753869491653221
VYD_03495,0.07114907047737933,0.5111606769378187,494.7246503496503,10.68,10.68,0.6293562688640656
VYD_03496,-0.0956368753736317,0.21422410544452306,307.72605423239514,5.39,9.39,2.668380682210727
VYD_03497,-0.0544028847315813,0.3590826850962191,390.49117087747885,12.0,18.0,1.0063793550596238
VYD_03498,-0.0502922463425953,0.3497753324499564,359.7699485199485,12.0,18.0,2.5762798085550944
VYD_03499,0.10461410116309351,0.5111047623652478,542.4073957158962,10.68,10.68,6.1022511294559925
VYD_03500,0.01545004229427556,0.45948646337262683,443.7497975708502,20.55,31.05,1.359537219348089
VYD_03501,-0.1252696722099752,0.2718267852512183,430.5662650602409,5.39,9.39,4.315490114217636
VYD_03502,-0.02298332123359221,0.39090887741039904,484.63358111062524,15.75,20.1,0.6302448460122884
VYD_03503,-0.008811308037972776,0.40716485925348267,390.42777777777786,4.56,4.56,1.1427914658882286
VYD_03504,0.010945090854967587,0.3738651158685568,500.3996920181367,8.14,8.14,3.198491576422677
VYD_03505,-0.021933590189679934,0.40216918204869956,532.03658805378,15.93,18.43,2.4929529657659377
VYD_03506,0.024677850413894684,0.3742571095082469,398.07749434937034,15.93,18.43,0.8419478753953715
VYD_03507,0.024531663571307028,0.3763547199479768,390.5656883298393,12.6,17.43,0.7877118064341407
VYD_03508,-0.0579725970847649,0.4049542664394508,371.77922866686913,6.64,10.14,2.722708082253358
VYD_03509,-0.03184710542398407,0.40244826398747774,491.7336379046596,13.59,16.59,13.317356968319853
VYD_03510,0.029991355111421803,0.4195564445424275,481.67794221282605,5.39,9.39,0.7818871561418129
VYD_03511,-0.07266866660340948,0.3678473419793838,389.395751953125,12.01,12.01,1.128518793257731
VYD_03512,0.07641184343210095,0.5400242991833983,559.3868022524741,20.55,31.05,5.050989738060718
VYD_03513,0.00048096301828695685,0.3861859976266449,467.1279141104292,20.55,31.05,4.491010778735775
VYD_03514,0.05868526056684734,0.5244157250362136,605.850526863536,15.9,22.5,2.119336906143177
VYD_03515,-0.0030080943883115177,0.44426639074208785,540.9111880046136,5.39,9.39,2.3864071967249365
VYD_03516,-0.021836067885438924,0.4014614366199516,464.0282532823666,15.46,23.2,1.6534466295434915
VYD_03517,0.10281529892870185,0.6135199022655193,505.45933824995006,16.14,23.99,2.7603920740393884
VYD_03518,0.009648885032388626,0.4190286849786445,457.55527408345665,13.93,20.43,7.824558104222131
VYD_03519,0.04475605139909498,0.5170155566205287,510.7781524298866,17.74,26.26,5.153079149171825
VYD_03520,-0.18662054723069538,0.18893615632421437,380.6806422836752,3.25,3.25,0.6161096894866405
VYD_03521,0.00726218366586712,0.47810067523760114,475.58084811878666,15.79,22.59,4.406401165567817
VYD_03522,0.16359641684717705,0.5752679661225151,553.9129366431184,12.01,12.01,9.848438212557483
VYD_03523,-0.07068676356099303,0.4343000470034385,479.5320209973753,18.6,27.6,1.050174329519377
VYD_03524,0.05344804850667007,0.5193896825151423,544.1817683194384,4.83,4.83,2.5127223925949393
VYD_03525,-0.06145864944841442,0.36042561987932364,525.3951130751235,15.75,20.1,1.0575910517090856
VYD_03526,-0.032272745216912195,0.3851075887020649,558.9828018631315,18.6,27.6,0.7613719619677007
VYD_03527,-0.018812319601201544,0.43420262079964833,421.12301918265223,8.49,8.49,0.6601964608021349
VYD_03528,0.0014617016167759414,0.5072268252162764,556.6819317235637,15.0,23.0,2.974225974248031
VYD_03529,0.04103400588816695,0.5093185718034091,556.6505038209237,16.65,24.15,8.135297228748426
VYD_03530,-0.06645454182138877,0.30246282326956647,455.8877207737595,13.48,19.98,0.6552127006683455
VYD_03531,-0.06841857407346189,0.36326753971737413,434.92204487624343,16.08,17.43,1.1903034333990699
VYD_03532,0.061075685630031046,0.5416807899655399,600.9834219580857,15.93,18.43,3.5208246024453578
VYD_03533,0.10743810869033454,0.535207106820262,529.694227151203,18.0,27.0,2.784547417960464
VYD_03534,0.04651939560911385,0.5439775821094992,546.3839777093212,20.55,31.05,15.908618384256526
VYD_03535,0.061148909244037465,0.522194556723161,514.5073138634409,18.0,27.0,5.417002622693969
VYD_03536,-0.006631931271341113,0.4253233627271225,401.59262805169936,18.6,27.6,1.1269356381660505
VYD_03537,-0.007325700556420607,0.4585081855546439,580.0638549467876,13.93,20.43,0.6991951511610117
VYD_03538,-0.03229459259869986,0.5646703282148311,509.6351114997814,20.55,31.05,1.2605042193715723
VYD_03539,-0.07478574138314394,0.32902755143255275,350.3762237762237,11.68,11.68,0.7849383398263415
VYD_03540,-0.02121054210675853,0.4492325688578842,513.9393218322425,13.48,19.98,5.545861344010578
VYD_03541,0.024013989235420283,0.4420727561699973,470.5460607557422,15.39,22.44,1.1141316514644644
VYD_03542,0.043658274286564,0.5031382312121803,577.9418011894649,11.68,11.68,0.6476278705066512
VYD_03543,-0.008758288435763045,0.39686717001035,350.7238632399114,13.48,19.98,4.729267857688655
VYD_03544,0.18018985337984159,0.6015852934567434,535.6382013608123,9.74,9.74,2.791997474480296
VYD_03545,0.02186886597991579,0.41832608947286476,431.1507255936674,18.0,27.0,0.8373580410595758
VYD_03546,-0.05230265923508924,0.41081578556326265,296.7652938878334,13.0,19.5,20.429461952561937
VYD_03547,-0.027328155284623235,0.4445152200818597,545.635370295427,16.08,23.13,0.6817562621502711
VYD_03548,0.14793248871185372,0.603338747056601,592.7289063306824,6.64,10.14,5.322851259906779
VYD_03549,0.11162067399625618,0.5583386977782328,576.1036414565825,17.74,26.26,0.689297448151973
VYD_03550,-0.017419108907540067,0.4572336734059366,502.781790295594,18.6,27.6,1.979282570555226
VYD_03551,-0.012094560728530674,0.49310331094625953,495.41615938018816,9.6,9.6,0.9977867765047241
VYD_03552,-0.05004832118460147,0.32133862148796494,354.5781598217129,9.81,9.81,2.59637286523654
VYD_03553,-0.026658800790105006,0.44832937115910176,362.85961111412007,17.74,26.26,5.0774191091087575
VYD_03554,0.09028016548230267,0.49599232362557705,392.3325815405967,6.64,10.14,4.757141298228826
VYD_03555,-0.013368771209610972,0.463336731284318,670.8408005458267,10.24,10.24,1.2057593933907582
VYD_03556,0.004550639214272599,0.36627896192724885,348.9502539123225,6.64,10.14,2.655064329809827
VYD_03557,-0.10802750483532557,0.3021674417473316,322.02349046192654,17.74,26.26,1.7496765432630317
VYD_03558,0.04956214881180741,0.497657176073889,572.2925588548444,4.83,4.83,2.3319026883719625
VYD_03559,0.11424772651529477,0.6099524511550676,553.8905839032088,15.0,23.0,1.546077124805728
VYD_03560,-0.04625089863229082,0.3670191962935456,445.9947594092425,13.0,15.7,1.1565634727673697
VYD_03561,0.028201673448682962,0.46989847947371277,484.42202360490427,13.93,20.43,2.4105106466505655
VYD_03562,0.13723031580234524,0.5614329486178256,477.8932295977487,18.6,27.6,1.662388250183181
VYD_03563,0.043022456568908615,0.4999922059061795,546.6320411222961,13.59,16.59,3.855782231749388
VYD_03564,0.2545417751027206,0.7178714697898704,600.9435356991235,16.65,24.15,10.998823980097733
VYD_03565,0.004064622780431515,0.4176161279638937,428.8141036117013,20.58,28.78,3.369677698126811
VYD_03566,0.10797740006504065,0.5254471054550273,533.7247797247796,20.55,31.05,2.7760666277665043
VYD_03567,-0.1678769939038123,0.19901971166438379,386.2451253481894,12.01,12.01,1.1866658480162382
VYD_03568,-0.047703703112479776,0.37838679660241265,436.15641352001126,15.0,23.0,3.9014753544243637
VYD_03569,0.0520296235696079,0.4493449587664473,438.40265035677885,13.93,20.43,1.080862459558907
VYD_03570,0.07532454329777598,0.5236370482521269,438.25706275609224,8.4,8.4,2.5510695182270373
VYD_03571,-0.04743728898465632,0.28521341716376225,384.2728463806094,8.4,8.4,0.8414984312186076
VYD_03572,-0.12657654411394828,0.24544768823848392,359.7990730301892,20.55,31.05,2.201248064400789
VYD_03573,0.10371360803819198,0.5578835133957281,528.65522875817,15.93,18.43,2.1926972237764635
VYD_03574,0.012848141588472702,0.45883960282562836,426.45324137931044,18.6,27.6,1.0031657779650405
VYD_03575,-0.09393222262190187,0.34231857947439465,508.5136630923556,11.68,11.68,0.7996949798445204
VYD_03576,0.027594445309444247,0.5869363060805355,408.5056886504486,15.0,19.92,2.9884489417122766
VYD_03577,-0.04799039239146377,0.19256006005885065,349.1143455728306,20.58,28.78,4.990510203325993
VYD_03578,0.023615121518479176,0.4124873445951953,404.8209591474245,6.64,10.14,0.7729284976613972
VYD_03579,0.06278710397484144,0.5382248019293883,499.12087186261545,17.74,26.26,2.0880315284428383
VYD_03580,0.0933866601532955,0.5340424693555276,438.4432964329643,6.64,10.14,1.1204848623229156
VYD_03581,0.05183893450582391,0.5582332093874436,441.89589002367745,18.6,27.6,7.810429460324839
VYD_03582,0.05453785654048964,0.4648930746356637,525.670385126162,10.68,10.68,2.073864245493714
VYD_03583,-0.01563531695611243,0.4706083268001351,365.07078324497877,16.4,24.9,11.037049400809535
VYD_03584,-0.014957216205801292,0.381435574732818,415.8480542195015,13.49,15.99,3.775458478315812
VYD_03585,0.00626306316780037,0.4178436681942027,362.93754976286885,16.4,24.9,7.947926421481761
VYD_03586,-0.206048992625826,0.14492876372019253,264.712440167406,15.2,22.79,22.00507539364175
VYD_03587,0.03525553402961187,0.4975018849477321,537.5254237288136,13.93,20.43,1.2198931907279256
VYD_03588,0.04840713277193495,0.47385475276360406,419.8619320688134,16.4,24.9,0.6249239298042069
VYD_03589,-0.05696821512656349,0.41967855108191876,375.1675437522947,12.01,12.01,2.2504398308991944
VYD_03590,-0.017767620092640938,0.4360756249004981,504.04402821697875,13.48,19.98,2.287341717061411
VYD_03591,0.023709075106375033,0.4420314346669035,406.63721552878184,13.0,19.5,1.0280979879445105
VYD_03592,0.044713648416740935,0.4382840814718511,539.1915966386554,20.58,28.78,0.6566429657912528
VYD_03593,0.08893978207368847,0.49937675789508795,467.4992886275254,20.55,31.05,2.900339710202665
VYD_03594,-0.07034603685624673,0.3080064981869095,372.461251554082,8.4,8.4,0.6668349909504003
VYD_03595,0.09943146098863431,0.5505121307638102,509.2109611677224,9.74,9.74,2.0024393064254364
VYD_03596,0.02190893302000958,0.4730883922611733,544.9641280353202,16.4,24.9,0.9980489746907356
VYD_03597,-0.08717930865381407,0.32756810900434846,318.42214467603515,20.55,31.05,2.9155007091964844
VYD_03598,0.007008277676040959,0.4875537595723853,551.3972992931743,15.0,23.0,5.199450319827705
VYD_03599,0.10705366407085047,0.5878184472046557,586.8048046738752,17.74,26.26,6.308614965803297
VYD_03600,0.020952739343471135,0.4376641124693883,462.2700729927009,10.68,10.68,0.792456783954757
VYD_03601,0.09563744955015015,0.5910016192021982,577.5729390384934,16.0,19.52,8.31856538537178
VYD_03602,0.1686212988571569,0.6489908963345117,599.9842629482072,18.6,27.6,4.146120623745053
VYD_03603,0.11940583886087877,0.6124745192404749,593.8048597194388,20.58,28.78,2.200044382091502
VYD_03604,0.03467251977967864,0.42099981574984746,387.5517408336635,20.55,31.05,6.249244022429419
VYD_03605,0.12795463847880015,0.6229140715867324,687.9059904153353,3.0,4.5,3.448526694982731
VYD_03606,-0.04618048670297886,0.339707819731947,481.5066425120773,15.86,16.2,0.9121956212958233
VYD_03607,-0.002820955766711047,0.43955655046459063,531.6590728777057,11.68,11.68,4.877730715569607
VYD_03608,-0.07395136773294364,0.3415178570440938,288.14631365594124,15.98,15.98,2.1756737924332947
VYD_03609,-0.021333744870755834,0.44918797050544634,543.9742765273313,16.08,23.13,1.0353666246111943
VYD_03610,0.08529647627430714,0.5998450223644943,445.31760629081697,17.74,26.26,2.065033376480456
VYD_03611,0.06738322358252695,0.4917439819977189,458.2241305281238,6.64,10.14,0.6404376761398826
VYD_03612,0.1708300365565981,0.6542202270209728,632.8577263444519,14.48,22.48,3.2369044446876885
VYD_03613,0.07195461642807102,0.5313851194973537,595.3135518157661,8.4,8.4,1.2442494959030015
VYD_03614,0.023161247327439426,0.4637511698954146,400.52198830409355,12.0,18.0,2.421007370329754
VYD_03615,0.028372714093280568,0.44226696226554796,503.39705530999873,5.39,9.39,9.2141968121313
VYD_03616,0.21306564437810446,0.6271906843079957,522.291952844695,14.04,19.29,2.6836583054327297
VYD_03617,-0.07973076487391065,0.2720833754325013,293.04258339247696,16.14,23.99,3.101613829645176
VYD_03618,0.06510724251194835,0.541615580025965,598.5813634806441,5.39,9.39,0.8029701892934575
VYD_03619,0.19799584860605915,0.6416498346147318,515.9186429512516,12.01,12.01,0.8371107547432943
VYD_03620,0.04353660310175768,0.507927658103894,552.0193439865434,11.68,11.68,0.6558570582918027
VYD_03621,0.021736958012716332,0.44523554294503603,454.1311306143522,15.46,23.2,1.5984401418589869
VYD_03622,0.10049531183118934,0.5404234805128811,557.8940582959641,11.68,11.68,0.9808262439322442
VYD_03623,-0.0033058796476807314,0.4828615510872248,505.75161412837065,12.01,12.01,1.4476648808432493
VYD_03624,0.09938259221277217,0.5697001523661732,500.1616409000459,12.01,12.01,1.7964713974163016
VYD_03625,0.020427579585146727,0.4981150011425665,522.7764915405164,4.56,4.56,0.619378450765484
VYD_03626,0.08224415559816539,0.4937599831023941,465.98974091462355,11.68,11.68,1.57977005813783
VYD_03627,0.059137371681527225,0.3920493532093217,543.0699588477366,12.01,12.01,0.334769377023085
VYD_03628,0.061565539099852455,0.5249350085662514,401.73672872749637,15.39,22.44,3.5734081090186716
VYD_03629,-0.007105513408888625,0.3980645565994172,473.6795602605863,11.68,11.68,0.6771100713665453
VYD_03630,-0.004816129094005417,0.49698470691984037,445.85167773403066,15.93,18.43,4.684524197323787
VYD_03631,0.09944409153623358,0.5117575285240664,552.1572700296738,7.61,11.11,1.482817071349532
VYD_03632,0.005661731129011189,0.43514197281920897,483.9494727592267,20.55,31.05,1.8766413720496573
VYD_03633,0.060975640220393194,0.4818205313289657,504.0,10.68,10.68,0.03281343386793589
VYD_03634,0.020091280355881258,0.45213543064417133,456.10269443078107,17.74,26.26,5.044674720935658
VYD_03635,0.042607777800062176,0.46380169391426235,543.2795848909223,20.55,31.05,4.9693962661553375
VYD_03636,0.1667665890826376,0.5919253938681884,482.0053241465707,12.0,18.0,0.8787954644113093
VYD_03637,0.12213719878109322,0.6090673845494915,534.9365895458442,15.93,18.43,0.6419787454731061
VYD_03638,0.0356692859227323,0.4308450715926681,474.54987689956704,11.68,11.68,3.251605575384997
VYD_03639,0.09156523282316399,0.5580882729923905,593.3346376584757,18.6,27.6,10.54834700261215
VYD_03640,0.12833439475744823,0.5492423762097716,451.60156250000006,15.46,23.2,0.7755631576872134
VYD_03641,-0.06970763544026873,0.36184385044458983,549.9088820826955,12.01,12.01,0.7192671054778705
VYD_03642,-0.07590892697760554,0.455390507753284,530.5196172248804,12.0,18.0,0.8644332054487402
VYD_03643,0.0800281664200011,0.5041956115268159,478.88705727204217,20.58,28.78,2.920659832184307
VYD_03644,-0.037012691589141805,0.33516589912863803,409.72474460839953,18.6,27.6,0.9717960260097458
VYD_03645,0.05284284537689428,0.46364142009430703,453.32276187024286,15.39,22.44,1.5180088740615985
VYD_03646,-0.016081942038682715,0.4317159140984717,479.75227727171733,15.93,18.43,1.239622548391482
VYD_03647,0.003809786042418122,0.4738192098693493,433.75380502584204,14.48,22.48,7.72545345710674
VYD_03648,-0.0402010521297497,0.3876439567300001,284.2132380130655,12.01,12.01,2.2344429274596855
VYD_03649,0.09589637385486728,0.5540360187920915,467.47510412722454,13.59,16.59,2.9066777006109255
VYD_03650,-0.05182388426316047,0.42922463890156937,370.40800615858376,12.0,18.0,0.7249186762258316
VYD_03651,0.22573072969677424,0.6180383977137696,592.288543729803,10.56,12.56,2.639582475760835
VYD_03652,0.002619660880878239,0.4267796549697428,360.4073202614379,17.74,26.26,1.0559326310396424
VYD_03653,0.023336759458280888,0.4959790772376802,499.03047539216857,13.93,20.43,4.603479430019517
VYD_03654,-0.061504587954448915,0.35172469470547657,382.89904761904756,4.56,4.56,1.0126220389996334
VYD_03655,0.0034075361477390272,0.4294466322672159,519.7685804646636,13.48,19.98,4.550903386749551
VYD_03656,-0.03495951720413806,0.40627227802635746,452.1563421828909,11.68,11.68,1.2145974538490851
VYD_03657,-0.13414626724755352,0.28544564183534693,340.7388638638639,13.48,19.98,4.430947363418825
VYD_03658,-0.11371157435284641,0.3204367750663785,318.6954740538431,16.4,24.9,1.3920377384887193
VYD_03659,-0.04470785661019426,0.3445330043494122,445.5491944058233,18.6,27.6,3.344775452748932
VYD_03660,0.03407213225090437,0.41578146816329586,362.54452587164127,17.74,26.26,1.2389714478492964
VYD_03661,0.020460092536015932,0.5557447754916887,610.8169528681035,5.39,9.39,3.767306660322481
VYD_03662,-0.03778832896106907,0.39104844818806106,379.1673806609548,13.93,20.43,0.9100162629680831
VYD_03663,0.1190102553260184,0.5780231441979514,613.2814159292035,13.93,20.43,1.244176761622895
VYD_03664,0.12905710385201277,0.6314964666844007,610.5846276383911,17.6,26.6,0.6917085568596454
VYD_03665,0.02677153018283859,0.3965512996756267,544.1001615508885,12.0,18.0,0.5143662234843488
VYD_03666,-0.016033159510878563,0.458422875320462,449.10316768381284,5.39,9.39,0.9474376217110811
VYD_03667,-0.020048365997922837,0.49403359845548794,508.10608618391825,13.48,19.98,3.0975846548070147
VYD_03668,0.054753467630007734,0.5451165859042248,557.3286295673714,15.0,23.0,6.215050621730403
VYD_03669,0.05118664568437783,0.5519140123805096,506.08231058746514,15.0,23.0,1.6821297036762044
VYD_03670,0.11701216874497887,0.5925462774695331,594.8196193674784,20.55,31.05,3.935143103924309
VYD_03671,0.005318333066098695,0.36430364628208756,442.23322500477923,9.74,9.74,1.4419539313163154
VYD_03672,0.005735903670405689,0.47392351889113743,578.2886548587842,15.9,22.5,1.1519121322182013
VYD_03673,0.0662021897609569,0.46617234102934635,518.2981230448383,13.59,16.59,2.6399438824480175
VYD_03674,-0.07946692023277568,0.3559757408998355,453.0109822526796,7.61,11.11,3.1480590712292797
VYD_03675,0.04233849666112999,0.5854499285176117,594.8820931022766,13.93,20.43,0.8109456454981403
VYD_03676,0.00756891347891435,0.474804504194445,482.66376554174064,20.55,31.05,1.5557554270319263
VYD_03677,-0.07915556803859387,0.4191591650076962,550.8252774120743,17.6,26.6,2.9251768244494682
VYD_03678,-0.02661792291690604,0.37949448391308277,406.31999420037704,5.5,8.0,1.896916839334019
VYD_03679,0.055371379527476935,0.4603198554807697,431.4705423332033,9.6,9.6,1.4103725211539078
VYD_03680,0.10186000899327782,0.46729887211353477,467.6279002320187,13.59,16.59,1.899323482295562
VYD_03681,0.07110132900018117,0.4972753483709577,650.4056857472146,7.61,11.11,1.4342636074257094
VYD_03682,-0.08225731237684894,0.2705489600502272,342.5889830508475,15.0,23.0,2.5349664882206895
VYD_03683,-0.06662670268285871,0.4266122488727571,498.1609823830598,13.0,19.5,3.17452634459176
VYD_03684,-0.05484817983376608,0.3792039212476287,461.9149696707105,14.88,19.86,2.538945546396079
VYD_03685,0.09281280241268076,0.5370532313163959,600.5963896457765,10.68,10.68,0.8063783759968781
VYD_03686,0.1260883249934929,0.5469464103951528,578.9305321573677,12.6,17.43,2.773813359554594
VYD_03687,0.065787630453,0.5096716372999854,507.3188747731398,5.39,9.39,1.5165680639940318
VYD_03688,0.018115891029392754,0.4694598722715496,457.50292919001527,3.25,3.25,2.160201097080989
VYD_03689,0.01928497599560232,0.4282160922748553,449.377906365071,17.74,26.26,2.6100104634762324
VYD_03690,-0.06015317599210896,0.39095645696506415,335.52856753069574,13.0,19.5,5.04511500994473
VYD_03691,0.10357289297471069,0.5280359001935653,522.3791917454859,12.01,12.01,0.6460410706349913
VYD_03692,0.029657559337149725,0.5019912385613137,597.4854460093895,17.6,26.6,0.8825772338567329
VYD_03693,0.0695111729546333,0.49981501403478384,483.0326379542396,18.6,27.6,0.8269871935495554
VYD_03694,0.06800753373599802,0.522441354222952,437.2099894011658,17.74,26.26,2.0827762969268977
VYD_03695,-0.05713519126457175,0.4297191961304166,439.492596810934,12.0,18.0,2.4104675909069893
VYD_03696,0.03759260964478323,0.4358929658013255,449.63961965134706,15.46,23.2,0.8692220564091753
VYD_03697,-0.03287386024007622,0.4176785187671216,471.88497652582157,13.8,13.8,3.402814731039159
VYD_03698,0.09376115592996513,0.5293902888745037,439.75678490473564,15.0,23.0,4.490750132922334
VYD_03699,0.0028244359321863226,0.43097427818725575,524.421798631476,8.4,8.4,0.5626191750111516
VYD_03700,-0.030489085225399566,0.45280543254930233,399.8990291262135,12.0,18.0,0.7088296585625682
VYD_03701,-0.05960083291366787,0.33953261525406797,424.6435643564356,20.55,31.05,3.5053191213616977
VYD_03702,-0.015253811540914798,0.40967173302344706,480.6641231082283,11.68,11.68,2.16566633688796
VYD_03703,0.02228599437487261,0.402391789238585,338.6828515937394,12.0,18.0,2.4050264334751277
VYD_03704,0.2522243033204722,0.7009990672089073,578.0560697208083,10.73,12.73,3.563456203439246
VYD_03705,0.01814546402124831,0.446961622222378,498.1720183486239,14.88,19.86,0.23998773532366685
VYD_03706,-0.024210554545599984,0.44184448870985604,433.4448451421298,15.93,18.43,1.29835322998315
VYD_03707,0.08323023255707887,0.5815480823235265,569.2209879130861,16.14,23.99,7.872137052468824
VYD_03708,-0.0433310856717944,0.36060952831433657,393.4099616858237,16.0,23.82,3.668450585530141
VYD_03709,0.12471940098387967,0.5956011278302514,587.5279350009129,18.6,27.6,3.021162982474895
VYD_03710,0.09139086189650965,0.45773884950961047,449.1966553112419,15.46,23.2,0.8898695591651733
VYD_03711,-0.019336824912042267,0.4157788342579621,396.281370214325,12.01,12.01,1.5024000468835752
VYD_03712,0.0688950758892162,0.5422263120703731,572.3813051702396,20.55,31.05,1.747863151489733
VYD_03713,-0.09093261749713495,0.26352455790068624,284.136279439005,4.56,4.56,1.0421625926469442
VYD_03714,-0.0004911094855266838,0.4169145562358051,450.1580217129071,15.0,23.0,0.913386490255094
VYD_03715,0.01912852300318261,0.44209855386485913,387.5576257861635,16.4,24.9,3.4983269315037164
VYD_03716,0.08203230625660582,0.5546961599771518,549.7178150217255,20.55,31.05,4.436506065692134
VYD_03717,0.14087881109297434,0.6125380851671506,539.9793650793649,12.0,18.0,4.846497388779223
VYD_03718,-0.02654489561953644,0.3651716076474414,436.803903345725,7.1,7.1,1.7792615930587785
VYD_03719,0.004082121401849947,0.43956922927388314,498.38897422768395,15.0,23.0,4.838636547572334
VYD_03720,-0.027366915973440216,0.34272777092953,395.8595704507908,7.61,11.11,1.167804829116251
VYD_03721,-0.05184726323718635,0.3982201684481788,391.2630208333333,13.93,20.43,1.699085304089197
VYD_03722,-0.03812433440405739,0.4250121522485774,450.6375681995323,7.1,7.1,0.3529858670297088
VYD_03723,0.12684486535073655,0.5492463037707684,480.9402325200591,15.46,23.2,1.6815649975684275
VYD_03724,0.055304302557981716,0.5410070623514689,532.9620591676417,18.0,27.0,1.6575310205006637
VYD_03725,0.026842372027542995,0.4112893180302987,438.47641342756174,8.4,8.4,3.110997148857939
VYD_03726,-0.04159596367224393,0.3762120720391885,402.93756279603843,15.39,22.44,1.9160032114942787
VYD_03727,0.07392011922222246,0.48835194188097747,502.1564147627418,13.93,20.43,0.7835591677288627
VYD_03728,0.10829993756131691,0.5043914593378962,499.9895293728646,15.46,23.2,2.497566901811171
VYD_03729,0.07817339144860529,0.5039174844542507,472.36503896930157,9.74,9.74,3.4734837818237736
VYD_03730,0.018406107781286606,0.3996103393234266,430.6640259272597,12.0,18.0,0.7672848876839861
VYD_03731,0.12734706227967463,0.5808589756514367,497.1380308880309,15.46,23.2,4.275388867923367
VYD_03732,-0.07792142151142357,0.24912722708196725,420.480711043873,14.88,19.86,0.7276941457178867
VYD_03733,-0.03320039583271,0.42918165603323544,561.6341369334618,16.65,24.15,5.672915129632803
VYD_03734,0.047332601822412966,0.4110626858926091,403.51734304543885,10.56,12.56,1.5873462122575601
VYD_03735,0.026070912362278167,0.477158895034379,442.332799359231,7.61,11.11,0.6832349564789668
VYD_03736,0.03887182838614975,0.48413166713710043,533.4924458380843,9.74,9.74,1.9258129106532502
VYD_03737,0.0996643046805492,0.3384219573094295,518.2657342657343,8.14,8.14,0.03984844937935899
VYD_03738,-0.0556288369892438,0.33023082900402256,449.41926985321794,7.61,11.11,0.7317615535654077
VYD_03739,0.036226155160052585,0.5016966920933806,514.9579272640835,16.08,17.43,1.1574531973847804
VYD_03740,0.07535951305127386,0.48813316487673,528.4202290692045,11.68,11.68,3.4159735017707775
VYD_03741,-0.09287554101845062,0.3360871177242776,378.81164135936376,14.88,19.86,0.7603397110756854
VYD_03742,0.10152966959399183,0.5369228469904824,568.6343565331581,7.61,11.11,3.361112807282275
VYD_03743,0.05393971370536396,0.45573171834633613,477.96742525658186,7.61,11.11,1.2350805415444792
VYD_03744,0.11268465515688736,0.5549251469164056,474.3171193935566,18.6,27.6,1.3091299837773773
VYD_03745,-0.017737733131244014,0.3970912594917261,397.4445939883355,20.55,31.05,1.2291826758376438
VYD_03746,-0.03203051551998343,0.42536949547862624,465.9947288393309,15.75,20.1,2.717912249674814
VYD_03747,0.014432170195847673,0.4380965655103512,412.7149358709144,11.84,11.84,1.3290065781024047
VYD_03748,-0.11628959069544059,0.20163031841118942,361.3965060878772,13.93,20.43,2.5954601360836134
VYD_03749,-0.0178797651368043,0.4354755866218323,439.76130247578055,16.08,23.13,2.043260183077179
VYD_03750,-0.028813989332553084,0.41560128254951423,428.4197828709289,18.6,27.6,1.3703522222236668
VYD_03751,0.05162204150339495,0.511311389634704,453.45561822125813,18.6,27.6,3.163769626058409
VYD_03752,-0.006945005744202489,0.45942429162586984,471.68924446583253,20.58,28.78,2.311680697978317
VYD_03753,0.03445587012510358,0.472589161167648,593.0116892911009,9.6,9.6,0.7338392891768736
VYD_03754,0.0576233138887067,0.49014505843105066,496.01385746606337,15.0,23.0,2.919782280530322
VYD_03755,0.1455722104058152,0.6549448903431054,648.0323789536802,20.55,31.05,1.8369076291495847
VYD_03756,0.07475878794831611,0.5184460812201016,521.8505408062932,13.48,19.98,4.492241193906194
VYD_03757,0.029362119079486132,0.40936045478004723,402.5644359464627,12.0,18.0,1.4387593205960931
VYD_03758,-0.11844583357267816,0.3950877394976472,513.4513715710724,15.75,20.1,1.5484945917237418
VYD_03759,0.0034425782244162434,0.39416862854874535,372.7047690511923,12.01,12.01,3.296484099649372
VYD_03760,0.14884324981125532,0.6350951175815703,517.2536281025365,13.0,15.7,2.0308016763291574
VYD_03761,0.16641573100672727,0.6520474417505958,551.9216119707532,13.59,16.59,1.6177416080592895
VYD_03762,-0.04229246391624642,0.49871743661271417,545.1236234621941,5.39,9.39,5.970286328322809
VYD_03763,0.004967351142577778,0.4594036321600795,438.95621996796586,6.64,10.14,1.030427064978566
VYD_03764,-0.21847286717008563,0.15968465195385928,288.897141081417,16.14,23.99,4.425966176091217
VYD_03765,-0.027044051245113655,0.4430175778117238,457.6652060796933,20.58,28.78,1.9926076410634792
VYD_03766,-0.03525474553472801,0.5159564459674061,419.998234307407,13.0,15.7,3.118911589330801
VYD_03767,-0.011441601805875818,0.3911365268218894,440.9012120290075,5.43,5.43,5.420317128401605
VYD_03768,-0.14233282808301317,0.16365061600146805,295.97998152140445,10.56,12.56,1.7879874737094814
VYD_03769,0.2592207374390141,0.750837776209733,640.6017980484595,20.55,31.05,2.510098745811453
VYD_03770,-0.003864010673079455,0.3909836164431956,440.24232183679567,15.46,23.2,2.7669895199636407
VYD_03771,-0.011862802938542206,0.4262479284905278,437.11772875816985,14.88,19.86,3.3675714699450627
VYD_03772,-0.10305037141634114,0.30135485315569055,441.80487804878055,16.23,23.99,1.0193462885091822
VYD_03773,-0.0028903765513224565,0.46317128521819206,538.0611363145388,16.23,23.99,3.8192037052837353
VYD_03774,-0.07687843894678897,0.43663541921454435,423.3710743801652,13.0,19.5,2.6657559812160865
VYD_03775,-0.04484812399917896,0.4082292122076212,490.0089043747581,4.56,4.56,0.7140856649225107
VYD_03776,-0.05014099424220789,0.34470891911433216,444.18119013973933,17.74,26.26,1.7470255111987703
VYD_03777,0.01189419141086019,0.4582749142216148,569.7978267523723,15.93,18.43,1.7982244043990814
VYD_03778,0.23534324904169343,0.7276018036163734,625.2339993755854,15.0,23.0,7.053402541856171
VYD_03779,-0.06188647722491233,0.3653376294906741,409.89894975872835,11.84,11.84,0.969149030317325
VYD_03780,0.12302132658623213,0.5770990175626991,569.9293638533914,5.39,9.39,1.9602146650242416
VYD_03781,0.04578376319025159,0.40661488301196885,376.5232567079265,10.73,12.73,7.156559894901405
VYD_03782,0.023687201455687742,0.44284176360790134,429.77231428986744,20.55,31.05,7.555567582595945
VYD_03783,0.009700407199453734,0.4585532319365574,549.0533313189303,7.61,11.11,5.437174150561063
VYD_03784,0.13925886670456838,0.558176107369601,513.3450616585585,20.55,31.05,2.4343692901006175
VYD_03785,-0.05423452407293453,0.40680251624267166,483.09758466905123,11.68,11.68,6.231092861848026
VYD_03786,0.00889952369339495,0.4178030424849659,395.06913684210537,9.74,9.74,3.2545081130665925
VYD_03787,0.18754120917708864,0.6932693318036847,573.7410775697364,13.59,16.59,3.595183581267235
VYD_03788,-0.03691960657056273,0.3450217631849389,372.70939064873687,13.93,20.43,4.8974069360446535
VYD_03789,0.047977899883492055,0.5488200982711067,565.9898492704162,16.65,24.15,12.578648615280066
VYD_03790,-0.09334632704521267,0.3453971147615972,501.4065716547901,7.61,11.11,2.0845253753225492
VYD_03791,-0.11781767742964366,0.3091666403865695,290.0344137314195,15.93,18.43,6.45879794364799
VYD_03792,-0.010155215022731454,0.3976717646738623,510.83101682516457,10.68,10.68,1.13104352494645
VYD_03793,0.02603694259753401,0.4557161339241142,411.0683445734547,17.74,26.26,3.9565104800780513
VYD_03794,0.16156390794450398,0.5598612434832899,547.063743110472,8.14,8.14,1.1509650990578446
VYD_03795,0.07393086253591477,0.5031880562338504,394.60363113427974,6.64,10.14,9.179015073512073
VYD_03796,-0.043998679976799494,0.453847941965473,486.39623103279484,12.01,12.01,2.2478764570997294
VYD_03797,0.017432061103028352,0.46342023262884063,526.5954146073586,11.13,11.13,4.008553464519468
VYD_03798,0.0020907124385912018,0.45847764171554456,526.3087059425574,16.4,24.9,4.297365940438273
VYD_03799,0.14972519000112305,0.5411685244866836,530.7810831426393,10.56,12.56,1.082916507583208
VYD_03800,-0.0010507175681567116,0.45896212388623386,404.8469113697403,8.49,8.49,0.6148375284687997
VYD_03801,0.07124425306095734,0.4791888988626857,479.1953349875929,16.08,17.43,2.7703171272399434
VYD_03802,-0.022941234549119793,0.36742010484024734,537.8194499800718,3.0,4.5,0.6915039100682794
VYD_03803,0.13615716775309447,0.6406200781269867,660.336997595328,20.55,31.05,0.7978111310980078
VYD_03804,-0.018881884106813338,0.39045410330738856,436.57172361997755,12.01,12.01,1.4709873190106846
VYD_03805,0.015062522169291872,0.3774021211480311,580.8178067318132,15.38,21.94,1.2695228598896042
VYD_03806,-0.13063078984484303,0.3744790553711917,451.98048662972786,16.08,17.43,1.144964721441121
VYD_03807,0.012040988662749616,0.45805875965735043,490.766089965398,17.74,26.26,3.1821569952542434
VYD_03808,0.015994940011119195,0.43292095485212134,358.3819097152763,20.55,31.05,8.243242708256046
VYD_03809,0.035459894697516384,0.47790502899411386,479.8946904604538,5.5,8.0,1.2457665688451975
VYD_03810,0.03819622800554149,0.45055551902736096,515.7120936805976,15.93,18.43,1.3639878335784634
VYD_03811,0.10847987583685967,0.5259138012057546,518.0586436909396,5.39,9.39,0.9916528607152363
VYD_03812,-0.035722517634827824,0.43130646945670714,530.2964356435645,12.01,12.01,1.3922063622301937
VYD_03813,-0.07116067455206562,0.42399694230442814,450.0348628910018,5.39,9.39,1.9983006550320173
VYD_03814,0.11805968264135594,0.5299445812393545,502.0225285104596,12.0,18.0,3.928097817617871
VYD_03815,0.04232160221410733,0.49197585728353416,504.38694678347656,13.0,19.5,9.705885805964071
VYD_03816,0.0007991402805955464,0.4192837122876615,490.66171266808203,20.55,31.05,14.006675188150838
VYD_03817,-0.049564974056926316,0.3995081889471485,484.72367641833466,12.0,18.0,2.3280200648662257
VYD_03818,0.1635249659212367,0.6242500336814595,512.9657474090988,20.55,31.05,4.698237744940172
VYD_03819,0.019559600754038207,0.42217854782802466,354.13713578889485,15.0,23.0,10.00627093990694
VYD_03820,0.02145064186078871,0.45161755419306915,486.1364611260053,8.49,8.49,1.024490128508718
VYD_03821,-0.014532316180285889,0.5108176610698422,499.320534698521,9.6,9.6,2.9047301645280394
VYD_03822,0.09819238977461456,0.5555635592692963,531.3892335766426,5.39,9.39,1.509934120678937
VYD_03823,-0.031520864808556544,0.43830439973105184,516.6195324283561,3.25,3.25,0.7310220971007495
VYD_03824,-0.035286695074438004,0.3496119013195768,409.476984414643,12.0,18.0,0.7676810197671721
VYD_03825,0.04356903581012196,0.49842851014047956,510.83703284258223,5.39,9.39,2.429809001765731
VYD_03826,0.056968813419438984,0.46641640119514877,456.3944276602886,5.39,9.39,2.4584352907672793
VYD_03827,-0.011983343904743463,0.35258014713905095,379.2543180464562,15.0,23.0,4.623857924486314
VYD_03828,-0.13972490049471545,0.145346417444903,301.1000140124711,15.93,18.43,7.896272687055739
VYD_03829,0.00019763248321727877,0.42743757936229726,439.57735392067815,15.93,18.43,0.9102068452281641
VYD_03830,-0.04811256439181317,0.4299534074089826,455.49825513765035,18.6,27.6,0.7110650585573093
VYD_03831,-0.023085246880723206,0.3481781274954261,465.98199672667755,6.64,10.14,2.1804821802902965
VYD_03832,0.04349639850581506,0.4177499452424473,468.7190919483914,12.81,15.67,1.6896107366467956
VYD_03833,0.15826436372220867,0.6454235186652204,594.0254005470887,8.4,8.4,0.7049552194711965
VYD_03834,0.09717629612770046,0.5451856639079204,537.9903078165665,15.46,23.2,3.0664405936336196
VYD_03835,0.1652563641101992,0.6413940221854127,533.8637130154838,13.48,19.98,1.8024053818127355
VYD_03836,-0.04696277405803296,0.4460973369712061,454.9513523666418,5.39,9.39,1.4693810862718841
VYD_03837,0.024332625736583628,0.49973010862571887,420.6054769087956,12.0,18.0,1.1738539265165375
VYD_03838,0.017374673206348834,0.4425415453412723,583.0981944100915,12.0,18.0,1.109552156932599
VYD_03839,-0.0023622031140033187,0.42397076476160256,504.4935172413794,5.39,9.39,1.9961245606288958
VYD_03840,-0.1280222705926241,0.1864577381679226,415.6886273310914,15.0,23.0,1.800546630013144
VYD_03841,-0.02539463048116676,0.2998901672638819,369.76303127506014,13.48,19.98,0.6897627394924546
VYD_03842,0.01643118256628595,0.39366658517628766,467.35734265734277,10.24,10.24,0.7836348959342697
VYD_03843,-0.039513964547616014,0.40687302860153407,485.395127118644,16.4,24.9,1.3089319284172534
VYD_03844,0.19532110585554302,0.6730445225445534,561.7586180942345,18.0,27.0,3.6648020008237867
VYD_03845,-0.004950225136694467,0.4515604224771376,538.6180390536211,12.0,18.0,2.66559472821864
VYD_03846,0.0676976565479139,0.573815504925176,605.1414611265294,15.0,23.0,14.078404552499487
VYD_03847,0.1192034433207311,0.5951975828375999,487.40153504342567,18.6,27.6,1.3716995745156544
VYD_03848,0.012777906937571765,0.3612730819153607,352.02970791973155,8.4,8.4,3.8498715877067298
VYD_03849,0.16628283880486242,0.5975915330822671,674.5697937910718,11.68,11.68,2.4245803328915327
VYD_03850,0.08988878814524724,0.6129519349327349,622.7181234183375,18.6,27.6,1.415563596020875
VYD_03851,-0.06326074284024316,0.4993338705377555,494.8785141839462,13.0,15.7,2.16454591486338
VYD_03852,-0.08384280051827123,0.38825018352650575,360.7207913594351,15.93,18.43,10.598903522692705
VYD_03853,-0.015723394574617494,0.398220383993716,526.5307290370739,4.83,4.83,1.108108612748982
VYD_03854,-0.06489732724830378,0.43053884658108277,600.5013693270736,15.93,18.43,1.4111714682805985
VYD_03855,-0.17737505718574872,0.18487414074791322,267.10782305959447,20.58,28.78,2.6865880311826413
VYD_03856,0.0239657633209385,0.4293653765453654,498.71809122269065,9.6,9.6,1.4393977664122142
VYD_03857,-0.11155974544840395,0.32937985420239696,338.506723359022,12.01,12.01,5.1750895328165205
VYD_03858,0.09276319804472505,0.564221358381634,541.1454211171425,20.58,28.78,3.142551600679071
VYD_03859,-0.05193469134961609,0.3608888521937475,459.2918388429752,15.93,18.43,1.6029251599366343
VYD_03860,-0.029386193489641055,0.33269571506948437,387.6180465116279,10.79,10.79,1.4751277321628136
VYD_03861,0.09822220908745509,0.5232466320415492,503.0980308219179,12.01,12.01,0.6442704254820452
VYD_03862,0.07880975406689367,0.5316762484526304,560.5815320041972,16.08,17.43,1.3179662488443142
VYD_03863,0.013192759558805252,0.4284303365570198,447.54374725205696,20.55,31.05,4.380265164303126
VYD_03864,0.12727846165150838,0.6191795803530663,570.6775098864648,18.6,27.6,4.3193475828485255
VYD_03865,0.012698498043229188,0.46899759484089626,250.6132699079508,16.08,17.43,4.4479207421135545
VYD_03866,0.001523772265708234,0.46760756117807495,448.68474195961113,17.74,26.26,5.900251360320244
VYD_03867,-0.10100164281606411,0.3211266929742112,428.27906976744197,16.23,23.99,1.7253711283305664
VYD_03868,-0.0056676621801786,0.4204838008871351,529.0859684853681,15.93,18.43,5.130949334447342
VYD_03869,0.06121783138751648,0.5283368135732717,579.9690677235911,17.74,26.26,3.1974356149019645
VYD_03870,-0.015552278440033124,0.4210169305967143,512.6553803339517,11.68,11.68,6.531478985267179
VYD_03871,0.010357411256229208,0.4270075996788406,595.9242618741978,15.86,16.2,0.646858581543875
VYD_03872,-0.05982203935662241,0.45064728005039434,472.8659542557181,16.08,17.43,1.4672617937360475
VYD_03873,0.03319093920516059,0.5041245674540855,469.6737305077968,15.39,22.44,4.813043958670993
VYD_03874,0.10065941202066381,0.5693271718241728,467.54681164762263,7.61,11.11,1.4848641418883168
VYD_03875,0.005727574838408124,0.4687798221203969,643.6686363636364,13.93,20.43,1.2122146926257913
VYD_03876,0.09802482884578972,0.493941890632269,589.2713908993996,11.68,11.68,4.9096927516481825
VYD_03877,0.11530804557368911,0.5546204919257994,519.3031340250295,5.5,8.0,2.565413496075994
VYD_03878,-0.1377158989878339,0.35266596088954655,442.24563758389263,14.88,19.86,0.8137445223572116
VYD_03879,-0.05116973257898331,0.358757681249237,316.42971233620233,5.5,8.0,3.546762132158941
VYD_03880,0.024083274413067634,0.3464848685397556,436.0157141675625,8.4,8.4,3.3295517735384514
VYD_03881,0.10774607817715368,0.5376920879044292,547.1372231226363,17.74,26.26,1.0227300368511814
VYD_03882,-0.07163350615351802,0.1257151842236642,303.6358650945983,15.93,18.43,4.017063573982037
VYD_03883,0.12207228042409904,0.6284332452162693,559.6230993702965,18.6,27.6,3.5864593842770547
VYD_03884,0.15779680516328243,0.6157067339742238,505.90945611866505,12.0,18.0,0.89080379833257
VYD_03885,0.0042976535030414265,0.43469915544289994,568.3788289226923,16.65,24.15,1.3248301748036213
VYD_03886,0.07930012719002429,0.48628022643307367,487.59343065693423,5.39,9.39,1.1319780439545084
VYD_03887,-0.005364030013646809,0.469550675262995,487.8903097470873,5.39,9.39,0.968205727282444
VYD_03888,-0.025890162653266196,0.35612759469910144,398.3704606385571,11.68,11.68,1.1171068750282962
VYD_03889,0.05160663458378855,0.43690225566621155,539.5638409209838,10.68,10.68,1.0497927478263334
VYD_03890,-0.1359220900353124,0.40365324239599565,436.45995872033035,15.0,23.0,2.6691618418918748
VYD_03891,-0.055995959411942145,0.4255828712106324,448.1531660011408,17.74,26.26,0.967440131650267
VYD_03892,0.04560590926278941,0.5137547684865973,447.72492293099356,18.6,27.6,2.324005695688108
VYD_03893,0.004075081853512114,0.4167363356715692,411.12100527458887,17.74,26.26,0.8877593108235761
VYD_03894,-0.018662636197202362,0.37766833349267187,430.1723987810187,5.39,9.39,0.6314014456533551
VYD_03895,0.0898749608069747,0.6123728281061713,462.18430478671445,13.48,19.98,0.8484633009948825
VYD_03896,0.11683965834706585,0.5201642159528791,472.9443310499091,20.55,31.05,9.83629445484611
VYD_03897,-0.0663010742167924,0.3303649293858519,311.54294032023284,4.56,4.56,2.2688039952219614
VYD_03898,0.13056175013654958,0.600853626399159,577.396633436836,17.74,26.26,5.048924190759827
VYD_03899,0.11539459851560506,0.631328105252927,641.2375781249999,20.55,31.05,3.5211470876185973
VYD_03900,0.06780821391286816,0.5098044782460184,456.47098214285705,16.08,17.43,5.662223344664002
VYD_03901,0.01214404240059129,0.4738144491545396,548.892379835873,17.74,26.26,5.887814283983818
VYD_03902,0.08285813771609861,0.5911357045859751,416.49987440341613,15.0,19.92,3.286219757078101
VYD_03903,0.08354617232566094,0.5120764578512987,474.3490196078431,14.48,22.48,0.6338154862561617
VYD_03904,-0.006426910633747806,0.43315987687846413,505.0907808090311,13.48,19.98,1.1748450554128675
VYD_03905,0.17054881049630036,0.6297674418830812,571.4169121381412,6.64,10.14,10.825417887546463
VYD_03906,-0.03261853915041956,0.47412832606803207,404.6750074471255,18.0,27.0,0.9139029376614348
VYD_03907,0.059020705623258986,0.5180997261117003,484.7837039952765,16.08,17.43,1.3965102751318472
VYD_03908,-0.0011073202740353738,0.42582825803611174,403.9434089377948,12.0,18.0,1.2352086550051011
VYD_03909,0.0935449236870428,0.5604956644810702,581.6146403797004,17.74,26.26,1.509071893469568
VYD_03910,-0.005994745222962247,0.3832240565392498,402.71821265645104,20.55,31.05,2.351783799926327
VYD_03911,-0.008065843016792758,0.4012868760822294,463.7103746397694,15.39,22.44,0.7626541294992257
VYD_03912,0.0595938304691528,0.4596937458527109,573.3264895330112,9.81,9.81,0.6850468087309054
VYD_03913,-0.07364208422180214,0.3826716759492791,387.32910679064526,14.88,19.86,0.9771999764030789
VYD_03914,-0.00735322425714758,0.43199129294781335,459.101393062005,9.74,9.74,5.0470961123761935
VYD_03915,0.004924153781168974,0.4280389471043586,463.42933790585766,12.0,18.0,4.995181364971171
VYD_03916,0.0015940131642753171,0.4721806815841203,540.6574897937821,11.84,11.84,2.632872379587272
VYD_03917,0.0768195988247228,0.5314686809497509,488.5005743999032,11.68,11.68,4.54343173834677
VYD_03918,-0.05285200120672452,0.3252002205759476,363.99515347334426,15.0,23.0,2.5538455985355677
VYD_03919,0.1172600210820999,0.5257133347749586,324.71316980581105,18.6,27.6,3.7665249180176033
VYD_03920,0.06479453514190125,0.4465735900815198,419.3330196570473,20.55,31.05,2.631484389954175
VYD_03921,0.18551489197395737,0.7034574829603887,614.3074736182718,14.48,22.48,5.705972459688209
VYD_03922,0.0351525742622666,0.505311416831944,573.3685213414634,11.84,11.84,0.7243598792697418
VYD_03923,-0.007130833775671077,0.44954750901258206,359.4666524611122,16.08,17.43,2.582611022245185
VYD_03924,-0.03906013907514168,0.44493050147954544,429.08385650224216,10.68,10.68,1.8410323578152943
VYD_03925,-0.008880433669237032,0.4930755785684667,568.7353833425262,18.6,27.6,1.9976360741102552
VYD_03926,-0.025269356922068695,0.4434332586185413,429.77125385572805,18.6,27.6,5.087200732092273
VYD_03927,0.09067991876418925,0.4884439099440345,505.6991690859947,13.59,16.59,2.7474064321284057
VYD_03928,0.0476736184127661,0.4889992023830292,399.6018089565409,6.64,10.14,2.4938179304178845
VYD_03929,-0.08827117087008939,0.31481728523136604,314.2488070892979,16.08,17.43,1.6126672948003975
VYD_03930,-0.006867417848930912,0.3610234567151987,381.0419313850064,12.6,17.43,1.0839947028755976
VYD_03931,-0.003265720160442145,0.48480517797565276,426.44022888418965,13.0,19.5,2.1909809555739663
VYD_03932,-0.07451825131569668,0.38932292098691884,453.7480696891704,5.39,9.39,2.798403793255897
VYD_03933,-0.01930320127078911,0.46521058692850586,495.0465532676813,18.6,27.6,0.9237852759935947
VYD_03934,-0.0011200499802471024,0.42361641835219527,525.4483177245924,17.6,26.6,3.173977721707075
VYD_03935,0.04025013010710233,0.4633418987040216,486.50905472636805,16.08,17.43,2.7644577477300825
VYD_03936,-0.0005040945353432968,0.4960963230993224,402.51078376624343,6.64,10.14,18.231597477653988
VYD_03937,0.11982277299431858,0.5455455684433801,553.3816243336468,20.55,31.05,1.7565363998828012
VYD_03938,0.2218153523339511,0.6957145599151836,666.236998514116,6.83,6.83,1.480429796861386
VYD_03939,0.05428006725587769,0.5297859527570553,551.6110206530122,15.0,23.0,3.213357957740078
VYD_03940,-0.04509743549664988,0.2653440804510752,354.18109987357764,14.04,19.29,1.752705823145731
VYD_03941,0.019972020206687858,0.516013227983455,344.6635388739946,18.6,27.6,0.8238720140380308
VYD_03942,0.016133724727497262,0.36872900818801735,500.87759336099583,9.85,9.85,0.8002184392202032
VYD_03943,-0.07486546526319814,0.3847371280593466,430.42653898768805,4.95,4.95,3.0174371799135327
VYD_03944,-4.616311197267488e-05,0.43406391100618497,474.99038923594435,5.39,9.39,1.1534060962304435
VYD_03945,0.01580878636999976,0.4467529066848313,610.7056262558608,7.61,11.11,0.8220291132782515
VYD_03946,0.0444825362434547,0.43041130733913335,370.5822959889349,13.59,16.59,2.7855605097501455
VYD_03947,0.03494254976766023,0.4367246869735498,513.8419862737181,9.6,9.6,3.4086861642939854
VYD_03948,-0.009594254387088724,0.38340220544807174,443.8962147547315,11.68,11.68,7.136587017972433
VYD_03949,-0.02545489594290093,0.3301879477485372,313.64830237027536,16.08,17.43,2.5758729559398823
VYD_03950,0.06875446871533217,0.5283145675615918,576.0688575899844,20.55,31.05,1.7606093485558132
VYD_03951,-0.10534381420201183,0.2797934619776324,249.91116109080687,9.81,9.81,0.9808830715199716
VYD_03952,-0.03192171709151171,0.21758557859860944,292.41555977229604,13.49,15.99,0.5787801686315541
VYD_03953,0.025561916826592375,0.536779699636503,405.4905403566081,15.93,18.43,6.065211727010312
VYD_03954,-0.10462039257622573,0.3740853154037629,386.8537123930445,16.08,17.43,0.9976761649257162
VYD_03955,0.0539641690549691,0.568736861018527,406.65938430983124,18.6,27.6,1.6780766749999414
VYD_03956,-0.056219773750072616,0.3905024176682306,429.7758909853248,13.59,16.59,1.2894908471274347
VYD_03957,-0.07639216669856606,0.24994532518016485,417.38975864318337,7.61,11.11,0.845066612356671
VYD_03958,-0.12462374795811383,0.2622895183583752,289.31242431581506,18.0,27.0,1.140855538183399
VYD_03959,-0.10987704130265245,0.30408047195712906,400.9525289867248,14.88,19.86,3.2750804334596744
VYD_03960,-0.07369064643590457,0.35453671436632483,312.9204273346842,12.01,12.01,1.496230403926086
VYD_03961,-0.06704889356161904,0.29657182214727,358.499707533926,12.01,12.01,4.698241223382243
VYD_03962,0.05420920507342781,0.4842458246818682,569.6818327974278,5.39,9.39,3.421290971973943
VYD_03963,-0.039968591800422094,0.46100871893907774,465.82384610731333,15.93,18.43,4.5496185476243305
VYD_03964,-0.015292108479027728,0.3496768356421364,326.6466069142126,8.4,8.4,1.7167292764129394
VYD_03965,-0.14852024535320682,0.2691853314111104,401.4749624436655,14.88,19.86,1.0986141291607203
VYD_03966,0.022384724182276942,0.5026169363678002,548.6660156250001,16.4,24.9,4.504570145175995
VYD_03967,0.10419724145222928,0.5627666695505568,622.4910801564027,4.95,4.95,2.2551141823050296
VYD_03968,-0.05521573595476432,0.2885339039155312,353.4695481335953,15.93,18.43,0.560739581897013
VYD_03969,0.06005736654816558,0.4230469563392115,601.2328576400976,11.84,11.84,0.788063874731095
VYD_03970,0.11724163996170447,0.5920180816557457,535.7333061889251,13.93,20.43,1.3524004034780348
VYD_03971,-0.010521791608531417,0.37036221751804504,378.52087754913725,13.59,16.59,11.920756554351785
VYD_03972,-0.07878614281883049,0.3000499097703171,469.9159103537691,20.55,31.05,1.4876124787220355
VYD_03973,-0.028099252477894878,0.4248651194209428,430.1854109319701,16.08,17.43,2.79483178539469
VYD_03974,0.11279061965652469,0.5666763089431747,514.5085388994308,6.64,10.14,7.388652469657703
VYD_03975,-0.016215470811898534,0.321718599114361,379.6522700663458,6.64,10.14,2.1140214921416853
VYD_03976,-0.012269399370372962,0.399918506900277,349.7418368524287,8.4,8.4,4.767546399040839
VYD_03977,-0.05443832983504839,0.40136455483451416,477.0756823821341,7.61,11.11,0.8890788447048071
VYD_03978,-0.03322545273579474,0.4615951331380087,469.72936400541266,12.01,12.01,0.610643946375078
VYD_03979,0.09032426281729015,0.4562888290476166,398.31886345698507,10.56,12.56,1.0374751782341367
VYD_03980,-0.050129113397844656,0.38892694433068403,394.50918753377755,14.88,19.86,3.04525915942309
VYD_03981,-0.027317994982896457,0.4730905880937579,531.1091101694915,18.6,27.6,1.2987125078543065
VYD_03982,0.03399841063626062,0.4650595646103224,432.14659897305717,6.64,10.14,4.767779630827583
VYD_03983,-0.03471072751647941,0.3864123852791608,396.42335093751103,13.0,15.7,7.766129688411716
VYD_03984,0.06329774163767518,0.45285095883734083,431.14855039116435,10.79,10.79,2.9917728804954797
VYD_03985,-0.07738742898162777,0.3650386229787758,451.86838905775073,12.01,12.01,0.8993354573018667
VYD_03986,0.015578767393300361,0.4234064229746618,435.9250317662008,17.74,26.26,0.6465695151900733
VYD_03987,0.08973813154117885,0.5552814608869406,521.4815161778482,15.0,23.0,3.818284357225431
VYD_03988,-0.014972259524652183,0.36544470254750255,412.5117924528301,5.5,8.0,2.3332010772891474
VYD_03989,0.09612606490742219,0.40289032359246035,367.57879924953096,10.56,12.56,1.1747785173625118
VYD_03990,-0.06448174777539095,0.414092847073976,449.7844209087803,13.93,20.43,0.8080062302996079
VYD_03991,-0.009467520644939031,0.37455729538292776,339.11298606016146,20.58,28.78,2.6250068869739467
VYD_03992,0.08750757806815145,0.5428261480365515,586.4973569294417,10.68,10.68,1.1983897578201816
VYD_03993,-0.0013225600801353495,0.35701276838366947,442.803738317757,9.74,9.74,0.7121819907326411
VYD_03994,0.08512790439259534,0.4850510079346516,588.1047191011237,12.0,18.0,0.6144128506667119
VYD_03995,0.05134868789082416,0.5469185837689621,612.2669654289373,13.8,13.8,0.8626766357970206
VYD_03996,0.13628722308634333,0.5803149559541944,581.6315342116447,17.74,26.26,0.6543237405761538
VYD_03997,0.002461625564269366,0.4501335253640554,538.3464962337366,5.39,9.39,1.206618847729231
VYD_03998,-0.07006116268605435,0.37900909097460267,537.4695194304361,16.65,24.15,3.7291740159974105
VYD_03999,-0.007695439574106008,0.37814917004010606,549.920909090909,11.68,11.68,0.6131844101567685
VYD_04000,0.11012516937609196,0.514574167502666,438.793137578357,15.0,23.0,0.834223609440455
VYD_04001,0.1471228514350494,0.6221370015112009,447.68179534416345,17.74,26.26,1.6493784002482632
VYD_04002,0.14052494076850194,0.5882042883795549,463.68562217039386,16.14,23.99,4.009560588441013
VYD_04003,0.042256412821621375,0.5357360467901378,503.31286598628077,6.64,10.14,1.6462695819507982
VYD_04004,0.005059169405752743,0.41230897987990955,511.85722117794467,18.6,27.6,10.592119023456041
VYD_04005,0.07312694286277116,0.5012513937483006,480.8372817955109,15.93,18.43,3.9572763888996234
VYD_04006,0.02342228821963917,0.41409367002586217,586.5072748721981,7.61,11.11,1.4044914582253323
VYD_04007,0.029100283488267636,0.45076509481786886,379.9834156669019,9.81,9.81,0.7822696063239278
VYD_04008,-0.010077339259952325,0.40651125583224795,402.326215895611,15.39,22.44,0.693135369499937
VYD_04009,-0.03623815159554398,0.3721536776376427,421.2122208667055,6.64,10.14,5.184805242312118
VYD_04010,-0.09101356643512448,0.4047643802792605,531.6195856873824,5.39,9.39,1.1707041738667006
VYD_04011,0.05002479013586365,0.4607862009859261,474.003744610031,15.46,23.2,7.274388023559094
VYD_04012,-0.015424382373501699,0.3840758763769136,427.69092193571186,15.93,18.43,0.7946034554912198
VYD_04013,0.08386515553051754,0.5716918932721452,517.9785996931279,13.93,20.43,6.844930841642254
VYD_04014,-0.04598163823870386,0.2940917467935177,458.76193399846517,13.48,19.98,1.7949918978440695
VYD_04015,-0.08279432543127162,0.2798699936934348,335.176775147929,6.64,10.14,1.4872855048107487
VYD_04016,0.02964245103716008,0.29217522258951784,356.9162561576356,16.9,18.86,2.565584784906387
VYD_04017,0.029805175963111597,0.43364641173411733,465.47782101167326,5.39,9.39,2.4766623767553004
VYD_04018,0.09565281396908171,0.5606653078336081,562.8266280752533,11.68,11.68,3.80592875810654
VYD_04019,0.19479258655812706,0.6458675685924208,572.2412940410893,17.74,26.26,14.829794277997056
VYD_04020,0.03537045643453104,0.44077860878651065,436.7915202108964,14.48,22.48,1.254430086908229
VYD_04021,0.07125672031837726,0.5265222229712674,541.977350720659,7.61,11.11,0.8012306691142186
VYD_04022,-0.09171500652890648,0.3758331677590475,398.7762003097573,15.93,18.43,2.1318856754539337
VYD_04023,-0.06791169193405733,0.3228601905752112,425.3269819039545,6.64,10.14,7.472516504515661
VYD_04024,-0.10022550220964833,0.2835141585999544,300.01250390747106,9.81,9.81,0.8813478613934134
VYD_04025,-0.030112862800170392,0.31530062071267556,351.50390707497365,15.46,23.2,6.510280807370211
VYD_04026,0.1606215480289771,0.6262477340442256,554.9553167420812,5.5,8.0,2.429571310080107
VYD_04027,0.0895753444028631,0.5548546602376849,582.7058600725068,13.48,19.98,5.086591894730781
VYD_04028,0.0013279104122137031,0.36980801012449543,463.42038753159227,12.6,17.43,0.9808762590504011
VYD_04029,-0.055427507535994486,0.37851002131586586,565.1351114997813,8.14,8.14,1.25866033537725
VYD_04030,0.17317843027485494,0.635319155716898,525.8384507158819,13.59,16.59,3.326255933722417
VYD_04031,0.03332907948017436,0.40510836845435966,318.82979600247273,16.4,24.9,1.3351284308236406
VYD_04032,0.06583994419215167,0.5378081169792682,566.659252434851,16.4,24.9,4.1690833808472005
VYD_04033,0.15567380442374185,0.5849700967821455,477.1003683241252,11.68,11.68,1.1946394317768017
VYD_04034,0.02113738019151609,0.44353267797460405,394.8843373493977,11.68,11.68,1.942528185572018
VYD_04035,0.10931505303687891,0.5865922432096264,481.53076230492195,16.14,23.99,3.666168821960215
VYD_04036,-0.11967944847307756,0.362394670937531,342.4530292716133,12.01,12.01,0.8047274416846512
VYD_04037,0.042085298729015314,0.42699491290841257,334.5384018619084,20.55,31.05,4.254283744882884
VYD_04038,0.08781766296398709,0.5940372469744547,535.3030646992055,15.0,23.0,1.7045302987361688
VYD_04039,0.0184602957275443,0.3723554236479113,371.1128991060026,9.74,9.74,1.0731429042733844
VYD_04040,-0.049866829251576254,0.41137524888737015,471.99658808933015,20.55,31.05,1.7758845527141527
VYD_04041,-0.025698510447727436,0.4250165752794259,598.6140022463496,18.6,27.6,0.7395885320705851
VYD_04042,0.07316119251526466,0.4730766717108778,622.2671356783922,15.86,16.2,1.3687047900851699
VYD_04043,0.065869570455905,0.4499580721054272,477.1046937707207,11.68,11.68,1.5782431366411962
VYD_04044,0.04955560800898484,0.540992514923718,626.2262279780656,15.9,22.5,4.7104710108839285
VYD_04045,0.05162405432084252,0.4843607915415682,631.803664921466,6.83,6.83,0.7380418491079822
VYD_04046,0.015110079114264773,0.4223725507324805,470.6221079691516,9.74,9.74,0.21006846984061295
VYD_04047,-0.10470706934033344,0.3481727459151811,312.08750115133097,15.93,18.43,2.9871234805849185
VYD_04048,0.10477608343111913,0.5588931401348377,493.9256288734962,6.83,6.83,1.5122706902826162
VYD_04049,0.042848885925279454,0.49919660079442996,484.16891771814466,15.93,18.43,3.100891127444486
VYD_04050,-0.0576637551990984,0.38309336613202044,475.6953053783045,5.39,9.39,1.2078387823279322
VYD_04051,-0.03572615924343884,0.3993577900550938,404.94661383285296,5.39,9.39,3.821852325992036
VYD_04052,0.028291273870220585,0.4972362180549233,330.286783976039,18.6,27.6,0.7311834215483443
VYD_04053,0.02160029660513592,0.4427209990264394,402.4701130856221,10.68,10.68,0.6822645751639066
VYD_04054,0.15575827704720543,0.6602830645777363,608.6498514657251,17.6,26.6,4.917943291964874
VYD_04055,0.09739266117646005,0.5751739726137545,563.1819403386186,11.84,11.84,1.021455323153771
VYD_04056,-0.03961660532917529,0.45046405652151467,474.3517362329007,9.6,9.6,3.923386175337361
VYD_04057,0.03607728302042221,0.46479249434341885,432.2549286912751,15.93,18.43,5.245440421459863
VYD_04058,0.07475926051896317,0.5413091096411028,469.5689489937172,20.55,31.05,2.5904921679015933
VYD_04059,0.020778441009022985,0.32270117148870975,433.1308264786526,14.04,19.29,0.7055109014958412
VYD_04060,0.13328282595330534,0.5574189155794135,502.1808571428572,11.68,11.68,0.9623688791306811
VYD_04061,0.07824538310012372,0.5250302958303948,332.49437727234294,20.55,31.05,3.2534768208358944
VYD_04062,-0.1048968282881739,0.3063316075847443,302.3072911443185,15.39,22.44,2.7453323933554805
VYD_04063,-0.04963815065321733,0.3920460984560912,497.6673388944908,17.6,26.6,3.011189871569047
VYD_04064,0.014923047271768988,0.4827788089777942,536.7159679698541,15.0,23.0,0.5846966611569735
VYD_04065,0.024552248302221656,0.4501757678320926,562.2499131039277,5.39,9.39,0.7918420656603136
VYD_04066,0.04077872931397925,0.5230635997797878,381.2693467336683,6.64,10.14,0.8236253829185127
VYD_04067,0.08991334946861708,0.5374509100658427,614.0874872838251,11.68,11.68,0.81412382169101
VYD_04068,0.058937257929049906,0.46585477630309696,431.8658598726114,6.64,10.14,2.160935489857321
VYD_04069,0.11297578596636966,0.5392340746909878,530.7914345403899,8.4,8.4,0.7917211273246693
VYD_04070,-0.03942217482344972,0.3979560731520692,365.7095718878674,13.0,15.7,4.882558045143059
VYD_04071,0.004077511943985273,0.40874572239170615,451.4382503268753,5.5,8.0,2.314855059764394
VYD_04072,0.012817497744705433,0.44698856866098624,426.8956014838368,18.6,27.6,2.078515137713881
VYD_04073,0.05103482111977867,0.4439687166703398,422.7562475970779,15.0,23.0,2.855457625850328
VYD_04074,0.011332791261509816,0.46203597772649546,540.6028525512255,7.61,11.11,1.3708853348762264
VYD_04075,0.06525012386804838,0.5356438061051625,559.0537377953343,15.0,23.0,3.698754048254315
VYD_04076,0.16578504382128986,0.5869480420771518,483.8790243902439,10.68,10.68,1.4116338951302043
VYD_04077,0.0029986879149768164,0.46813411367991287,525.7363793103449,11.84,11.84,1.593933143066052
VYD_04078,-0.07039181127361772,0.3471906237147888,518.3082892416224,15.38,21.94,0.7766991101294567
VYD_04079,0.07145784919327183,0.533345327586818,534.1647666164766,14.04,19.29,1.281836523509041
VYD_04080,0.07800885709863,0.5052454628703167,447.1690072639225,20.55,31.05,2.27545459556652
VYD_04081,0.1421017830731385,0.5131819011861046,511.1926910299004,13.49,15.99,0.910708567313091
VYD_04082,-0.013083608477322614,0.4041038753101979,409.0711906014378,18.6,27.6,1.5762483781848688
VYD_04083,0.07890934379532162,0.5621005094890857,410.2423674343867,12.0,18.0,3.097206543549157
VYD_04084,0.00484453611611087,0.4115305405557726,437.7998096446702,15.0,23.0,5.208681783166482
VYD_04085,0.025459597216858927,0.4832625450166696,497.00438624372265,16.4,24.9,4.337522809616748
VYD_04086,-0.14899824124420494,0.29408881132505166,487.7893716058961,10.68,10.68,1.4214785962542795
VYD_04087,0.025994627590910074,0.4811550913654722,390.7280745548344,8.4,8.4,1.6526171333625106
VYD_04088,-0.10226693689021547,0.36390289653290736,364.7504745470234,14.88,19.86,1.593647144263093
VYD_04089,0.04947231135853812,0.42438931715084033,432.53791864493775,20.58,28.78,4.285963526156226
VYD_04090,0.1369952283844978,0.567411295710646,623.7444629014398,6.64,10.14,0.9959333814456061
VYD_04091,0.020151041952947278,0.46425791253912246,613.4350425385146,7.61,11.11,2.392005323244502
VYD_04092,-0.046547071934234054,0.4047453142157347,423.67279726261773,10.68,10.68,0.643051259805329
VYD_04093,-0.03773262802430005,0.45769724996438055,464.8390354609929,15.93,18.43,4.850106623468536
VYD_04094,0.015347530613126032,0.4169354538222945,412.28475438118596,6.64,10.14,6.066887184558703
VYD_04095,-0.125648063162576,0.31313382233376347,390.2197109067017,14.88,19.86,2.098535765712033
VYD_04096,0.005630882883903896,0.4819723114053067,536.8623583718002,17.6,26.6,0.6546515563465016
VYD_04097,0.19440405251911622,0.6780724269472921,525.8487342431504,18.6,27.6,2.6426304721489764
VYD_04098,0.015613262637502661,0.4602392970841434,446.9412048969073,13.0,19.5,1.7094857358670372
VYD_04099,-0.09695265516670651,0.33885840141239926,329.54912348295125,12.01,12.01,2.8535154116217445
VYD_04100,0.09364533852108907,0.5783893756834981,641.3176926388289,20.55,31.05,1.918998868076957
VYD_04101,-0.03667078461225524,0.4274604803250827,412.6232164696289,20.55,31.05,2.7015387799003263
VYD_04102,-0.0021681855867642817,0.39574639227112623,543.882908792112,16.9,18.86,0.6670240003076098
VYD_04103,0.03265843523870132,0.474389754418507,426.6103635843115,12.0,18.0,0.9805847117932671
VYD_04104,0.049011990180655204,0.49159995733032336,529.285240464345,15.0,23.0,4.978871275356657
VYD_04105,0.04308541969135375,0.49440416102061924,459.01930628272254,15.39,22.44,0.8399043958414258
VYD_04106,-0.005519131934536014,0.4056725120462326,407.6282183316169,13.93,20.43,0.8059377870573978
VYD_04107,0.08252078850392004,0.5009932669149142,445.33593042217797,9.6,9.6,1.5198175060075434
VYD_04108,-0.10800762379446693,0.3066653798014619,457.9870833333335,3.25,3.25,0.6593693988222329
VYD_04109,0.06333145874668844,0.443045464564537,522.7510387811634,11.84,11.84,0.7963733075387037
VYD_04110,0.007366588705499066,0.4205431670729664,468.8214285714286,11.84,11.84,0.7177820112505123
VYD_04111,0.11954616085589981,0.5648663434333597,543.7202551834133,20.55,31.05,1.7392334279501764
VYD_04112,-0.09441145261071732,0.2855811463785821,327.32428718653387,4.56,4.56,0.8004140973381096
VYD_04113,0.0016010446438428612,0.3304547968772236,377.93389784211973,10.56,12.56,1.0113053398948604
VYD_04114,-0.05165064424649924,0.19398058257257703,244.15961424916358,10.73,12.73,1.3983698257188308
VYD_04115,0.05306301997896265,0.48658345617573245,435.68975995138265,5.39,9.39,1.812113145991899
VYD_04116,-0.007641077259117417,0.35683218211001655,395.95935960591123,4.56,4.56,1.1114984182151322
VYD_04117,0.04343418885559291,0.5028519096925437,582.4744429882044,15.0,23.0,4.4078603624754304
VYD_04118,-0.08954072195810803,0.3290210054521308,374.7075664621676,16.08,17.43,0.8072136155283465
VYD_04119,0.19118986914773267,0.600219114600349,489.1359689636061,12.0,18.0,1.488578186005525
VYD_04120,-0.00205837781467476,0.37624982667622703,472.7569299925081,7.61,11.11,3.3145846278807816
VYD_04121,0.11316165286473272,0.5401262876712557,569.0278793418648,20.55,31.05,1.8061355636574565
VYD_04122,-0.093845374986653,0.3461823743016337,332.53557114228465,12.0,18.0,0.5462776387001106
VYD_04123,-0.030224815559465847,0.38148451156997953,544.9539711191335,18.6,27.6,0.6103854628243617
VYD_04124,0.03724058903061064,0.49647051053621344,486.98576399873457,16.4,24.9,0.8697853447777003
VYD_04125,0.009804192658950852,0.4716010031210467,502.90914542728626,8.14,8.14,0.9176055450736649
VYD_04126,0.06107253314731551,0.5196784792877694,643.7385092330504,16.08,23.13,2.041475546486319
VYD_04127,-0.1201370510541996,0.19879142133870248,229.37245981195022,4.95,4.95,0.9129326930590914
VYD_04128,0.029531813969718816,0.38509150920986257,420.7138450861702,8.4,8.4,7.13735572670836
VYD_04129,0.13568877418328265,0.568352933383813,707.3097643097644,14.97,17.88,1.6345108478275272
VYD_04130,0.047580030253734584,0.45018187460813686,470.0435640014342,15.0,23.0,1.5338229875988927
VYD_04131,-0.05659301215880599,0.37755356236442106,447.5292570677186,15.98,15.98,1.2668422055568926
VYD_04132,-0.02031532955196055,0.3215202838797402,401.3196829590489,10.79,10.79,1.0426737842480067
VYD_04133,0.05175799470781357,0.4919492327603348,573.7002329154072,15.86,16.2,5.555212440087138
VYD_04134,-0.06744657998713353,0.4017349466669566,466.94888888888875,13.0,19.5,5.199872142810036
VYD_04135,0.04904427018563543,0.5002054168082971,482.34572544481387,15.2,22.79,3.748632188156424
VYD_04136,0.0010817088677827873,0.39727477951802237,337.48992114282976,6.64,10.14,11.469494623592752
VYD_04137,-0.018715593080533638,0.4203154918825835,394.83486766398164,11.68,11.68,0.9576831054827059
VYD_04138,-0.019196564617300117,0.359521947349705,434.9352824297473,18.6,27.6,0.975987268547972
VYD_04139,0.08907425795432172,0.5551863786339446,488.21211096075774,6.64,10.14,2.438848207035354
VYD_04140,0.23287948478512654,0.717134407333806,535.1458847736625,20.55,31.05,1.3359875900794986
VYD_04141,-0.11577178985930235,0.3964463302894274,515.1118138122945,15.38,21.94,1.0827540516334144
VYD_04142,0.00618377360338767,0.4290511619703465,502.29084206441604,15.05,22.66,1.4285948746067454
VYD_04143,-0.031758794886985076,0.4025787245802613,415.17103658536587,16.08,17.43,0.902268960327315
VYD_04144,-0.05448022646790417,0.346890716231089,384.5439370508505,17.6,26.6,6.050934479024325
VYD_04145,0.02863382201985634,0.45309536852501886,375.7951404882543,13.48,19.98,2.3909217303886705
VYD_04146,0.004914776560216386,0.44334214450397513,453.0125172528676,20.55,31.05,5.775756807849284
VYD_04147,0.020150938856748058,0.41838613058820684,557.8547747037796,6.64,10.14,9.771020894511658
VYD_04148,0.12789088804730717,0.5782062708977647,549.3591252078271,13.48,19.98,4.297376258035847
VYD_04149,0.16416341733949227,0.6005114170722832,565.3092175777064,20.55,31.05,2.053160493520533
VYD_04150,0.19395199757073373,0.7131705726811004,726.1777561923262,5.5,8.0,2.2659902381336896
VYD_04151,-0.07818667791554053,0.2810651080224917,344.50114120511256,20.58,28.78,3.6204774349034445
VYD_04152,0.04335213169263732,0.514067093304222,441.5741547577552,3.25,3.25,3.1622979794137374
VYD_04153,-0.020492891435263425,0.3836962213867046,485.1898535564853,11.68,11.68,1.0536849188796886
VYD_04154,0.00045708771725209063,0.3984585287101613,403.6115727916283,14.48,22.48,0.8959747619965317
VYD_04155,-0.07969064087130921,0.3522511294838664,332.8804220398594,17.74,26.26,1.6439218382887844
VYD_04156,0.12976398260803884,0.5385793183882939,514.1404218044606,9.74,9.74,4.086287561450073
VYD_04157,-0.04657974632970931,0.4143353866054961,482.43845419847315,5.39,9.39,1.7106553505063127
VYD_04158,0.022499784991362102,0.39956064025369314,542.5491598140866,8.14,8.14,5.379866747535521
VYD_04159,-0.06100002274689087,0.3619985174481852,396.17719594594587,7.61,11.11,1.630617940268362
VYD_04160,0.010191637515664048,0.47586657247249636,436.08839779005524,9.74,9.74,0.1047740290055123
VYD_04161,-0.056052252262428014,0.32701231069595815,401.4627140974967,18.0,27.0,1.0464020390299626
VYD_04162,0.028377258901861508,0.45867136529268576,463.9701178451179,17.74,26.26,0.6555586950574418
VYD_04163,-0.06293361628554622,0.3615833585859042,449.6905761159864,10.79,10.79,0.7335491548737274
VYD_04164,-0.07653079044938561,0.33356500135271017,418.45494613124384,10.79,10.79,0.5674182763388413
VYD_04165,0.17821371352073512,0.6058844090816943,618.3461538461538,18.0,27.0,0.14034304418676616
VYD_04166,-0.13331048858838912,0.3263155874579938,357.93644284982065,18.0,27.0,1.5739456411326511
VYD_04167,0.08985585045277425,0.5527211108072992,459.81719783523744,10.79,10.79,0.4557390983472188
VYD_04168,-0.11961253189950793,0.3114463048138611,334.40579710144937,18.0,27.0,0.8503918912570725
VYD_04169,-0.011871249414980412,0.4236244710944813,419.125,18.6,27.6,0.020613470203516192
VYD_04170,0.026806949382884214,0.48618034744012956,410.09003669206885,17.6,26.6,0.9774220386587378
VYD_04171,-0.13012856602721556,0.21289261722189856,292.72681954137585,17.6,26.6,0.27704727659007206
VYD_04172,0.06630748208983633,0.47472019660092074,452.63389830508476,17.74,26.26,1.1398446994504836
VYD_04173,0.007538634415203787,0.5281667197986395,382.0020827134782,17.74,26.26,0.9272852404363281
VYD_04174,-0.11692751492813955,0.4007827015780445,356.0998389694041,17.74,26.26,0.1714872730699666
VYD_04175,-0.10965092165157159,0.349135746857302,327.35508495444475,17.74,26.26,1.1208723903018478
VYD_04176,0.05230859289022205,0.4980176736343285,484.6209912536444,13.59,16.59,0.19358531442913623
VYD_04177,0.0539307368899632,0.48682686772666556,524.0493962678374,17.74,26.26,0.25139743549077614
VYD_04178,0.03856102021899833,0.447782929741064,535.8278976417461,17.74,26.26,0.5433060535830138
VYD_04179,0.04444797008946401,0.4228648349711423,424.609756097561,18.6,27.6,0.10857330675992191
VYD_04180,-0.012954430631446981,0.4169844018846714,380.116419549698,18.6,27.6,0.5159193414683572
VYD_04181,-0.06555135619014332,0.30993325618985007,402.06263048016706,7.1,7.1,0.1307179346408485
VYD_04182,-0.04196612326964988,0.3053579255307125,492.8301886792452,7.1,7.1,0.02911787287726006
VYD_04183,-5.233018400837075e-06,0.36709184967096997,444.58427518427527,7.1,7.1,1.6824484191185807
VYD_04184,-0.03866063437857314,0.4154902621447667,395.51797339371643,17.74,26.26,0.9743293167405602
VYD_04185,0.043204830510790944,0.49101043562305857,443.966948287067,18.0,27.0,2.980537319873249
VYD_04186,0.04155476995200777,0.47481168432871745,417.9119895173619,18.0,27.0,6.311560642211521
VYD_04187,0.0005640540010839562,0.41741820003794755,477.16025182429524,18.6,27.6,1.922816562174256
VYD_04188,0.03667884411552396,0.4888090663768254,527.9909393737507,18.6,27.6,4.120093548031437
VYD_04189,-0.015692151194476946,0.4110554627877399,488.70465299684554,18.6,27.6,2.090772544838741
VYD_04190,-0.14093882241511926,0.27012177605277027,403.4732329967613,18.6,27.6,1.4476631309329333
VYD_04191,0.01692855183857637,0.43327326628161333,460.15149023638236,18.0,27.0,1.3345498721186824
VYD_04192,-0.009721742448372237,0.4248398736109307,429.1377586607766,18.6,27.6,2.3769351278029225
VYD_04193,0.0527346178893178,0.5138217633743725,508.7514974906912,18.6,27.6,1.7211982255784675
VYD_04194,0.10527283024023412,0.5511970420610428,503.6501881628465,18.6,27.6,1.609105756189372
VYD_04195,0.08363221126426228,0.5321989537863908,522.0947352541863,17.74,26.26,1.8329923139448656
VYD_04196,-0.023153000806179467,0.3340165864243769,511.09447004608285,14.04,19.29,0.12052434802116452
VYD_04197,-0.08872887467838488,0.33860042090417963,432.85741088180106,9.81,9.81,0.1462874224820006
VYD_04198,-0.03833740681906542,0.39100482962528865,405.54054054054063,9.81,9.81,0.1836287153542133
VYD_04199,-0.08727605577038923,0.3339953002363477,412.4073150457191,9.81,9.81,0.6599302867321868
VYD_04200,-0.015430122251910344,0.3472099599990552,478.44788029925184,4.56,4.56,0.5515580864154389
VYD_04201,-0.004584484119770035,0.3761289068248186,300.06710875331567,4.56,4.56,1.03877040808356
VYD_04202,0.0031811467800871855,0.3757345453514604,321.67772861356934,4.56,4.56,0.7471386243901751
VYD_04203,-0.020577988378564387,0.39477579281664144,426.431934802294,13.93,20.43,0.9149608670625313
VYD_04204,-0.020333866634862224,0.35162716224336826,422.5040061464165,13.93,20.43,2.5115465702377926
VYD_04205,0.05105002320250511,0.4271300295699417,491.8870677593443,13.93,20.43,1.3797471296289816
VYD_04206,-0.1486454294082393,0.26492607390723566,377.36991869918694,18.0,26.16,0.47501047919432093
VYD_04207,-0.039835462191268455,0.35626060560792316,360.7476450173525,9.74,9.74,1.1292496976780706
VYD_04208,0.06117515863270928,0.5121217118968691,443.4313139260426,15.93,18.43,1.7346105373262803
VYD_04209,-0.01545626173815649,0.4347710281846789,480.68414267296964,11.68,11.68,1.2840903794918135
VYD_04210,-0.0947529640846684,0.35468621680868784,287.73236775818646,7.61,11.11,0.8767648210120906
VYD_04211,0.097000530154421,0.5367863382481456,503.6923714759537,18.6,27.6,0.6664046884960959
VYD_04212,0.12657210996849208,0.5674957022592716,511.64302910921435,18.6,27.6,1.2648351326207812
VYD_04213,-0.003029108097031481,0.4477208551411749,481.2266758811334,13.48,19.98,0.39759512780497014
VYD_04214,0.0329741670108174,0.45256245498400766,487.5772727272728,13.48,19.98,0.060728417174480215
VYD_04215,0.024104376113500154,0.43432012667221875,487.2260778128286,13.48,19.98,0.2617798888367741
VYD_04216,-0.044550096834151946,0.3766810463815438,519.7230679156909,20.55,31.05,3.7811847843239725
VYD_04217,-0.037617132341186715,0.41755515868847193,461.63962558502345,16.08,17.43,0.35861773852864787
VYD_04218,0.0024509034904752346,0.3863528393903784,391.81458277792586,10.79,10.79,2.082514595850226
VYD_04219,-0.03511752791059791,0.33855491046054137,458.9160063391442,11.68,11.68,0.7065082546242867
VYD_04220,0.0032119593465901423,0.41580953535674514,495.8586288416075,11.68,11.68,0.5862452202254003
VYD_04221,-0.020723895695710415,0.38277456332754856,489.3010566762729,11.68,11.68,1.4343949934596845
VYD_04222,-0.02450212332366095,0.3565368833860162,433.0430107526882,13.93,20.43,0.24203862776191395
VYD_04223,0.035948623582781974,0.45588122679842735,503.5566611187494,6.64,10.14,7.615605399155883
VYD_04224,-0.0044138598417447885,0.37360796337199914,447.018775050981,20.55,31.05,3.9231662780992664
VYD_04225,0.04136250602486793,0.4642112857863429,616.0385774562989,13.48,19.98,1.382007592537156
VYD_04226,0.08233649832559434,0.5142964942340402,608.7709898180602,13.48,19.98,1.6485082844294459
VYD_04227,0.02979347457062018,0.46139508981571736,452.2854109796785,9.74,9.74,0.9161855340898439
VYD_04228,0.09746612789082494,0.4733309842004898,503.53235294117644,7.61,11.11,0.2809048067122929
VYD_04229,0.06045040285743993,0.4380410612923631,457.9486486486486,9.74,9.74,0.20100060942965994
VYD_04230,-0.03736270158109353,0.4055059688728071,483.2408398517909,13.93,20.43,2.014709420459907
VYD_04231,0.15895511733048664,0.6022674976056802,529.6851408028759,13.93,20.43,0.9193044788330033
VYD_04232,0.04139746314058707,0.41374838665556884,432.7282591351525,15.0,23.0,1.7291120095781363
VYD_04233,-0.006687604267002621,0.3598397538776389,484.4019047619048,6.64,10.14,1.1584288302288297
VYD_04234,-0.024164444846831556,0.5145507875123835,585.0605875152997,13.48,19.98,0.4503692805655897
VYD_04235,-0.024265285911032282,0.4370604619050957,454.0166666666668,13.48,19.98,1.9359180078239282
VYD_04236,-0.06390933259095237,0.314974536270908,389.97351642962224,15.0,23.0,1.694058385634976
VYD_04237,-0.04160483124337481,0.27242911613265247,506.75234627416773,7.61,11.11,5.374484897926203
VYD_04238,-0.06266962088211699,0.24846040664189842,565.577945402299,7.61,11.11,0.7680824343526614
VYD_04239,-0.0568053789607642,0.2288992560598859,442.8844553706506,7.61,11.11,1.4537639092873214
VYD_04240,0.19601079525431037,0.604309329948152,509.8684210526316,15.0,19.92,0.13724426503723658
VYD_04241,0.2401488885120418,0.687620149258107,568.9483834373228,11.84,11.84,0.4849132996451686
VYD_04242,-0.0673458183058103,0.3338585011116665,321.99928023032624,18.6,27.6,1.1484614510196187
VYD_04243,-0.08433989939444204,0.28959555602123754,304.2749529190207,12.0,18.0,0.14625174925431653
VYD_04244,0.03252177660985778,0.45930770329378073,473.84799278304024,18.6,27.6,0.6103414169175297
VYD_04245,-0.005592128808112972,0.4171073366238797,402.1141374837873,12.0,18.0,0.21205229799026484
VYD_04246,0.028991806234780756,0.4096639933786418,458.7625979843225,12.0,18.0,0.2369379726551809
VYD_04247,-0.04321458358379044,0.36129013103635216,482.9156205654404,6.64,10.14,2.521760558216337
VYD_04248,-0.0694534113227006,0.26035338683190357,356.60178571428577,11.68,11.68,0.7741463298005984
VYD_04249,-0.012513654246353187,0.3270425002784519,443.8359840954274,11.68,11.68,0.27827694220861743
VYD_04250,0.11084178585138975,0.5277052447974312,671.5720984759671,7.61,11.11,0.23632796962631272
VYD_04251,0.07934582023683603,0.6230444561330507,720.1698113207548,13.93,20.43,0.15949612015007603
VYD_04252,0.045286261815624826,0.5377012530121642,660.6222664015903,16.4,24.9,0.4166875837317294
VYD_04253,-0.04579889998193216,0.30363537760992454,427.4221711659966,13.0,19.5,0.4790565648062593
VYD_04254,-0.04119068667430128,0.3661208761721823,413.7236704900938,13.0,19.5,0.2692489836224227
VYD_04255,0.2245039827194554,0.6416302214111138,632.4000000000001,11.84,11.84,0.1085399162425107
VYD_04256,-0.07812108563111841,0.26261965618502325,352.2265372168286,15.98,15.98,0.17033922347729577
VYD_04257,-0.06204223817317069,0.39971769617688147,545.3023377712547,6.83,6.83,2.6292630796759107
VYD_04258,0.04793454264758618,0.45073932817595147,469.29604298974107,13.0,19.5,1.125078784033085
VYD_04259,-0.002340413070915558,0.30130704152778687,387.9821699544765,13.0,19.5,0.7274654735374398
VYD_04260,-0.12514953815359905,0.3201155203926485,470.4585908529049,6.83,6.83,0.22362148093598488
VYD_04261,0.12410310433774,0.5576155582615875,609.719142047754,13.0,19.5,0.679349975414857
VYD_04262,-0.0455131588635296,0.3656174864200567,396.74843554443055,13.0,19.5,0.22130168601363912
VYD_04263,-0.07978362535671986,0.345803535049684,363.0695332480818,13.0,19.5,1.726314319607654
VYD_04264,-0.06578074433120486,0.3469542093472939,548.2591165134894,6.83,6.83,0.9290039232528877
VYD_04265,-0.04854600427968028,0.4232310105669712,346.74547728592495,13.0,19.5,6.160249516273953
VYD_04266,-0.05701405314826779,0.4568152817491584,385.82161515704655,6.64,10.14,4.371570393179398
VYD_04267,0.018250472689178305,0.4484668598969591,528.032487032487,13.0,19.5,6.049002951052002
VYD_04268,-0.144790894661694,0.2741000592791826,217.3748084722848,13.0,19.5,6.108528382335455
VYD_04269,0.09379602815386724,0.5835691172346577,469.1253085523449,20.55,31.05,1.8978078418696933
VYD_04270,0.010294529275711029,0.5267103236520141,497.1241874454256,15.93,18.43,5.671536412441677
VYD_04271,-0.05021974683761759,0.4241909693772626,441.93688148684527,15.93,18.43,2.281833170082188
VYD_04272,-0.05178867640060107,0.35874242593778954,508.56575682382146,15.86,16.2,0.11126042717780067
VYD_04273,0.08982625158887143,0.4518675588935843,580.3419430584092,15.86,16.2,0.9408510865121666
VYD_04274,-0.009043848470322214,0.44835919920097983,573.0000000000001,16.08,23.13,0.09072637095227643
VYD_04275,-0.005625351619373839,0.4173579421803886,629.941836734694,7.61,11.11,0.809283133171761
VYD_04276,-0.06912673945034128,0.3047518106403377,492.96264367816093,16.08,23.13,0.0920159665540775
VYD_04277,-0.08090103333106846,0.3288497821128395,415.17854571634274,16.08,23.13,0.391302050258848
VYD_04278,-0.04432749899751717,0.32966806581646996,459.584375,16.08,23.13,0.2705288611398593
VYD_04279,-0.08189522549184854,0.3103596401965232,442.01750423489557,13.48,19.98,0.48957309677192995
VYD_04280,-0.017804387514614755,0.3510682236154705,440.8574894649472,15.0,23.0,2.1484183778001693
VYD_04281,0.03608487759828891,0.4629398945479533,416.93426724137925,15.2,22.79,0.2670698041661295
VYD_04282,0.02965247737814318,0.45865764351754706,413.2893036611629,15.2,22.79,0.375401472250822
VYD_04283,-0.10705387277200248,0.3914072447462354,509.1518380394246,15.75,20.1,0.5186014814664635
VYD_04284,0.04984693785011553,0.43797890781252485,548.4752990119604,12.98,15.48,0.5367668973206702
VYD_04285,-0.04321278857491056,0.40141426372940675,574.6744331508992,18.6,27.6,1.759551528053913
VYD_04286,-0.024518206198993062,0.4398938006739642,477.2687820811946,12.0,18.0,1.1839956925493165
VYD_04287,-0.018065943337973484,0.3906378367416259,475.3762743280816,12.0,18.0,0.5943452289295355
VYD_04288,-0.1102236741735568,0.2622303039999783,450.86438923395445,12.0,18.0,0.27176545635327365
VYD_04289,0.10705071385036864,0.6065519721891535,504.9873096446701,18.6,27.6,0.5448120558297164
VYD_04290,-0.01914437202894353,0.41352783857013725,489.9955489614244,18.6,27.6,0.5565149230001462
VYD_04291,-0.0019477488946574152,0.4582807939140246,517.6311572700298,18.6,27.6,0.9296945159126568
VYD_04292,0.07896330076239258,0.5513556797931481,557.0391678622669,15.0,23.0,1.9180790252469422
VYD_04293,0.06361129273467223,0.5167111950914083,517.084884586746,20.55,31.05,1.4800484497321649
VYD_04294,-0.04144278579469224,0.42073039569601617,416.31933767001766,12.0,18.0,1.411513902211702
VYD_04295,-0.026697738494417214,0.3602551618338588,362.55773327652327,12.0,18.0,0.6393985063139926
VYD_04296,0.060144755043993796,0.38340170249084515,440.60052219321136,15.93,18.43,0.10541112675163129
VYD_04297,-0.001001323034575688,0.4451244150058542,537.2306717363751,15.75,20.1,1.3051383799595053
VYD_04298,0.06326412972889385,0.41062687567832823,592.1715456674472,4.95,4.95,0.4738877428096039
VYD_04299,-0.11903473425495803,0.27820709714208397,471.76571651698544,15.75,20.1,1.4111399943691747
VYD_04300,-0.027531629092558185,0.36079892369819866,525.0044802867384,11.68,11.68,0.6159967933026558
VYD_04301,-0.08804613710225873,0.40436252176761645,350.529668956902,12.01,12.01,0.44130367757110717
VYD_04302,-0.04316673865060851,0.29831133322303466,427.6066433566434,15.0,23.0,0.15732989380786058
VYD_04303,-0.07850610918871738,0.2794171184891178,395.0339879154078,18.6,27.6,0.7377387182915618
VYD_04304,-0.1951134393308708,0.31421447409224434,349.4472049689441,5.39,9.39,0.2741314651920074
VYD_04305,-0.05428806772230853,0.3972073309679531,398.93587994542975,13.48,19.98,0.39756682281855277
VYD_04306,-0.04804629248932951,0.3263653705718521,398.5707434052757,11.13,11.13,0.5492629433124668
VYD_04307,0.0012620926689011372,0.42132956157780066,480.75734494015234,12.0,18.0,0.25452570368043637
VYD_04308,-0.041191985085251966,0.42423898228428014,527.098983711541,15.9,22.5,1.9804841741055819
VYD_04309,0.011975777602751167,0.4376517418382725,489.1593895428414,12.63,12.63,4.024536307789554
VYD_04310,0.10641793494813462,0.4971183778157963,500.9221698113207,9.6,9.6,0.11749408670709945
VYD_04311,0.02850628532299476,0.4451612261242981,537.5774802458297,15.93,18.43,1.2531933986050618
VYD_04312,0.04592114114375368,0.45022208590400215,601.0517164511816,9.6,9.6,0.6203852983973519
VYD_04313,-0.0031398633863596263,0.40071444927898375,536.1852631578948,9.6,9.6,0.6550533011141323
VYD_04314,-0.06724907892766056,0.2988225371052535,399.75633127994524,15.93,18.43,0.40452140049808866
VYD_04315,-0.034749024378465894,0.43457920299803643,485.7248450166906,5.39,9.39,0.5795894408974073
VYD_04316,-0.03745918740548279,0.46500222734131214,470.3628906250001,5.39,9.39,0.7055881989165441
VYD_04317,0.018612560134052863,0.42573198194704004,498.662396694215,5.39,9.39,0.6676150934721973
VYD_04318,0.08063943124121162,0.5425132695118838,532.778972520908,8.4,8.4,0.23101698345677088
VYD_04319,-0.005775503808648915,0.4148314976947435,545.6720075400567,11.68,11.68,0.29118097428117956
VYD_04320,-0.014831607098799283,0.40652453489542634,433.25997150997165,11.84,11.84,1.160056315367763
VYD_04321,-0.02800807727618636,0.46403430917222166,518.7435161945739,11.84,11.84,2.3021392099636797
VYD_04322,-0.020988526647890825,0.4586805784682754,496.5964143426295,11.84,11.84,1.3815278930452344
VYD_04323,-0.0029862195150289345,0.48712753802121705,568.2696540880502,5.5,8.0,0.3512513712574236
VYD_04324,0.06985846840059429,0.5598935608233759,572.4443528441878,20.55,31.05,1.001390921607027
VYD_04325,0.07261905525308833,0.43184975993399527,678.7522123893805,11.84,11.84,0.09369317925641751
VYD_04326,0.0019548227679445805,0.47518544002729474,444.2373172828892,5.39,9.39,0.6419460358726492
VYD_04327,0.0464587919174911,0.5151395020817194,527.6382887700535,5.39,9.39,1.2883902004702885
VYD_04328,-0.048870271437978,0.3521540374775718,389.350248207391,5.39,9.39,0.49960112074347673
VYD_04329,0.06407501570133624,0.5356702335704299,592.3685131195335,8.4,8.4,0.4730802072455654
VYD_04330,0.05928763936712081,0.41931093319255214,433.5222878625135,5.39,9.39,1.0273212691521163
VYD_04331,0.011369827472779181,0.2994265729893967,365.34910277324633,12.01,12.01,0.1677672121397282
VYD_04332,-0.06601922035798793,0.41585549651919046,451.7184065934067,8.4,8.4,0.19996697010462114
VYD_04333,0.008765780693018681,0.4803573183080218,466.3809867629362,20.55,31.05,5.723901614941146
VYD_04334,-0.19607068335170794,0.20761352204115144,420.1602687140115,5.39,9.39,0.5740914000682442
VYD_04335,-0.19347781120594282,0.1913736979638116,439.3260869565218,5.39,9.39,0.7225505040341121
VYD_04336,-0.2022399190684131,0.16955541421868423,313.06226493940665,5.39,9.39,0.6595136075591822
VYD_04337,-0.04969193898747514,0.35071992094996013,404.2456757549105,15.0,23.0,0.9385553984656392
VYD_04338,0.08333758083052167,0.45651816315169125,423.59601449275357,13.59,16.59,0.30462808149076936
VYD_04339,0.09743737433541318,0.5258602817587542,478.96615957777084,13.59,16.59,0.8868772484803463
VYD_04340,0.06332472827560764,0.35820699966167413,282.12954990215263,16.4,24.9,1.4065665938506955
VYD_04341,0.01429820994323915,0.3588444930090107,369.0021577711493,5.39,9.39,4.336068211448012
VYD_04342,0.0642541527000275,0.409217038833614,449.74453840732906,5.39,9.39,0.7817594774784731
VYD_04343,-0.1599015419304435,0.1815370654063717,292.92838002436054,10.56,12.56,1.1308492770320946
VYD_04344,0.11687715218981683,0.5240626124206137,414.31365357311876,16.65,24.15,2.325856583329108
VYD_04345,-0.09928127012959118,0.2814978175238896,360.5081874647093,10.56,12.56,0.9759617078333166
VYD_04346,0.06110814858687486,0.34883599045015573,417.550578463364,10.56,12.56,0.9277492231124844
VYD_04347,-0.057965300979453356,0.33179162256726313,338.62296296296296,3.0,4.5,0.37149928422273754
VYD_04348,0.0086428517145468,0.45110516103235543,448.07120000000003,15.46,23.2,0.3433969792896544
VYD_04349,0.0010934981864449324,0.4533816886699702,469.22885809842336,3.0,4.5,0.5771296801803854
VYD_04350,-0.1605118853507187,0.15177762097452183,262.7343685471215,16.65,24.15,3.3307502895512924
VYD_04351,-0.037468449229155064,0.22076319477664405,326.41655420602785,15.46,23.2,0.6122103037649566
VYD_04352,0.01744518187311731,0.38471129724853004,410.2105467235363,10.56,12.56,2.128248670921987
VYD_04353,0.08022997626773838,0.4803450386641685,414.8479248712511,10.56,12.56,1.8177018414204351
VYD_04354,0.010650897903241594,0.33190072550927685,364.1982429335371,10.56,12.56,0.7218855691981286
VYD_04355,-0.044019005728203324,0.3223058618830913,376.03832020997373,10.56,12.56,1.0489331344554966
VYD_04356,0.049868753895516496,0.44964234122461194,453.16365635307056,6.64,10.14,1.7529747762303147
VYD_04357,0.03188696831101264,0.4397674595495159,425.35509243311503,15.93,18.43,4.79100457708599
VYD_04358,0.15590761186586174,0.5572288613220395,462.8686614173228,16.14,23.99,1.747523844221569
VYD_04359,0.06848087031217083,0.5648570003516354,499.09390681003583,20.58,28.78,0.3841376799802519
VYD_04360,0.06877523311540173,0.5429345373867235,540.5168539325844,16.14,23.99,0.5634297890163472
VYD_04361,0.0369573550797932,0.46745101125118965,466.02493261455515,20.58,28.78,0.40886286645033315
VYD_04362,0.06837555854751272,0.5096484451895184,575.1886477462436,16.14,23.99,0.6599169739707204
VYD_04363,0.019401016822720753,0.4400180730988424,420.43666169895687,20.58,28.78,0.18530770959286375
VYD_04364,0.07119654440824606,0.46752047333312624,463.56796116504864,20.58,28.78,0.2840403665312547
VYD_04365,0.11860064492280278,0.5928259872389077,462.8867775138559,20.58,28.78,0.34689939449450596
VYD_04366,0.02468347703712102,0.4528812783590301,452.8357810413885,20.58,28.78,0.4125177184253895
VYD_04367,-0.11623547381819116,0.20608067106022798,262.16912915000864,20.58,28.78,1.5837252792707215
VYD_04368,0.08755677725117197,0.4833775451818242,382.42513770656,6.64,10.14,1.6497269475295648
VYD_04369,0.14242113903587478,0.5912730714639409,479.63769995676597,13.59,16.59,2.545473219885794
VYD_04370,0.05426762280266354,0.5079969606105463,504.09704968944106,3.25,3.25,0.7100527859224639
VYD_04371,-0.19326767546431428,0.18522252132819345,239.14786324786326,16.08,23.13,1.2877595197927247
VYD_04372,-0.06795861228221582,0.25690928666782764,238.26533802266513,16.08,17.43,0.7041667043280381
VYD_04373,-0.08633103499268115,0.25341928726532154,240.30172894590072,16.08,17.43,1.4801697259341813
VYD_04374,0.1325642931437039,0.4897920027699159,560.8317073170732,15.39,22.44,0.1128555277038482
VYD_04375,0.05522006985013878,0.4765906943657285,469.36650902837494,12.01,12.01,1.279381117604343
VYD_04376,0.017830393293205595,0.46309012159889124,473.5842696629213,3.54,3.54,0.049415101775347685
VYD_04377,-0.100393237934957,0.23776959532843098,495.0550458715596,16.08,17.43,0.15205987519652048
VYD_04378,0.029829714417070635,0.4926546547219709,599.9936040933803,16.08,17.43,1.7203118139974227
VYD_04379,-0.03723333523435107,0.4505303772745159,574.0064308681673,10.68,10.68,0.08647589839455566
VYD_04380,-0.07821641781113367,0.39157470414688544,462.7498440424205,10.68,10.68,0.43811956288961235
VYD_04381,0.05658755764660163,0.48459700017783136,442.01557006529384,15.0,23.0,2.7385889884947874
VYD_04382,-0.008196525776657635,0.3553952108407602,395.16166196837844,15.46,23.2,2.2443645780150248
VYD_04383,0.006388689882573887,0.3415600241164514,432.4484149855908,15.46,23.2,0.4751474222563945
VYD_04384,-0.008823379678450918,0.3303639457921727,338.8152094584732,6.64,10.14,1.8851664095216765
VYD_04385,0.021796750200714497,0.39740788166250723,365.8141115799344,6.64,10.14,1.1733198327275698
VYD_04386,-0.09600375626867129,0.26355905193019713,241.25704567541305,20.55,31.05,0.5664979233996077
VYD_04387,-0.0788989927730219,0.2968478920774356,236.84176111595468,20.55,31.05,0.63045882117029
VYD_04388,-0.06620965192417329,0.2688587240611983,273.51064399518003,6.64,10.14,2.054546946016389
VYD_04389,0.08776192550400509,0.5404096013368368,486.51686101481255,12.0,18.0,0.8741184722398326
VYD_04390,-0.04214418440287826,0.4308395917672916,327.57335274845286,12.0,18.0,2.267232423080169
VYD_04391,-0.040058236697236196,0.3845238272712954,343.93076923076933,12.0,18.0,1.187224659898456
VYD_04392,0.12205826302184444,0.5906156931063736,432.4897630549805,16.08,17.43,1.1965125518833306
VYD_04393,0.22730342096533557,0.6832139368284558,423.9520128824476,13.48,19.98,1.7045579915368387
VYD_04394,0.04194940694585577,0.49261664239326214,382.4715302491104,16.4,24.9,0.3123651440967176
VYD_04395,-0.07761176734359274,0.33310404604589056,285.69956052736717,16.4,24.9,1.3730387368291186
VYD_04396,-0.17413228814259538,0.20582334193754373,233.81219442047743,17.74,26.26,0.9573788434438458
VYD_04397,0.13268156196296133,0.5196033326517515,376.6950053134963,6.64,10.14,0.2546497229097079
VYD_04398,0.03660210805129264,0.5324418770371682,529.0470149253732,20.55,31.05,1.842741003322131
VYD_04399,-0.0911986873553584,0.4263669120998809,566.6187050359712,8.14,8.14,0.037977311492172885
VYD_04400,0.09962382318253256,0.5399000354795244,607.7049180327868,12.6,17.43,0.049130920661814494
VYD_04401,-0.02375965542451302,0.35837043888629405,442.3699093394732,10.68,10.68,3.8195741112938455
VYD_04402,0.19029724702727724,0.6371717882164947,481.1537838931608,18.6,27.6,0.6798198369186083
VYD_04403,0.10291436591377234,0.4981645858973712,461.9176391002875,18.6,27.6,1.6264750193971378
VYD_04404,0.17835722918143834,0.6259870928990966,493.0887309110059,18.6,27.6,1.045325848358549
VYD_04405,0.0743535601265114,0.3916649496278812,433.08275862068973,10.73,12.73,0.11924145046848794
VYD_04406,0.04750634603689967,0.4066912901437609,457.58874148440316,9.81,9.81,1.5339294530858
VYD_04407,-0.11758535517444639,0.17921149011868306,326.5919583023082,5.39,9.39,0.7386764686359732
VYD_04408,0.016498484525858954,0.4178653857833832,650.9674887892378,14.97,17.88,0.2477816869881361
VYD_04409,-0.05170226380316813,0.23815994716200872,421.35709294199864,5.39,9.39,0.39360664698969045
VYD_04410,0.07502618997118346,0.5177363393555046,425.74023957409054,18.6,27.6,2.4791022518921944
VYD_04411,0.09368233486283611,0.4241125451031593,362.0369003690037,20.55,31.05,0.22328253794200673
VYD_04412,0.031577857428317445,0.4328840330779124,551.718826405868,11.68,11.68,0.3398183690539226
VYD_04413,-0.06518124155588696,0.2513825977141481,421.21478626489136,11.68,11.68,0.786479986396148
VYD_04414,-0.04321202887666908,0.39969960934036025,302.3096781940443,13.7,20.7,2.290306800420794
VYD_04415,-0.05277034533535544,0.2959193329248932,297.56233585663523,20.55,31.05,1.780499204559167
VYD_04416,-0.0050936353449004025,0.3792033270797721,436.4549928673324,6.64,10.14,3.8538430567964097
VYD_04417,0.31965927460689436,0.7052386589006547,883.0763888888889,12.01,12.01,0.04009380977344485
VYD_04418,-0.007276459951493742,0.4727020715918345,370.7596899224807,8.49,8.49,0.5319637995826731
VYD_04419,-0.031868957397874424,0.38067384791543957,413.42603008502294,17.74,26.26,2.102438607205384
VYD_04420,0.02667150409291312,0.46391865585905845,467.0705922280672,17.74,26.26,1.6208583975549828
VYD_04421,0.1275541047393969,0.45411425106366166,433.35838150289015,10.68,10.68,0.19065723357100445
VYD_04422,-0.10131112150567911,0.3284147572641614,380.20445810914686,10.68,10.68,0.3580749930855294
VYD_04423,0.1274318467700781,0.6000876459856717,438.6031413612566,11.68,11.68,0.26269187513466147
VYD_04424,0.06620991354701632,0.5380771037832973,588.0508474576271,13.59,16.59,2.4031640490726227
VYD_04425,0.13230917654461888,0.6227410321518413,630.0133531157269,13.59,16.59,1.1128442308341644
VYD_04426,0.0650375527248048,0.34605571666830465,442.2105263157894,10.68,10.68,0.04191900573207806
VYD_04427,0.08479126994058261,0.4545747021023361,459.125,10.68,10.68,0.14789695643125123
VYD_04428,-0.002213343993995714,0.3718219966568063,489.1893333333334,5.5,8.0,1.9597327449972988
VYD_04429,-0.014447730034270441,0.3700567855695305,401.94327212935053,5.5,8.0,1.0034537362590203
VYD_04430,-0.0076221343571789965,0.37893453261831683,401.6937747391149,5.5,8.0,0.7649638318298173
VYD_04431,0.057931933595454066,0.474391602351771,476.2310852447793,5.5,8.0,2.4084570503067755
VYD_04432,-0.06891950867830783,0.27593975267641735,382.06380665076483,5.5,8.0,7.837566713140464
VYD_04433,-0.18775549096339844,0.25802361093715576,326.62378716744917,13.48,19.98,0.8799359758954334
VYD_04434,0.10078166675421563,0.5356224302714525,407.20656028368796,15.0,23.0,1.5519037681953516
VYD_04435,0.1117355657351369,0.5386449244853256,411.4399454934787,20.55,31.05,1.4136049819295113
VYD_04436,0.061281535009715817,0.5168058813715999,403.84640114306137,17.74,26.26,1.5407342385721858
VYD_04437,-0.009507709040380938,0.3713882439998819,387.6953846153846,17.74,26.26,0.3579880172091024
VYD_04438,0.020045206071260594,0.36190990385160765,327.03678929765886,15.93,18.43,0.32945606999327204
VYD_04439,0.012749740079421016,0.29283601498688117,274.25798319327737,12.0,18.0,0.328577303288647
VYD_04440,-0.009302760142868939,0.40243544761248085,345.1661514683153,17.74,26.26,0.3554364346427041
VYD_04441,-0.03458317173404427,0.36041151041431946,326.94779477947793,17.74,26.26,0.3062821145972849
VYD_04442,-0.01532336875226992,0.29649889667291285,264.2973913043478,17.74,26.26,0.31644433326498106
VYD_04443,-0.1092628613669887,0.28571036598504457,284.6885854724194,20.55,31.05,2.519750826241987
VYD_04444,0.05776643394827442,0.46871327322133177,426.77258382643,17.38,25.38,1.40162982051708
VYD_04445,0.012202045473337697,0.4643446764387944,385.193270414444,12.0,18.0,0.6677378134395335
VYD_04446,0.004927820345734295,0.4792997451865219,393.0387260224394,12.0,18.0,0.7483392363286154
VYD_04447,0.00883357990276093,0.4905136033118546,407.70866141732284,12.0,18.0,0.4903003795421334
VYD_04448,0.1543583470000583,0.5676878269179848,518.7098189797035,12.0,18.0,1.4938520727308238
VYD_04449,-0.147061418346999,0.1924850479245401,255.98243270132747,20.58,28.78,9.701318095523519
VYD_04450,0.18702327571120486,0.6999681086557366,635.8196010407631,20.55,31.05,0.9528036676810605
VYD_04451,0.2544227802342309,0.7312004886020858,680.3404721343393,20.55,31.05,1.1314444867362277
VYD_04452,-0.011000316863654398,0.2987721982680761,304.0706650831354,15.93,18.43,0.4641048224503169
VYD_04453,0.14798819201619465,0.6054669144638636,511.86188414759846,15.0,23.0,1.3359598169884968
VYD_04454,0.11763945767677952,0.5785654426441068,504.37092602172777,15.0,23.0,1.5959023103976981
VYD_04455,-0.07135965185820076,0.303619293987446,360.3992224880383,5.5,8.0,1.84056648056123
VYD_04456,-0.04795731143564698,0.2918853993223755,421.1702446330505,5.5,8.0,0.5526354328286641
VYD_04457,0.06062910206199947,0.5456570635774446,606.3925038316847,6.64,10.14,1.9740991480998022
VYD_04458,0.018820507119815724,0.4842621018480339,627.8735089788967,15.0,23.0,2.079478915253034
VYD_04459,0.06571704744163862,0.5489952499237049,662.9453904873756,15.0,23.0,2.2945981909357154
VYD_04460,-0.054014742896124346,0.3255234595201427,345.1785665714674,20.58,28.78,2.0357874752418743
VYD_04461,-0.05488299532040988,0.33784873528015397,354.9832259796028,6.64,10.14,2.0730344348532874
VYD_04462,0.09187778524160761,0.5974604163205662,613.8733758373012,20.58,28.78,3.430949065013899
VYD_04463,0.08836048118997429,0.5501831450398141,570.0482616986943,17.74,26.26,1.897252962369343
VYD_04464,-0.08676106834029228,0.34715034342907813,320.18430712756185,20.58,28.78,3.613344464204359
VYD_04465,-0.0815503626820336,0.330805771301294,304.41137871358524,20.58,28.78,3.811997101097941
VYD_04466,-0.017959109627751473,0.36477197930486827,408.60608702544204,5.39,9.39,3.473244949278061
VYD_04467,-0.07813908206139021,0.2795604098498229,401.4938601174586,16.23,23.99,0.5163271194652298
VYD_04468,-0.05658349776692202,0.2975192070462975,414.4854328233074,13.8,13.8,2.6373148095423296
VYD_04469,0.008885970314251842,0.44853653856634457,636.8881239242685,12.63,12.63,0.161238657261304
VYD_04470,0.06172231599535289,0.4781093019652676,456.87542154334454,15.46,23.2,1.3884367011300973
VYD_04471,-0.058034552173806805,0.30808910920023325,384.0337323177366,15.39,22.44,0.24751457711504282
VYD_04472,-0.10181470437191133,0.2537503197356125,369.3361034164358,12.63,12.63,0.29913845827793056
VYD_04473,0.04059202315263196,0.5586167226022027,513.8551236749117,5.39,9.39,1.1695582083190752
VYD_04474,0.1096901982738699,0.6319110891417478,565.672278338945,14.48,22.48,0.2457159054185099
VYD_04475,0.00851410953913082,0.510404859284957,498.71282051282054,17.6,26.6,0.21496377820798407
VYD_04476,0.04448560779785509,0.5338462611655026,532.4884198182352,18.6,27.6,0.9399479094905421
VYD_04477,0.07475313990893061,0.584786915373224,541.6723672367236,18.6,27.6,0.9187764888535211
VYD_04478,0.10740257169737133,0.6307720108701851,487.9835868694956,15.0,23.0,0.6883146596616563
VYD_04479,-0.09671976338348479,0.4397825889835052,478.44001399090587,17.6,26.6,0.7874017427784141
VYD_04480,0.04801994233659461,0.48718392543008077,588.0886329494242,20.55,31.05,1.1075600127917424
VYD_04481,0.1187059069090469,0.5422713750155459,693.8750719631549,7.61,11.11,0.4776128879249946
VYD_04482,0.0408110989058587,0.5971267088767022,548.881913303438,18.6,27.6,0.1866375398407507
VYD_04483,-0.08738369344336125,0.37304008533184874,514.5861601085481,17.6,26.6,0.2026193946791503
VYD_04484,0.006849937455276682,0.4652103092543333,551.5392070484581,18.6,27.6,0.3126183068251785
VYD_04485,-0.012884123150954444,0.4295569543444235,455.1250000000001,18.6,27.6,1.2241598712361654
VYD_04486,0.008485157733142058,0.38329636699816577,389.9698492462312,17.6,26.6,0.054866235479656085
VYD_04487,-0.04712910103960794,0.2798482862982762,438.4315992292871,17.74,23.32,0.14331264645227698
VYD_04488,0.030130899604374477,0.4473908519898371,470.0202526132404,20.55,31.05,1.264381761137506
VYD_04489,-0.15571403399740655,0.18881335428271157,372.7547355473554,20.55,31.05,1.1203770412628384
VYD_04490,-0.012192133316546823,0.3961955987524817,376.94428831211775,20.55,31.05,1.6662662370371866
VYD_04491,0.11185273953190406,0.4645637496897619,491.9274691358025,15.0,23.0,0.17903632827150148
VYD_04492,0.04340218350437976,0.44032262052808485,445.92284866468844,15.0,23.0,0.09250879378235236
VYD_04493,0.06614645314804023,0.5388499297832919,507.91396707381836,17.6,26.6,0.519297202873841
VYD_04494,-0.03574656934060067,0.3940037497245602,313.8710224063265,18.6,27.6,1.4626705854152033
VYD_04495,-0.08914484689250653,0.29939459884154895,273.2154675590258,20.55,31.05,1.4821724509512555
VYD_04496,0.06021762418909161,0.41902505171983273,493.27208658444505,11.68,11.68,1.0959787714500098
VYD_04497,-0.014581543254567899,0.3280231452209416,385.27591349739,11.68,11.68,0.37006304262012407
VYD_04498,-0.10734282125692568,0.2919728261336317,499.745602165088,7.61,11.11,0.20605330507269
VYD_04499,-0.0023282561629494017,0.4687109359601263,454.1818763326225,18.6,27.6,2.582308032718786
VYD_04500,-0.13325541644356734,0.2978621139309974,368.87798343887005,18.6,27.6,1.1323856181997813
VYD_04501,0.009493869469087358,0.4374563307600506,518.4266337854499,18.6,27.6,0.9042607805448192
VYD_04502,0.04733816070170448,0.5081692513147097,558.3281932665125,18.6,27.6,1.0686938338168803
VYD_04503,0.0184735997505429,0.4583699111805348,457.81387478849416,18.6,27.6,0.4779037815228188
VYD_04504,-0.15055518377883384,0.2166661426620372,373.80311041990666,20.55,31.05,0.886786815791465
VYD_04505,-0.08192264345564002,0.3445627273641219,394.1613205338328,16.08,23.13,1.1750248079372692
VYD_04506,-0.012968888654845499,0.3776245045476675,451.84044704630116,20.55,31.05,2.586760825341667
VYD_04507,-0.03021108818233041,0.37143514706123,440.2105155899736,20.55,31.05,1.3516763021700542
VYD_04508,-0.04765459150543819,0.37221937869762284,454.54802259887015,17.74,26.26,1.2188734919534046
VYD_04509,-0.023063690996317953,0.37701597018823463,411.0263559969443,20.55,31.05,1.44220451516549
VYD_04510,-0.06630615969976582,0.27863127498639967,427.29681227863057,15.0,23.0,1.1668307352833216
VYD_04511,0.020958081928396606,0.42268667997704285,420.30588235294124,15.0,23.0,0.07008528352003349
VYD_04512,-0.054434689916565235,0.332958794204828,383.71127704384463,18.6,27.6,1.4479342393079484
VYD_04513,-0.02482740197906091,0.3305592412769239,420.1210526315789,13.93,20.43,0.15824972746842023
VYD_04514,0.0261495608220251,0.36189442658019705,436.55799373040753,13.93,20.43,0.17416353634818524
VYD_04515,0.03913493825997624,0.5026972165632109,515.0429009193055,10.68,10.68,0.5396661504067369
VYD_04516,-0.019508018109964477,0.36917466636959134,534.360507246377,10.68,10.68,0.6027125889773617
VYD_04517,0.1784817815487109,0.6090271856574371,569.3857166638923,15.46,23.2,3.3055969846848123
VYD_04518,-0.048166119914892475,0.36338633432263345,448.62545126353797,20.55,31.05,0.30522219652945676
VYD_04519,0.13829132431147967,0.6698093215239822,581.9102396514162,11.84,11.84,0.6333294947911225
VYD_04520,-0.029791043972224082,0.410274849040786,431.7626310772164,7.1,7.1,0.5718241844516526
VYD_04521,-0.039546691908918574,0.29109371928819294,324.3457943925233,7.1,7.1,0.027585193633110065
VYD_04522,-0.001545476704639916,0.35245619915550525,524.4807197943445,11.68,11.68,0.9662359872404448
VYD_04523,-0.024166458369237594,0.34320133840616457,496.070796460177,11.68,11.68,0.09366534024049672
VYD_04524,-0.10961506546715201,0.23336497638627418,242.8932655654384,20.55,31.05,0.21663038298585988
VYD_04525,-0.048582848758720196,0.3007698946672937,376.8395061728395,6.64,10.14,0.022165414962818836
VYD_04526,0.027967424070288138,0.44910424712572833,566.3104631217839,16.63,16.63,0.16436183947051863
VYD_04527,-0.1846089252928597,0.19117372073528788,193.66294642857142,16.4,24.9,0.12357864872245285
VYD_04528,0.09616779000130081,0.4664548417857746,524.7303822937625,15.98,15.98,0.13917154181838115
VYD_04529,0.13644399778877803,0.49250480646782735,549.5,6.83,6.83,0.029087300748406427
VYD_04530,-0.09183703031480693,0.31767496809728585,450.5687800411995,6.64,10.14,1.203177509335458
VYD_04531,0.08994696103761171,0.46007673946799943,561.5526315789474,5.39,9.39,0.0316272789376205
VYD_04532,0.046600289567161314,0.42077385194009553,462.2194626981058,15.0,23.0,2.8467849916413974
VYD_04533,-0.07403915098199476,0.370498720194057,424.17621145374443,11.84,11.84,0.2457609597649901
VYD_04534,0.07785062256099827,0.5446709752534376,496.62842465753425,15.93,18.43,0.1612910508726062
VYD_04535,-0.07530460418412452,0.27471310096720963,409.144539614561,7.61,11.11,0.2594981927620988
VYD_04536,0.031466284263007654,0.3175508681336167,422.2108731466227,7.61,11.11,0.16736191571781944
VYD_04537,0.010194570849813435,0.37133226597654645,424.12890874282067,10.56,12.56,0.43120869958125796
VYD_04538,0.02661046772453892,0.3703814278132246,375.24777777777774,10.56,12.56,0.49522290759503496
VYD_04539,0.1778254093751131,0.6325950221670451,486.7362397820163,15.46,23.2,1.0103271569357795
VYD_04540,0.11641520649439173,0.6639364343178306,640.6309988518943,13.0,15.7,1.2006560713486985
VYD_04541,0.025804848364351644,0.4936472402955222,424.5445222007722,20.58,28.78,2.281508607897975
VYD_04542,0.02199907502337272,0.5044554266752036,409.7171052631579,20.58,28.78,1.7992007253430071
VYD_04543,0.00023664785233493095,0.39340230203157733,352.4953947368422,13.59,16.59,3.7631509802929024
VYD_04544,-0.14451832821965432,0.16464769174926364,321.42556448526597,16.65,24.15,1.4387865340813886
VYD_04545,-0.013029256621044295,0.17369101372160142,429.3893510815309,17.74,26.26,0.16533396663180253
VYD_04546,-0.17835367895538287,0.213313189587924,373.1129011635341,18.6,27.6,2.1550398247585885
VYD_04547,-0.09926035541748797,0.17758599419498386,413.77137546468396,15.0,23.0,0.31219163060872135
VYD_04548,-0.07544214145975962,0.1932740136777519,377.0118990384616,11.68,11.68,2.2880226097691914
VYD_04549,0.019797278116059008,0.4145263830845819,470.8375056895767,11.68,11.68,2.4223805488460104
VYD_04550,0.0684786028923457,0.21577155368930517,393.6826347305389,8.14,8.14,0.09202435514035681
VYD_04551,0.06535808169301613,0.458337790446337,386.2654533530088,6.64,10.14,1.6787225490471078
VYD_04552,-0.016602792506534104,0.37115258031137516,503.6640776699029,13.93,20.43,0.4253465690974569
VYD_04553,-0.04098598985558289,0.2597438003784338,268.6146179401993,17.74,26.26,0.16324258446213336
VYD_04554,-0.13260672920110864,0.22394753964382405,208.71934018646897,17.74,26.26,2.3006246033818925
VYD_04555,-0.20067022822835887,0.18232410342286626,277.0235927683036,17.74,26.26,2.1477796046963245
VYD_04556,-0.007216546949818175,0.4774355591781065,461.15288220551383,17.74,26.26,0.3304415018186861
VYD_04557,-0.027443000598323455,0.4463374639843409,527.5122647494185,18.0,27.0,2.600946201817491
VYD_04558,-0.03748047328732819,0.3533581797051745,579.2861635220124,3.0,4.5,0.17533113894052008
VYD_04559,0.0057709280413207765,0.39599986134396964,413.7890979883192,10.56,12.56,0.4253677112655085
VYD_04560,-0.05395202005155238,0.3745088644367914,548.0980392156863,20.55,31.05,0.8444237516654086
VYD_04561,-0.057242371022433305,0.3660481075365826,507.39419588875455,20.55,31.05,0.4558543410943832
VYD_04562,-0.014063847279744109,0.37948922982619643,520.6180366539649,15.0,23.0,1.5170525619625639
VYD_04563,-0.037683972668417894,0.34277078433193425,488.8969555035129,15.0,23.0,0.46932112387980723
VYD_04564,-0.03198337870577804,0.23991749902452456,407.3392758684066,16.23,23.99,1.4976167308036061
VYD_04565,-0.07146960588754134,0.33103312361488874,413.94597277368115,16.08,23.13,1.9479180153024571
VYD_04566,-0.03934722159480865,0.35414901380076014,279.9454191033139,12.0,18.0,1.2709075595997024
VYD_04567,-0.13755040399030455,0.2952042552163126,489.72418478260863,5.5,8.0,0.2034496351976303
VYD_04568,-0.09923528243592467,0.3309227248977588,447.9632107023411,20.55,31.05,0.08257632281047979
VYD_04569,0.016290324954979764,0.5008150133867095,507.77929824561403,20.55,31.05,0.7860178883290025
VYD_04570,0.02083095246416633,0.3583717953879386,454.5470085470085,13.93,20.43,0.03182017284374754
VYD_04571,-0.007272383433016191,0.3965787316661776,422.7349112426035,11.13,11.13,0.4464361465026804
VYD_04572,0.010697086311748852,0.4660358483698498,439.798429738824,18.6,27.6,1.747367375182263
VYD_04573,0.059976575723155276,0.4942235951804703,468.09708737864077,18.6,27.6,0.056949172937315565
VYD_04574,-0.057436999395387635,0.36580633378192173,559.1312500000001,7.61,11.11,0.04465779822652999
VYD_04575,0.07158896290148475,0.4726036057101688,501.65085814360776,20.55,31.05,3.9339658017372816
VYD_04576,-0.0743917276682899,0.18969982452733378,444.27870967741933,16.9,18.86,0.21315938274468796
VYD_04577,-0.1948755975521191,0.2011132917210517,309.4495166487648,12.63,12.63,0.5131075385632382
VYD_04578,-0.0551526471544589,0.19238104522523142,345.8710711994868,13.49,15.99,0.4321383384637761
VYD_04579,0.04597238363588558,0.45949196656618047,452.13492063492066,15.93,18.43,0.033835257227337254
VYD_04580,-0.02744426744957095,0.3583744397560235,490.16929133858275,5.39,9.39,0.28002751378222474
VYD_04581,-0.13771254906529595,0.22123836363249264,310.96257730083664,15.93,18.43,6.046903433560193
