vineyard_field_id,area_ha,in_perimeter,dist_nearest_node_m,dist_nearest_deadend_m,dist_major_road_m
VYD_00001,1.8352836746451995,0,635.2151733200255,635.2151733200255,864.234890168852
VYD_00002,2.4622135129510383,0,902.597519395259,902.597519395259,946.7961069795144
VYD_00003,4.60839413801227,0,221.36580489125853,358.87165913825834,227.99316913185558
VYD_00004,1.9344301977609364,0,777.3670810142116,777.3670810142116,854.6742860120105
VYD_00005,1.6916960693566547,0,602.889384315833,602.889384315833,996.6237490572785
VYD_00006,0.567219089822362,0,691.9551520260826,693.884974664844,759.0385909984078
VYD_00007,2.4096853542765633,0,901.4742049472658,901.4742049472658,1174.2559993356658
VYD_00008,0.2688418235996939,0,45.95114215785881,356.78377154682795,38.463595270533574
VYD_00009,1.8861235973576553,0,739.4900785293711,800.1931141292365,731.5761026573088
VYD_00010,4.030095119241054,0,1037.90300650737,1044.1019711224117,1340.348550717076
VYD_00011,2.322014067453328,0,782.1441491665797,782.1441491665797,1055.2211677297914
VYD_00012,2.5549712958838913,0,272.2029429527518,272.2029429527518,270.90016550611404
VYD_00013,0.9914111032401257,0,572.4910341191297,572.4910341191297,718.5339691389755
VYD_00014,2.293538030106458,0,371.35904438815476,371.35904438815476,772.3637929704178
VYD_00015,0.5118041288885397,0,642.09189727396,791.9351298808701,636.652505726441
VYD_00016,2.406220811625472,0,210.2415947679869,445.1746135239032,209.29741371142146
VYD_00017,0.1953970893874457,0,713.0894925892227,713.0894925892227,956.3779640292653
VYD_00018,0.5796589820298786,0,440.3435313607149,440.3435313607149,596.5875957691176
VYD_00019,3.585653534849885,0,301.55929888788455,301.55929888788455,782.1063796121738
VYD_00020,2.272130698828983,0,1002.7600920793059,1002.7600920793059,1065.2948074651194
VYD_00021,0.42428925315348925,0,1064.6217325632122,2107.915849744363,598.8593773794505
VYD_00022,0.19451575344343391,0,1255.3596391326098,1255.3596391326098,119.43359686660718
VYD_00023,0.06243907574592356,0,659.431128286248,2154.0870254134597,381.0489978776304
VYD_00024,0.34091962481112176,0,1089.524421778037,1089.524421778037,326.34942268032023
VYD_00025,0.9956941388799043,0,1210.9646900356922,2066.5520422962272,680.4443265368448
VYD_00026,1.6191402149176364,0,1071.1632635441954,1071.1632635441954,264.8930107673033
VYD_00027,0.05990978017160636,0,1163.6302187043666,1163.6302187043666,505.9052599997368
VYD_00028,0.07771175948594067,0,1093.9520117206323,1093.9520117206323,16.260595080840602
VYD_00029,0.26707225685855773,0,1114.5490585996586,1114.5490585996586,446.91780300183046
VYD_00030,0.22987430574510873,0,3105.080865747179,3105.080865747179,4884.049446957805
VYD_00031,0.09364593985896348,0,1147.324887964063,1147.324887964063,349.22005395277847
VYD_00032,0.5529576472046428,0,1089.9370975527256,1089.9370975527256,395.6072429094595
VYD_00033,2.8582197596283185,0,632.384878528165,1600.4539674602913,326.9656874556941
VYD_00034,0.2254855200781062,0,1306.8420877265992,1306.8420877265992,332.285736527312
VYD_00035,0.6810150338723354,0,988.135467614117,1075.9476091354793,861.2502333728202
VYD_00036,0.41306120991905454,0,1402.7962429715974,1402.7962429715974,496.41289634636087
VYD_00037,1.4956503684488072,0,1195.8060823173982,1195.8060823173982,411.0995572228634
VYD_00038,0.6938460849673619,0,714.6303897272588,2008.5889565198936,220.66636494358727
VYD_00039,0.29108085401892997,0,1239.9324069796326,1910.6230600612496,571.568233961837
VYD_00040,0.2578040154396805,0,3175.3909680180827,3175.3909680180827,4953.273699809682
VYD_00041,0.4241790982042438,0,1026.1337151036737,1026.1337151036737,269.7247826093942
VYD_00042,1.6009068381968194,0,1092.790513088202,1218.4285722441446,732.6712771111081
VYD_00043,5.221259139084544,0,1054.7563762576015,1996.4360612991334,474.6251156209399
VYD_00044,0.049746123987645885,0,1163.2122949316006,1163.2122949316006,98.6444302521141
VYD_00045,0.5588611038409188,0,910.6317136374446,910.6317136374446,127.10078647440456
VYD_00046,0.16790412004381888,0,923.4311978339265,1035.5519499761529,884.1107450389441
VYD_00047,0.20441651418480744,0,962.8508844441898,2120.81256087842,532.7577448058195
VYD_00048,2.34892747437903,0,1159.7270423924256,1579.2042011396509,195.35624452268812
VYD_00049,0.10029403631069157,0,1260.6422265352564,1947.126424181622,623.7281283103887
VYD_00050,2.0676743901336057,0,873.1010719976896,1833.4048606186238,97.24714510068016
VYD_00051,1.5102882422032151,0,772.2227418840571,1948.216917690053,72.34955003154779
VYD_00052,0.607020433238956,0,546.1014818489836,1754.9081734172007,188.15023941564263
VYD_00053,0.7722027582294497,0,1118.6071837244035,1118.6071837244035,102.73091835909507
VYD_00054,0.04064047731744923,0,966.6156008695808,1756.9325030551427,22.284592029698885
VYD_00055,0.07926243633153757,0,180.78548418126178,180.78548418126178,1742.967022380912
VYD_00056,0.4791571565473684,0,1022.8056590924417,1707.7707495762095,74.84170692156846
VYD_00057,0.32968446809876906,0,1149.3070502627784,2110.561772838935,668.4861965390663
VYD_00058,0.12583334158486703,0,860.5326975619927,860.5326975619927,59.986250635419964
VYD_00059,0.8219288258493122,0,675.5212597648133,2035.447795834343,224.9314480360032
VYD_00060,0.7252498003383564,0,1271.90930768637,1338.3019014790577,736.3622644328203
VYD_00061,0.14728463775976566,0,1080.9463883411556,1672.7381078613453,156.71609648022988
VYD_00062,2.900628956890575,0,1141.7224911033716,1141.7224911033716,226.3871303275309
VYD_00063,0.025827657812060336,0,497.2436283806134,1839.0164199777776,113.3547658194385
VYD_00064,0.808686474163665,0,950.4003229248964,950.4003229248964,200.3023491358508
VYD_00065,0.13455379916264937,0,1162.7763383963782,2054.481478815916,628.7192914925749
VYD_00066,0.7869103996279541,0,636.1840292592627,2067.5184863931063,157.35676570841804
VYD_00067,2.5787131148970044,0,1299.2954956984493,1299.2954956984493,429.75430574389094
VYD_00068,1.3159374065144396,0,591.7028648536584,2006.5954209320678,66.7861452798332
VYD_00069,0.1563032567949481,0,438.84650566013437,438.84650566013437,2274.051950053438
VYD_00070,1.5942566959542241,0,474.35797689762654,474.35797689762654,2351.0981512933417
VYD_00071,6.784134881498995,0,181.08378569279006,181.08378569279006,2050.802174728913
VYD_00072,0.3124336805846575,0,129.7548450222787,129.7548450222787,1815.7143595882476
VYD_00073,0.28374895699826463,0,742.4576397317135,1962.1225008813292,200.30167221904105
VYD_00074,0.3061629741187651,0,709.0349281433943,1993.5752089439425,160.0118680705924
VYD_00075,0.0770229066566178,0,1177.859799793372,1181.8769395295926,1143.4477078541072
VYD_00076,0.5413378008385623,0,414.50801996311765,773.6698123317701,373.0552197293446
VYD_00077,0.3676571650886951,0,181.24755291727652,611.359464225702,630.7171909823671
VYD_00078,0.43831122955961743,1,359.1888198657682,359.1888198657682,2210.703116446027
VYD_00079,0.46993828689875955,0,183.86814690542428,337.03196541310433,135.0319811719115
VYD_00080,0.5899253384272877,0,226.11630911526822,709.9645197566252,4618.5919778843945
VYD_00081,0.04945489495465841,1,1448.2234338524884,1448.2234338524884,2136.950729027022
VYD_00082,0.34872667858596557,0,283.65326651825563,776.0390020242238,135.1819867318637
VYD_00083,0.12098338706456298,1,1520.5144068831921,1757.2324006485944,2476.5130619438037
VYD_00084,0.2925007562700153,0,147.9381807841329,411.8348124449805,737.2371346036842
VYD_00085,0.3691714283879826,1,1840.8958033109857,1840.8958033109857,3979.8392767385453
VYD_00086,0.10735487044946412,0,193.16271074008603,193.16271074008603,651.5681328620345
VYD_00087,0.10973549682015102,0,481.33442328777096,843.233035014797,417.2606406701205
VYD_00088,0.291768166952542,0,448.01306706982245,1708.38316601988,946.4025451770816
VYD_00089,0.334267866064757,0,101.23791434062203,164.91772772036757,399.89475918688635
VYD_00090,0.04071878981485793,0,63.15536280174509,260.25329210465617,361.4370497909103
VYD_00091,0.5639312997720254,1,76.97093147651668,397.78363807100766,1823.8017044295618
VYD_00092,0.21768440739440667,0,638.8939373829635,638.8939373829635,1868.174992195391
VYD_00093,0.347653246852671,1,650.2542617854326,650.2542617854326,1963.9709012555654
VYD_00094,0.4265630439068811,0,227.14068414228777,698.0083191038276,118.98100400827494
VYD_00095,0.11147545738180954,0,330.12312252578005,729.9475120305277,356.2807079085736
VYD_00096,0.39729225770713805,0,193.87009832474797,508.7709604932381,228.60012807977049
VYD_00097,0.5970375760285451,0,775.7051442777971,775.7051442777971,365.689833623417
VYD_00098,0.09775996059938985,0,630.4797780396799,1376.0281081192352,3141.2344999313395
VYD_00099,0.5321702873294015,1,1081.8215123268938,1081.8215123268938,1684.8234527285038
VYD_00100,0.17339315644805234,0,594.2743770571752,972.0339871061253,4210.868217097628
VYD_00101,0.582938466654789,1,825.2114904958723,825.2114904958723,1912.6490337200946
VYD_00102,0.515246014838334,0,258.5114921531532,440.69285782858617,113.05864801655638
VYD_00103,0.5382482654919434,0,146.27778730797846,167.0181278720967,38.13207664327431
VYD_00104,6.358813790685534,0,975.4240183657333,975.4240183657333,1232.3590014115134
VYD_00105,0.1277956521007162,0,712.2708890456624,981.4480245110842,131.99678939391347
VYD_00106,0.13979298103778942,0,248.44940175141286,292.4854456584681,279.26275251701225
VYD_00107,0.09242525242226461,0,2488.9039054497057,2488.9039054497057,3540.105615746875
VYD_00108,0.37286886005499975,0,326.9896611784585,493.50418975654367,63.07945500300184
VYD_00109,0.47329850375608173,1,290.2714184307052,290.2714184307052,2040.616689273531
VYD_00110,0.32736423453144353,0,724.2196157236893,724.2196157236893,1036.1572077956646
VYD_00111,0.3717344851097612,0,345.204859298412,548.5219599369286,259.52187090266506
VYD_00112,0.05828535605484037,1,306.7992670779115,306.7992670779115,186.2421070579132
VYD_00113,0.49487362795077733,1,143.64602731034398,143.64602731034398,4439.495106740412
VYD_00114,0.34489628562478614,0,148.1335959681968,626.4429295727078,94.44166575847609
VYD_00115,0.35760010854615515,0,112.16413588420964,262.4341903073663,106.40465364657456
VYD_00116,0.34276127641800846,1,439.83466238406317,690.5239014763994,411.4552216704223
VYD_00117,0.06849952084097224,0,911.5542720407936,1193.0079696775836,3662.5855215292104
VYD_00118,0.4246617058044461,0,111.7005263435,111.7005263435,1013.3625408402198
VYD_00119,0.2515829711270279,0,134.60970754349526,696.9446828375231,128.64233348590423
VYD_00120,0.33933065065937834,1,231.84964516174753,231.84964516174753,4662.741839418488
VYD_00121,0.24596998409125775,0,388.5691354556726,388.5691354556726,2055.10079347388
VYD_00122,0.10290080107923302,0,151.82826357362052,968.5514938523052,150.71943683739255
VYD_00123,0.43387843742410487,1,1313.3840493134974,1356.1037397893992,2290.4211991143366
VYD_00124,0.4252747738414655,0,411.4209400162992,893.1597827113891,382.0696755979553
VYD_00125,0.21879007150662738,0,278.7651850615949,811.1434690642507,33.72114212775748
VYD_00126,0.42555126489433276,0,339.51808823959954,425.6334112834104,67.92588687645257
VYD_00127,0.5870935864366298,0,198.46306104523535,728.4908744570756,162.0770319712779
VYD_00128,0.40179104692925943,1,188.99642923293803,188.99642923293803,985.1898544337112
VYD_00129,0.2923577445883104,0,167.04846645758138,167.04846645758138,791.6280754960686
VYD_00130,0.37664260089918694,1,375.0128621346246,393.2849791123045,2408.8233936485344
VYD_00131,0.3487598320650318,1,645.4629634836939,645.4629634836939,4449.944223370133
VYD_00132,0.49007665510584636,0,58.59882741616763,338.59404909756165,51.938362276490366
VYD_00133,0.17390557069311108,0,175.0140268942988,175.0140268942988,207.09543781554612
VYD_00134,0.07586239039986467,0,756.0646034253343,756.0646034253343,367.499284735994
VYD_00135,0.29537118296324816,0,343.94227078495067,343.94227078495067,693.1500756460753
VYD_00136,0.5351077497319727,0,178.9266242562379,982.7710729634995,158.7576711537217
VYD_00137,0.2923431908320142,0,729.7596948342715,783.2063731109387,394.07735441886825
VYD_00138,0.26073271179044916,0,207.14511676541943,548.8491076808269,1675.192950881659
VYD_00139,0.35520609840937656,0,37.777059386178884,283.76148264673867,423.52902162134603
VYD_00140,0.31944343019811483,0,143.7645485286963,501.47223247318163,97.55796520177873
VYD_00141,0.4869816381428855,1,1273.7976249056633,1300.9353913955827,2568.379609901681
VYD_00142,0.15682571805197182,1,193.47700238724184,569.748009044942,839.4143419476449
VYD_00143,0.4775781689114655,0,2422.2414524391857,2422.2414524391857,3619.4627734624837
VYD_00144,0.3977787479309886,1,638.7962753140068,769.6636117630446,4145.72977559132
VYD_00145,0.14783865842818478,0,274.7584042200442,274.7584042200442,664.2610107466578
VYD_00146,0.3303579950593123,0,593.0722417279833,593.0722417279833,1033.6255440283967
VYD_00147,0.11339705957256276,1,697.7527680556601,697.7527680556601,1289.3080037363927
VYD_00148,0.2871444303918361,1,269.00156051077585,269.00156051077585,2352.129059662778
VYD_00149,0.2841178183887883,1,104.76160427941613,309.74160076725883,2799.216748915184
VYD_00150,0.11901427257706652,0,128.72373182262663,793.3313867834997,48.26562532946344
VYD_00151,0.23924248129852868,0,233.89598479276356,638.8418389619749,222.00985795325698
VYD_00152,0.2079535352549274,0,34.21353655070372,492.05093527015,33.71872014333645
VYD_00153,0.16339777355847313,0,1641.7610279716569,1641.7610279716569,2670.192627483201
VYD_00154,0.43581040051711323,0,188.43584965605572,749.6660247333161,177.19065932800427
VYD_00155,0.2681204739258374,1,634.9187704571003,634.9187704571003,1543.685177486665
VYD_00156,0.3718755084204041,0,115.84979882823815,306.1907532617456,104.2860070849156
VYD_00157,0.3223291333952452,0,77.27597335093304,77.27597335093304,101.66792715648027
VYD_00158,0.09841631102543212,0,252.66686417336604,252.66686417336604,2799.3156687339747
VYD_00159,0.33583059057768794,1,217.83306904550375,217.83306904550375,2053.5187307338406
VYD_00160,0.3970849711458287,0,171.82149544889566,399.4787525436461,71.23517044158265
VYD_00161,0.4181470421514353,1,828.3379310482786,828.3379310482786,3845.940285630566
VYD_00162,0.16996993828807505,0,383.3725805594668,818.4867085230278,27.69774372498993
VYD_00163,0.4747287190534037,0,131.6888985016792,292.80992487844446,67.66341074718711
VYD_00164,0.2836382752005115,1,869.7652060958192,869.7652060958192,1980.924814568858
VYD_00165,0.16383199262377096,0,230.01442310892708,950.6090685159189,46.87176529842883
VYD_00166,0.06899243220413384,1,347.7918306525128,606.3852154787129,346.7543930362075
VYD_00167,0.31411527505621256,1,2004.7430276479045,2004.7430276479045,4325.961742266697
VYD_00168,0.09035657168287717,1,345.44227056236303,345.44227056236303,5359.090230958707
VYD_00169,0.2901558743271424,0,768.4823016951045,1180.2381827096995,3988.029560269008
VYD_00170,0.10457600488438075,1,1343.702562857025,1343.702562857025,4304.805600424878
VYD_00171,0.5595097281298269,0,220.17962529940297,535.8373677648859,333.27073947132925
VYD_00172,0.08971780710364638,1,837.5099157254298,922.3940385876635,3520.5725948081854
VYD_00173,0.05252934310475842,1,784.060885378361,784.060885378361,4449.478573396275
VYD_00174,7.118835000542568,0,448.74235213476584,448.74235213476584,417.5520402859793
VYD_00175,0.06973735836237452,0,782.2526536941214,1348.4603863744528,1600.1929716260913
VYD_00176,0.2978715098417705,0,508.460781074933,749.1155099312466,181.8016281378676
VYD_00177,0.34430739625464823,0,2303.852164517917,2303.852164517917,3589.334505233994
VYD_00178,0.4766949736969489,0,417.4572852686534,626.5581621317202,1837.5776452650462
VYD_00179,0.26305600882806524,0,608.9655431974603,1061.0204769161858,81.37974629002085
VYD_00180,0.143268649681473,0,388.6163222535395,388.6163222535395,101.5827592330248
VYD_00181,0.09310195435561976,1,755.5033416851857,755.5033416851857,1781.6571419468926
VYD_00182,0.4193949994534395,0,669.52389731939,776.6194697885269,599.8358347716945
VYD_00183,0.12819421268243986,0,41.169097068455656,92.63304681451382,24.47610897770213
VYD_00184,0.45444618855450597,0,366.74953455224374,366.74953455224374,993.4762572950999
VYD_00185,0.5732090637718741,0,175.94416135552774,262.0907364969426,206.39189405583997
VYD_00186,0.42359561148737357,0,258.7703502104213,258.7703502104213,222.9604719964459
VYD_00187,0.5185579962389312,0,374.7652049745744,374.7652049745744,1014.8354562973103
VYD_00188,0.39546128737337083,0,270.374337210188,372.13692203985727,66.47464723331284
VYD_00189,0.5405325858669341,0,252.69667943245193,252.69667943245193,836.6815860557168
VYD_00190,0.21936465412702905,0,1045.1329304295814,1301.168334750802,1071.6834823770462
VYD_00191,0.5073026667642403,0,504.08739884918157,517.5672444443766,1760.5096878338595
VYD_00192,0.48120749679901526,1,347.8719831126172,347.8719831126172,4127.128061492997
VYD_00193,0.37365623854735047,0,847.0973329232077,1168.01637038255,1146.3445628098261
VYD_00194,0.3391929706032378,1,219.12160685989107,219.12160685989107,1982.715003862099
VYD_00195,0.13181339690454752,1,328.26558235739975,328.26558235739975,522.389849832029
VYD_00196,0.21552031202164454,0,283.2194069031514,567.4232903860456,863.5729095759411
VYD_00197,0.5909185204237746,0,254.2275886052697,254.2275886052697,452.4880612513628
VYD_00198,0.15220315656413502,0,236.0146257720689,387.6765031146163,244.78059907330936
VYD_00199,0.4098308351597216,0,358.44054859145035,921.3126626595516,4379.545045273711
VYD_00200,0.1549598806076042,0,974.0038574366637,974.0038574366637,1081.3845154707549
VYD_00201,0.5325485448138421,1,823.559757677501,2086.618472256099,438.4272643435291
VYD_00202,0.4212910611637473,0,266.97200679485843,519.9112674932117,1165.1563002815528
VYD_00203,0.0810144645317414,0,457.16210036419426,1117.6874864267115,111.32555466779988
VYD_00204,0.27993144066557396,0,100.87431744129343,128.86251138445454,49.93939359170745
VYD_00205,0.18419905025231126,1,1485.88105358228,1743.5222429740566,2445.376837478241
VYD_00206,0.29438352686033414,0,1043.5390602243378,1043.5390602243378,1158.1197904135688
VYD_00207,0.43769645592361894,1,303.29528906276084,303.29528906276084,4166.557442464438
VYD_00208,0.3133752982848867,0,296.12129320945314,395.65577243907666,88.52205413538864
VYD_00209,0.4167591784744309,0,237.87664582489998,787.6398782071113,4502.914431799907
VYD_00210,0.2360412494663211,1,405.06592865790367,405.06592865790367,5818.072984129171
VYD_00211,0.36819781158417736,0,982.676361323842,1102.3090097558054,70.11170142178887
VYD_00212,0.3335723418293578,0,75.90699977547422,393.70484143934726,35.5454543672162
VYD_00213,0.12642942586933034,0,269.1471905816719,748.3693957101335,262.7174000725093
VYD_00214,0.3464549326556634,0,81.41885695210031,102.841081550881,68.77503382269612
VYD_00215,0.25808207342494754,0,219.38518849726032,612.4018171940643,67.04059018613701
VYD_00216,0.12572541025720055,0,328.94190182001904,853.37274881683,55.829338054100454
VYD_00217,0.49276275112971335,0,324.67710549354075,551.3465952294646,43.36413245630252
VYD_00218,0.2975421084076702,0,46.38757777393303,46.38757777393303,345.55823628369336
VYD_00219,0.19478674664559284,1,345.91783881114065,345.91783881114065,405.5814734257772
VYD_00220,0.3641885228041446,0,141.37408760992273,141.37408760992273,229.51613236302077
VYD_00221,0.4025853813384461,1,98.21876451869593,98.21876451869593,1188.3351902529762
VYD_00222,0.04128414622335311,0,361.396263758646,361.396263758646,1242.4659077092
VYD_00223,0.23909785284741478,1,158.99507667965338,158.99507667965338,282.08520775071344
VYD_00224,0.5269422379710728,0,364.6367613096545,419.0669628541651,337.5703631528899
VYD_00225,0.3420894838512942,1,1401.1804193825838,1444.762188973761,2285.601257986249
VYD_00226,0.978139287803006,0,1163.4996255271644,1163.4996255271644,2191.910347354934
VYD_00227,0.1578389448589922,0,145.67489555064344,145.67489555064344,1165.1134718811109
VYD_00228,0.5819869662469527,0,363.1974415501274,363.1974415501274,616.0898513787351
VYD_00229,0.2721562750104923,0,279.5195910427423,1330.3707989267061,114.90058552437189
VYD_00230,0.09418747210060631,0,277.7151985471271,336.8936877364834,532.8023824871977
VYD_00231,0.3039175589112879,0,2129.8395132098985,2129.8395132098985,4687.344148755039
VYD_00232,0.2538469033364361,0,303.7176785784083,557.7010315692296,613.8647324180982
VYD_00233,0.2639241688874695,1,738.1247662443255,738.1247662443255,3158.7602916137093
VYD_00234,0.11519680137060305,0,893.3158458142578,893.3158458142578,1020.732855296144
VYD_00235,0.055943429151583256,0,630.3991111143948,630.3991111143948,1049.0385782610374
VYD_00236,0.44555227271802067,0,61.75509997207974,61.75509997207974,1257.1904735369296
VYD_00237,0.09417375943230454,0,545.0190869572602,620.834930580688,1420.053429923371
VYD_00238,0.11061768072063052,1,405.863358676197,1258.969330478337,3646.808057100847
VYD_00239,0.25935007837771507,0,369.0035619352304,369.0035619352304,631.8363388373064
VYD_00240,0.19320506551476668,1,506.29503702783074,506.29503702783074,490.1971389026441
VYD_00241,0.18407375978771487,0,247.99432805362108,919.9694265400445,112.27020271969879
VYD_00242,0.2721279897675125,0,384.5771797406167,794.2932947216868,85.27998331832084
VYD_00243,0.16528724807240186,0,778.250826866403,826.2980845321001,1264.1315622458767
VYD_00244,0.40681160658376475,0,613.2995015169867,900.1450434062568,4113.9963461508805
VYD_00245,0.5945375910105462,0,109.42443933040687,395.29905838914806,78.99685745334448
VYD_00246,0.21443823621226357,1,209.04018122610657,402.68980016766074,2853.6027258645086
VYD_00247,0.4691824575178947,0,1614.0688194456234,1614.0688194456234,2630.4027704320483
VYD_00248,0.3634311494186094,1,1337.973092682224,1337.973092682224,5247.0548517457855
VYD_00249,0.15249957021719243,0,407.3108849681059,501.41072977079887,386.10869035381063
VYD_00250,0.5077308834805699,1,120.1942636550135,120.1942636550135,661.3910987473585
VYD_00251,0.56507808405736,0,185.53688405460923,384.5707089265359,150.39953640948198
VYD_00252,0.5891056992981057,0,285.74427709085455,507.9063324512271,321.8449182237082
VYD_00253,0.39808887516543817,0,230.85245265207843,614.8919179697489,455.85048430670895
VYD_00254,0.06051335623360085,0,227.56007973747427,538.1197490574674,1161.8964786690883
VYD_00255,0.4246277145406219,1,290.0924090697165,630.6112085513873,403.1127689677353
VYD_00256,0.6061068830867711,0,770.8662453207897,770.8662453207897,357.27139950517835
VYD_00257,0.16793280050920598,0,521.9200404809355,521.9200404809355,1461.2858787394925
VYD_00258,0.49498208142543026,0,281.1146755251773,2029.0969206503694,1271.5588758044978
VYD_00259,0.24385613483632193,1,1887.0762408149374,1887.0762408149374,4050.1528228176444
VYD_00260,0.40502220150255397,1,457.8258455023676,457.8258455023676,4194.079624753849
VYD_00261,0.36664850569978547,0,116.00301169369415,656.320983467844,513.9275585667081
VYD_00262,0.08855330148302605,1,1537.0397365912213,1537.0397365912213,4576.861740651703
VYD_00263,0.2574949301700835,0,185.22401869446858,567.6590366124418,181.90057268951543
VYD_00264,0.3036633769225772,0,170.12871253509584,200.3971675696371,167.9118967881689
VYD_00265,0.5396804528414425,0,171.88072188343355,704.7751930131191,139.00587515038578
VYD_00266,0.42042875732094565,0,411.95438089793913,411.95438089793913,170.7765381235777
VYD_00267,0.5529823783446455,0,124.9001066705549,124.9001066705549,481.485543663194
VYD_00268,0.12072448685748932,0,347.31803569641767,347.31803569641767,193.75430158556347
VYD_00269,0.14186793659031774,1,412.24971875231074,441.83810401935773,2462.6553299267803
VYD_00270,0.29193878434786846,1,145.72644341112047,532.297873666728,1981.1939539885582
VYD_00271,0.4249358348840494,1,106.78349453378785,486.9188975759569,73.85682514293183
VYD_00272,0.43887150919527623,0,506.96959312156713,506.96959312156713,784.6177784311973
VYD_00273,0.19564184034599058,0,72.58843012823739,72.58843012823739,40.23282815097913
VYD_00274,0.2163891706905036,0,202.39562010605968,369.1224229603356,786.2776319050126
VYD_00275,0.5364385564552272,0,138.49099669225194,375.02305519857623,321.2784945921689
VYD_00276,0.5056657621933451,0,108.34470084381105,108.34470084381105,390.6441938614377
VYD_00277,0.5818442134564007,0,1017.9024996663585,1638.8077090602162,2480.139559054148
VYD_00278,0.17639259133135182,0,132.52082127718887,278.31969788214263,132.45475865604433
VYD_00279,0.5439528703685694,1,295.2529904037513,295.2529904037513,1607.5545276195414
VYD_00280,0.15555746649534805,0,593.3147664456682,593.3147664456682,1599.9609781231259
VYD_00281,0.3406368184146346,0,133.27456647795913,133.27456647795913,463.64637442263114
VYD_00282,0.2758423206897739,0,572.1982535354375,861.535200918666,1304.948860904336
VYD_00283,0.5652060605372553,1,634.0119739293124,634.0119739293124,2732.2583866523387
VYD_00284,0.344950920560754,0,213.11359750888465,213.11359750888465,449.2170198102032
VYD_00285,0.255775424483015,0,617.8023934223045,1215.5630036043497,215.4501498732204
VYD_00286,0.4279876479748191,1,188.11485136117102,555.1076719704926,1924.925266785515
VYD_00287,0.21137476683257422,0,97.34231927984511,345.01127045452733,62.896726118658144
VYD_00288,0.23624249990747243,0,74.2842518707644,609.1607961272657,67.33492901144203
VYD_00289,0.2527852894984919,0,234.36657188552513,322.27858148065036,180.38720299439063
VYD_00290,0.4552352379718365,0,522.8196128345486,580.7233157456574,39.831794170231454
VYD_00291,0.12200814181432827,1,508.95602215167384,508.95602215167384,5565.015729589757
VYD_00292,0.5731133149168388,0,388.6200510066708,388.6200510066708,2963.755587217529
VYD_00293,0.10765278293536691,1,1476.9948210168232,1812.8894866019082,2446.346738633248
VYD_00294,0.1858383424869232,0,660.8425507535029,660.8425507535029,1304.1372573984568
VYD_00295,0.373357087177625,0,776.3824414017332,776.3824414017332,1054.4668701223534
VYD_00296,0.5965682724787565,1,688.1134691423385,753.8517089070459,1254.1442309751253
VYD_00297,0.16579794464634712,1,338.70362095156474,338.70362095156474,1638.7972003619868
VYD_00298,0.41062601327812437,1,411.107198786632,411.107198786632,2882.057534728998
VYD_00299,0.0626038771986945,0,26.141417110754848,26.141417110754848,126.7044904488949
VYD_00300,0.4214012541777256,1,350.43765641483765,601.3719417183512,342.4996155554605
VYD_00301,0.26458738233454804,0,630.7060969017232,630.7060969017232,586.9704976511351
VYD_00302,0.2746058181265934,0,328.99607288741146,328.99607288741146,572.3579864045831
VYD_00303,0.24855529082217795,1,890.766233476039,1066.5407212471066,3531.933657609421
VYD_00304,0.4517939396549429,1,58.33967539393379,101.71928218207337,852.1727265982192
VYD_00305,0.05970384890646621,0,128.59967660462473,128.59967660462473,113.39103366744548
VYD_00306,0.2433910359784566,0,656.3178317980307,1207.9425290371273,126.8757087519051
VYD_00307,0.46170555812464226,1,808.5795838204134,808.5795838204134,1937.5694097296744
VYD_00308,0.5767821521689752,0,329.7938431660044,329.7938431660044,1283.3698630060996
VYD_00309,0.463895258322853,0,310.0251269947891,324.51959992527503,835.5401594756864
VYD_00310,0.34662774884562664,0,176.42466980875608,176.42466980875608,80.32871552328463
VYD_00311,0.18793644590795344,0,493.64832059015544,1337.0801615536682,189.0760984936091
VYD_00312,0.20573302332510662,0,316.2712342543411,316.2712342543411,1174.7779096229947
VYD_00313,0.12513901880350956,0,213.6237235382519,213.6237235382519,1427.3315300117738
VYD_00314,0.26742438955470726,0,666.2741413493594,1073.3048995611955,658.6846903226198
VYD_00315,0.2528710246590724,0,668.9859317156368,1101.622006426137,395.06047030573734
VYD_00316,0.24915074667504522,0,299.317701782491,299.317701782491,576.7149772407776
VYD_00317,0.5491234801629851,0,94.28773129730354,335.5308862845622,94.18185330944233
VYD_00318,0.13576663439265532,1,297.7485981869896,297.7485981869896,4190.15446958943
VYD_00319,0.7966531977356441,1,582.7168088783749,582.7168088783749,4316.877980368968
VYD_00320,0.557154301874575,0,119.55417513899832,119.55417513899832,379.2644147453877
VYD_00321,0.5857429887524173,0,567.5316002737111,1007.0428577387803,373.17409229461475
VYD_00322,0.09248917564018813,0,743.6664958498611,1224.707433319483,2070.88319427211
VYD_00323,0.333501886758815,1,963.9352747502319,1340.7149869460907,440.28993838394496
VYD_00324,0.5950327852476482,1,570.3579967107545,570.3579967107545,4086.506717951135
VYD_00325,0.3345452335525244,0,295.1596021547616,1079.9127907699703,192.1152062671858
VYD_00326,0.0840228814835434,0,630.7137027333644,1329.557467798696,590.6821155887169
VYD_00327,0.4930595090220244,0,235.3009890259792,337.4364798512872,896.4998173175596
VYD_00328,0.2203881815511005,0,1124.281872398907,1331.934386474875,994.7316074010079
VYD_00329,0.221655348858428,0,57.13666068194443,57.13666068194443,316.7202380836421
VYD_00330,0.19887341732619587,0,224.8537834257439,410.08238813519927,85.14794684815398
VYD_00331,0.2273732244659458,0,135.16249775531267,152.0255136469697,43.31507623775305
VYD_00332,0.26945612791130574,0,397.46365298692626,397.46365298692626,2040.2923650310981
VYD_00333,0.5207473045804286,0,329.87082923878154,2245.050886448383,1644.315768913413
VYD_00334,0.3770449994873826,0,350.08463595131747,350.08463595131747,980.4890883862221
VYD_00335,0.5667277459584351,0,533.4235717158745,533.4235717158745,1536.3053524180518
VYD_00336,0.15922968764879553,0,204.0902423163955,465.34995323879707,1797.2957246700223
VYD_00337,0.15100892838843646,1,211.58789664537633,211.58789664537633,5625.238686161171
VYD_00338,0.1346397974927831,0,634.769258005789,1421.1619162448112,3234.28681548783
VYD_00339,0.12109070880685228,0,607.6295822625196,1229.408566382488,187.63360539987286
VYD_00340,0.2704661151050648,0,199.91771066390177,2135.952525254366,1516.5931478034986
VYD_00341,0.5883438139783521,1,1185.1368211566246,1351.3455178573847,4396.656870960729
VYD_00342,0.5059625416743997,0,960.8602247026308,1588.924080906294,2814.0277549552343
VYD_00343,0.17405872043567164,0,742.8889875796162,742.8889875796162,1131.0533277577797
VYD_00344,0.584425938561172,1,198.20188561211563,198.20188561211563,250.35383117732576
VYD_00345,0.35450996005349755,0,443.7992428628036,725.2992134575179,161.27918125529013
VYD_00346,0.2382642271158016,0,160.79379378970242,831.8836178193177,2657.807803170236
VYD_00347,0.3395486220399553,0,695.7315984539173,695.7315984539173,860.4320454589799
VYD_00348,0.23122983255311275,0,439.63065277807385,621.8637579453101,755.7310790238176
VYD_00349,0.06422688892398436,0,391.50795133749403,391.50795133749403,936.7267797086917
VYD_00350,0.2769343905395888,1,631.6362341154193,631.6362341154193,4235.482935037706
VYD_00351,0.15394538284119177,1,910.265492151303,910.265492151303,4517.226809973021
VYD_00352,0.47722154560627716,1,701.6817706030666,724.9916073506596,3830.4434059489454
VYD_00353,0.1364319851782388,0,328.1495726177606,328.1495726177606,2817.3430560297866
VYD_00354,0.1096282776084473,0,252.92825969187507,508.7368613001579,36.811290658408915
VYD_00355,0.4822239994803604,1,167.01440279960804,340.6629886151393,2777.337225423001
VYD_00356,0.2352690201643642,1,383.57701053348165,383.57701053348165,1154.6112399414124
VYD_00357,0.38700642140480807,1,75.1807615322197,75.1807615322197,2038.308879877876
VYD_00358,0.08574296604816213,0,304.3514885885313,307.2058675996743,856.5253266715149
VYD_00359,0.2837307100934774,0,690.7930079339163,1107.55195472973,110.70575900564133
VYD_00360,0.5234518327550509,1,1589.8609652406722,1589.8609652406722,4772.114067709522
VYD_00361,0.15736361054919726,0,257.1103874967465,533.5752381993508,103.0343201774607
VYD_00362,0.3756603346681542,0,41.358870721196396,41.358870721196396,34.92815203240442
VYD_00363,0.32395702706042095,1,1938.5721683676632,1938.5721683676632,4014.029159055072
VYD_00364,0.2308260629306762,1,673.8576604423145,1283.28917016349,83.33881264454268
VYD_00365,0.19446667885320615,0,54.87452670653057,257.9094859020901,61.84371152310801
VYD_00366,0.13303081729509114,0,78.4434142059615,124.53477186148979,212.43282814500694
VYD_00367,0.09923320073997279,1,738.9448013483085,738.9448013483085,714.3705548618353
VYD_00368,0.1263412622711132,0,231.34879483508035,231.34879483508035,285.1369466419418
VYD_00369,0.08226535142929371,0,49.30787433331337,49.30787433331337,218.08820295531535
VYD_00370,0.5509204619432789,0,923.8537068198482,1561.3726438528927,2431.206500629441
VYD_00371,0.19244640605520322,0,156.1874741081166,156.1874741081166,572.7740702752806
VYD_00372,0.5051327543944736,1,471.2430804012203,1091.6528790360371,3140.48821249063
VYD_00373,0.23786146119115947,0,59.119582854103456,59.119582854103456,2394.28250925962
VYD_00374,0.41480745959099147,1,1863.4935763383203,1863.4935763383203,4749.323893661404
VYD_00375,0.14112352107819692,0,595.3474952925656,595.3474952925656,832.7000957700282
VYD_00376,0.12070779473195571,0,221.00699692775225,221.00699692775225,642.5705776647244
VYD_00377,0.20423598908125934,1,942.4699888491466,942.4699888491466,4485.802352581591
VYD_00378,0.35273994390490987,0,638.9663717377446,1044.8307679817872,266.770832572999
VYD_00379,0.5299386920139108,1,1493.9400188834873,1493.9400188834873,5110.779882024133
VYD_00380,0.12913989420221292,0,48.277106636453276,803.435969065881,42.048082600972656
VYD_00381,0.575277236493865,0,636.9899479132802,636.9899479132802,831.0135614490664
VYD_00382,0.2478398376570938,0,78.75054581144327,78.75054581144327,191.48098982133013
VYD_00383,0.08927328935527035,0,460.0406432131005,479.3728178794518,832.199361342404
VYD_00384,0.18360818749797578,0,650.1328332839576,1073.8116094003433,646.7011337270508
VYD_00385,0.20772495970273294,0,304.67673628719825,304.67673628719825,1093.7169997184476
VYD_00386,0.2372659568680071,0,540.6816452286132,1037.6551849835203,149.37878322721332
VYD_00387,0.5404591392239195,1,506.87909522720526,506.87909522720526,4576.372224762857
VYD_00388,0.17545430884723706,1,555.4842095295791,555.6780177442319,440.9904063893589
VYD_00389,0.3168641633511716,1,627.1546576138791,637.6300087956242,2729.685107586261
VYD_00390,0.10038764027984282,0,239.65514333481718,263.47417405769096,82.76753110763671
VYD_00391,0.6128714772942492,0,63.75966870498149,63.75966870498149,2445.5916452808724
VYD_00392,0.09278605996173556,0,288.2422533045192,928.8401589997405,330.56193902189483
VYD_00393,0.3667623441520224,1,427.94186124517717,427.94186124517717,565.9836814495958
VYD_00394,0.23110391799713617,0,101.82477102442964,252.83041553630503,82.26186258020645
VYD_00395,0.4100900321178462,0,1400.2225666827455,1400.2225666827455,57.90830307342158
VYD_00396,0.383290637545363,0,368.192021144316,612.3924579816596,295.2398932424215
VYD_00397,0.1269785121773383,0,739.6249279016087,878.9289579223781,43.09870716360036
VYD_00398,0.2186724425085968,0,172.9173799967568,172.9173799967568,507.9541361606912
VYD_00399,0.19075540749688918,0,142.2806534023502,142.2806534023502,365.6550207019223
VYD_00400,0.25533056752400834,0,591.8580742068758,591.8580742068758,780.8420957186864
VYD_00401,0.12950426679953994,0,388.9411326757446,489.0853485525134,35.45671285961229
VYD_00402,0.14352748338841206,0,369.251029655152,369.251029655152,1309.528936924793
VYD_00403,0.38847236957615433,0,1252.5563722042384,1252.5563722042384,142.0129932387229
VYD_00404,0.4406751397442502,0,164.37140532252286,314.9318791662186,942.4562536135597
VYD_00405,0.11092904422730784,1,515.6194704500676,515.6194704500676,900.904451766527
VYD_00406,0.07614632272938839,1,585.073149977165,826.1304008387359,4122.143674585677
VYD_00407,0.1601259789843351,1,289.3955378343832,289.3955378343832,5518.02080619725
VYD_00408,0.12326106855281087,1,1432.3506056319954,1432.3506056319954,2111.6576985631323
VYD_00409,0.42508817108466007,0,74.65382059161345,74.65382059161345,1447.6756930499125
VYD_00410,0.38007672648053165,0,172.5652112726157,215.11584104689368,379.72910020950565
VYD_00411,0.5317465885874549,1,560.494633039778,816.2007897428606,4438.750841769213
VYD_00412,0.9427152599090374,0,2374.250597334372,2374.250597334372,3183.1156273122106
VYD_00413,0.21934799740391345,0,409.68024110809085,484.0825762726633,968.2592492777349
VYD_00414,0.14701259890558901,1,1519.5766076232053,1519.5766076232053,1067.824561987669
VYD_00415,0.22377476693919202,0,1071.3982211690338,1178.5304380484577,56.560451713883666
VYD_00416,0.062165302121150054,0,54.73080119179798,54.73080119179798,117.58127287751238
VYD_00417,0.26577174991322916,1,415.3473596652843,738.1062031202074,369.733043576322
VYD_00418,0.2656724312690446,1,327.4472602775326,327.4472602775326,1018.2352279022425
VYD_00419,0.2857097619335217,0,705.8393823558819,1153.1500956794464,502.2485263708989
VYD_00420,0.3457940944379864,0,467.50792953896104,521.4137877795225,930.0323317068551
VYD_00421,0.48572819374833914,0,670.0353503714064,950.9289101630832,188.7137553121651
VYD_00422,0.5903524293361812,0,366.2983719921295,681.1796248188962,371.1909489660606
VYD_00423,0.14917818322719226,0,430.40511922240955,430.40511922240955,683.5293615108558
VYD_00424,0.5854293139756775,0,122.51901649750332,341.99348653042864,43.89254560350869
VYD_00425,0.5183501980199507,0,103.68225753891693,345.2136206842735,59.06616436154251
VYD_00426,0.5439959110756954,0,78.923818289062,165.58994797799522,83.81314263388573
VYD_00427,0.1878910925880551,1,1645.260220475145,1645.260220475145,5088.126603119043
VYD_00428,0.2375278468597781,0,90.24745102333655,548.7834989189219,62.593293414768176
VYD_00429,1.1323918642284359,0,341.5984743820471,341.5984743820471,643.5069804815516
VYD_00430,0.18316913420033698,0,61.64934038028859,251.6135436644375,34.80341545912722
VYD_00431,0.1499885085698285,1,411.8655336733802,1068.227615189704,3533.658725095834
VYD_00432,0.4093136773460706,0,180.15583657739035,1205.1037225638981,133.96192862692013
VYD_00433,0.3373791241618473,0,55.64352281305186,324.4058428152541,43.8681872464888
VYD_00434,0.1870840129647652,0,795.2833549383688,873.2282018136119,309.72509882867735
VYD_00435,0.46544022927737216,1,943.662394493122,943.662394493122,4161.555701598871
VYD_00436,0.1711764051086815,0,368.1564390617358,368.1564390617358,946.6182939288287
VYD_00437,0.26219252891321165,1,800.4916447694361,800.4916447694361,32.12239158837802
VYD_00438,0.5629200065682943,1,1001.9275651849636,1001.9275651849636,301.4861934094998
VYD_00439,0.3148889941322012,0,1289.4760992172921,1342.5878404269947,141.17972540959792
VYD_00440,0.17613629894082594,0,134.83894841306184,135.26979801976088,225.206703674326
VYD_00441,0.34531829142538817,0,156.1645699102121,187.96178786530174,485.2701195116724
VYD_00442,0.27702753872058783,1,1292.6657113693354,1292.6657113693354,2551.7861952352473
VYD_00443,0.5182334303625564,0,505.73676049815083,842.3040035135043,284.01178326617634
VYD_00444,0.49139747595534683,0,186.6660764710504,186.6660764710504,236.39826771340708
VYD_00445,0.3077614895790624,0,2279.4662874434384,2279.4662874434384,3849.9828832616436
VYD_00446,0.17498284565900157,0,282.71245543357014,282.71245543357014,432.8901820829593
VYD_00447,0.2609597012221022,0,525.6739317399189,1365.1388136329583,3131.9559478821
VYD_00448,0.26317104089196797,0,90.82365100098717,331.9105167905854,46.563264618041636
VYD_00449,0.31914933502095283,0,49.60068723144826,181.95678932426551,195.7473087313578
VYD_00450,0.2778778589667718,0,1280.947452876607,1280.947452876607,243.96306331713635
VYD_00451,0.05564574720771759,0,533.1330595215198,841.1883218030339,1337.643278431365
VYD_00452,0.25125880895819186,0,1162.5211425809505,1162.5211425809505,25.351278576586406
VYD_00453,0.882773422913493,0,219.44835255875066,406.240985864599,289.67390868256354
VYD_00454,0.07044034472190426,1,1637.7289991269317,1637.7289991269317,3957.9731425162045
VYD_00455,0.5428374112351382,1,480.7761708704321,480.7761708704321,718.2792733638285
VYD_00456,0.1082813318985734,0,312.9132714204008,530.3968119809446,1926.8809069860076
VYD_00457,0.5035202199519028,0,630.4572800627227,665.2263010102827,706.7011905463556
VYD_00458,0.009543318764785954,0,1167.5561927379688,1384.0244212312484,1187.1807939439066
VYD_00459,0.49750167731934053,1,1229.2661645209623,1229.2661645209623,1175.284429639286
VYD_00460,0.15864452272211713,0,763.0481585195156,1209.1178184232722,530.0929781668084
VYD_00461,0.3779526119388492,0,293.3572113104391,767.350175203824,4430.762671349486
VYD_00462,0.45683270309596435,1,573.0479260197845,573.0479260197845,603.9654850370234
VYD_00463,0.5509852581751339,0,204.58353032292985,236.9580181826561,159.9867753976669
VYD_00464,0.05997570511922678,0,100.09818442151908,100.09818442151908,220.5195589249218
VYD_00465,0.16089756638726127,0,638.6054978365815,638.6054978365815,749.708250181412
VYD_00466,0.24578364496343474,1,1431.3125233449412,1431.3125233449412,2118.136821577819
VYD_00467,0.5773482183010238,0,313.2230759419338,341.15436176895514,210.1371406812225
VYD_00468,0.33092667367674505,1,477.08282227227863,621.6385288067161,5081.816409673632
VYD_00469,0.5448542088289403,0,90.06366009312342,90.06366009312342,1545.4919884141152
VYD_00470,0.2374904374322181,0,1095.7117705206413,1095.7117705206413,1144.3053884360318
VYD_00471,0.35741349545149276,0,82.43648960892781,451.5073549200434,31.315444230304006
VYD_00472,0.3416176860783465,0,216.87598747916763,216.87598747916763,497.8367926910784
VYD_00473,0.16455264280677523,0,175.5546338833497,182.2638098553112,175.5546338833497
VYD_00474,0.08344791895806591,0,31.01318110211372,83.58991510336472,2518.896722735527
VYD_00475,0.04403896219176652,0,450.6995153100649,450.6995153100649,843.7713098247618
VYD_00476,0.4922539742906842,0,95.52943212273469,95.52943212273469,984.960683506914
VYD_00477,0.4717306395146142,1,1314.4042443536232,1344.8874724109935,2523.3286505510673
VYD_00478,0.10700926078568254,1,156.62810694558087,360.61715850240387,2841.3138036065207
VYD_00479,0.5552483759329915,1,274.7278794972929,274.7278794972929,4209.424691293778
VYD_00480,0.049089836849781514,0,614.8197725153799,808.7415338730299,589.0863621508865
VYD_00481,0.5480359034022164,0,543.3521326576226,712.5530678370591,242.9437167706022
VYD_00482,0.2625813582840171,1,1220.6145088968874,1220.6145088968874,5313.999079231126
VYD_00483,0.6019656940473992,0,184.44195077870913,369.3658115179013,49.51758782440341
VYD_00484,0.29321556091941986,0,568.6419587096251,568.6419587096251,1869.1503572254749
VYD_00485,0.5272427913055631,0,163.15646404551524,321.5238607474906,157.9344037146354
VYD_00486,0.08585300880145068,0,1056.160958812399,1056.160958812399,1128.4640440076494
VYD_00487,0.3572053061251596,0,720.3712129370048,1451.8509565452755,1046.375364771582
VYD_00488,0.15028604183071215,1,100.443770589161,100.443770589161,347.2820143786161
VYD_00489,0.5736544388689233,0,537.9782244197149,766.3662403667935,846.9848548047289
VYD_00490,0.3362359768993664,0,48.74685204356686,193.60608835056271,75.55983208079579
VYD_00491,0.4533420095644038,1,731.6240053253576,731.6240053253576,2028.27576700435
VYD_00492,0.10487240367200688,0,31.474520263911824,31.474520263911824,95.81388237130992
VYD_00493,0.2095852582394663,0,91.61531495712703,160.4266488350474,1146.3712601445202
VYD_00494,0.3802310730401604,0,61.5748092615867,61.5748092615867,263.09353963091684
VYD_00495,0.3732147979724146,0,247.13504104552277,474.566999535288,799.2633310017404
VYD_00496,0.4962282796611027,0,185.30368829170536,185.30368829170536,487.36565979348194
VYD_00497,0.3365699181854321,0,205.25864840064853,265.442962752091,259.00470319142534
VYD_00498,0.2083871832133719,1,604.4997148058724,604.4997148058724,5998.349854554282
VYD_00499,0.10323165786761217,0,162.87240084797028,162.87240084797028,248.46530016154537
VYD_00500,0.0515529377355404,0,778.8472595660525,778.8472595660525,331.26978913232057
VYD_00501,0.32981144038948057,0,264.1660400699285,306.825855293423,364.9409052087265
VYD_00502,0.44628667844101383,0,234.21617794396363,762.3219649981106,574.5098730410468
VYD_00503,0.05813863345854779,0,623.0732151529371,1354.5951296133733,3116.6534090581335
VYD_00504,0.14914456766110498,0,738.5763008208876,1412.7175292627348,1006.7088275446883
VYD_00505,0.41123294033865343,0,184.20503969988656,352.7485498853211,837.4431086938686
VYD_00506,0.2578075925710578,0,484.8057935339447,916.4082301337976,280.10328541390174
VYD_00507,0.4123463508290478,0,209.80686279311223,641.5030062011637,140.3377557045426
VYD_00508,0.26984345404362226,0,148.41507450627537,148.41507450627537,187.3888288684917
VYD_00509,0.4713164148249147,1,1407.4393412365082,1407.4393412365082,1083.5769289341451
VYD_00510,0.47789446260290713,0,135.07816302711606,540.1217625514867,73.98482091473923
VYD_00511,0.10895798425982262,0,311.64775214550383,410.3478466829877,348.79073108410125
VYD_00512,0.20453638202601424,0,137.70037811253633,137.70037811253633,62.27273254955943
VYD_00513,0.06400812038788552,0,793.6256371340771,1063.8745425147906,117.36574231804858
VYD_00514,0.22560761278847336,1,950.3940558771088,950.3940558771088,774.693649941101
VYD_00515,0.35262874308623554,1,1088.030554759026,1088.030554759026,1767.0128424208585
VYD_00516,0.38311235655826376,1,909.1717577134733,909.1717577134733,1890.5186851696144
VYD_00517,0.5161250944660791,0,461.20855921978267,461.20855921978267,1270.611368525559
VYD_00518,0.058650279408630136,1,236.52516959786055,236.52516959786055,1983.2676595883443
VYD_00519,0.2083826058117814,0,408.4950996700727,408.4950996700727,685.1014123840417
VYD_00520,0.4657572085292648,0,387.7971080790008,387.7971080790008,973.6886451748294
VYD_00521,0.6696494460044295,0,2337.009895476084,2337.009895476084,3075.533575475873
VYD_00522,0.09662164911313181,0,235.97639237625359,246.88417337994102,483.11879420403324
VYD_00523,0.05116472701375774,1,769.7556764623582,769.7556764623582,694.8853446536959
VYD_00524,0.2774218734898369,0,328.50836903488295,328.92518750404304,391.35048288218724
VYD_00525,0.3022764522122006,1,159.52955541475333,429.6598950278094,1872.2125272370365
VYD_00526,1.2392820122249675,0,206.20613172077432,248.07744417312895,483.73114221261096
VYD_00527,0.41429852216926855,1,174.3826450268054,590.9822321475627,49.53925694995726
VYD_00528,0.34465184152626577,1,213.34182152573177,213.34182152573177,785.6995912002008
VYD_00529,0.19108158203914205,0,587.6571913151876,898.2866919136366,584.8802153025549
VYD_00530,0.401314133352614,0,33.75149420251498,33.75149420251498,169.3528177644098
VYD_00531,0.11377122760354164,0,178.99182427594175,178.99182427594175,1172.9500426249342
VYD_00532,0.2191646016436848,1,829.0840108686244,921.4153544896103,720.2593094006903
VYD_00533,0.2419469439246347,0,142.83745056776635,142.83745056776635,336.108244504433
VYD_00534,0.5011280276275225,1,853.7583486487135,853.7583486487135,2115.3007838947597
VYD_00535,0.2122898310821689,0,103.9913628769941,103.9913628769941,1529.2447223040758
VYD_00536,0.45171539861863613,0,228.6454092911407,943.6994044038445,140.36846441068417
VYD_00537,0.2760991718520895,1,1227.8800049173103,1249.1374621980797,2646.7373910391616
VYD_00538,0.4991012876360168,1,1235.0707969868201,1843.5574209219455,468.68666600471613
VYD_00539,0.4095639996255601,0,277.85284423102723,692.0884265806776,203.5720058849727
VYD_00540,0.4325778517873425,0,278.3452305015249,278.3452305015249,682.0678659413846
VYD_00541,0.20950597580717512,0,623.639823511184,916.973231638182,481.49274303060184
VYD_00542,0.27553541753398153,0,357.95900275963356,527.2864737616819,335.75807865103894
VYD_00543,0.35431103400244685,0,82.66336464436186,82.66336464436186,291.1556414199634
VYD_00544,0.5755055493383073,0,743.3793197991974,1151.3226511936252,736.7003661146084
VYD_00545,0.5237306504327572,0,204.34585636912348,215.16148722804368,215.6493221081792
VYD_00546,0.16488176950111266,1,148.61882773882925,1285.0089609819095,3879.93702793349
VYD_00547,0.45828187222870637,0,44.75891639678439,447.0518287114179,33.606322333298166
VYD_00548,0.559183889823608,1,1159.7353973504084,1159.7353973504084,1222.562228185873
VYD_00549,0.5153803118501383,0,116.57044153846851,194.29201696281487,116.43145154644075
VYD_00550,0.4535753019048178,0,339.2194904160306,515.082409112467,1139.0374657580946
VYD_00551,0.518554429100176,1,130.45714009612803,415.8102772590778,667.3552467467616
VYD_00552,0.1683283015209381,1,684.0664936098176,684.0664936098176,1084.5675813018424
VYD_00553,0.11622489565322565,0,2021.156895312117,2021.156895312117,3313.661839633525
VYD_00554,0.4480725765336765,1,1975.3250204069539,1975.3250204069539,4154.447119988654
VYD_00555,0.5157769612793095,0,316.4430647092346,316.4430647092346,278.48502650004747
VYD_00556,0.15507125897833432,0,163.4577743311635,163.4577743311635,234.46388079290512
VYD_00557,0.34430289890078786,0,231.42466053990546,345.77196384391635,92.62878055090387
VYD_00558,0.35111338495188055,0,784.8010661404717,784.8010661404717,1194.4417902123405
VYD_00559,0.1689267642266798,0,335.57653804642604,542.2043595534342,1969.3157232030378
VYD_00560,0.24481261645937324,0,323.84791217447366,323.84791217447366,1455.4775557541618
VYD_00561,0.2302719147071803,0,402.2394661064277,402.2394661064277,1386.3971542395557
VYD_00562,0.2462482269165982,0,79.60251346257856,434.09114028052835,4792.577850084562
VYD_00563,0.47705592683214443,0,281.3553504751439,741.0127898353422,281.0161401375087
VYD_00564,0.1676776652451427,0,377.13266114272716,377.13266114272716,144.38773561370022
VYD_00565,0.5784619204115511,0,337.65844210271536,2162.027805949034,1591.7975744372905
VYD_00566,0.22281189189797165,0,796.4566294910729,1097.9181145735292,30.220993595484515
VYD_00567,0.48850257737499814,1,650.1220471540809,733.4707280778694,3842.4867342998414
VYD_00568,0.21809990105831376,0,586.356234995657,601.7988399062057,726.3162112956829
VYD_00569,0.27972514918528363,0,273.33827410060985,357.57728133090353,618.4581417174189
VYD_00570,0.5107941204891062,0,207.55823440109967,207.55823440109967,409.3101008844257
VYD_00571,0.21893959474741428,0,284.1073295317711,284.1073295317711,868.3811718353505
VYD_00572,0.5679656610316222,0,99.12625414977013,157.6600405557012,139.7829453642225
VYD_00573,0.3799902184343551,0,232.67803318593164,819.0423949840444,181.78420936600205
VYD_00574,0.21247719210286023,1,121.82227963924366,484.84828944751376,1881.347991338537
VYD_00575,0.47991423221060003,0,498.6355674038431,882.4259199490285,4226.422997330256
VYD_00576,0.1567650934069077,1,613.5751275226223,761.3302163731772,3988.4892838878227
VYD_00577,0.07345573141367023,1,719.8865251984479,719.8865251984479,3227.277211140433
VYD_00578,0.24005252893182238,1,554.7154698187305,554.7154698187305,4431.24346621213
VYD_00579,0.1707850500914221,0,561.1222622325662,561.1222622325662,568.6187579557072
VYD_00580,0.19433570594982214,0,464.6724599528669,530.1562053257544,1513.9347360207248
VYD_00581,0.4757248557945427,1,2459.611583323034,2561.500614040463,3429.090762264385
VYD_00582,0.09396378646889263,0,604.3890351945314,1015.361928337441,598.6297783203324
VYD_00583,0.4617207640439997,0,610.3409057511888,610.3409057511888,1433.6969011326503
VYD_00584,0.3768157140428842,1,175.81975500451088,175.81975500451088,2334.957197044503
VYD_00585,0.5108126742611582,0,622.3750060780474,1230.6288754350014,137.91841071575325
VYD_00586,0.5774376386453492,1,1000.9854578887436,1000.9854578887436,1708.080695933569
VYD_00587,0.5583787174929247,0,278.83318592643457,278.83318592643457,905.9146706882008
VYD_00588,0.2944359599635026,0,651.8152272067391,1590.9440387362124,772.9006659354404
VYD_00589,0.4017294529841831,0,47.172487326249005,2060.7163249544537,1393.828938698072
VYD_00590,0.2058001985569591,0,74.98549302666373,573.7418510518725,615.3499735631711
VYD_00591,0.5325911669183758,1,499.12946163079374,499.12946163079374,5865.571520724048
VYD_00592,0.2512076903786338,1,54.217248215436314,541.1294603123669,816.2622071135048
VYD_00593,0.18320103623341802,0,84.94256071343429,670.0293125570129,84.71008044048773
VYD_00594,0.049430979097104547,1,519.2830226056334,519.2830226056334,4129.72252584635
VYD_00595,0.03269538576376689,0,1126.395234207675,1294.9192976171284,1087.5373821904266
VYD_00596,0.30015722764865393,1,311.25821874415476,311.25821874415476,323.16312806658084
VYD_00597,0.5745407267581344,0,60.86741038411392,100.21211121161146,236.34205679026246
VYD_00598,0.4875282111101208,0,223.59838914048652,310.5487123484433,199.85241693946043
VYD_00599,0.21323279641438006,1,267.417405698177,267.417405698177,704.7804786581046
VYD_00600,0.3675417682852927,1,165.15096359298792,165.15096359298792,1269.7359866340762
VYD_00601,0.38667673771508065,1,201.152636827966,201.152636827966,1513.8515100420598
VYD_00602,0.43936163732363864,0,429.55674579811733,429.55674579811733,503.8070341534468
VYD_00603,0.17396118700888133,0,1061.568948587515,1061.568948587515,1202.0792477696075
VYD_00604,0.4346516957742385,1,81.1801390166763,243.63498615936058,4479.62208922795
VYD_00605,0.3164384386800136,0,79.13705442589854,79.13705442589854,260.8553272344012
VYD_00606,0.595150740295436,0,660.909363420807,660.909363420807,819.503958563425
VYD_00607,0.4551561287847122,0,148.45475430277688,148.45475430277688,384.6582247861696
VYD_00608,0.43061684887733026,1,1648.3632528870942,1648.3632528870942,4796.451328091861
VYD_00609,0.4528711457879502,0,170.26407329986827,170.26407329986827,380.8995582533415
VYD_00610,0.48925244377882765,0,773.6179340133973,1094.562883131925,98.07821348930048
VYD_00611,0.3173468674479267,0,366.05019690588944,366.05019690588944,614.2454125950903
VYD_00612,0.2425266684917322,1,2145.694560490215,2145.694560490215,3950.710252166722
VYD_00613,0.4189549106482139,0,456.47032110494706,456.47032110494706,1135.169832088269
VYD_00614,0.4719939377816662,1,1409.2614029681945,1443.131360010538,2488.014216160225
VYD_00615,0.21742552236219248,0,431.1938159542943,803.4393090277371,40.978389663347755
VYD_00616,0.08815160065286536,1,171.18718361415648,597.9046825079998,2005.3003267841316
VYD_00617,0.1761403467725922,0,99.95851174736183,588.5477537034733,56.77250589718861
VYD_00618,0.5589991356119898,0,74.10681177516851,74.10681177516851,325.0066161440698
VYD_00619,0.3551570510868464,1,981.1535129297055,981.1535129297055,330.044216823489
VYD_00620,0.3172025054418361,0,321.57498557841933,680.7767228157555,265.33245039950657
VYD_00621,1.1569416504837033,0,101.7552865665185,101.7552865665185,71.46079718894505
VYD_00622,0.22063924316712297,0,160.3143514559672,160.3143514559672,1153.4248683442747
VYD_00623,0.5635813314420176,0,220.1301568077546,968.9118630540161,173.55539385392063
VYD_00624,0.4005428095102627,0,349.46542860085964,814.2499385473274,207.26969292831987
VYD_00625,0.1698434253384713,1,1478.979463109011,1793.1155977927106,2446.4586524131196
VYD_00626,0.4766607680510416,0,138.49769089080135,138.49769089080135,517.0353211988996
VYD_00627,0.5766963823853101,0,630.3857700214807,795.5023196578626,1328.045789030387
VYD_00628,0.054074551516454336,0,1031.5520232158121,1031.5520232158121,1149.760372624925
VYD_00629,0.24078747022762373,1,387.12639462911307,466.1049819076073,2357.967484596078
VYD_00630,0.3913023011028585,0,458.7976527296279,458.7976527296279,2632.67076285394
VYD_00631,0.2096444289211623,1,171.4701393015848,171.4701393015848,1228.436732047302
VYD_00632,0.27418318542414755,1,216.63158820044487,420.2445157964571,1912.5551419092164
VYD_00633,0.44366576451559414,0,496.3495249357905,496.3495249357905,1324.694941380733
VYD_00634,0.3701165629858271,0,155.24681334520182,410.73252686809803,150.27469774456236
VYD_00635,0.05953815959401927,0,140.81978652415964,689.9607265863342,52.669153194954674
VYD_00636,0.3794332155514883,0,77.22003150046027,77.22003150046027,129.56913221583108
VYD_00637,0.16187438235835874,1,597.0101176626565,597.0101176626565,1301.1196140061793
VYD_00638,0.3273104813469486,0,326.6013485893028,393.7371813340476,210.5016764365507
VYD_00639,0.26063678690767217,0,551.9835208909351,1280.3227503738638,190.93959464162006
VYD_00640,0.5406350436297167,0,723.8267786737085,1476.5074008434751,646.7213880906734
VYD_00641,0.589746092781281,0,149.90861722157547,149.90861722157547,929.5615381017492
VYD_00642,0.3146781384175885,0,200.76563276790498,478.79284266842507,875.2896592813728
VYD_00643,0.5677268992797746,0,587.7136153251988,764.4179802430692,788.0587164296135
VYD_00644,0.5600471596620867,0,2458.499866692674,2458.499866692674,3570.794771098375
VYD_00645,0.4160276586010858,0,211.07048643565113,356.7570122590036,852.303553505573
VYD_00646,0.4914408496007405,1,480.58908655305976,480.58908655305976,749.2526833052287
VYD_00647,0.32002801429732464,0,80.49801217883847,454.3907120670268,192.51868652459333
VYD_00648,0.15655284703439937,1,237.9968255899899,237.9968255899899,1328.6789811047863
VYD_00649,0.5631556880452165,1,403.18434993057974,403.18434993057974,4791.401661368417
VYD_00650,0.18948717146726216,1,1232.5488903386736,1914.865451904727,2069.3853593465888
VYD_00651,0.4237373407021574,0,222.52215248379102,259.5300224513443,927.5356067237371
VYD_00652,0.4639775308617783,0,74.88655442972215,869.4218875865288,100.62616384454172
VYD_00653,0.17277865917752275,1,1498.4624464482781,1498.4624464482781,2192.876756274525
VYD_00654,0.28981205294272405,1,784.8863725600359,869.6536106205092,4422.677784630804
VYD_00655,0.3955986769156012,0,269.96049115252623,719.7092233688682,116.54519486923536
VYD_00656,0.30898516777024226,0,354.2216111455513,451.67540930816796,93.33810146406394
VYD_00657,0.6017011768617035,0,546.0112213026931,666.9667575909257,456.606066525048
VYD_00658,0.29526456807979923,0,609.2951317634962,705.7879947369202,310.5217099580269
VYD_00659,3.9661418956288435,1,1140.2966172000151,1140.2966172000151,5105.686472547257
VYD_00660,0.19018904742126977,0,1161.18986783405,1260.384694367284,49.41477803465906
VYD_00661,0.1982993931695018,0,89.22261712725367,397.411590293688,740.0130646387921
VYD_00662,0.5781282908684827,1,1296.335592943433,1296.335592943433,2769.850739285372
VYD_00663,0.5848462611226574,0,541.1757463558182,995.7003558273893,429.6073600415997
VYD_00664,0.5938945510663635,1,298.11731272226643,298.11731272226643,539.6168262515743
VYD_00665,0.21641903191684936,0,793.2146786201383,793.2146786201383,1599.6037002486007
VYD_00666,0.24548428051205984,0,808.0070194260743,1361.8915367655268,2792.9525956910015
VYD_00667,0.28658004818434546,1,56.89991246518284,497.238782394607,1930.4326050824025
VYD_00668,0.27549638089494777,0,275.29530865999624,275.29530865999624,251.2930553473085
VYD_00669,0.09032641489454281,0,160.15762776715212,389.4817423907814,352.8375393025859
VYD_00670,0.05993958998708182,1,535.4026795745365,535.4026795745365,4156.42702161507
VYD_00671,0.2569861011810782,1,162.70400671151893,162.70400671151893,1145.299886836406
VYD_00672,0.4307265427034859,0,579.5802241007414,1415.6155731424835,3172.080122807563
VYD_00673,0.1555592911327793,0,764.0067743254122,1564.9453700257134,698.0388574813159
VYD_00674,0.1698728564618048,0,454.6099563347102,454.6099563347102,1347.281144345121
VYD_00675,0.2502317230734209,0,43.880140308398516,182.74261506770623,127.7954542588754
VYD_00676,0.33268297804811486,1,2212.0512779734418,2212.0512779734418,4264.235215000526
VYD_00677,0.5296718956331765,0,584.8310413063114,679.2264942592849,2277.420937666021
VYD_00678,0.3394057192436498,0,168.64521353900676,203.3874256816811,443.28280992805134
VYD_00679,2.1032570614366723,0,134.95930594080124,267.54391316918947,343.1560490987518
VYD_00680,0.0587235809412589,1,1488.3229805561327,1488.3229805561327,2166.5744832480636
VYD_00681,0.1395462541127795,0,174.08398101877012,174.08398101877012,633.7031352098669
VYD_00682,0.2116129407229907,1,1021.3587538609124,1021.3587538609124,5110.3927573560695
VYD_00683,0.4895517129345833,0,278.80775057656405,278.80775057656405,249.89449539831975
VYD_00684,0.35197097437342106,0,1258.7395464869883,1258.7395464869883,24.727003354086143
VYD_00685,0.1277816631582717,0,95.52307933757086,100.3877257969151,83.5045498704787
VYD_00686,0.2165203633164099,1,1601.6572011467135,1648.1014800871214,2255.5519144397354
VYD_00687,0.1199567650610864,0,346.82800441136544,434.77488313601435,381.8207031816094
VYD_00688,0.3188627084043269,0,168.63116862760356,663.9653746315778,49.27203302133848
VYD_00689,0.06265307364614832,0,264.07760517361163,337.60593259016963,570.8572991356478
VYD_00690,0.17193643015132515,0,421.60939681716405,421.60939681716405,915.2109261131964
VYD_00691,0.3091505322764902,0,371.1792088439141,371.1792088439141,673.5706348613413
VYD_00692,0.35102623138678657,1,1339.0032807506477,1372.9692900748512,2466.7893793033136
VYD_00693,0.0434790512524579,0,223.00800037664936,223.00800037664936,1360.7571053555776
VYD_00694,0.1816533848378018,0,556.1045943895998,652.4760583058054,383.5691313383361
VYD_00695,0.08716385029209126,1,1472.4976659193494,1472.4976659193494,2206.647693818759
VYD_00696,0.23440022617399553,0,433.2390013363289,433.2390013363289,2557.77755866887
VYD_00697,0.536279445991204,0,112.31207719714044,360.80697993614393,65.6209027939808
VYD_00698,0.2100278674254989,0,108.16504631441583,708.6552665700365,70.49518057364132
VYD_00699,0.08610809672636131,0,543.8907010226558,911.4954179266147,949.7233346646838
VYD_00700,0.49803373576321736,1,982.9214238921713,982.9214238921713,3507.0334395927835
VYD_00701,0.21471137357374104,0,152.61065510217645,963.5560566156595,149.79722057284027
VYD_00702,0.3221918810057765,0,388.23512511665785,388.23512511665785,698.6625990410723
VYD_00703,0.26328036533491384,0,169.97119295143085,169.97119295143085,141.2953643711268
VYD_00704,0.24942764810223417,0,41.76980636509687,114.65956384014768,39.72105690546395
VYD_00705,0.28436282620481856,0,687.9045596156188,816.5381077747551,1299.69739376517
VYD_00706,0.15702940466613383,1,759.1295501632925,759.1295501632925,5398.713995749886
VYD_00707,0.18055746677728227,1,422.66641277451123,561.9746863103808,5128.382209880832
VYD_00708,0.4742893824449594,0,105.9256662110158,105.9256662110158,634.8219738832629
VYD_00709,0.2534798070055498,1,311.22673675528705,311.22673675528705,4162.11518786712
VYD_00710,0.14969416808724556,1,840.8777750103623,840.8777750103623,3601.4832043023503
VYD_00711,0.28510473355660404,0,164.0532707869532,741.6308109899297,145.47371863406053
VYD_00712,0.5109460367802972,1,1460.5093931365918,1746.2066602433465,2424.253449084106
VYD_00713,0.432941472108924,0,113.14604079701992,113.14604079701992,146.67712111408716
VYD_00714,0.6017452644145065,1,478.76705951258157,478.76705951258157,494.56123824419745
VYD_00715,0.5317440041957285,0,1066.2353643929116,1066.2353643929116,369.08671270866154
VYD_00716,0.25995249817649385,0,294.0491322199118,294.0491322199118,69.87202362993132
VYD_00717,0.06996884613980651,0,302.5634889344717,594.6174084113217,231.58611743724643
VYD_00718,0.14322870782670624,0,277.66733011985895,429.81649112545426,794.967804232576
VYD_00719,0.1561544770269112,0,140.63071950818798,347.4271052250664,33.73325355856035
VYD_00720,0.4989796339765666,0,558.608954895285,586.6892564440998,1195.021162640669
VYD_00721,0.5561975605337715,1,591.5783567292785,591.5783567292785,4011.6186682408083
VYD_00722,0.31112481793123803,1,1048.689138215006,1048.689138215006,1951.5793724286693
VYD_00723,0.47527518267161156,0,94.30293759140821,143.7011015373695,98.27538224944979
VYD_00724,0.09910309063425979,0,1194.77737510762,1194.77737510762,1055.1998600308941
VYD_00725,0.08593219081105596,1,468.64906546521354,468.64906546521354,1526.5938658994842
VYD_00726,0.2710265457911161,1,1610.2842711129756,1610.2842711129756,2296.968629050479
VYD_00727,0.5461222955658656,0,260.5075615766948,481.1364182088232,1894.3761003375491
VYD_00728,0.19667530688902274,0,1125.1938577878561,1125.1938577878561,1253.847837054232
VYD_00729,0.3524830152870865,0,155.02534210442735,266.4807878216582,51.21382895220177
VYD_00730,0.440038675990106,0,449.344425928816,2266.3349371112095,1711.4786307862464
VYD_00731,0.2931093820087052,0,198.67879942792396,422.0182259767472,1862.4850685096408
VYD_00732,0.4122296989560701,0,1089.920517848346,1124.1760892242603,98.34370961533055
VYD_00733,0.24231549188144832,0,294.0272440375834,294.0272440375834,553.9166759190771
VYD_00734,0.1066875669764621,0,641.0416183784213,1036.3395293558233,96.95399360051093
VYD_00735,0.580938209784515,0,68.27521615530532,68.27521615530532,245.04093799579834
VYD_00736,0.42951124326000356,0,235.1756891115218,235.1756891115218,493.9727522564128
VYD_00737,0.3682541068093887,1,216.23071953585094,216.23071953585094,2098.3193517690947
VYD_00738,0.1926427447149056,1,980.0745249023431,1028.4443249839182,3651.525897012799
VYD_00739,0.22136850813557607,0,749.4430205038428,1334.4578122290488,893.431973290624
VYD_00740,0.5678896614499449,1,1244.0794463046066,1244.0794463046066,943.8359723239658
VYD_00741,0.5082705230669469,1,1316.8724312255338,1316.8724312255338,458.79252702343217
VYD_00742,0.20307390230374003,1,895.7255612853249,895.7255612853249,5278.289443919035
VYD_00743,0.18645554366528194,0,292.36479374176287,332.182337147348,271.3966677347634
VYD_00744,0.3413231521310795,0,601.4133771093495,601.4133771093495,642.5364153004582
VYD_00745,0.44965818218133097,1,364.1413418151441,364.1413418151441,5387.938369048308
VYD_00746,0.3700039276980759,0,215.94934485033633,541.8263556243576,283.1283502019453
VYD_00747,0.0801540221141404,0,854.7355659818536,1281.7861636308826,1528.1426741455327
VYD_00748,0.33158625518503265,0,58.26872845172341,58.26872845172341,1508.0341529499842
VYD_00749,0.4124679931867342,0,262.8626985070664,457.8083525460285,34.7767392055335
VYD_00750,0.4593704288942504,0,287.28667709707463,287.28667709707463,940.4509031488816
VYD_00751,0.4037592057686057,1,144.12603707676294,686.4779098963719,124.93476714867053
VYD_00752,0.5335761542261973,0,240.434051933897,546.4773859205029,75.57621766006758
VYD_00753,0.2995639155294238,0,109.23964345548602,261.94461783660284,105.8992728641637
VYD_00754,0.05740044751077053,0,260.3436443088618,566.4886337754645,59.29137118371473
VYD_00755,0.5444763844723789,0,179.52514927183833,665.2178214041255,173.00116995503222
VYD_00756,0.40472414096227705,1,1362.4433269424378,1362.4433269424378,2663.2282227059495
VYD_00757,0.5751350947004549,0,200.38403587321665,444.00593920057156,92.04985863019175
VYD_00758,0.3930133339872768,0,384.0357938878558,624.2766455325516,715.5028957352807
VYD_00759,0.4613805924817276,0,392.7009997917986,392.7009997917986,978.7586933500654
VYD_00760,0.2005568454642323,0,242.7219028416262,391.1024172332069,146.64828620476592
VYD_00761,0.14756315155118097,0,609.4801895177803,616.0746616589703,140.51498987188893
VYD_00762,0.4564083070370326,1,547.0926123392626,569.5649396397009,1930.4429644132524
VYD_00763,0.17464557073546888,0,433.00282640465434,572.0970041065699,1016.5827549148253
VYD_00764,0.4138057157425844,0,905.014629253302,905.014629253302,168.64964082594008
VYD_00765,0.44591298418674896,0,246.79788010349597,2086.859916401529,1498.6907518145285
VYD_00766,0.3999508417839266,1,375.35574973310753,375.35574973310753,631.0871367581882
VYD_00767,0.11180653900354803,1,152.5882177304569,152.5882177304569,1961.9168670054066
VYD_00768,0.20036744270400828,0,110.1406959161118,1006.1020866466788,102.2253493867745
VYD_00769,0.3569267179963459,0,868.0839603139636,1261.7645336975763,972.7668158373713
VYD_00770,0.5866363160770562,1,1020.5415785524737,1508.6099875402517,38.017138142054044
VYD_00771,0.38336979405549415,0,913.2559778355727,913.2559778355727,1006.7668744271887
VYD_00772,0.48166220808198207,1,2171.734667553834,2171.734667553834,3993.5084472892872
VYD_00773,1.6074164573403507,1,474.7714870041969,474.7714870041969,851.4821603023411
VYD_00774,0.29502763463399134,1,517.3516539143133,517.3516539143133,2409.1325817058605
VYD_00775,0.11488472551766134,1,427.2285214174016,427.2285214174016,936.2950358735262
VYD_00776,0.4992023599691068,1,569.1266127540619,959.8037954539543,3374.7714809814456
VYD_00777,0.3568031413195008,0,149.34715473021856,242.83928210665775,2635.177065050096
VYD_00778,0.2960874644065117,0,65.05639629187377,442.55171866982334,44.321151786807505
VYD_00779,0.37431693414642303,0,463.61637987054155,638.3592652982338,1232.2267307045497
VYD_00780,0.3159398929853662,1,1492.780120471246,1492.780120471246,1039.7775987260366
VYD_00781,0.3490584389129123,0,56.14857294528565,56.14857294528565,573.7358162979403
VYD_00782,0.27699447740038047,0,51.39290555202158,51.39290555202158,87.01243581479285
VYD_00783,0.42720063355402765,0,282.11470779535415,807.9608381331545,1132.6284009830663
VYD_00784,0.5782282392337493,1,504.6200849844865,504.6200849844865,1478.296656237676
VYD_00785,0.2835929175775987,0,219.62486100539547,322.6604094773682,485.0716745188822
VYD_00786,0.5030365068140544,1,827.1308280861604,827.1308280861604,788.9163768269896
VYD_00787,0.3244434133831524,1,1368.795164299382,1368.795164299382,2711.4570386110995
VYD_00788,0.35014924054477436,0,237.12494934870404,851.4685985270606,3390.0683896888613
VYD_00789,0.09554050700669313,1,310.36309616446886,310.36309616446886,2178.9296441818865
VYD_00790,0.2571779675477365,1,2070.92261381287,2070.92261381287,3901.9616983682895
VYD_00791,0.2901424657604537,0,40.68567208868119,100.26974590631076,38.14473118406987
VYD_00792,0.5141676941257609,0,274.4706083041078,274.4706083041078,571.7145008481459
VYD_00793,0.2704406933916032,0,131.84885521861966,131.84885521861966,122.45226772623431
VYD_00794,0.49912356729079876,1,98.20203467846096,98.20203467846096,245.1640208661834
VYD_00795,0.09198417007530431,0,199.04271669874964,199.04271669874964,200.9961594953277
VYD_00796,0.4715135963171737,0,425.1139629481032,425.1139629481032,943.5147227479574
VYD_00797,0.33219869489410864,1,299.9633135154956,299.9633135154956,2368.926440683784
VYD_00798,0.08735038109388792,1,755.1536190845238,755.1536190845238,369.1141054432038
VYD_00799,0.4519643479808078,1,726.7002506182217,726.7002506182217,2092.2223349811857
VYD_00800,0.49241420199129443,0,461.8506161220416,654.2682446224599,417.3247352856579
VYD_00801,0.43970712463634937,0,145.48123033565795,276.3108713121286,151.84139710925677
VYD_00802,0.25617024607608607,0,185.95317182068766,185.95317182068766,1190.0783413584209
VYD_00803,0.4341669669572947,0,421.6675591468506,682.841145014741,232.11445382869647
VYD_00804,0.06512568010507676,0,111.76836228612494,494.39239070627946,76.68206578974136
VYD_00805,0.5439064665871478,0,214.92023575648713,449.5136287835607,253.80914272684097
VYD_00806,0.21897667706599905,0,107.81625997450507,160.92986945491984,70.84346791137128
VYD_00807,0.4689828601561354,0,145.05581858053125,145.05581858053125,210.9312085500227
VYD_00808,0.07706612649014291,0,231.4907673176597,344.42221710137727,544.7866412056651
VYD_00809,0.6061975006662585,0,282.6802573592007,711.7386552946961,114.17069325132962
VYD_00810,0.1561326097833709,0,274.4797206443464,721.3676900279692,190.48876111121334
VYD_00811,0.520577615272635,0,641.7717123314867,896.8502202750782,259.99672122479905
VYD_00812,0.0872155408700882,0,594.6612995740439,1825.858191623597,1396.2467717029892
VYD_00813,0.36107854791730276,1,758.9859625968272,758.9859625968272,1730.3389347611908
VYD_00814,0.5411992652403467,1,233.5260550050235,233.5260550050235,1525.6254487398487
VYD_00815,0.5578905327355278,0,164.15555436878117,164.15555436878117,85.83575052508547
VYD_00816,0.3276996045830855,0,169.64294345879898,169.64294345879898,554.8061327644056
VYD_00817,0.3240025310339902,0,636.6802046154442,913.9257690425666,460.1588286850906
VYD_00818,0.5060574248179978,1,2155.16184632986,2155.16184632986,3692.7593934270517
VYD_00819,0.05301979666175756,0,223.027302605327,223.027302605327,694.2625709916562
VYD_00820,0.29999158497951034,0,532.8270836583212,532.8270836583212,743.300675182313
VYD_00821,0.5722423950919221,0,186.34530179541963,764.4886641160764,185.3523213026312
VYD_00822,0.26295972725915207,1,1348.7452798858035,1386.2594983543913,2401.146628780386
VYD_00823,0.08839916514713483,0,569.56018201668,640.6202432057324,1193.4273707948025
VYD_00824,0.13308627574739604,0,302.0448695909648,746.5703228321373,267.9349645055071
VYD_00825,0.3293862435796468,1,698.6771331393659,698.6771331393659,637.7705442359734
VYD_00826,0.5454743440098753,1,370.2820573061999,518.4460273157435,205.00813605758907
VYD_00827,0.24052505421993348,0,243.69613509894256,341.19035075506355,515.1396456026442
VYD_00828,0.2909594135110011,0,252.9880297614546,621.4249835588871,249.960488120146
VYD_00829,0.06673561676105566,0,488.11673844013876,1692.0171216624917,916.6843006803406
VYD_00830,0.21748472015095896,0,253.4189505490858,505.5944079511166,358.10076181620207
VYD_00831,0.4559419287320441,0,120.62072553501478,122.80572492929942,63.9377267273239
VYD_00832,0.5055324945972707,1,1118.4691751418563,1464.9358141447096,3562.592455365545
VYD_00833,0.17512206401287353,0,107.65704102516271,107.65704102516271,477.9714210964443
VYD_00834,0.3838754269710686,0,495.88802553200685,950.8406287913808,2026.6108042142541
VYD_00835,0.17404590739636808,1,1092.9198025028297,1092.9198025028297,1149.2404192273475
VYD_00836,0.3956253712646681,0,446.4994614005197,446.4994614005197,778.3050529705633
VYD_00837,0.1531997739466824,0,742.3525793248856,742.3525793248856,975.1510390864886
VYD_00838,0.2707497740905001,0,209.47749118662702,376.07292230707867,236.22362104524942
VYD_00839,0.3041183777693911,1,2311.299290739832,2311.299290739832,3316.8819685108547
VYD_00840,0.11925647720655634,1,1442.3266658333212,1442.3266658333212,2130.9789880664107
VYD_00841,0.500835206538116,0,246.22289698891132,265.8256828732863,624.8462593995563
VYD_00842,0.14943916403840204,0,94.03940329483223,557.7803614960287,85.08125615127841
VYD_00843,0.5943610137038954,0,925.7765838959232,1048.9314567328827,62.76958595208165
VYD_00844,0.17835651617624154,0,783.4569567858312,866.1420008236545,1242.4963813904671
VYD_00845,0.32192834714849194,1,120.11726599790664,120.11726599790664,1345.475906005421
VYD_00846,0.19751744355805348,0,265.8035872126874,417.096899566127,145.32461800855077
VYD_00847,0.3433219004592502,0,264.1353874493803,444.6062274562993,104.85994671797032
VYD_00848,0.4070154163332145,0,684.7920745468178,684.7920745468178,1177.910877730322
VYD_00849,0.15091492224037187,0,687.4714782198139,687.4714782198139,1628.2256658319468
VYD_00850,0.22220857326712612,1,1281.542678251895,1281.542678251895,395.41707625000834
VYD_00851,0.5595974150919202,1,1944.4724404924243,1944.4724404924243,4399.03121603366
VYD_00852,0.4505074152963766,0,1592.963293726714,1592.963293726714,2587.3527538484127
VYD_00853,0.13706912283672987,0,1313.6864618855236,1313.6864618855236,36.072725709627704
VYD_00854,0.33452144710920295,1,707.91335035289,967.8834335824869,482.60119980907825
VYD_00855,0.2436787075455225,0,320.5810296853238,320.5810296853238,323.1633019347549
VYD_00856,0.13122113748877107,0,485.4319597376705,1048.1202079546442,480.5620327937369
VYD_00857,0.3268159717687281,0,384.87788851886603,607.671672213675,377.30521469467334
VYD_00858,0.04806508400665345,1,1098.0201214680546,1098.0201214680546,1833.8314930547217
VYD_00859,0.2651156211617329,0,331.6701316033631,715.8609750063263,262.9044955835673
VYD_00860,0.12100187847657654,1,118.6324535711359,389.00906114717924,118.6324535711359
VYD_00861,0.43717821005885127,0,883.5140131166924,883.5140131166924,1325.2603108369888
VYD_00862,0.19972268329324727,0,168.45912142653893,965.1741654082531,150.65436911413096
VYD_00863,0.19275610076424649,1,113.22227351641574,556.7096655014827,1988.569171616543
VYD_00864,0.05446363443101635,0,338.07411643171446,338.07411643171446,975.2637763114819
VYD_00865,0.4654866419071205,0,584.1517563834859,685.5270222975654,2394.571347497581
VYD_00866,0.4553500546996932,1,144.83594904355718,144.83594904355718,4602.262562531709
VYD_00867,0.2740426859362433,0,145.75867807218864,963.2882823278085,126.94444727742436
VYD_00868,0.35714312771976775,0,170.9275147682179,201.98189310058194,167.39056837131668
VYD_00869,0.327545978346008,0,338.14416909176964,577.1762888929253,174.20917297096705
VYD_00870,0.06968628448251617,1,1378.073914120398,1378.073914120398,2061.2603661780017
VYD_00871,0.5065498039119245,0,2069.924024844384,2069.924024844384,3309.874492191731
VYD_00872,0.3253786362482594,1,570.0804497817815,570.0804497817815,5953.625733679391
VYD_00873,0.22741717281713958,1,546.4751163360472,546.4751163360472,807.7982398662606
VYD_00874,0.49391865089221554,1,558.41386306578,558.41386306578,1536.2995486891843
VYD_00875,0.23705067714932093,0,78.929211517941,528.9493484674399,35.02539571758597
VYD_00876,0.3926548662518907,0,272.9860839557519,471.96216341806667,1684.9937159744075
VYD_00877,0.28185951617811,0,95.1234407613373,95.1234407613373,232.49972973570507
VYD_00878,0.5062052380940056,0,209.42614132262946,731.945066020333,78.03477213460154
VYD_00879,0.16703437017052172,0,683.3315103155606,1395.3084150991383,926.4470601789307
VYD_00880,0.2833615393095309,0,267.43760569147616,299.7923879828106,143.92773403804347
VYD_00881,0.27146995721175515,0,225.58277058513215,225.58277058513215,1208.7430977481267
VYD_00882,0.10455890078746206,1,48.431692032709115,1332.1806387712923,3775.860434063583
VYD_00883,0.4054828046131615,1,1026.409792281438,1026.409792281438,4566.831219754384
VYD_00884,0.6053864833175674,0,156.57341351532742,284.0012531043539,106.37007905657111
VYD_00885,0.5815574491155151,0,242.80974224829697,441.9533159111347,218.89432059952915
VYD_00886,0.2777409017225359,0,293.34671933524953,293.34671933524953,578.3593040438972
VYD_00887,0.31864981688776867,0,296.7382180770446,755.4764167193883,324.9509476263604
VYD_00888,0.14940149551045576,0,185.26770738408837,547.9184710798363,179.51222027021996
VYD_00889,0.12332419490455661,1,1125.9917292597686,1125.9917292597686,4737.139750322416
VYD_00890,0.2851249276122314,0,340.15025808320246,340.15025808320246,178.88176076394583
VYD_00891,0.5773047301636997,0,333.83319648487424,688.8291611836153,50.40460770636158
VYD_00892,0.16865885320984117,0,278.4855416553394,281.1604971101586,304.6451864204376
VYD_00893,0.2757579627316554,0,533.8031635733907,908.4563050232312,1301.4683645720947
VYD_00894,0.3367711430743408,0,146.53397502093006,605.0690719819142,77.55788048723907
VYD_00895,0.5179033711907148,0,321.88363107220613,407.8861202977428,152.90721229822623
VYD_00896,0.5036543552714104,1,356.52435373263097,735.0790318355121,247.06600769669404
VYD_00897,0.2270507199734503,0,181.99104929581313,181.99104929581313,707.7532941721827
VYD_00898,0.584276538600872,1,610.8618142579104,610.8618142579104,1226.0104534603984
VYD_00899,0.13146386175821717,0,617.9584267574076,770.3685763479212,615.9241384426788
VYD_00900,0.31090774840867014,1,2196.7041879231447,2196.7041879231447,3852.255914769749
VYD_00901,0.3966128677707662,0,267.40549211747265,349.78893486714543,1754.6167220458817
VYD_00902,0.44228397017277277,0,443.45329896262695,443.45329896262695,873.3893974302634
VYD_00903,0.4521207418690477,0,363.40337527236863,673.2583285550695,1292.9530860617535
VYD_00904,0.29881116087873616,0,108.30171028314282,348.7991705604567,247.39956761997203
VYD_00905,0.4550578027564183,0,535.6158662884066,660.282355160828,1229.3572639746596
VYD_00906,0.29551030559550884,0,546.5603814342807,546.5603814342807,1631.8019772973644
VYD_00907,0.2218556849217195,1,1188.4130618070483,1392.334838509663,4398.5560370358935
VYD_00908,0.43505378638614794,0,314.0821577008523,322.76626898160634,435.027825343613
VYD_00909,0.507824178963127,0,372.52873245030935,372.52873245030935,2828.2698581110503
VYD_00910,0.055552993838283285,0,184.58572172858618,657.7132844253264,169.10788018835098
VYD_00911,0.5937198851900692,0,239.8928759248738,239.8928759248738,2723.797603122389
VYD_00912,0.5638162971749197,1,701.5183642894406,701.5183642894406,1994.2786698505931
VYD_00913,0.19918071168983528,0,101.94461648981303,101.94461648981303,2348.30000197635
VYD_00914,0.22771118561833292,1,316.0070272060468,316.0070272060468,4740.597246325011
VYD_00915,0.21727371662559744,1,1582.3772082726437,1582.3772082726437,3933.6038722948097
VYD_00916,0.15148659812588422,0,105.45374518286862,105.45374518286862,2375.8486914633936
VYD_00917,0.5028175044038701,1,166.82181035201666,166.82181035201666,5552.780545388475
VYD_00918,0.5448543455426877,0,79.85514343835611,341.28382992388686,82.970027084674
VYD_00919,0.13897305851492917,1,117.48009449628927,305.29808168966633,2771.4764767197403
VYD_00920,0.5433323610014762,0,178.33096169448598,178.33096169448598,434.2507614415131
VYD_00921,0.41912039220865965,0,671.1127774434531,1114.902344418545,456.6511122086512
VYD_00922,0.07654861990304707,0,303.1433673702587,886.2666407860694,365.1377334340794
VYD_00923,0.18377274525011278,0,68.43685452596326,68.43685452596326,279.65440247818145
VYD_00924,0.19360181961575154,1,255.21400376250492,505.57331102861275,246.84148136810657
VYD_00925,0.058870313095556355,1,1351.0786171537418,1351.0786171537418,4769.556581579774
VYD_00926,0.3770132384566023,1,498.4187176051379,891.6992084522528,3405.2212616350234
VYD_00927,0.16916731418718292,0,148.3813533913556,148.3813533913556,848.6892466078383
VYD_00928,0.20612761657449086,1,183.11719286180292,339.4577002591566,183.09751861526811
VYD_00929,0.05251854409024365,1,1487.6476579833106,1487.6476579833106,4142.885984350398
VYD_00930,0.23617891343093453,0,1229.0320291536104,1229.0320291536104,32.42582775169599
VYD_00931,0.2458701008768253,0,334.4689772156276,590.2788064969798,334.0049518808649
VYD_00932,0.3391885567792586,0,354.6470570186537,354.6470570186537,191.29396523315873
VYD_00933,0.3322240802201471,0,482.75368263629315,584.0738881651379,305.47994613890523
VYD_00934,0.55770933212681,0,274.40182957344655,274.40182957344655,385.8385836242198
VYD_00935,0.5793995162417644,0,752.9139670875908,1512.2091468869871,664.8952402980951
VYD_00936,0.14979688561319568,0,402.94354684482187,538.703038338447,876.5642387122274
VYD_00937,0.3397902163154126,0,672.657906121765,672.657906121765,1007.3678458571832
VYD_00938,0.5637660319076412,1,106.92734284849818,550.4749629240057,472.63774653747134
VYD_00939,0.1924658864409646,0,338.5319390476707,338.5319390476707,395.5820574801547
VYD_00940,0.22751694700509092,0,303.0736927507543,860.0646798883978,4079.19182178681
VYD_00941,0.3341562056975737,0,402.59715232710175,579.5484698475423,341.8838434970009
VYD_00942,0.4173499554635728,0,468.5400532875805,702.3389416397038,230.04901292506923
VYD_00943,0.2525551606073269,0,48.76068081460581,236.39485230450995,36.13384412316997
VYD_00944,0.33648539471313377,0,171.87195569840367,459.1496105201237,761.2586517525716
VYD_00945,0.4526868137752375,1,685.2914480418418,685.2914480418418,1018.2533908514239
VYD_00946,0.46808517884027534,0,271.64754119661575,588.743277575872,242.43721630143935
VYD_00947,0.07348733939607138,0,301.28778088529634,301.28778088529634,2900.5746418112776
VYD_00948,0.0654736083534187,0,214.0992962768807,214.0992962768807,329.55521805834644
VYD_00949,0.1497398777273962,0,249.34582555356872,249.34582555356872,877.0168459219904
VYD_00950,0.18242186988704956,0,594.7307086465515,594.7307086465515,1560.8545920543609
VYD_00951,0.2177384838274821,0,566.6864633473185,566.6864633473185,1643.9314084766952
VYD_00952,0.4736952653854045,1,207.4274273868699,593.2830703779432,2144.6309606817244
VYD_00953,0.0060496693522046315,0,566.181875716053,566.181875716053,829.5869321399862
VYD_00954,0.36287489404564177,0,108.63595389908257,380.69112390641334,154.81999508281464
VYD_00955,0.7140863926524327,0,264.21033444607446,264.21033444607446,298.06697227160186
VYD_00956,0.25873255135743783,0,186.54546356185926,919.8278229801524,44.27457720563909
VYD_00957,0.3976134163322269,0,105.49422298044134,472.0608928499269,105.48046684375514
VYD_00958,0.23943175862314392,1,625.487440946024,625.487440946024,6031.66324917003
VYD_00959,0.5080917798872376,1,1603.2872946853154,1742.8228520599166,2251.315277740504
VYD_00960,0.07392153255759337,1,163.1104328739161,163.1104328739161,2486.6003473489727
VYD_00961,0.5255389618323285,0,168.2546664298795,168.2546664298795,477.0868164635876
VYD_00962,0.46791019626144686,0,96.75522772400602,404.34628145597935,1854.3572039002804
VYD_00963,0.44431303627710866,0,167.2513817588859,167.2513817588859,577.2827574835694
VYD_00964,0.2548100055453569,0,48.8650723066888,48.8650723066888,40.9635117770591
VYD_00965,0.37761586191133695,1,526.3715196090051,546.2400749174094,3973.879520426981
VYD_00966,0.5976870149425202,0,46.343408285443715,80.27890360524562,456.7275974177998
VYD_00967,0.12782815576582157,1,363.43606135888786,363.43606135888786,981.0303636905696
VYD_00968,0.24969770896037402,1,617.336529983866,617.336529983866,4488.567338773547
VYD_00969,0.19554223509540195,1,662.6062274609588,662.6062274609588,1026.964296861444
VYD_00970,0.12245379275425934,0,231.9022691113361,1271.9922313224588,128.57798441689715
VYD_00971,0.14804157905226797,0,581.317116218917,700.4866808342491,759.8851894133954
VYD_00972,0.41059171075096484,1,687.8427077861219,687.8427077861219,3029.5509093609153
VYD_00973,0.4866555657588041,0,338.5442691713884,525.0281548514788,338.5442691713884
VYD_00974,0.312958918207207,1,2162.1425038379707,2162.1425038379707,3623.8102911442534
VYD_00975,0.5788647534744357,0,583.710335268957,583.710335268957,572.7256992225746
VYD_00976,0.34877493020250955,1,660.3201174398524,660.3201174398524,922.5028733852661
VYD_00977,0.27600032435675775,0,213.10181517847042,383.60458438167586,910.9964642988638
VYD_00978,0.2187146796511524,0,334.21591049147986,526.1249825718477,1523.0567012523256
VYD_00979,0.58700299461931,0,712.3619164519458,712.3619164519458,1606.8299152183201
VYD_00980,0.1343555220079523,1,1165.069868270228,1255.0371427032997,4366.9872866394135
VYD_00981,0.41387875089389137,0,107.18036036194323,107.18036036194323,987.0282047441356
VYD_00982,0.1681043583401899,0,386.2780859572342,386.2780859572342,1069.3341399827073
VYD_00983,0.11528810880063936,1,465.5049340577435,465.5049340577435,536.0760876531297
VYD_00984,0.04836613803019361,0,197.51916706047163,197.51916706047163,134.00838591112034
VYD_00985,0.18644032481473674,0,436.833201277537,436.833201277537,888.3418411251344
VYD_00986,0.5932274590736462,1,1899.605796122878,1899.605796122878,4307.576331169382
VYD_00987,0.5991845780490276,0,203.02090235451544,228.63670416096903,167.86522451243738
VYD_00988,0.08099317114950356,0,404.40783141817326,404.40783141817326,910.5065513952188
VYD_00989,0.14289334746514779,0,97.51816923996533,145.72406659528323,914.722737045581
VYD_00990,0.5962318838992853,1,347.7117760464489,347.7117760464489,1115.0044667123416
VYD_00991,0.3558758193852843,0,90.7251222325635,90.7251222325635,1300.0128669561336
VYD_00992,0.21331113464178594,0,54.92923402588148,54.92923402588148,123.00871644041207
VYD_00993,0.5254181711428945,0,498.3077621530099,498.3077621530099,1449.7785318925576
VYD_00994,0.2704348641456427,1,39.34723535436322,1438.4394018367855,3621.5827222712837
VYD_00995,0.15979451794477995,0,327.3859557940861,1152.2015359468628,4390.567189563652
VYD_00996,0.5060125086124251,0,670.4457557676606,820.5714458312173,393.75634760042885
VYD_00997,0.5028983336404275,1,490.3476242298986,490.3476242298986,695.674736899557
VYD_00998,0.1003904780430132,0,42.28717513222281,943.2484269270647,38.46602407578734
VYD_00999,0.42695324354387537,0,69.95337302864938,69.95337302864938,206.9197383645418
VYD_01000,0.0692447022334166,1,1384.0927052103154,1384.0927052103154,4230.654301024932
VYD_01001,0.4012614532976095,1,699.6907032534393,699.6907032534393,710.933506363233
VYD_01002,0.40521844536042173,0,334.6645450402135,650.4525867458508,244.53850388450954
VYD_01003,0.34252582710859314,0,64.83598196484357,64.83598196484357,137.16602923187102
VYD_01004,0.243611167303263,0,290.1934334952522,743.5992758533023,267.6914388178815
VYD_01005,0.39043034246536057,1,334.3286584714031,334.3286584714031,2394.256609445242
VYD_01006,0.15365715423154214,0,521.95956117971,589.6820933397839,1451.0821037654323
VYD_01007,0.4389991238008906,1,161.85019199404243,161.85019199404243,966.2495326018378
VYD_01008,0.4124430912914013,0,197.55073178820535,328.68054511913505,132.2559771420317
VYD_01009,0.259168098569791,0,241.2859553405646,756.1404197935618,154.4995136088919
VYD_01010,0.3482275224345668,1,1801.820720610317,1801.820720610317,4414.1584251602535
VYD_01011,0.3531999277726316,0,179.46400095058172,1119.836825193546,173.7366060069549
VYD_01012,0.3293948193929441,0,367.3346132380383,473.72633030417927,718.9470333002548
VYD_01013,0.2255979399596353,0,295.7299611439766,378.1884820645114,494.5133615183164
VYD_01014,0.07279805990124477,1,413.8653314182212,504.50721250365126,2437.6589076591345
VYD_01015,0.3022834771024552,1,772.4926725466602,772.4926725466602,3740.613991477835
VYD_01016,0.44800709709692255,1,671.6265561520594,671.6265561520594,679.4317436432093
VYD_01017,0.22811055537568617,0,118.06545107883241,936.0287536171622,2776.189152202015
VYD_01018,0.4503177507524525,0,426.1323813010688,426.1323813010688,1112.5321456289926
VYD_01019,0.21395260579075384,1,751.0063721573687,751.0063721573687,5445.715158631288
VYD_01020,0.18044425970995834,1,2026.783364238897,2190.7968014966204,3351.0027802157365
VYD_01021,0.29041643404889833,0,242.38705628655217,958.3931830842174,293.5311491074273
VYD_01022,0.18470084724592586,0,387.182366749941,387.182366749941,251.66429173390523
VYD_01023,0.16536365297292802,0,227.50177966745983,341.3600980751056,423.8325787649898
VYD_01024,0.2210690332270074,1,370.30211201042954,370.30211201042954,2452.777906563898
VYD_01025,0.1949169890532683,1,597.9233989800155,597.9233989800155,1567.6650558570038
VYD_01026,0.21587181713092277,0,61.663063687674104,220.753153772078,39.56825299213168
VYD_01027,0.36923564457060926,0,144.45906150498215,144.45906150498215,2320.694323067669
VYD_01028,0.13002497363020707,1,379.4893964691001,379.4893964691001,1084.1413900222644
VYD_01029,0.5595781494916077,0,301.57538333398486,493.5757048305018,128.55358291597332
VYD_01030,0.07720427718394564,1,110.72342943745868,650.819874403134,2841.57373007502
VYD_01031,0.132862794552127,0,324.67978142010037,666.3304164464743,32.835698274854
VYD_01032,0.2738415893276383,1,648.0303204462227,971.5630040613321,354.130806260856
VYD_01033,0.0907243545030958,1,589.4191803601274,589.4191803601274,1474.882038191115
VYD_01034,0.15234949250616206,0,175.21089156042757,1339.5689544447548,65.34318128701221
VYD_01035,0.19337994434179837,0,612.5448304352648,612.5448304352648,1647.7182502829246
VYD_01036,0.48383969959275036,0,169.99328568240196,320.1110854512302,169.17688951953505
VYD_01037,0.17057350052061498,0,18.865825478558488,345.3365161517525,28.713524169941497
VYD_01038,0.10211364855860716,1,1689.5710513551555,1689.5710513551555,3827.541518231283
VYD_01039,0.40101540813939984,0,81.56765532929585,81.56765532929585,504.58158531411203
VYD_01040,0.05889543120105386,0,63.30927686258147,63.30927686258147,247.010600618338
VYD_01041,0.12336634096145799,1,459.2932782426663,459.2932782426663,892.8231318675233
VYD_01042,9.278421819311557,0,809.1801291480969,809.1801291480969,1091.7765086310872
VYD_01043,0.41504596917470765,0,66.8258310177933,66.8258310177933,489.02202871693254
VYD_01044,0.1501966460037854,0,647.6030838140198,1147.7831316771942,29.76782273565156
VYD_01045,0.29216008452640496,0,50.93973920481998,324.9277888231437,42.7431799654592
VYD_01046,0.1325569934617332,0,678.1234032133256,678.1234032133256,695.6734801279486
VYD_01047,0.29420186297308293,0,554.721023810588,699.6705779799869,554.6378598401443
VYD_01048,0.5691869152542078,1,1067.430915061604,1067.430915061604,23.26322979326201
VYD_01049,0.15278128481640538,1,2034.119249035576,2034.119249035576,3999.021188749205
VYD_01050,0.4961554011452325,0,183.75955884193277,583.2815858522182,177.2261095997239
VYD_01051,0.6204065370588222,0,620.7288890420205,620.7288890420205,1585.1632703678172
VYD_01052,0.26817711271798056,1,690.5997717957893,756.6799306297985,4225.224802053416
VYD_01053,0.3836461734286976,0,235.45681080290782,235.45681080290782,1052.9375025835798
VYD_01054,0.20763705257248952,0,444.3029129643531,501.33792499125695,1017.0440033508586
VYD_01055,0.1379489087697457,0,39.256885826392256,309.90156945046806,38.44926225111588
VYD_01056,0.361219301655796,0,74.21553251982495,74.21553251982495,535.709561822483
VYD_01057,0.39517670469386657,0,179.13292582191974,2655.0759497750882,1320.2354212020273
VYD_01058,0.2699654265104754,0,777.3085877612576,777.3085877612576,995.9239101484878
VYD_01059,0.39658216298600046,0,124.47612654723751,124.47612654723751,964.537038376846
VYD_01060,0.5462599325067752,1,474.74115788748304,2166.9871740202543,850.021557162314
VYD_01061,0.0774710773922645,1,784.400057513992,784.400057513992,548.64994112349
VYD_01062,0.11974600221777143,0,913.5151805046793,1230.6053717550415,3912.5985372478726
VYD_01063,0.34474772643365476,1,1249.1513437134784,1249.1513437134784,161.41875917533832
VYD_01064,0.5820699296088372,0,293.19108753332193,293.19108753332193,450.1328499522137
VYD_01065,0.3893681864734326,0,475.59602020161503,652.275863926466,283.1193045676589
VYD_01066,0.6031607185682429,0,58.70722279725103,58.70722279725103,1153.714476863698
VYD_01067,0.4932864629128129,1,1026.0154535958866,1026.0154535958866,752.7545131444966
VYD_01068,0.25459381194878083,0,368.0041951730253,812.7952367587094,338.9355119682423
VYD_01069,0.2457724457364926,1,492.4545619343539,492.4545619343539,506.7799709779835
VYD_01070,0.10966467427801267,0,742.4939936321618,826.5675525551158,1283.2490434201334
VYD_01071,0.6061957359687744,1,406.9430978667269,451.64217370243693,2060.169893622129
VYD_01072,0.3169034767135595,1,1198.8604328945444,1198.8604328945444,1789.914435810017
VYD_01073,0.6026276189475729,0,489.1881834430063,489.1881834430063,1385.73137466266
VYD_01074,0.11062544725559807,0,222.92223902882947,222.92223902882947,2729.664875095066
VYD_01075,0.4633944341856786,1,772.6717695922608,772.6717695922608,5490.368797447488
VYD_01076,0.3574399620674399,0,37.053764670095994,37.053764670095994,352.6943052627637
VYD_01077,0.21405981356795736,0,170.78377738139875,277.1133416361609,42.339293085922655
VYD_01078,0.45382587431651883,1,817.4982962105835,817.4982962105835,5418.976808993341
VYD_01079,0.49251206409868364,0,54.3794574924371,208.84978916469692,86.12541879205513
VYD_01080,0.2971312649200248,1,65.0656882755322,225.1968320614203,5394.662415593145
VYD_01081,0.1640943793080943,0,91.64735376375543,1255.3072140334373,25.395185803398338
VYD_01082,0.13275633331919598,0,136.14837871186091,312.34261709016295,43.01418302496443
VYD_01083,0.43571544111248356,0,385.90431633979165,385.90431633979165,1037.1030756844987
VYD_01084,0.5504859808675193,1,403.23879069278917,698.4678773198318,635.2548991057607
VYD_01085,0.27776912492087447,0,97.54923580367792,97.54923580367792,629.7217873053955
VYD_01086,0.3385291354724563,0,435.81314782358646,548.4984603624719,385.86509965878537
VYD_01087,0.4605395934535029,1,1393.8435206377285,1393.8435206377285,2720.8761025824083
VYD_01088,0.48651527512788345,1,503.67593072931083,503.67593072931083,4407.91733075276
VYD_01089,0.2403384206162353,0,968.1237007065007,1168.6568991322663,3693.726196796929
VYD_01090,0.17757630914055017,0,43.54878048256954,564.0347430695822,22.648759956790062
VYD_01091,0.4201291225317791,0,834.8707923999278,1092.8050592138,39.793229726166196
VYD_01092,0.26323454158220283,0,338.8448618447877,338.8448618447877,637.6000937853391
VYD_01093,0.6031351503794172,1,472.3716476062365,737.09913089288,453.7809633706101
VYD_01094,0.4418366237357548,1,934.7522311010997,934.7522311010997,1838.2576882730482
VYD_01095,0.13854513649636757,0,357.8398381432801,537.5416808647886,836.712783755323
VYD_01096,0.2558180705295329,1,315.36594769640067,315.36594769640067,4213.166092336509
VYD_01097,0.5834515621087014,0,299.7630208539135,299.7630208539135,1085.2327500265658
VYD_01098,0.11557357093037744,1,209.20987515187105,536.970426155773,321.56284420123666
VYD_01099,0.46607663256488213,0,78.08605211300582,78.08605211300582,1080.8093718183986
VYD_01100,0.2220630506617975,0,67.35158800233143,67.35158800233143,414.364754944094
VYD_01101,0.34194965335805005,0,210.96742619555656,210.96742619555656,277.1674980062813
VYD_01102,0.21604234082140902,0,118.84460473636379,118.84460473636379,607.4841961283456
VYD_01103,0.49812153073763776,1,136.7371151488482,1392.800292284485,3859.977783938931
VYD_01104,0.24902381218058803,0,2787.8973869281285,2787.8973869281285,3412.744673484003
VYD_01105,0.3318376597738664,0,312.58749379016615,634.7386825822081,1302.8940325835401
VYD_01106,0.127530647649333,1,385.3774789543446,385.3774789543446,1600.3256252639255
VYD_01107,0.5360008035269442,1,565.9332365058033,565.9332365058033,1564.642664542301
VYD_01108,0.5006787868399876,0,465.7437959993952,465.7437959993952,535.6819324339489
VYD_01109,0.1257152794131228,0,106.810334545745,106.810334545745,208.00315772527364
VYD_01110,0.5067270036387463,0,152.892335912235,152.892335912235,627.9823277069615
VYD_01111,0.08267139178187122,0,205.33616010063952,742.4745469135404,26.101669355577922
VYD_01112,0.427240045325752,0,284.04623067785775,284.04623067785775,542.3686640344575
VYD_01113,0.5410272401030218,0,1394.111178240164,1394.111178240164,2246.9082773970194
VYD_01114,0.49501712012615934,1,252.00744155896155,252.00744155896155,507.09223977482594
VYD_01115,0.551476283628318,1,671.6560063058471,748.0020567332564,4326.143018899637
VYD_01116,0.17762019284666708,0,96.52944541062809,96.52944541062809,650.3113408144229
VYD_01117,0.21946526102995004,0,655.1620358748092,835.141715557783,421.1755130300906
VYD_01118,0.06966300050425013,1,888.4336377776406,1253.177456401436,405.52265494502444
VYD_01119,0.2925380105630768,0,693.6226487027512,693.6226487027512,945.5594746957507
VYD_01120,0.5639106739707425,1,2089.8505918589735,2266.2715243101657,3381.7987341716753
VYD_01121,0.5962123547303727,0,355.3069462624844,683.4450147432241,326.5371106113359
VYD_01122,0.5939698337155427,0,408.30971064615045,408.30971064615045,1060.5422890524414
VYD_01123,0.2141200057853279,1,901.8589729133452,1305.1711051679163,356.6524326560285
VYD_01124,0.22388805476527604,0,94.28426953926034,199.54555835910156,62.22019268257824
VYD_01125,0.4561553370097946,0,361.96954660840765,1451.0304900333347,42.701045218790284
VYD_01126,0.24164275716642927,1,885.6401615724416,885.6401615724416,1423.2521229372405
VYD_01127,0.34238464006134367,0,538.1971598207034,941.9963164044789,538.1971598207034
VYD_01128,0.18995972599126434,0,145.02596148859317,486.1918635180656,110.71964706781438
VYD_01129,0.10718138913279854,0,692.5907357209824,692.5907357209824,21.717699008241404
VYD_01130,0.1544940272162879,1,1027.7391044126048,1027.7391044126048,279.78440271135577
VYD_01131,0.37629741857536797,0,127.90127493718963,430.90330158279096,155.4361619726081
VYD_01132,0.6029713612321834,0,249.30001730873215,368.36853280838517,218.445494925805
VYD_01133,0.3216273302254671,0,107.36307195063291,111.20232373957997,252.7182852098921
VYD_01134,0.515481109699598,1,140.43381175605492,140.43381175605492,384.02659460601836
VYD_01135,0.23387058680718847,1,465.58115282244455,465.58115282244455,532.2951681653839
VYD_01136,0.1859509624140693,1,623.9163143158313,623.9163143158313,4429.965247586313
VYD_01137,0.18757396574247281,0,575.1384224718556,894.7193786505974,1283.1311025188465
VYD_01138,0.05250538529786751,0,349.6458734966905,876.7939822706352,46.74427965948562
VYD_01139,0.41762445417960514,0,234.0494696905148,606.0125474270163,672.5969751133475
VYD_01140,0.1283959787325296,0,142.979930428797,142.979930428797,466.5979256956621
VYD_01141,0.08959104155318401,1,889.7240879994964,889.7240879994964,863.4817751503274
VYD_01142,0.3128281183236365,0,245.59680020939214,245.59680020939214,1109.343405837546
VYD_01143,0.1732368490181316,1,551.462543240833,551.462543240833,939.0806876563338
VYD_01144,0.5992991983264732,1,443.6490523901954,443.6490523901954,2520.2117053220113
VYD_01145,0.3617046466293367,0,164.36844569229834,637.5275108566963,78.74722814612005
VYD_01146,0.5204151795761136,0,404.900990732114,606.1901913195574,1711.628600718226
VYD_01147,0.5505356799007629,0,174.67841048920872,280.1691344541531,168.1961726212
VYD_01148,0.40205960899037435,1,534.5917740894776,534.5917740894776,743.821676604303
VYD_01149,0.4250960733969827,1,129.46247874344576,129.46247874344576,5296.085145385007
VYD_01150,0.15954556507098966,1,2180.1067595955606,2180.1067595955606,3653.969904538072
VYD_01151,0.23602160053444332,1,1345.248842283776,1774.2222711781985,2314.5227863216883
VYD_01152,0.07217474002346544,0,292.81685042902507,292.81685042902507,1222.5551457855238
VYD_01153,0.4399007441871708,1,1236.980304991165,1777.077003856794,278.5238070690691
VYD_01154,0.4449119347119302,0,1061.3102261399677,1205.9062112413242,162.9080091022964
VYD_01155,0.2739169459522655,0,32.60771874788561,32.60771874788561,54.92279282392416
VYD_01156,0.3186417531771558,0,315.2503679871325,555.7893756364415,290.34027318010135
VYD_01157,0.5587810575633797,0,224.19919537034588,224.19919537034588,224.55869037185118
VYD_01158,0.31906500760945006,0,216.63017222833022,687.4555073378779,84.8607820589048
VYD_01159,0.5939486807598467,0,264.83535307024727,428.6789389465801,2317.6057495380587
VYD_01160,0.3564337747451034,0,462.07627147497243,462.07627147497243,622.7897784647519
VYD_01161,0.23736853816505682,1,300.07598018972607,300.07598018972607,1593.4029007958443
VYD_01162,0.5038498100702574,0,2216.596683207956,2216.596683207956,2999.245915485702
VYD_01163,0.14024778923786727,1,323.4435658545883,1057.0526319635226,3501.4029950471527
VYD_01164,0.5464100276103362,0,143.51592373475478,416.61545698023406,751.0290530064468
VYD_01165,0.30401789628905174,1,950.6765832762468,950.6765832762468,1940.8315609032832
VYD_01166,0.18061975723160745,0,66.96227721243751,153.01511266999637,922.5642798715401
VYD_01167,0.056144035965413265,0,304.7032642670636,362.4599289851413,611.5898813973503
VYD_01168,0.42883894580135556,0,162.79714358496824,162.79714358496824,1105.9962298844887
VYD_01169,0.07604210823246083,0,156.83431247924807,888.5677229697396,58.46775447856843
VYD_01170,0.06310881068202123,0,266.4555166661165,266.4555166661165,640.7170572766262
VYD_01171,0.5453433480416715,0,211.6607196454181,724.7982301011135,193.48487522963796
VYD_01172,0.17834460688603476,0,653.1880578903217,653.1880578903217,1671.7027525913552
VYD_01173,0.5587364302897797,0,278.60432921384626,278.60432921384626,1033.9065112279998
VYD_01174,0.2508870253428958,0,278.15042364034946,291.8798111046477,29.224637784237974
VYD_01175,0.25615114384285864,0,113.95780464322058,113.95780464322058,321.5497212006503
VYD_01176,0.15375690524925256,0,170.77086508729937,597.8034106082381,227.94710660738215
VYD_01177,0.2970003119781921,0,106.72460094557016,106.72460094557016,1123.6579624978194
VYD_01178,0.11460516193275519,0,168.95224621196223,168.95224621196223,259.9743469808069
VYD_01179,0.32943738112654053,0,249.5271474860722,360.2613792087901,245.18922096675826
VYD_01180,0.36753565307661046,1,757.0129000832654,757.0129000832654,404.12268202223424
VYD_01181,0.11901368120958292,0,303.76479595352623,303.76479595352623,300.6333794354537
VYD_01182,0.07250386249344565,1,827.1151959381564,827.1151959381564,4603.801887512205
VYD_01183,0.04216552001774705,0,236.65948465505394,236.65948465505394,1018.7647321620882
VYD_01184,0.07727883646874761,0,40.16504442449187,40.16504442449187,241.27921785900003
VYD_01185,0.4083023483422801,0,281.1567986607184,281.1567986607184,266.69283862817724
VYD_01186,0.17151482257913953,1,1543.5394253885886,1791.450981699639,2502.0702402673796
VYD_01187,0.2697457610317709,0,370.45912953558155,558.7405737402448,1398.9478069825147
VYD_01188,0.058726484069942214,0,319.7135506960798,319.7135506960798,240.2105562946077
VYD_01189,0.3372999388023098,0,1020.4177069775861,1667.6933077054414,2817.2613658884015
VYD_01190,10.520732794957041,1,747.6592552983715,1901.0109981841174,1036.676335935135
VYD_01191,3.049796068222895,0,1015.4452389723555,1015.4452389723555,1209.0336092674936
VYD_01192,1.4758902361110453,1,551.251495169647,551.251495169647,4589.029656036962
VYD_01193,1.016811774591574,0,258.9916630058557,318.53235778615914,258.92392366398536
VYD_01194,2.120830311690621,0,623.4290328284497,673.6925144490647,1180.7183090054905
VYD_01195,5.167273442141139,1,655.1002841586943,655.1002841586943,932.6364697143268
VYD_01196,1.5423431066148658,0,329.97130206619033,329.97130206619033,1062.3517624215483
VYD_01197,2.131570379719208,0,570.299125423455,570.299125423455,453.03188150691426
VYD_01198,1.2910826112978941,1,606.3538107013054,606.3538107013054,1374.6437707869068
VYD_01199,0.851522591248606,0,575.1044509407802,575.1044509407802,515.4348783562108
VYD_01200,2.953735298608587,1,292.0655765073185,292.0655765073185,3521.845660916621
VYD_01201,1.942671174496671,0,361.89076432972234,449.85299220494454,456.2683484541235
VYD_01202,1.204441499060273,0,505.6187480699972,505.6187480699972,1653.1591830362815
VYD_01203,8.247975079096591,0,691.0475378803176,691.0475378803176,769.2098060959294
VYD_01204,3.17004930035501,0,137.82488524069737,137.82488524069737,1307.7884320487635
VYD_01205,9.096240278624308,1,1031.3940325791536,1617.8814725180955,1315.7743496157354
VYD_01206,0.6492530359407852,0,370.9500058208574,526.8442487555274,536.5860562145132
VYD_01207,3.0605523836877224,0,650.4621589445101,650.4621589445101,1668.0671760430153
VYD_01208,2.0935949114931356,0,310.13585248318395,517.391025369896,154.50546705096343
VYD_01209,1.504040978770075,0,706.267724673399,1029.3351612612269,347.6953817787383
VYD_01210,2.650524750986136,0,252.8170039301344,558.3689972466311,89.63865670035436
VYD_01211,0.6692044539423255,0,1026.0741897285966,1446.8935804208056,1382.161726186304
VYD_01212,5.459978964359047,1,746.5667082682827,1313.891945224076,109.13684773888968
VYD_01213,3.4921750424183258,0,872.3209791513948,2196.6376602278856,1968.7664715157644
VYD_01214,2.6167620438042256,1,1022.5589583738741,1022.5589583738741,2086.8390618635353
VYD_01215,1.401223678429565,0,90.16416335785546,90.16416335785546,758.6774270885493
VYD_01216,0.7100882253862835,1,418.9142340262423,1139.012373639603,3445.2536850213955
VYD_01217,9.479622163533888,0,349.3095088824393,400.18746636689053,204.17264044301245
VYD_01218,1.8983383405893735,1,1172.4006105465285,1172.4006105465285,5173.208395124737
VYD_01219,0.6743718445273863,0,232.66365140190408,651.0331373034248,391.8118440992701
VYD_01220,2.9806831587541867,0,345.8146559628145,345.8146559628145,609.5678151148263
VYD_01221,2.055886243285828,0,837.5311109767347,837.5311109767347,874.2517329079378
VYD_01222,0.9729312558399029,0,482.30548093854225,593.7578568552477,482.30548093854225
VYD_01223,0.7245946624701648,0,313.1010217074618,313.1010217074618,360.373265980066
VYD_01224,0.854263908611254,0,136.65196290987961,136.65196290987961,1556.4039899184959
VYD_01225,2.2436626059664655,1,992.3343075198675,1076.8315311518447,919.6715218560495
VYD_01226,0.9549982661828355,1,1792.3880920424144,1792.3880920424144,4039.8478381891196
VYD_01227,4.676726517469666,1,410.1948936050239,410.1948936050239,615.6784233470706
VYD_01228,0.9539731810989796,0,182.4235769182337,371.1950305189392,2191.224144539256
VYD_01229,1.1841499843985293,0,52.94329045869496,139.85967485116953,331.5194810808933
VYD_01230,2.35713194417173,0,85.30989130931422,1931.8598398021409,1280.1836080529445
VYD_01231,0.973219521544197,0,450.7051398295683,450.7051398295683,465.7115325780342
VYD_01232,3.00385446793187,0,204.6189278011183,522.6613849430128,103.98906009737476
VYD_01233,3.3304470214551998,0,169.01491993698596,169.01491993698596,1005.9995389584407
VYD_01234,1.526778944549871,0,230.56256757275943,258.3815455789203,160.34647008272205
VYD_01235,2.100301903590537,1,2074.648946004149,2074.648946004149,446.5651560346093
VYD_01236,1.163187240180359,0,307.672586440588,307.672586440588,370.1948629575443
VYD_01237,17.172539257069648,0,1179.1920973504066,1179.1920973504066,275.0147372985351
VYD_01238,0.9103735426600535,0,201.9992938735576,340.188258930688,201.9992938735576
VYD_01239,1.3907133166656072,0,1172.9549579270388,1172.9549579270388,339.6550494666288
VYD_01240,2.273648277606092,1,616.7988931299875,616.7988931299875,1267.812320568157
VYD_01241,0.9676117149104028,0,104.9595501709973,104.9595501709973,329.6719524547564
VYD_01242,1.8085859142900833,0,360.8530951654604,360.8530951654604,194.63659263042868
VYD_01243,1.6178839197211619,0,493.7082087764022,493.7082087764022,603.9351457307253
VYD_01244,6.497932087713858,0,251.3527246832639,369.5233331678777,114.4507792133299
VYD_01245,2.13693048856853,1,219.14064766747666,781.6865546826145,3026.368289615056
VYD_01246,1.4671001235836776,1,52.966367019516255,52.966367019516255,212.55341407573252
VYD_01247,4.094546244159917,1,828.3725656045935,1176.930262740708,366.2668990133672
VYD_01248,1.8457964630299084,0,478.75257592523695,478.75257592523695,1312.7634248854822
VYD_01249,10.110867748939429,0,128.75028932004034,128.75028932004034,845.8046786603775
VYD_01250,0.8469418578092686,1,1058.6027633585093,1058.6027633585093,4814.510819536865
VYD_01251,3.626996876052551,1,1187.1081798542443,1461.792150627972,1546.0664852213372
VYD_01252,0.8027775851398594,1,255.51444966103617,255.51444966103617,1239.8825000765496
VYD_01253,0.8267964248816877,1,267.2293386751959,325.3032942356935,267.2293386751959
VYD_01254,3.8094475970484227,0,306.52304221217776,437.53549325323615,1689.2079577493464
VYD_01255,2.5394495060796016,0,1176.5892208888981,1176.5892208888981,2805.2965813148294
VYD_01256,5.0882236541713555,1,869.2609832235391,869.2609832235391,4714.702934042299
VYD_01257,0.8436699388479542,0,367.09755697999424,367.09755697999424,638.7266472621529
VYD_01258,4.785575974940644,0,1080.512249980083,1080.512249980083,920.7600672665866
VYD_01259,11.02531984930128,1,898.8063370065723,933.9162519520786,648.3316940902365
VYD_01260,0.5871252676358484,0,407.34899302176257,407.34899302176257,1315.3114863200788
VYD_01261,5.064256114872313,0,1009.5973395029014,1009.5973395029014,143.37491364309716
VYD_01262,2.210249539657203,0,543.7481418938788,543.7481418938788,1006.503294662637
VYD_01263,8.771177330665434,0,962.34904586964,962.34904586964,319.52577336452424
VYD_01264,0.9003908174514014,0,589.6366163992514,670.4037447932205,2331.9071919442167
VYD_01265,2.542842387286436,0,544.3732516392067,859.9845561931065,983.9616048167647
VYD_01266,1.7511502192047985,1,1619.253431972593,1835.5526245101353,3554.556423958755
VYD_01267,1.5322757900567054,1,389.4515541019975,389.4515541019975,498.8373349485816
VYD_01268,5.322778898021076,0,344.30056423000474,854.017196878137,195.93570918324755
VYD_01269,0.8749117721060081,1,575.4390340165919,575.4390340165919,4071.9636580326915
VYD_01270,2.696586733895852,0,283.86572062537664,536.3883528032297,281.77487010309926
VYD_01271,1.789870229538819,1,441.3088110397065,441.3088110397065,4056.349725902392
VYD_01272,0.6824024205661611,1,755.6374081413288,755.6374081413288,1670.3908170617078
VYD_01273,2.5298029923520913,0,326.28139149428205,326.28139149428205,1689.0064147389069
VYD_01274,5.0948427317957306,1,504.56815007411814,504.56815007411814,3179.3193970001325
VYD_01275,1.0002808792392415,0,485.81362491423783,718.8780757603174,485.81362491423783
VYD_01276,0.390444376577755,0,285.0300136018169,285.0300136018169,1000.2602800723603
VYD_01277,4.525983907303711,0,1234.1390039355442,1234.1390039355442,1381.9730613464383
VYD_01278,0.9206457143416105,1,197.1583154408614,197.1583154408614,579.2460858644824
VYD_01279,2.8866494573942205,0,675.0651004337266,675.0651004337266,691.1969256041028
VYD_01280,4.1524741541441115,0,612.5434703339381,612.5434703339381,166.30725479078006
VYD_01281,0.8907520667890926,0,655.4649901438473,758.2210625830822,540.6865894614157
VYD_01282,1.150497069627004,1,1903.3498367984712,1903.3498367984712,4193.789606424871
VYD_01283,2.5266287554010787,1,631.5234265806304,1236.1062782724525,1583.1861413968952
VYD_01284,3.2837837978505244,0,976.4206560190171,1384.3218773614701,591.7505857621767
VYD_01285,5.464274562846149,0,1153.0685868988182,1436.0713633086002,1408.1819385655474
VYD_01286,6.096733893911343,1,627.0812046325599,1096.5931823052945,382.7563667652887
VYD_01287,4.870016982589799,0,397.68995835134194,397.68995835134194,604.370278811725
VYD_01288,1.3129098830292836,0,556.5297250866937,556.5297250866937,1366.1819346663208
VYD_01289,3.3093959996640465,0,327.00557371812533,327.00557371812533,599.9053587125626
VYD_01290,1.0193796655636425,0,383.4445323582606,484.70294109520876,744.2200504536966
VYD_01291,6.389597499260836,0,478.76919061527974,478.76919061527974,1029.4689725935743
VYD_01292,2.9779015976482466,1,308.474958954578,394.2225488145315,3437.8180663006087
VYD_01293,0.9275521703479545,0,399.5506311107538,399.5506311107538,525.6036918714567
VYD_01294,3.0805671343261585,0,208.12621154292003,208.12621154292003,1113.405379860883
VYD_01295,2.1321093760612055,1,517.1195211395801,792.2416415581332,4346.509925774223
VYD_01296,2.8770217341340527,1,1756.4751177863109,1756.4751177863109,3952.221066455973
VYD_01297,1.298268122178344,0,284.1648072645761,375.4095727741658,193.9734999844962
VYD_01298,1.315388427506509,0,877.1917672006828,877.1917672006828,1222.4965703643645
VYD_01299,0.7324377727416106,0,145.51182982579374,290.81142519668106,2477.0224119343297
VYD_01300,6.441607963159855,0,721.6869869919019,778.7354097752453,560.4388509474561
VYD_01301,1.5188251679153597,1,287.05698905338267,845.9305517301772,3104.219522406571
VYD_01302,4.077791663351024,0,918.7306343573748,1052.4231741989747,888.6976886776661
VYD_01303,1.2169375866833438,0,355.7283082451437,355.7283082451437,1681.688148977787
VYD_01304,3.469225267429237,0,303.4829678216876,510.54176936902434,259.06257713634693
VYD_01305,3.601434913249135,0,1365.7727733730544,1365.7727733730544,142.81211872313895
VYD_01306,0.6288287680152589,0,236.64627553511716,418.97897637224634,2129.4094509337715
VYD_01307,1.3884964367465404,0,652.5034852259812,1052.254588481855,970.9920467674893
VYD_01308,1.9916714143479264,0,1140.6467139272693,1411.3813228384881,160.17915964335197
VYD_01309,1.6359371474929072,0,876.6370355222059,1246.9681749259526,872.4435261798011
VYD_01310,2.2429132556588094,0,73.83056811116721,419.83029656233856,128.6250137617244
VYD_01311,0.8238819213674998,1,2134.2746281259374,2326.0409323802974,3427.5863400486423
VYD_01312,2.8413653451799616,0,183.7432996812704,475.4898754017472,85.81245510748798
VYD_01313,5.863224582943214,1,482.0535772921499,1102.6189563652827,252.97920057874518
VYD_01314,0.6225442334888969,0,132.80490394282833,373.0988459087331,132.3484322608701
VYD_01315,6.623435341314804,0,751.4779821906881,2075.0252511275453,1746.9753928025282
VYD_01316,2.371037539130583,1,2012.1318420513894,2012.1318420513894,271.75473965761194
VYD_01317,1.4396127047990823,0,320.90692414556656,320.90692414556656,840.3030375248123
VYD_01318,0.6228083343293734,0,1234.5821926562141,1234.5821926562141,66.14743238990283
VYD_01319,1.0946832816787813,0,745.567061888954,745.567061888954,1455.6955289430457
VYD_01320,1.8562999515358825,0,66.12566434499772,66.12566434499772,329.9759543155049
VYD_01321,2.306448779749886,1,794.1629441143585,794.1629441143585,4631.648877859425
VYD_01322,1.2163171776836177,0,449.69213439361084,777.2745224921609,159.32604678541077
VYD_01323,0.4626347544165242,0,77.49301241331698,77.49301241331698,1004.2146973526214
VYD_01324,7.152953387136675,0,453.0188641101903,482.7989782004232,1381.7041716983542
VYD_01325,1.8636296466430637,1,713.6336686736329,936.7012717386641,143.4582931397734
VYD_01326,4.073491781906303,0,822.8808420814461,822.8808420814461,870.0422474237555
VYD_01327,0.6365257699029042,1,667.910460289055,667.910460289055,5850.880013159315
VYD_01328,5.104834980660142,1,623.2109980451971,635.5126094953418,694.7588637113637
VYD_01329,1.5545942899879899,0,119.65959295394258,1415.2623706803272,71.33416286536944
VYD_01330,1.443109431366754,0,87.69329037850149,87.69329037850149,842.456846698957
VYD_01331,0.9468452334428119,0,112.85185277667958,112.85185277667958,290.826858613934
VYD_01332,2.503605545428751,1,343.52495122903593,343.52495122903593,3275.8188968639856
VYD_01333,1.196223942333659,0,277.8152483448375,277.8152483448375,1245.2362010611362
VYD_01334,1.161607925467323,0,842.3179243468893,842.3179243468893,900.1273461839644
VYD_01335,0.975015926727741,0,122.27730792926276,122.27730792926276,266.08536751994797
VYD_01336,1.2883164146881445,0,148.71108006410748,785.5629986026687,1579.7499555889783
VYD_01337,8.55918158794303,1,997.0942065758119,1952.120389659626,166.16722070325955
VYD_01338,2.01693503181958,0,293.7358899869347,293.7358899869347,475.2416540967131
VYD_01339,0.5226914561224999,0,228.18273614504534,228.18273614504534,699.731019715529
VYD_01340,0.715329032391934,0,280.54298921717105,280.54298921717105,427.1942064065482
VYD_01341,2.9745826204492345,0,887.9964236492758,1027.3229282827547,383.96372866930415
VYD_01342,1.443016122483872,0,473.78359624406806,1108.3698788968732,2662.486718958057
VYD_01343,1.0907737162598752,0,248.39386644671822,414.90493521361657,247.98723604682263
VYD_01344,5.116642127670417,0,207.7895430169932,207.7895430169932,206.69726353573117
VYD_01345,0.7604346214119255,0,657.0933881374507,657.0933881374507,784.4589379281199
VYD_01346,0.8699460564158091,0,234.38052932401692,598.8576653859737,149.45312188697108
VYD_01347,2.341816306082822,0,390.5315939410117,390.5315939410117,934.6081228201655
VYD_01348,1.2727409101447575,1,434.3952627797602,842.2708253669693,139.54564237757887
VYD_01349,1.4144315632985605,1,611.4888146101365,611.4888146101365,761.9114234196314
VYD_01350,1.0168789326137226,0,2035.368536625325,2035.368536625325,2885.3004096473082
VYD_01351,1.0247448633719156,0,404.1468977212881,780.7825079068515,217.6708778166509
VYD_01352,1.0550295644456922,0,224.04587652168735,224.04587652168735,616.8936719323129
VYD_01353,0.6260444412126349,0,963.818780484466,963.818780484466,1260.7058126439208
VYD_01354,0.9859691141411157,1,285.20676098429243,285.20676098429243,2473.790490995558
VYD_01355,1.3262829733293777,1,379.05439857315713,836.2030928874642,77.89239412545884
VYD_01356,1.42595980029432,0,1030.360134292828,1030.360134292828,419.021464615761
VYD_01357,0.8035016648824583,1,802.531758618178,802.531758618178,2977.9860817190174
VYD_01358,5.813311059423261,1,839.0738343762447,839.0738343762447,1811.0356067856512
VYD_01359,0.6847986740052872,0,524.2772944593494,524.2772944593494,614.2171738485846
VYD_01360,0.7173236199735907,0,159.72626448784334,159.72626448784334,1040.9288474518555
VYD_01361,1.5487155192733437,0,499.8799025168844,499.8799025168844,1552.4263261139668
VYD_01362,2.660950072983882,0,468.657417871489,468.657417871489,1416.0963597918912
VYD_01363,1.1823962086904563,0,305.21991129699313,305.21991129699313,560.892565682224
VYD_01364,4.098838044956184,0,303.7800435712237,822.9026981739,282.40933483899704
VYD_01365,16.375478139379744,0,471.20044486558527,2181.302167224234,1198.4215093920186
VYD_01366,0.6911903245076524,1,2113.4294977950135,2113.4294977950135,3724.4695501189285
VYD_01367,0.6188843678001261,0,473.1596638381237,513.4613209067037,430.33151530799597
VYD_01368,0.05202362796336663,0,374.86203116739847,484.6580227780782,207.24566913048807
VYD_01369,0.8525915039240112,0,281.02259227298833,653.1373059689672,48.4307714137874
VYD_01370,3.594588008968823,0,390.5960699802915,672.3908182685303,371.46660539956616
VYD_01371,8.686836895600427,0,216.57293241021148,1579.1891976250354,161.4616216266666
VYD_01372,1.3421883703264248,0,112.62342170015154,322.20019983095,2047.4309629547183
VYD_01373,3.450673505021484,0,351.4150600163203,351.4150600163203,529.1839146308357
VYD_01374,0.6510220039798638,1,660.8943259023695,660.8943259023695,1332.508905909972
VYD_01375,1.1013202971343454,1,324.737902051088,324.737902051088,5615.796825424531
VYD_01376,3.922072370146246,1,308.70282586096715,888.7656835099461,489.11025270625925
VYD_01377,2.34225511924521,0,395.3843751373819,633.1645223378925,79.65388526890499
VYD_01378,3.2655485133587017,0,1224.961721448564,1224.961721448564,1368.2708062686715
VYD_01379,1.7376580211892645,0,617.9926554977275,1560.8509437964774,1116.7690025591287
VYD_01380,5.008765077155307,0,267.9814478220721,267.9814478220721,1079.1533840702366
VYD_01381,3.064933028736508,0,365.9280103432628,395.8521144492109,299.5348454278123
VYD_01382,1.4722211375786252,1,542.9349100805883,542.9349100805883,705.9972119612813
VYD_01383,1.3824868513474395,1,360.32934613110206,360.32934613110206,3955.531492854748
VYD_01384,1.1017794159578231,0,114.98576577441834,539.0152134351548,79.2346042217867
VYD_01385,12.49714126993333,0,324.355059220125,354.25984285258835,127.01854378784633
VYD_01386,0.8491992591065844,0,253.4058165775269,253.4058165775269,734.3610833034844
VYD_01387,2.6538540571190374,1,711.0447519294672,1380.4508393046208,1613.931413239453
VYD_01388,3.6093737750295993,0,368.23071497719934,743.6113302973072,326.4109025711773
VYD_01389,2.5328596453167602,1,340.91841039487906,340.91841039487906,1893.646693014871
VYD_01390,1.3229050035955863,0,693.1763353691041,778.5591875907422,299.0863775992034
VYD_01391,3.9225686881924005,0,296.34070196044144,793.5368556214127,105.99047580412535
VYD_01392,1.6841200932689087,1,1360.3268112878511,1360.3268112878511,992.8263913044644
VYD_01393,1.5585014012863498,1,752.4687535556858,752.4687535556858,1110.7892313573125
VYD_01394,6.9845484377703615,0,631.8027764533674,631.8027764533674,977.0363357085043
VYD_01395,1.2819355809458752,1,116.08605156742027,116.08605156742027,2083.3462717692883
VYD_01396,1.4647801711974213,1,705.4030049829166,768.5965649330043,1237.3849432862269
VYD_01397,10.822670222421602,0,865.1168017082233,865.1168017082233,1070.9503859423555
VYD_01398,1.731934015104698,0,458.9401378819248,474.59630830869196,2013.1271799248009
VYD_01399,1.172506400479571,1,1482.2455702779625,1482.2455702779625,2166.076503720506
VYD_01400,0.7801764189950686,1,1675.5667296164324,1675.5667296164324,2410.094919039456
VYD_01401,0.6595167130346085,1,503.50263974505555,503.50263974505555,961.7613390213835
VYD_01402,2.7592579381809528,0,873.1543333027125,873.1543333027125,962.1828337499791
VYD_01403,1.3374180079646227,0,331.4111771295396,824.9034635550179,300.024594990243
VYD_01404,1.0875722894924365,0,481.8049496474459,481.8049496474459,542.597688538302
VYD_01405,1.0339505089909458,1,444.2537338276999,634.4308191124393,3878.8957758823394
VYD_01406,1.437166930695801,0,242.511925179615,870.5919813278012,265.4553681813431
VYD_01407,0.779896067892893,0,318.81146182024315,318.81146182024315,45.559678845334
VYD_01408,5.327417760133251,1,444.10441784253413,1077.6366647948394,1399.5931524668201
VYD_01409,6.189244561867345,0,599.0506974464759,599.0506974464759,1491.2479071140594
VYD_01410,1.6899639735763532,1,1165.4544783403392,1165.4544783403392,4555.907238208303
VYD_01411,1.2586653117471485,0,130.96016207409363,130.96016207409363,1243.0869399534483
VYD_01412,0.6814555827922438,0,186.39197208978888,186.39197208978888,1143.7868682108217
VYD_01413,2.9366054817828613,0,520.1394548545263,520.1394548545263,686.2002591082183
VYD_01414,2.219800164845708,0,327.6203203851797,327.6203203851797,940.9401963757126
VYD_01415,1.3506222333946483,0,774.7666648175124,798.4741937928712,380.6321564402869
VYD_01416,2.4986197945162596,0,27.06073735119205,666.2583510861086,4725.593343682162
VYD_01417,0.7107398574828198,0,2286.76267905942,2286.76267905942,3443.205484414059
VYD_01418,2.67435556558017,1,541.365378330589,541.365378330589,1758.1752321132137
VYD_01419,4.239404552545365,0,94.52100060942286,228.3282433384299,2044.6839148702452
VYD_01420,1.7166045453677274,0,319.85430885497226,319.85430885497226,313.94615962911473
VYD_01421,5.766648344197899,0,339.5754857055167,458.8215764321446,589.2125878082732
VYD_01422,2.2151545311963377,0,1117.0846249301505,1412.603477529483,917.0758040544914
VYD_01423,2.2410617989834276,0,1033.982893304785,1033.982893304785,1405.1048320994155
VYD_01424,3.6402856347411863,0,336.2500151792834,760.1047495210013,221.95937216894612
VYD_01425,2.448647511332928,1,1635.3377106518394,1806.960281878465,3444.3502491647037
VYD_01426,1.128124840777388,0,353.8453213805783,353.8453213805783,1314.181303406702
VYD_01427,5.295435620840719,0,271.5403928623347,271.5403928623347,886.3320975983735
VYD_01428,3.272542299282705,0,304.34803328125963,368.7409052637982,146.2143701353459
VYD_01429,0.68901026998356,0,2238.3302496023216,2238.3302496023216,3512.020846901306
VYD_01430,1.1357618321416219,1,710.7044650352525,710.7044650352525,1764.7815025647508
VYD_01431,0.6180779676193265,0,377.5579600234153,377.5579600234153,330.8017801376155
VYD_01432,0.6513632612797302,0,465.8547622798911,478.1026027198728,465.8547622798911
VYD_01433,10.21569597652754,0,273.91350054102213,1013.0233749468632,130.60860751127146
VYD_01434,1.4720124071239868,0,323.5710755777073,323.5710755777073,511.62098926129596
VYD_01435,6.814383558975512,0,552.0609245462081,861.425556649083,544.0109972743965
VYD_01436,0.9509963745954885,0,224.65013586055846,224.65013586055846,371.24816044318356
VYD_01437,6.081830505039951,0,387.6684934938858,387.6684934938858,124.97104861842675
VYD_01438,0.843081156204529,0,118.95406188259312,118.95406188259312,264.60865220395283
VYD_01439,3.8742198973441306,0,813.7312586487968,960.3643795185404,773.0129508924032
VYD_01440,0.9519281397597265,0,880.2419523366785,880.2419523366785,211.61311507865108
VYD_01441,1.1672246040973522,0,478.202654393449,478.202654393449,581.4646268198411
VYD_01442,1.9661245689482898,0,276.830943404274,276.830943404274,97.96879582850475
VYD_01443,3.4665680534808954,0,574.8669095715106,1145.0757553654003,1233.7070408808788
VYD_01444,2.055851928298267,1,1274.604972618259,1570.6182982320306,80.37393135858309
VYD_01445,1.4469000207611586,0,339.73294372630016,339.73294372630016,742.3865114865404
VYD_01446,0.7434033668087793,0,833.0692572623093,833.0692572623093,1057.8138092225888
VYD_01447,1.0683210664680485,1,130.8677428569399,708.6029164428404,58.47238371817277
VYD_01448,0.8782293584631617,0,230.77533512028745,230.77533512028745,478.1648290399442
VYD_01449,4.8936007110338835,0,306.61611973823074,539.3100639692054,206.7084546163867
VYD_01450,0.33346954576508575,0,64.28975397917584,215.11368493687158,62.33688327420351
VYD_01451,0.7190488109163897,0,167.7175572933309,167.7175572933309,2383.424088576186
VYD_01452,1.2564292167478506,1,914.501168282611,914.501168282611,1545.8395614803703
VYD_01453,2.40453158814872,0,324.3977313481837,1041.546814891541,108.21072011907155
VYD_01454,1.0193707729411945,0,1132.270951506114,1250.4815597344216,1080.0202440964579
VYD_01455,0.8223421225905966,1,255.0861098040475,259.0186405438864,254.41525210980328
VYD_01456,1.4096789160144139,0,798.7472426963537,1418.2179819423252,2874.180148316871
VYD_01457,2.8346094360435634,0,249.5467994048277,570.8378685449533,190.67654404494522
VYD_01458,2.6830038732399943,1,288.80399076805566,448.69516508290053,362.25373488050104
VYD_01459,2.416048166461846,0,114.72529070536726,137.08025155773697,478.36841034157004
VYD_01460,1.5238223466970073,0,202.65215165519808,212.94730326615868,104.86505661833887
VYD_01461,0.7474254835830693,0,689.5649766527564,689.5649766527564,1719.7562056700453
VYD_01462,1.5723008108092105,0,156.1925185057399,941.7400285928586,69.93148373083257
VYD_01463,2.4377918370687985,1,385.9304856589603,385.9304856589603,869.4834275081489
VYD_01464,1.9802450672742427,0,474.2365335590128,474.2365335590128,540.7056667093456
VYD_01465,1.0795026518274689,0,476.4872537801516,1567.7792294549936,872.1885597846169
VYD_01466,1.2721941236162733,0,114.70895936232313,479.8475966690422,59.687294663731144
VYD_01467,1.3527121239118347,0,385.8462429078129,385.8462429078129,820.2371450014566
VYD_01468,1.1615443071298392,1,680.3426317893866,1040.099316347277,3328.0534318679915
VYD_01469,0.7571698435075224,1,462.8987987973297,462.8987987973297,4107.29552546669
VYD_01470,3.4870084175834664,0,789.9500482505327,789.9500482505327,1423.1415665923741
VYD_01471,0.8026622361788903,1,88.78507334781719,88.78507334781719,2139.282331815585
VYD_01472,2.6138352014909096,0,427.6758738465514,427.6758738465514,1546.8657782374664
VYD_01473,1.4209694343678674,1,496.9451428846295,742.093540833816,4477.345989452857
VYD_01474,2.049178974850868,0,326.4625021455775,864.7090865195582,320.951126739282
VYD_01475,3.760873026330758,0,440.8269084816231,540.2978238578755,396.01484783345813
VYD_01476,1.689100778430498,1,1538.4080044432123,1538.4080044432123,2003.9632947088276
VYD_01477,2.416400004612304,0,657.4670740858764,657.4670740858764,348.1133466634258
VYD_01478,1.1556458161101517,1,1248.1982568784988,1248.1982568784988,4844.276186517594
VYD_01479,4.087691561336609,0,394.93698749112275,474.14639715373517,132.01573516000408
VYD_01480,2.0052323904097973,0,679.5807680720661,1349.0744168873523,819.3868285889665
VYD_01481,1.740434984873371,0,326.29598461081156,334.2394605583658,247.49658878501688
VYD_01482,2.4651622410983802,0,370.143365626436,483.0457054608003,4612.566608763793
VYD_01483,1.7827360555949112,0,224.07931224331503,232.36401969850425,396.03820194543346
VYD_01484,3.4305444421632636,0,1072.1634293571133,1160.9027242702787,1066.7811882768492
VYD_01485,3.910308041946785,0,323.63475856313016,552.660180465226,312.477832723696
VYD_01486,5.835679672090709,0,302.4140922809829,520.9969031843913,1089.5563536767218
VYD_01487,2.7777929574751727,0,319.8434245230445,1704.0302229198505,1031.0275072148427
VYD_01488,0.8847756511045886,0,169.85689968516783,169.85689968516783,2368.998482711256
VYD_01489,1.0177103395434999,0,79.68549785709635,79.68549785709635,196.99491586512977
VYD_01490,2.8940925744064927,0,156.70940975088735,156.70940975088735,179.99750545996181
VYD_01491,0.8723865714366879,1,1314.0093524898477,1314.0093524898477,1999.4799517045922
VYD_01492,5.108025885770868,0,843.6605250016042,843.6605250016042,1228.5223992306671
VYD_01493,0.9840105403531563,0,168.87578495191673,513.4708761890327,1168.009951797772
VYD_01494,0.7147435637078826,0,119.0971687286949,709.6817100282236,118.40090045296108
VYD_01495,2.3658734274814086,0,608.3941720170568,1072.5281983340944,4142.692192813852
VYD_01496,0.6338984188981487,1,128.3302971663806,128.3302971663806,4545.284671550489
VYD_01497,6.490796435984755,0,569.7769609669886,631.2795670393649,918.9302212410229
VYD_01498,3.3318573553507007,1,198.4496155519057,198.4496155519057,4273.7552647356915
VYD_01499,0.5855098839601286,1,107.82082398906307,107.82082398906307,5353.966853679789
VYD_01500,1.061027966994325,0,1830.3581357538885,1830.3581357538885,2692.9799691685303
VYD_01501,9.735770021425797,0,1077.5820359037061,1420.9702250513815,902.9678813921473
VYD_01502,0.8180587412613364,0,374.796869597192,855.3547951277973,286.4755619916431
VYD_01503,2.857516192264342,0,424.9899202460054,616.0830693810099,304.3474880121108
VYD_01504,3.3721856173292566,0,464.42803710748944,654.1326879811942,154.05397212435258
VYD_01505,3.3004648150117735,0,590.4335573494684,590.4335573494684,1001.715590093805
VYD_01506,1.211096289544689,0,402.560328161386,402.560328161386,620.9664233841515
VYD_01507,2.3066598213565754,0,355.54509476169295,473.94522562098246,1014.3997795013187
VYD_01508,1.7661883502953788,0,1087.7033799639025,1087.7033799639025,1219.2490740552716
VYD_01509,0.7115606036830096,0,62.503648784275256,775.6724872580352,34.389508236757656
VYD_01510,3.1951838548632097,0,220.00683953717757,416.69475158724066,258.9658956797179
VYD_01511,1.0805731321967975,0,1321.5266970706682,1565.4978075036029,1826.3432252657744
VYD_01512,0.6239772259362908,0,645.1856541277122,1463.7128535062102,3263.5522518578077
VYD_01513,0.9219810230468338,0,160.817877683747,160.817877683747,229.505078072003
VYD_01514,1.2683207059302972,0,288.5105463211573,525.9170506495304,1825.4899764663674
VYD_01515,2.2057153071513724,0,212.28220037271433,894.7739178870988,101.03825745429606
VYD_01516,1.830362998521692,0,116.71748575592036,259.4816057084304,761.0729165045102
VYD_01517,4.282198306709145,0,480.0442414806422,644.4219232946954,468.583025378826
VYD_01518,2.04224765627237,0,245.85994513229755,457.51919472069727,219.30363533336575
VYD_01519,1.5565326805365227,0,384.52990657290724,1137.4329640867559,1115.9684789860619
VYD_01520,4.216599785208915,0,196.09735295911025,391.4520019627466,262.0773533829479
VYD_01521,2.2233501177571755,1,681.029822292193,681.029822292193,1298.8966443714899
VYD_01522,0.8444688061966584,0,131.75169434496524,432.0378093805167,414.17882685344034
VYD_01523,1.1464830479011168,1,1749.2061433043616,1749.2061433043616,4159.993556415013
VYD_01524,1.7816640645153405,0,349.6622547165904,355.92629441018283,453.3456719553982
VYD_01525,2.5926276127749093,0,1341.1280483965977,1341.1280483965977,2541.891927576621
VYD_01526,1.479770252582542,0,162.53414443098276,264.96449468937914,89.0569370420451
VYD_01527,2.5272818515720634,0,576.7050566850612,654.6821472424447,1097.7143322718919
VYD_01528,2.05492528698928,0,572.3132640357859,572.3132640357859,751.561283265437
VYD_01529,13.439951165914218,0,361.2027968428335,626.0565672115519,1390.690685125352
VYD_01530,0.7250556692051445,0,95.55932303977931,95.55932303977931,451.14591017609143
VYD_01531,1.6995475682692125,0,610.2947867690201,612.1981954918109,529.5124237742358
VYD_01532,2.8548810667576268,0,410.77744106065546,410.77744106065546,592.6572526214563
VYD_01533,1.500147668144559,0,385.3090811474423,505.87939020164964,297.2086411738034
VYD_01534,1.5878166772311322,0,134.04728347888866,388.76029621411595,119.67821771527419
VYD_01535,1.7971002687502506,0,843.4402887624531,845.0524415525339,1159.4474516556002
VYD_01536,3.1428419650114376,0,589.5930715280604,589.5930715280604,716.1863803532591
VYD_01537,1.0308861451968994,1,484.1739604533968,484.1739604533968,997.5502546977671
VYD_01538,1.857882023164548,0,722.9156858931215,828.7703504346792,682.97523148282
VYD_01539,1.2277025303978022,0,142.84921204962095,142.84921204962095,943.1381894256548
VYD_01540,1.1007212908994173,0,127.48571009158817,396.25111576128444,31.63521665769425
VYD_01541,1.0280317266707393,1,374.1692406624682,374.1692406624682,1367.1519418037255
VYD_01542,1.514353994591481,1,514.620111412476,514.620111412476,2932.3612534967656
VYD_01543,0.670605710633793,1,1324.408177122312,1580.4107134239807,2280.864385072892
VYD_01544,1.1963530625299459,0,199.40172455895222,310.12432700508657,273.33147854061014
VYD_01545,2.9915667013076224,1,1168.2291883348107,1168.2291883348107,4850.85762480116
VYD_01546,2.81140316834022,0,882.8507001267579,882.8507001267579,1341.1393977967193
VYD_01547,2.061986801881267,0,351.24158819140985,476.3103379926156,193.08214108662804
VYD_01548,4.452220471137868,1,1988.8461447450084,1988.8461447450084,3897.181350720084
VYD_01549,1.5455550215945155,0,495.3946579988031,495.3946579988031,1190.8183537256289
VYD_01550,1.6032571801241124,0,335.46026946300276,669.3076225858899,311.78633210173905
VYD_01551,0.6850624238077677,0,845.1907277842142,1016.7050773928631,140.91157308400705
VYD_01552,1.0033238411380845,1,533.2035884136974,533.2035884136974,2541.4763726876135
VYD_01553,3.5507714481014694,1,1006.5210189248382,1006.5210189248382,1577.4479117084682
VYD_01554,3.0664603048823307,0,363.6934165365585,590.2577890188626,397.7906318310933
VYD_01555,0.9412752827266899,1,384.6782808866868,384.6782808866868,1691.109255565775
VYD_01556,1.397047013445665,1,234.3107534556851,479.03399005261383,752.8115970764908
VYD_01557,3.5425950185164803,1,141.9224901332188,141.9224901332188,2060.2012803768985
VYD_01558,2.2310714196358292,0,572.177057947839,572.177057947839,834.1987300016254
VYD_01559,1.3603224870998625,1,2267.7381859032016,2267.7381859032016,850.0783763392362
VYD_01560,6.287096622283042,0,233.69557958294797,532.8714384884628,206.87029242038196
VYD_01561,7.481239445443787,0,454.148708160981,507.74817693487216,769.5540822230533
VYD_01562,0.6452886915643329,0,562.3893689561976,1038.2245333027433,559.0743054749386
VYD_01563,3.405468255677792,0,503.612225519006,772.5529995540794,1590.6477385411104
VYD_01564,3.3437530751874736,1,498.4728721904995,987.7986099688361,466.7943165773867
VYD_01565,0.8982290724279053,0,317.5344568226597,317.5344568226597,460.4802257249907
VYD_01566,2.101173229987105,0,493.961481668601,610.1261192077113,414.9577089213782
VYD_01567,0.9374185480330236,1,571.7387274104533,571.7387274104533,1584.97817068144
VYD_01568,0.8765101200675476,0,134.45735047608335,134.45735047608335,174.6469107058637
VYD_01569,2.0269821791291847,0,399.51542496079327,471.75989811900484,102.22789012550277
VYD_01570,1.0520740506222233,0,219.16433295388686,471.3305511379375,218.33400956863474
VYD_01571,4.924427935225199,0,209.289046689507,391.8094225033161,162.50073755343155
VYD_01572,4.678595371834979,0,716.1136008383884,1161.9062194165222,2307.834557907389
VYD_01573,3.5843340788820273,0,215.16233874720643,626.4616022991632,210.46467358040272
VYD_01574,0.8562123702610343,0,337.0656644875807,337.0656644875807,918.3366665460636
VYD_01575,4.535869666155149,0,434.61110284658594,668.4788961108827,206.23149666200473
VYD_01576,1.776027406042792,0,166.29793902738604,1007.6316940431414,2800.9136025859884
VYD_01577,1.1509382016085077,0,120.96827742733758,120.96827742733758,272.729989742679
VYD_01578,1.1440154033344472,0,208.44704814297086,294.6101363418933,557.0672952578486
VYD_01579,2.2547220713646925,1,263.5379787107391,576.4700171695182,2885.5348426630235
VYD_01580,10.474326672879563,0,453.84154418532796,826.016809681875,921.2492459784486
VYD_01581,1.057367317232247,0,287.7248667145697,287.7248667145697,396.0708667432653
VYD_01582,3.405652543140211,0,338.9754680323339,478.4014695059678,1870.539291045098
VYD_01583,1.7582693438235062,0,331.6994036490517,770.6929957221328,1123.474836779852
VYD_01584,1.577385660459202,0,246.3933106340231,478.81494064184,223.8318068406447
VYD_01585,1.4619699924082221,0,102.6359448364072,460.23241298213475,74.65871551344796
VYD_01586,1.6642975312803916,1,452.8087839343662,452.8087839343662,3266.7927086041577
VYD_01587,3.600135995721428,0,249.69413721403302,249.69413721403302,235.88877337449142
VYD_01588,6.125188510041031,0,476.0118444504058,479.33251748059905,451.1496978163373
VYD_01589,5.233641840053814,0,578.4743167174139,578.4743167174139,824.9540431824871
VYD_01590,6.910895010359259,1,990.3274852209219,1217.6244639239778,371.1850440728587
VYD_01591,1.232238844754839,0,150.75381523769414,342.04966239052334,86.14492138506844
VYD_01592,0.6918131039507852,0,192.3777376369134,287.79770388265365,162.30481755766132
VYD_01593,1.852908828466929,0,1017.1449315629774,1289.4986649102934,126.38479157620071
VYD_01594,7.90531301000674,1,760.2017725626152,1321.2028741338145,95.20953331875478
VYD_01595,0.9400389181726466,0,689.8364299957764,724.4138075066627,1073.5874936392063
VYD_01596,3.063979796975875,0,141.8934728583911,141.8934728583911,379.7139457507944
VYD_01597,6.1752622249520135,1,1246.8443132016896,1276.4367156689136,1008.2392589061003
VYD_01598,0.7285163534546197,0,98.36221022862637,98.36221022862637,1374.6272430025952
VYD_01599,5.358599107886135,0,458.1039680885259,458.1039680885259,688.6415955891769
VYD_01600,0.9773495842229162,0,322.54373272039027,326.92803845264785,286.4133778840939
VYD_01601,2.136623135591361,0,262.8243220474665,628.256861731305,503.721052169689
VYD_01602,4.190849995323608,0,170.20740812427468,474.9333713693612,4872.708650944151
VYD_01603,6.173736689126847,0,744.2837786675228,1106.4424086442143,202.96884686810702
VYD_01604,1.919409402916459,0,493.841961965202,921.509659845971,376.5452796762011
VYD_01605,0.6149617796410706,1,1282.1692923497133,1282.1692923497133,559.5665710061501
VYD_01606,1.1949690895981813,0,301.5618013602205,523.7874838632754,83.14422070791645
VYD_01607,0.7372722481847345,0,424.1662876903119,548.8510789004525,821.4838477791491
VYD_01608,1.370581859968592,1,491.0625444510571,491.0625444510571,5738.976417235408
VYD_01609,1.1206982164316386,0,432.8855936888378,630.1302451804467,432.61116489136833
VYD_01610,5.018334431234162,0,561.2945224791297,634.4929478819635,550.7854143980808
VYD_01611,1.3011396154779162,0,338.73525358948206,551.6746808793943,772.149739665293
VYD_01612,1.0703152601657582,0,224.0072107070739,224.0072107070739,332.11023142399364
VYD_01613,5.277565967463204,1,1057.7282986980508,1057.7282986980508,2179.405325221713
VYD_01614,2.4510216942769185,0,372.6963722837564,372.6963722837564,70.3367903950527
VYD_01615,0.6976515194464101,0,326.28602834317417,326.28602834317417,953.3162553435715
VYD_01616,3.7352265514935263,0,470.65901182676816,470.65901182676816,822.710890113389
VYD_01617,5.169079045058065,0,254.21110999963858,254.21110999963858,580.6195436547839
VYD_01618,1.5430398822567255,0,181.53387038963297,181.53387038963297,443.0862454393614
VYD_01619,2.022955478839267,0,272.5972424860633,472.6492942899921,1496.6627350153497
VYD_01620,4.27584055236681,0,199.37642653094338,199.37642653094338,934.5231499193115
VYD_01621,0.7681269509446187,0,59.76449130887897,494.1559165376272,658.4801849081255
VYD_01622,0.9408821575117138,0,370.7868308628094,981.2840587343387,4177.719520918621
VYD_01623,2.9874058891838753,0,503.74868762208916,503.74868762208916,925.8049130672836
VYD_01624,1.3195226388216774,0,235.3933799599943,451.76666511917205,98.27839003766897
VYD_01625,2.626063837146866,0,197.9769696833291,473.68577228414097,197.963409665502
VYD_01626,1.4081210270315851,0,500.40312271337626,500.40312271337626,2977.3442373926905
VYD_01627,0.7067089178669503,0,76.1922863918841,164.30605754218305,102.98904512122327
VYD_01628,0.6307236516636194,1,1553.903940695675,1553.903940695675,2538.9275733632076
VYD_01629,1.832145662472813,0,283.4289177798777,388.4216426398846,942.7217575613251
VYD_01630,3.3742226019051036,0,98.53044601618201,98.53044601618201,579.1761250894265
VYD_01631,1.4586491203941778,1,1358.7223984578368,1744.5711564103817,2329.5602815533825
VYD_01632,0.9159759935609035,1,317.9478891779353,336.24638262226216,1062.1397773534832
VYD_01633,2.877299029185768,0,603.7547471738695,1909.2350656405658,1019.3961403975889
VYD_01634,1.8991706106347326,0,194.0188406352459,260.61896139564107,939.1340295168945
VYD_01635,1.6837319019889276,0,201.72415118455336,201.72415118455336,742.4049387622091
VYD_01636,0.7375772997823689,0,1006.6697456622577,1006.6697456622577,1482.9914699206531
VYD_01637,2.1198694033059176,0,115.68348801326208,734.2721177297251,1326.6066758274499
VYD_01638,1.6611555465217702,0,175.21913243009863,601.2682793398051,130.93021020786847
VYD_01639,2.465342996848625,0,140.18344349065876,140.18344349065876,404.10786770374654
VYD_01640,1.2956249837160962,0,426.7812503041645,501.80926600643517,290.1311076040315
VYD_01641,6.216493878677516,0,248.81016900514365,248.81016900514365,508.38919166523584
VYD_01642,3.1490789157569705,0,132.2372460226326,343.8919732662775,749.2828299091108
VYD_01643,4.791486744484307,0,936.8597584253564,1019.7742520762866,935.0299772947955
VYD_01644,4.896742961279344,1,250.52172526334016,250.52172526334016,411.11925882273783
VYD_01645,0.9244472719066301,0,1007.942965299573,1007.942965299573,2482.219351069626
VYD_01646,1.4997720516229398,0,396.4354645849348,396.4354645849348,404.76717254759996
VYD_01647,0.7031123974945572,0,87.04828171197833,87.04828171197833,169.08470412738714
VYD_01648,3.6876603214785644,1,316.875868741948,316.875868741948,3290.97470680221
VYD_01649,2.4285941540568605,0,415.3819178153586,481.36867558183997,3440.675310499264
VYD_01650,1.5580279428212207,0,219.74304524247822,219.74304524247822,322.5307799472968
VYD_01651,1.3929993955788447,1,1990.569328617656,1990.569328617656,4053.77950764174
VYD_01652,1.9996801489606908,0,192.6897321014424,192.6897321014424,246.9318183934432
VYD_01653,3.818896592893775,0,270.8327965646233,270.8327965646233,525.2789183038086
VYD_01654,1.4878320014329547,0,519.2424577627568,734.9705731075957,113.27621139748516
VYD_01655,0.7719863149417879,1,141.614110403096,141.614110403096,1138.3962984028828
VYD_01656,2.7684507232891984,1,141.17287455190504,141.17287455190504,873.6445232753324
VYD_01657,2.899993237920695,1,1089.4370777241202,1089.4370777241202,4556.526554008286
VYD_01658,16.54755664287869,0,279.6028169255689,319.39493452475386,948.4746056366473
VYD_01659,0.9175183095857755,0,214.80236870338013,214.80236870338013,1374.3542207747334
VYD_01660,3.2170152560672056,0,673.1376890508452,673.1376890508452,1552.3183219775203
VYD_01661,1.1354129693878028,1,974.0098117725735,974.0098117725735,1660.8627722815293
VYD_01662,0.9324232312936334,0,166.11866561752322,166.11866561752322,802.789596002153
VYD_01663,3.056554463074008,1,2404.989657786645,2404.989657786645,824.8605231493183
VYD_01664,4.581044847561607,0,149.5470783512301,149.5470783512301,452.67661479813006
VYD_01665,3.972075864693911,0,901.9774991604583,1067.657095116012,861.8330729820019
VYD_01666,0.9714712668160511,0,109.049884714597,109.049884714597,322.4018018700953
VYD_01667,1.9923596583186278,0,520.6216519305157,520.6216519305157,667.5536291751049
VYD_01668,3.5115962374011644,0,367.12179009981077,472.00039999381227,1034.8222205535383
VYD_01669,2.6880772618152076,0,687.4831410768385,687.4831410768385,651.1379031145918
VYD_01670,1.513323758915385,1,244.97019400045932,244.97019400045932,366.77351826941924
VYD_01671,1.2507177975085055,0,220.4227553828056,220.4227553828056,2228.633193643028
VYD_01672,2.1352253204647167,0,540.9174529360963,772.5220578985858,134.90788993610798
VYD_01673,5.718822103015776,0,260.38332573173096,768.7605793808939,153.68775886577762
VYD_01674,0.8743092546308248,0,226.88798269512952,428.2843875393024,194.80297452392833
VYD_01675,2.1984289113853643,0,828.3682768759187,897.3971615044104,943.1594985670563
VYD_01676,3.080623997434038,0,238.38217705161162,238.38217705161162,758.852447300674
VYD_01677,0.8348041414243101,0,194.45251075592353,194.45251075592353,620.7017202230043
VYD_01678,4.262419836674737,0,1173.4857991355236,1482.4831233348912,670.1583368434607
VYD_01679,3.3834919600666966,0,665.775592304965,1279.4224951144254,2936.4706440733053
VYD_01680,5.000499283432848,0,1134.1307861940338,1782.966264745808,1756.179240105834
VYD_01681,1.4184024465145102,0,105.9356808394655,171.5769296439055,364.662734840546
VYD_01682,2.6047740952373224,0,671.9568138607011,671.9568138607011,1509.5910155552779
VYD_01683,4.993979646026309,0,335.40505372695196,618.5511260717825,157.60812364653268
VYD_01684,2.169347189975377,0,397.1171866455244,397.1171866455244,1735.694806921217
VYD_01685,3.908905150999379,0,244.0275058778538,473.26658092255917,226.30585408368762
VYD_01686,0.9431360495723787,0,148.34058223099692,588.6738112069003,114.43322861584431
VYD_01687,1.6313004207326007,1,263.93805494186836,263.93805494186836,3869.4618870285412
VYD_01688,1.1584456547381963,0,229.17128881825832,229.17128881825832,1118.4120836909403
VYD_01689,6.735377785695715,0,986.189785831096,1100.1270284931807,947.9314076033108
VYD_01690,0.612330995690189,1,578.5854841824058,997.6928387857881,3367.4769286531928
VYD_01691,0.8866584804798716,0,416.1101085756736,544.143351620064,643.8467960734108
VYD_01692,0.5381735221275982,0,791.759852839151,994.400692117409,212.53837827959867
VYD_01693,2.968944120394445,0,1279.912404435191,1279.912404435191,412.95333379361733
VYD_01694,2.4007292610312785,1,1536.3894177984337,1536.3894177984337,2224.63572858839
VYD_01695,0.8776862339567367,0,331.95763628536633,386.00665329663855,328.2912323764874
VYD_01696,3.5695636054861084,0,289.02066377035175,289.02066377035175,328.0206680076202
VYD_01697,0.7738836983468855,0,509.70151167897995,565.7801293058808,526.6266814920849
VYD_01698,0.6302073806984198,0,312.9809750194132,921.8330025712454,276.1828811036316
VYD_01699,3.613490585947218,0,369.80080564745623,369.80080564745623,971.7010261157416
VYD_01700,1.1179722635868419,1,1836.490432351168,1836.490432351168,4056.5215637002866
VYD_01701,0.9360373722063196,0,182.79755593790946,346.31489027997134,154.22072284879528
VYD_01702,1.3938061393966112,0,749.711408681999,826.9288030238426,1688.2051072475742
VYD_01703,2.025445932288169,1,361.0174291232977,361.0174291232977,1331.247946129697
VYD_01704,0.9801895779284546,1,1521.7270930553932,1521.7270930553932,4115.791242867599
VYD_01705,5.328050716119817,0,426.12095669388106,865.6915600788808,179.67305921528964
VYD_01706,2.8258645518341385,0,347.42000166060575,432.78728427812797,612.2176659720924
VYD_01707,3.3594360119958218,0,368.19115665512845,589.1526358235882,368.19115665512845
VYD_01708,4.043623015029,0,896.7646715774591,896.7646715774591,1649.8205922396633
VYD_01709,0.705782045907285,1,99.11357229945531,99.11357229945531,422.52541535484215
VYD_01710,1.130748843477487,0,70.95207594197862,70.95207594197862,1357.466380351776
VYD_01711,1.4566252088516933,0,516.0596825085053,516.0596825085053,448.65772689044513
VYD_01712,0.7784822320345931,0,390.64881142359775,547.6280793949361,361.32110284462726
VYD_01713,1.419521440398669,0,370.93545969486695,829.6583231278519,322.6786386832263
VYD_01714,1.7010840980098114,1,707.609219037675,707.609219037675,1685.4991861152855
VYD_01715,0.7162465565059194,0,359.134696307089,651.0792381731611,382.8980605353046
VYD_01716,11.982462649080434,1,969.4007460956176,969.4007460956176,1312.2091572911213
VYD_01717,0.6265245203731667,1,19.984405195325543,19.984405195325543,2153.548794824702
VYD_01718,8.072441496421789,0,870.4757558865662,870.4757558865662,1338.9096164801354
VYD_01719,1.521953127433426,0,419.4600342533918,492.4962564636783,288.58813092863676
VYD_01720,0.6396575421588091,0,218.1593994314759,567.3924350828445,136.9001149826394
VYD_01721,1.2878229829118728,0,417.47563397876354,417.47563397876354,1614.4336148722173
VYD_01722,1.5712411918001727,1,864.6985258362193,864.6985258362193,4745.903686704918
VYD_01723,3.0755757722147608,1,990.740319476522,990.740319476522,328.9664637425083
VYD_01724,1.3187575298491299,1,905.6891053367829,905.6891053367829,1871.7395704050873
VYD_01725,4.182741824372412,0,770.410612940977,1505.333954714338,1231.508855517231
VYD_01726,3.603776310821972,0,1044.9957977909899,1044.9957977909899,531.9765245825256
VYD_01727,5.2100183170278,0,1110.4014764540411,1110.4014764540411,1133.0151163727153
VYD_01728,3.1873810466857018,0,173.6715406566976,1258.6411246835548,153.2874360817248
VYD_01729,4.045511087975802,0,309.04773136061834,747.235134770427,298.7432031182217
VYD_01730,6.9082879470442595,0,225.50092967693774,225.50092967693774,532.0948150271767
VYD_01731,2.7998077957697114,0,118.51130976842659,319.6522472479192,1020.5810199239686
VYD_01732,3.350796850141634,0,392.7757398202745,414.768839054094,757.7827516506002
VYD_01733,5.092093075871644,0,177.7887711052442,545.8473516819333,128.3554223539346
VYD_01734,2.253339946930471,0,731.893556916887,1132.947560886623,1203.5194634578843
VYD_01735,1.2868971628441195,0,504.66711496090255,832.5263185845822,389.85000551079554
VYD_01736,2.267234769971952,0,590.7077110058806,796.8787533786793,368.83871072661134
VYD_01737,5.38826711593938,0,997.5655817038717,1144.0976648197523,885.3101270626689
VYD_01738,4.6375272789435416,0,186.51232128835855,270.60504362730074,4725.566872897252
VYD_01739,0.09371636023483652,0,694.2229623122887,694.2229623122887,407.40811836996164
VYD_01740,0.7751554694563478,0,217.16252539635025,409.96517997888657,43.04679117184794
VYD_01741,6.062716119741158,0,567.3449324795192,854.1387187437526,521.5158175273231
VYD_01742,3.074728217374876,1,1449.6409645347192,1449.6409645347192,5270.86542812678
VYD_01743,4.138714691366702,1,955.0199001921897,955.0199001921897,1603.0101651154646
VYD_01744,0.7351055306819052,0,107.85845269191769,578.1755762069406,41.44615228945558
VYD_01745,2.125535182530222,0,330.4227979024708,330.4227979024708,1207.6144658204785
VYD_01746,1.0040038332270849,0,381.38772395750516,468.48672532108355,61.095677547332656
VYD_01747,0.867022224834473,0,710.0117454934795,710.0117454934795,1565.2893286013168
VYD_01748,1.9540364589924237,0,240.1596294412982,315.1180401464016,93.74475235289272
VYD_01749,1.259351718176066,0,182.77394390696938,182.77394390696938,354.6520149341633
VYD_01750,6.542650836546926,0,139.58421747726607,139.58421747726607,1287.5271872451046
VYD_01751,1.8958076543083324,0,187.59253806518728,634.485470642932,311.85103174429344
VYD_01752,5.602375732153903,0,277.01955965429386,649.2110217896708,158.06625941338794
VYD_01753,0.6308119703077915,1,481.4275308931571,1254.790112792655,3679.514238403365
VYD_01754,3.468345087700436,0,112.6828069966103,112.6828069966103,490.0760598577051
VYD_01755,0.7488172619451314,0,751.9570448966268,888.245158211703,1148.095951198128
VYD_01756,2.1308366685559164,0,372.98359922479864,760.4488905915293,487.08669874557893
VYD_01757,4.668194852727995,0,463.6126102733443,792.5745310776745,365.3841648182829
VYD_01758,1.203636648492936,1,1678.8077635326729,1678.8077635326729,2455.571683384668
VYD_01759,1.1202899347412496,1,736.2148049819388,1177.70930421424,1706.2237171237978
VYD_01760,0.8680356155499811,0,107.10100783973692,569.1059346086544,4732.2857556965555
VYD_01761,3.4604452104752315,0,111.70249479615046,638.8584608874056,1164.963818565613
VYD_01762,3.291757138265035,0,417.5622417108611,1387.3618980715746,134.67068843132694
VYD_01763,0.8892643946065227,1,220.26452671640024,446.28113767324885,940.1761184882847
VYD_01764,2.0938180501285037,0,1171.356834446018,1171.356834446018,415.1719927816396
VYD_01765,1.1837574603767471,1,391.03253018482155,391.03253018482155,1164.873266023503
VYD_01766,7.889215791720044,0,381.8258546456719,397.7412733376118,1176.2862668991593
VYD_01767,0.7383555396859562,0,695.3028833137531,695.3028833137531,873.6595273338997
VYD_01768,2.182308443981248,0,465.8907430333116,465.8907430333116,1572.0275151930748
VYD_01769,1.8758393997097293,0,713.9115802043141,912.8035556062604,692.0377504792522
VYD_01770,1.036168264580414,0,120.14764907697433,120.14764907697433,142.2175665019532
VYD_01771,2.4728922732334846,1,638.8524992814364,963.6061805849636,334.71785448790797
VYD_01772,2.001036481824754,0,542.639385097381,542.639385097381,717.289722491834
VYD_01773,5.243888658982102,0,199.23491876943459,578.3919685989334,160.35066696824663
VYD_01774,0.9434717126070372,1,246.55211219784968,329.5234208896518,5352.71660074427
VYD_01775,2.3495739590920706,0,199.53693622247394,945.966103553381,171.37927918193483
VYD_01776,3.529847644369805,1,2114.1191283109283,2114.1191283109283,4227.71526019166
VYD_01777,1.3052455627685466,0,302.0706716186389,302.0706716186389,1387.5359712578606
VYD_01778,6.200712523981103,0,159.80729278059778,159.80729278059778,1095.0711729732016
VYD_01779,1.0673419321963318,1,1151.6180321018514,1151.6180321018514,2038.3786296175494
VYD_01780,3.1203749373181355,0,852.5528236323864,1107.5268156731547,818.3298156117597
VYD_01781,1.1587528114943004,0,128.51999795539257,297.1527138337682,1635.9866216463422
VYD_01782,2.3138921488927373,1,478.5002174185204,478.5002174185204,533.544689268269
VYD_01783,2.8019629343525887,1,969.7722974415743,969.7722974415743,4449.915045653829
VYD_01784,2.271602922776102,0,598.7767076685445,812.6532770439109,584.582957444433
VYD_01785,2.3227165006382156,1,317.45500188591734,317.45500188591734,1019.0545436535429
VYD_01786,5.476635872261556,0,353.95915748839,383.17399387164414,338.4007605652386
VYD_01787,1.15726353326723,0,536.8400363640139,1117.8687523466065,1826.9277366611454
VYD_01788,1.368173529720968,0,159.5846926069611,516.6602818057071,149.55231259341775
VYD_01789,0.8964197748110854,0,403.01169891472756,2271.188388522231,1694.2687925923005
VYD_01790,0.10939646566156264,0,144.22840079930035,620.2847913725178,48.34592525530481
VYD_01791,1.46905011853516,0,31.490024009844667,95.97093152076548,1121.1445325298819
VYD_01792,2.4376475801953745,0,793.3728221498046,1114.3362518891145,3976.4541109089787
VYD_01793,3.9535583020954315,0,861.3286253688506,861.3286253688506,577.7631785115296
VYD_01794,3.721860513683522,0,475.3831184566165,475.3831184566165,485.0986396848344
VYD_01795,2.4140081375378135,0,158.0074738765868,354.8531486623646,637.5679883285156
VYD_01796,4.475002193270828,1,178.148494400124,225.8632003533273,694.7729344572997
VYD_01797,2.6461189481844665,0,410.3639954689478,410.3639954689478,345.3999093805847
VYD_01798,1.329572360244652,1,875.977607310777,875.977607310777,4582.575800095544
VYD_01799,3.3012716597290432,0,925.990222977283,946.1573108762974,184.65391442952483
VYD_01800,0.9641529311268557,0,79.07565825176816,592.5752400446402,4656.346833213128
VYD_01801,0.7266373907734877,0,308.65450180121735,870.4534871648449,3360.4791896042266
VYD_01802,0.9570369496606154,0,506.70284142144976,781.0274169517318,669.183560525019
VYD_01803,2.4871284576734856,1,134.32311765377364,607.2625772393907,233.39176931736498
VYD_01804,5.068468561579713,0,233.47415004974468,532.5314498450451,228.5677097297455
VYD_01805,2.7776715625677117,1,1178.8994890055214,1178.8994890055214,1842.025610397965
VYD_01806,0.6117508883469913,0,286.758296997156,765.3749591520959,177.06712467445928
VYD_01807,2.2593297345403838,0,293.36491168383384,293.36491168383384,1369.9307917261647
VYD_01808,0.6687659760772864,1,1035.0507446484892,1035.0507446484892,1085.7091706615201
VYD_01809,5.699870603012171,0,90.33080601513043,576.1576846072095,87.89672985704817
VYD_01810,0.6414305095220261,0,238.52575566969253,627.2730325013259,1280.3469417145154
VYD_01811,1.1067625063248496,0,1213.0815742794932,1213.0815742794932,131.20173834555877
VYD_01812,2.6369812778931117,0,407.25067777067517,655.1059141751423,906.6884584225335
VYD_01813,5.778719018545216,0,432.632485003945,641.584205164866,334.484973563119
VYD_01814,1.883193886629495,0,474.44579715811335,474.44579715811335,1681.3792364001517
VYD_01815,3.3522845926331994,0,418.4021973859905,635.2175188093045,437.1577666487427
VYD_01816,0.8302790424046721,0,364.17627159678,372.5208995116863,811.7027212978666
VYD_01817,2.0618408881718833,0,265.8896054149311,265.8896054149311,513.5537899688118
VYD_01818,0.9819456373699721,0,352.3647454033705,352.3647454033705,2878.3854661393048
VYD_01819,1.3076300268532153,1,373.83139305972287,373.83139305972287,4326.3219440983385
VYD_01820,0.9623870957400963,0,992.9904612547708,992.9904612547708,931.5499046445477
VYD_01821,2.8786549592158006,0,428.85913362815893,428.85913362815893,2669.7758223221344
VYD_01822,1.0090672457050986,0,171.84631743924893,171.84631743924893,561.1148276846749
VYD_01823,4.624210953678341,0,366.64165841498976,786.0629118875125,289.5514462955364
VYD_01824,0.8316749960588299,1,1127.5500421511747,1127.5500421511747,317.865968507421
VYD_01825,3.069233983592698,1,125.79866398599675,125.79866398599675,821.7009159756032
VYD_01826,4.209308426517432,0,301.5052521182725,515.343716209445,299.43783517836835
VYD_01827,7.500296109397059,0,198.27160752937402,198.27160752937402,1242.8219051128249
VYD_01828,0.8005362709494284,1,891.1274229243005,891.1274229243005,1560.9831340682356
VYD_01829,1.0792358399599804,0,242.895363807513,740.1573800498703,3369.655870292783
VYD_01830,1.3100790917307983,0,397.97437043536894,538.8248885191912,656.2973747449512
VYD_01831,0.647154835546467,0,113.79343828669141,520.6711317670483,1200.3110224791128
VYD_01832,1.2987418052026964,1,161.69851594264216,161.69851594264216,2016.674365254405
VYD_01833,1.8903347749077792,0,281.59299795651157,296.1328585841894,225.1422113711205
VYD_01834,0.6949008547027968,0,216.345584899695,669.348853045712,155.28659888722868
VYD_01835,1.2457524019101238,1,1151.8312171533262,1151.8312171533262,545.6395462472515
VYD_01836,1.1392380050901845,0,119.82891636511424,494.78895987211257,117.98177809640751
VYD_01837,1.3325678925127589,0,251.67245994238655,2578.927269214832,1262.5805224929472
VYD_01838,1.318913765907557,0,397.71316663076124,644.3664729131224,295.3177302456001
VYD_01839,3.270692488826973,0,350.7437908911758,350.7437908911758,387.51562862852836
VYD_01840,1.2865300389711163,0,106.91568700206248,162.79308600443193,82.9692472164044
VYD_01841,1.5652031347398239,0,521.7324694226794,734.9694257882153,519.2810062562909
VYD_01842,1.225952116546127,0,393.56772664741123,739.183569125263,211.71228659075254
VYD_01843,1.2856939536148044,1,875.7160745044453,875.7160745044453,1045.350745209606
VYD_01844,0.7269417772618311,1,288.50183739464205,288.50183739464205,1040.7291447432217
VYD_01845,2.6690418279535626,1,876.699811274381,876.699811274381,4039.031189003787
VYD_01846,1.360815009157011,0,111.86316759341362,114.2855536929594,276.06138888643176
VYD_01847,4.905964653668139,0,630.5774658080242,630.5774658080242,341.51365614178826
VYD_01848,2.74706576306243,0,1133.00452420645,1133.00452420645,1015.2119218623315
VYD_01849,1.218883427120668,0,523.1387699208104,523.1387699208104,1690.662943977159
VYD_01850,1.4269132889294043,1,783.4617691994254,1870.3594325188647,863.8306137338774
VYD_01851,1.2679685223595516,0,378.76773890585787,574.2594149498815,352.95090239858195
VYD_01852,2.4678176421183515,0,935.8266809617893,935.8266809617893,245.97557494781282
VYD_01853,3.8577020816969694,0,445.7116222613058,445.7116222613058,416.42503500948266
VYD_01854,12.52428169990581,0,290.6838477639636,593.8809846104394,243.24465837968873
VYD_01855,1.5979056023876395,0,503.49062136606466,663.5152235406223,546.9089829618248
VYD_01856,0.9161122330217509,1,2323.0101086384066,2323.0101086384066,3615.879174160969
VYD_01857,1.159153191430317,0,1127.0130449338637,1127.0130449338637,2653.8824976592005
VYD_01858,0.9659067783813494,1,1914.3802824607476,1914.3802824607476,4862.547135414031
VYD_01859,3.1979617231498527,0,348.5880355814224,431.74974681881883,616.1203593230734
VYD_01860,1.1921074843617612,0,588.7342274862342,588.7342274862342,739.2664696716643
VYD_01861,1.213532531915612,0,357.188590325774,742.738621052972,3957.1219913717237
VYD_01862,2.910554934081153,0,157.04416108802306,157.04416108802306,1095.2352327087754
VYD_01863,1.2375999230027928,0,237.32415904141587,526.2192272763824,1183.479246094339
VYD_01864,1.358711269085075,1,584.7717965276815,584.7717965276815,1576.2554114921843
VYD_01865,0.8504456662220011,0,579.2139860162418,742.5393310824314,1292.6039396737635
VYD_01866,0.6593029211448186,0,125.32567872897927,125.32567872897927,193.85937918650333
VYD_01867,0.9977015944700003,0,2771.93527536678,2771.93527536678,3368.331177503899
VYD_01868,2.650570300947892,0,1224.251997705281,1224.251997705281,506.0564830771513
VYD_01869,2.4031359712977682,0,617.2821853373591,1035.270728862766,4134.217335465729
VYD_01870,3.1891800676081754,0,124.55249831419033,231.9985993830028,201.28403778735137
VYD_01871,0.806395102716526,1,1424.1001368217578,1771.3594926160079,2393.906336401923
VYD_01872,6.053653972918094,0,602.2777955559716,740.749840114591,94.95510961379887
VYD_01873,1.4802959737176113,0,269.6954550466349,545.6406543273688,133.82225965665728
VYD_01874,0.8787941206672487,0,272.32667537242025,371.41543314757666,285.49273707912727
VYD_01875,2.2957856542951562,0,193.17150004451517,478.14710325751554,1653.3966559420617
VYD_01876,2.658098225793345,1,130.30072826672887,256.9165382110674,5356.716003037919
VYD_01877,8.959791520919756,0,771.6061953677655,771.6061953677655,586.5856397208246
VYD_01878,5.242337403385925,0,252.84343778413694,643.0278980871009,1033.022998244279
VYD_01879,2.9796340391142926,1,671.5349508713708,671.5349508713708,562.9023095584583
VYD_01880,2.9814973206078266,1,238.4216821528945,671.8493793874179,238.26010367433523
VYD_01881,1.3020635169737387,0,811.6452325528426,811.6452325528426,583.176757092333
VYD_01882,2.3660944780398667,0,121.65432548870973,622.1826425256544,71.92486112194509
VYD_01883,2.299662390647779,1,979.9614796247686,979.9614796247686,4498.899370744525
VYD_01884,0.9088717225220673,0,62.523104214997616,62.523104214997616,377.42968283979747
VYD_01885,2.123579638372716,0,371.53037590767747,737.3642348806217,361.4674320130996
VYD_01886,1.1326749137814196,0,454.42063539843997,543.5310398134072,33.58557548631472
VYD_01887,1.7735981226540338,1,166.0595215207601,166.0595215207601,1085.7103025164797
VYD_01888,5.216543673826605,0,961.6265654255429,961.6265654255429,1231.6342887597134
VYD_01889,11.567066198139369,0,552.399650530083,552.399650530083,576.5210443168428
VYD_01890,0.8030870822652905,1,444.73145926001416,444.73145926001416,1458.2948110638636
VYD_01891,0.6292731070417863,1,865.9158211743832,865.9158211743832,734.9013446051306
VYD_01892,0.8155854545377995,0,246.76248655771604,355.201335592,76.64538514451507
VYD_01893,5.027045623105455,0,202.6249419621973,496.95659419556495,129.830634034717
VYD_01894,5.100562905926999,0,481.5369765128107,622.5640461414498,435.9139236646111
VYD_01895,1.1544909550447988,0,213.51128990786484,261.28007273296134,35.320131055306575
VYD_01896,2.134995066218575,1,1012.7570027317443,1012.7570027317443,859.9325969227065
VYD_01897,0.7735016797995082,1,208.55553637294094,208.55553637294094,2531.7850298374683
VYD_01898,1.9152521033826742,0,344.48496719372474,804.6414794413965,1094.674601409615
VYD_01899,3.0626365477973216,0,518.1698145457935,628.4841955581123,412.27433000510064
VYD_01900,0.8849510026418959,0,489.9035627195896,1144.804671325874,2713.2041434964653
VYD_01901,0.7423320837763027,0,529.4265890312736,529.4265890312736,1686.769976036474
VYD_01902,3.5268142613667006,0,619.5377201794774,897.8218945832367,498.7576031009759
VYD_01903,4.614021360434056,0,592.0615017273136,1022.2726755839317,541.1978512693698
VYD_01904,2.7088069333186935,0,356.7539887719697,592.0731287776847,1543.283647649011
VYD_01905,1.4197538346393848,0,485.912900500677,1170.4801558288134,92.17895795829807
VYD_01906,1.0057066929160003,0,919.812772053086,1106.8520247590418,919.812772053086
VYD_01907,0.9069937355076023,0,300.3214909534344,522.6024421527933,292.5461440542544
VYD_01908,1.1010465515021115,0,168.61845465468446,168.61845465468446,1087.4176853680567
VYD_01909,1.0932305888535372,0,1156.7104509383944,1156.7104509383944,751.1050951363286
VYD_01910,4.395681055435317,0,363.95166674703864,363.95166674703864,421.31993595781967
VYD_01911,0.8103666066682544,0,587.8304331494941,880.7576371586463,178.0879396427595
VYD_01912,3.514901603288386,1,1109.8025558348988,1109.8025558348988,1015.1233363044221
VYD_01913,1.8582512721108035,0,150.9126110531453,150.9126110531453,391.13464950832366
VYD_01914,10.60748612331759,0,272.8332955809739,272.8332955809739,191.89130647559335
VYD_01915,9.176854245360708,1,1036.0411593941396,1623.0384088449732,221.3752216020144
VYD_01916,2.731752945102814,0,349.33478627096275,403.4290007037553,314.11879559286837
VYD_01917,2.4051873631660667,1,217.70193406751613,1156.4241299709315,3822.099710635984
VYD_01918,3.0189732774886826,1,671.5170792141757,671.5170792141757,1781.4202663223452
VYD_01919,1.6137564843996366,0,594.4613954532244,594.4613954532244,2402.5700466978287
VYD_01920,1.4696377602182584,0,712.7464110124681,1128.0750320878094,2169.3553558801973
VYD_01921,1.0697829834606243,0,681.1883819707898,1748.8890354944376,869.6156897630626
VYD_01922,1.1225367486194253,1,605.0571110952836,605.0571110952836,538.769480826638
VYD_01923,1.9390683649304632,1,671.077424216832,671.077424216832,2267.584912794389
VYD_01924,0.7262084605547822,0,72.06960634777244,72.06960634777244,456.04333940038003
VYD_01925,13.694941345111936,1,1195.5634298715256,1528.6761746361617,802.1902435380367
VYD_01926,0.6560703542551611,0,199.82978229007006,199.82978229007006,545.7098766127087
VYD_01927,1.188505375256677,1,1274.0753458103152,1274.0753458103152,1303.8084650952921
VYD_01928,0.991035602304648,0,530.8852987443389,1104.1145948930673,65.78163085355315
VYD_01929,2.816508959531375,0,130.5078298180623,130.5078298180623,764.4628032031018
VYD_01930,0.9926117923497494,0,222.7261070365712,222.7261070365712,591.2448527523206
VYD_01931,4.533483881247205,1,981.1093397193611,1032.7172617289061,2120.1917174653267
VYD_01932,2.039658974231268,1,730.1387299299272,730.1387299299272,1037.30965188203
VYD_01933,1.112580491197394,0,315.72044076984156,315.72044076984156,623.4274830999386
VYD_01934,1.3207661888120905,1,379.22404494858523,379.22404494858523,98.13174801832503
VYD_01935,0.8964679228188994,0,166.32873755338437,166.32873755338437,1180.0189192667365
VYD_01936,0.6249861963265348,0,1233.0689780566076,1365.8245679500615,173.34613925798914
VYD_01937,0.6296115962624056,0,509.8926619816513,564.4172900612299,742.5042251908818
VYD_01938,2.786032352888388,0,1004.3113710277946,1517.1271873783578,1098.7649219607158
VYD_01939,0.9444786824495168,1,741.6652842312291,741.6652842312291,2799.6557822810637
VYD_01940,1.4764996200776561,0,417.5544911840321,417.5544911840321,401.1601006806355
VYD_01941,1.0493246711719253,1,534.2184700995222,534.2184700995222,2608.2023528668788
VYD_01942,2.221702309995234,0,425.875123589799,425.875123589799,723.69751069802
VYD_01943,0.9881915394795234,0,45.23183331674361,483.9433316915779,41.73472870789572
VYD_01944,2.256194141430903,0,170.7511701555379,228.14634004376302,652.0149677108529
VYD_01945,2.9920501496915723,0,218.42778243226144,218.42778243226144,624.2025253903613
VYD_01946,0.774822522662033,0,200.55983510501488,200.55983510501488,385.14877728958777
VYD_01947,3.1509472783932817,0,716.5169071724457,1064.6729115426517,240.41655335220838
VYD_01948,1.6440066906218294,0,887.2605806317687,1718.0366642412519,341.96231338473604
VYD_01949,0.9304021152740739,0,277.8265434959433,277.8265434959433,1179.4015407157274
VYD_01950,13.5487370794362,1,1033.9937330246612,1742.3036388830224,560.8012707642107
VYD_01951,2.226261570981986,0,147.17918475442593,492.23374819677366,589.8940387894793
VYD_01952,0.8102017327999098,0,789.0032096654074,1732.7992110599587,783.0298062639396
VYD_01953,8.77145852910812,0,443.21394812423495,647.3446223281454,530.3352147116013
VYD_01954,2.9775414609119655,0,368.95327044988545,368.95327044988545,999.3795619940505
VYD_01955,3.711363716997884,0,231.57570388768627,249.00144705166318,808.9588616185642
VYD_01956,1.0343344934304928,1,983.6723038576479,1358.6427678553528,4152.65090630545
VYD_01957,1.2708593744774723,0,224.32783563957258,224.32783563957258,401.05563028835684
VYD_01958,0.84308840242405,1,406.3886387144071,406.3886387144071,5695.646713133424
VYD_01959,0.9587296729046215,0,697.1761163735209,902.2845096597209,183.75299563709663
VYD_01960,0.9277172827946464,0,612.2429496164136,612.2429496164136,1330.4926915923947
VYD_01961,6.0381189881104875,0,714.2910944591886,858.8656111350365,673.4080424527366
VYD_01962,2.8340666682209705,0,902.378367511258,918.749004742151,218.2115506039271
VYD_01963,1.7429817104406455,0,173.73896530364038,173.73896530364038,165.68954300856473
VYD_01964,1.4673566956241884,0,729.3313954792101,1034.9702646176406,709.227554894394
VYD_01965,10.167168272333052,1,2334.9368135768204,2334.9368135768204,729.12593294669
VYD_01966,3.74454167117569,0,387.4609798885122,1212.0565542194536,236.98699983893596
VYD_01967,0.6842981570674413,0,815.4776536189943,815.4776536189943,500.5303977320344
VYD_01968,3.192317494716218,0,51.05946315584509,126.3039929824311,158.9292327486774
VYD_01969,1.2856257184099853,0,407.23013275942236,407.23013275942236,860.4255243638835
VYD_01970,1.128311606226297,1,488.08557780341584,732.9467677764651,723.1174983588022
VYD_01971,0.9020255551266013,0,193.7019330343735,193.7019330343735,1635.3354256030022
VYD_01972,1.2549126632839025,0,100.54961882461501,495.7505808097299,156.9112431911045
VYD_01973,1.7085610729053937,0,123.15292516528042,513.2698153725742,109.57875497653326
VYD_01974,11.711071937811782,0,219.6316708278333,270.740027879103,1187.8119296944185
VYD_01975,1.312650075595981,0,182.7674265162302,500.33867193839853,69.03202092849513
VYD_01976,1.6834098889927391,1,1156.98441670178,1156.98441670178,1116.3388542378095
VYD_01977,1.431144680057358,1,763.6895758390307,763.6895758390307,1372.15674353706
VYD_01978,7.918486715602331,0,449.54922290673426,449.54922290673426,633.9470641240217
VYD_01979,1.9403200638135032,0,538.9239703332503,538.9239703332503,917.7773246300112
VYD_01980,4.8443221279511866,1,669.1911606271171,1081.511394640086,3422.9507145194166
VYD_01981,0.861131294996927,0,553.8911280705274,835.1616526395245,1377.9057621821757
VYD_01982,2.744538972887422,0,661.0376973926698,1285.0279624146265,354.68256276134156
VYD_01983,1.4289347180562146,1,411.17989685418695,411.17989685418695,400.7307455998495
VYD_01984,4.561997079465162,0,1023.9261487050318,1023.9261487050318,148.7153683429258
VYD_01985,0.6678881632001951,0,221.96050221898443,221.96050221898443,931.0354190959847
VYD_01986,2.067093736318455,0,469.8794019779552,610.3509576605995,425.39440546112075
VYD_01987,2.8415200688565214,0,98.88242432329575,98.88242432329575,2565.025415331488
VYD_01988,0.7453807297584042,1,123.43266716010953,123.43266716010953,4455.72818541616
VYD_01989,8.633146995707515,0,497.6838976696657,497.6838976696657,385.94821131591635
VYD_01990,4.390988336491201,0,504.0538037434129,504.0538037434129,731.3657247950773
VYD_01991,3.5805450403373777,0,73.15457907413429,240.3336019695258,634.0333006006937
VYD_01992,1.1422949209523914,0,123.23046341037741,123.23046341037741,235.70511855695523
VYD_01993,2.345397283028146,1,71.47667588265188,315.61615369545956,71.12575686772381
VYD_01994,1.664398251034342,0,318.0525393975006,318.0525393975006,2860.9189374218595
VYD_01995,2.1066416565817674,0,703.1037835222805,705.6186556620139,1179.3270603341123
VYD_01996,7.380302489182704,1,515.9246273333226,907.2495544979103,586.2754025548517
VYD_01997,0.7730723436645732,1,660.3899891565229,882.5714240713196,4583.654600343481
VYD_01998,1.0508682933642408,0,583.9536001765218,597.7964108857578,1739.6836669410122
VYD_01999,3.9208208207455675,1,666.3888101467,666.3888101467,5070.31316386824
VYD_02000,1.9694530291674757,0,130.49691466703072,130.49691466703072,293.9055270154291
VYD_02001,1.2740362276305404,0,248.00966116482223,722.346946941803,214.6888654111461
VYD_02002,1.3190473739462125,1,1331.0707421398754,1331.0707421398754,5145.121180128629
VYD_02003,2.6564154258063106,0,581.232502225577,758.8297967339317,984.0860128313404
VYD_02004,2.2233219746557604,1,1184.1358045161671,1184.1358045161671,4705.058596418617
VYD_02005,1.5544694642059846,0,1125.244932039683,1841.9437281442808,1908.5299597279939
VYD_02006,2.410924932530044,0,176.4277254882921,176.4277254882921,979.0469056284859
VYD_02007,0.9262002324281013,0,81.44698707311092,455.0237710494787,75.87050554789685
VYD_02008,7.517638485068252,0,638.6594431335916,865.9481545746612,633.8750762215174
VYD_02009,5.812346048104741,0,880.5828681094986,988.7443062641894,262.4206387295668
VYD_02010,4.893528089440186,0,547.068450335848,1286.0532348444879,1113.0082185549754
VYD_02011,0.8906167217961777,0,927.5351934585256,2873.2915709098124,1889.1335707871008
VYD_02012,1.7554775975226384,0,814.8702509997764,814.8702509997764,1121.4071851499639
VYD_02013,0.518725707521277,0,195.44493622213272,654.2338184032376,43.635266459161755
VYD_02014,3.9766764441742644,0,972.9494918778123,973.2218738570339,526.7760988264805
VYD_02015,2.853828914591472,0,799.528531223521,1552.0212790074536,1382.0577180973319
VYD_02016,2.5627480004481558,0,685.1120890160494,1334.1714945008007,2594.503531632477
VYD_02017,2.645298962931965,0,1215.0294381167555,1215.0294381167555,271.97218317716664
VYD_02018,1.4974753805604082,0,598.8964759442371,598.8964759442371,675.9307016673328
VYD_02019,1.7874254971106431,1,2357.6323905201248,2357.6323905201248,730.6241379357423
VYD_02020,1.1447645962483892,1,437.71626723909327,437.71626723909327,2952.155717882217
VYD_02021,1.1327188388404403,0,244.3412702271516,244.3412702271516,503.4351345921581
VYD_02022,2.101168097945076,0,786.6852214099114,1033.2790576569896,140.51033358588504
VYD_02023,0.8636398500808835,0,95.07722366604517,606.1940235321152,87.02614301771548
VYD_02024,6.280499061721705,0,830.6215725651442,1354.1091788104973,584.6106190080633
VYD_02025,2.8592334430250244,1,174.27358377792427,174.27358377792427,547.5651409915079
VYD_02026,1.7900825495074746,1,312.6573761669935,694.6107966592331,83.23738218709701
VYD_02027,5.708176954068403,0,310.4281099354701,310.4281099354701,520.7860165376302
VYD_02028,1.6431067691949899,1,326.0539794899911,496.2578061436593,3986.7618969802807
VYD_02029,0.8216302543234469,0,112.88186569496075,418.51483063087807,43.63795193929169
VYD_02030,2.8264628935851324,0,69.75298407942962,127.34538917412353,594.5223969346664
VYD_02031,1.6790061550965514,1,303.42070486459505,652.9383480021338,109.63206275120069
VYD_02032,2.259576768150106,0,392.55027487155087,413.5069706071203,2890.0726480189137
VYD_02033,1.7007276548095345,0,339.8477355068775,339.8477355068775,2837.013271197234
VYD_02034,2.3355187001766744,0,358.7704005690123,358.7704005690123,981.3636733346326
VYD_02035,1.0058562493940142,0,77.33623912320932,77.33623912320932,436.68336442366035
VYD_02036,2.1546549517955675,1,351.83963269195397,429.7306665938535,1025.6196253980393
VYD_02037,1.1201797402122335,0,127.04067764721064,127.04067764721064,317.74027564909954
VYD_02038,0.7941030805510447,1,496.8252407371515,500.3137229021024,1074.1622177194633
VYD_02039,6.13646659534735,0,613.6450476353729,657.1874534503002,1612.8958830804274
VYD_02040,1.3354324204464731,0,428.4264057668266,1085.2905973166833,115.47945115285219
VYD_02041,1.498742681793596,0,367.1271094018182,367.1271094018182,1255.8225375648353
VYD_02042,3.550198664111342,1,364.175382573386,364.175382573386,1250.433422008704
VYD_02043,0.9268066024050692,0,377.3440850097973,377.3440850097973,349.0306942834495
VYD_02044,1.041947485929288,0,592.3039592232145,641.0745048755635,977.3482585443219
VYD_02045,1.618947467348148,0,2793.3957317346462,2793.3957317346462,3232.067822251445
VYD_02046,0.29073484706129676,0,499.721607669438,499.721607669438,925.0481858282574
VYD_02047,1.4299512859498495,1,534.730430194049,534.730430194049,1471.1972932899369
VYD_02048,2.0273658051110153,1,861.0765615481789,861.0765615481789,1429.9266878779158
VYD_02049,9.367454078809395,0,185.81060250822375,185.81060250822375,258.1473704337244
VYD_02050,1.1738204320884862,1,791.2375167251106,791.2375167251106,4265.274079876807
VYD_02051,2.098560045442285,0,204.72883134002677,610.6263288317236,937.4092032974564
VYD_02052,1.5820999391359962,0,61.09907445274675,61.09907445274675,237.25353564690587
VYD_02053,4.1178553558111135,0,1137.7824405985457,1205.8571349016192,654.9770227927114
VYD_02054,0.5703832495209343,0,142.31463416196317,585.0372989558969,141.46800112476794
VYD_02055,2.4020043925861856,0,184.83865669274624,734.4496268950264,67.87222095774108
VYD_02056,1.164974426357407,1,1408.5758056791983,1408.5758056791983,1256.7539984523253
VYD_02057,7.205643281939105,0,438.79925181917093,438.79925181917093,363.2768685851158
VYD_02058,2.37662614186905,0,243.56121893296043,243.56121893296043,1213.547806475006
VYD_02059,0.933987934864447,1,2267.754736850331,2267.754736850331,3641.794869967115
VYD_02060,2.505323354304753,0,1147.5200496377079,1834.9103236118995,2853.344484945369
VYD_02061,5.5914545489100025,0,780.4815076397441,1399.7000344500252,551.8940983158936
VYD_02062,1.774545171890295,0,208.2508119697085,696.548646036759,143.35523109426936
VYD_02063,3.448234104313843,0,241.7548514122589,241.7548514122589,910.5753409962686
VYD_02064,3.859824160343394,0,386.8495700652546,386.8495700652546,2809.7126767914633
VYD_02065,1.6345051666274797,0,249.92123831452474,438.5710422034875,84.55207378034638
VYD_02066,1.7641173746794179,1,838.5772573136936,838.5772573136936,1160.183674469951
VYD_02067,3.04042776453355,0,212.33681042741395,492.11846781096455,337.654244750185
VYD_02068,5.85064644613595,0,575.7717597118159,1090.1865031601726,575.7717597118159
VYD_02069,3.6344253603956598,0,297.7601454890927,297.7601454890927,2421.2773849574246
VYD_02070,1.0592635083371853,0,157.64335496639387,221.36525982030815,2522.178287572956
VYD_02071,1.62845444525027,0,590.6139081796074,937.332909851331,537.304132256909
VYD_02072,1.0398618669228086,0,387.1251022457043,387.1251022457043,1409.965889401354
VYD_02073,2.045487442607161,0,352.47974413096614,578.9443796544014,344.1023004605341
VYD_02074,1.8190026014072176,1,2198.281092078721,2346.0847404998303,3279.777253065383
VYD_02075,0.937433417925291,1,826.1781889312477,826.1781889312477,334.8712428884788
VYD_02076,5.1446500762556715,0,812.959279107884,1465.616629441383,858.792372993392
VYD_02077,1.5504559089247767,1,369.6923331650661,369.6923331650661,2117.0414153618594
VYD_02078,1.5720713238354493,0,670.517519896563,670.517519896563,523.332122789243
VYD_02079,0.9981282851553489,0,539.9546964447868,657.0930686594446,336.52269457499506
VYD_02080,1.7334591834874307,0,383.4187333848091,546.5428731499142,297.7908780255411
VYD_02081,3.058301460549197,0,551.512307480295,551.512307480295,1340.7564238056132
VYD_02082,2.3413290121528383,0,446.0691551313687,446.0691551313687,846.0520712581482
VYD_02083,2.200226152416401,0,321.8408075936839,321.8408075936839,1095.5086311877506
VYD_02084,3.7551694637415958,0,226.3309236674162,306.62259360419887,573.1217421476961
VYD_02085,1.6257289971618656,1,505.7512902397588,505.7512902397588,4914.6260983003
VYD_02086,1.796367135221362,0,735.3745023165587,1942.017540681144,405.2434021395954
VYD_02087,0.6387857187369869,1,497.7932997023042,497.7932997023042,621.4075341931919
VYD_02088,1.1675900455922963,1,230.4705942040192,230.4705942040192,1243.6532728065808
VYD_02089,2.962420070565301,0,308.07967145633035,328.9824878687426,2304.8690922298774
VYD_02090,2.055755082322153,0,548.1059875911554,607.8743579523632,1365.1753099330797
VYD_02091,6.143078702619593,0,137.2135138043796,225.30523592213524,887.5936093184894
VYD_02092,6.301191567146938,0,180.12989998579917,231.68043256738991,1176.0559106513178
VYD_02093,0.8336060579827932,1,1625.7739905510682,1668.7572160892466,2348.186143937652
VYD_02094,1.6022593465879247,0,248.07752069571745,614.2592227343965,70.59065943031841
VYD_02095,1.2684913439171523,0,241.90908275735944,494.512612506647,241.90908275735944
VYD_02096,1.5148434727969027,1,1336.8260020664625,1336.8260020664625,5311.280559718342
VYD_02097,2.978768623782211,0,536.5824795559242,1196.1182058444824,1461.588686118999
VYD_02098,0.8177214277678977,0,231.39435815213722,231.39435815213722,393.2742739632472
VYD_02099,0.7737729789577601,0,284.35850004532716,284.35850004532716,502.54715947246126
VYD_02100,0.6402713397388721,0,62.20832725686945,748.0759772561414,54.10117623967249
VYD_02101,1.0297240989934051,0,346.563090976416,346.563090976416,52.866869642431766
VYD_02102,0.9451839980340241,0,1096.604652842014,1224.7726606165852,1081.7918147026205
VYD_02103,1.5019971488894157,0,280.27631559457257,280.27631559457257,156.21928329249334
VYD_02104,2.0655842937346462,0,864.581456786028,864.581456786028,1111.7887272869616
VYD_02105,3.7649996733718845,0,205.0316662657997,367.3642906146,276.2972464879827
VYD_02106,1.130861788214652,0,2638.788741899297,2638.788741899297,3249.4929038433597
VYD_02107,4.618316806709345,0,448.47058032274896,941.5887915099426,440.713749834098
VYD_02108,5.218586776791644,0,551.4457245265352,639.0129968486317,548.0007446131738
VYD_02109,5.716924808189465,0,694.8657035631142,694.8657035631142,842.5483339311472
VYD_02110,5.3675811008470715,0,494.76030245115913,494.76030245115913,796.7192259451366
VYD_02111,1.931437792775924,0,225.1793894563132,349.57710932779463,697.2363389341308
VYD_02112,1.991489423641365,0,248.69362415934341,894.4821676838792,1328.2346856694396
VYD_02113,2.4129427204689904,1,581.2133840419043,581.2133840419043,1494.9896306653095
VYD_02114,1.1622830642653108,0,683.3386704054564,831.0967383484389,256.3139467236274
VYD_02115,5.6652991708520775,0,465.42454159800343,658.8359556194054,2121.7357714713157
VYD_02116,3.5497808954358856,0,186.4437762272213,186.4437762272213,823.3592179198968
VYD_02117,1.131957677146764,0,1235.8520538796524,1235.8520538796524,51.12525145594668
VYD_02118,1.4570405992041706,0,956.1383924222499,956.1383924222499,955.9324339770569
VYD_02119,2.7666747804077167,1,421.41239224847425,2109.464096018917,72.24243222433842
VYD_02120,2.3068410752006847,0,643.2950860401971,984.5393542255498,4078.848744032899
VYD_02121,5.67929395882689,1,1017.6679825526054,1292.0765789392437,520.3614891320763
VYD_02122,7.192400142203158,0,480.2371338999765,1113.2556679885358,207.93624243384943
VYD_02123,2.2493059453801165,0,706.6302723841314,741.6634445382612,152.79336543811553
VYD_02124,2.581384592342538,0,169.17898821856622,574.3985417675008,65.54003763313587
VYD_02125,2.3234433454015417,1,281.54817274326,281.54817274326,3161.397547194337
VYD_02126,0.7969659464213477,0,119.48661069113469,119.48661069113469,889.7943559287573
VYD_02127,0.8670033986609,1,802.4752277523518,922.4282347198533,3251.3275141648896
VYD_02128,1.2081471472424363,0,136.50389751088485,136.50389751088485,1474.6598362618668
VYD_02129,1.097227514909756,0,359.13444150222244,427.5186257411473,307.2579979950203
VYD_02130,1.3528956750892973,0,99.60812715501677,99.60812715501677,398.2704244472471
VYD_02131,1.616882572156642,0,1054.2734586282997,1246.167486150634,275.9175962719697
VYD_02132,1.1809747263283172,0,270.84963606586507,1243.8914527099291,192.7556192051827
VYD_02133,4.234528432901787,1,1263.684062607661,1593.692288177466,2230.7805535766256
VYD_02134,1.5211004274467215,1,84.17834784391269,84.17834784391269,1308.9653585709818
VYD_02135,0.9665272759683475,0,346.84184085174815,346.84184085174815,645.6348529421965
VYD_02136,9.70503367465276,0,292.04563464378543,292.04563464378543,967.0202314458612
VYD_02137,1.4900467018585608,0,155.4087234526894,487.9893495994966,64.01280054781057
VYD_02138,1.107852725900351,0,168.21523731080012,337.96600441528096,147.1336632003863
VYD_02139,1.212423551621159,1,1207.857622581949,1207.857622581949,1729.3532141056833
VYD_02140,1.3835145604834307,0,143.89843332002786,182.13577802916254,184.36195859960816
VYD_02141,5.8313274861812285,0,207.97579476284022,578.7806607893585,100.69368650428417
VYD_02142,1.9269612250922101,0,303.609182173174,353.4297651654864,778.3208725663756
VYD_02143,1.2158585520590433,0,554.7644567405426,795.9126275478994,836.544447041186
VYD_02144,9.572436704784488,1,254.50299489924217,254.50299489924217,2498.0715651901337
VYD_02145,1.8903346411515336,1,465.0848671920188,932.9786657611346,4035.870361786584
VYD_02146,1.9942539326509094,0,177.62058628672153,342.29053301424074,175.27404481564108
VYD_02147,4.050671357008198,1,1114.5502719749825,1114.5502719749825,4337.950098345239
VYD_02148,2.63569560065558,1,460.55947929653115,460.55947929653115,5873.167804151543
VYD_02149,3.833179394650303,1,1084.4688921809304,1084.4688921809304,1385.418386063088
VYD_02150,4.253268907705622,1,1269.8292161021886,1269.8292161021886,1950.5815570521286
VYD_02151,1.1902705103656928,0,582.6769756359018,722.7206065879235,460.8042799212118
VYD_02152,2.191647095401251,0,259.76233542776697,259.76233542776697,509.00098391466105
VYD_02153,1.0531298489382719,1,630.0721574884665,905.1323167310726,2899.945901789336
VYD_02154,0.9046147261068321,0,756.9944726033224,756.9944726033224,516.715085251715
VYD_02155,3.9546082259354995,0,276.9876973395774,1313.4668565274155,144.93698300608168
VYD_02156,0.6180272675736743,0,464.19050074000694,464.19050074000694,1984.43645705832
VYD_02157,2.973142683439155,1,422.9019013782328,422.9019013782328,4017.78110842933
VYD_02158,2.534756357232438,0,239.07689411755962,239.07689411755962,539.6422493703633
VYD_02159,0.8047848002538001,1,735.85520091381,735.85520091381,1928.3442371765561
VYD_02160,6.881165674895373,0,804.8626554239198,1065.0611946924246,874.3095117963621
VYD_02161,0.5128174930794387,0,77.03021820868476,77.03021820868476,1050.1663022900607
VYD_02162,1.255848515181475,0,424.86170253485494,750.8551873368141,460.69889714354247
VYD_02163,1.1600294969500589,1,984.6256947403458,984.6256947403458,4813.501103033014
VYD_02164,1.6972190370211415,0,77.20107059274103,77.20107059274103,530.6011273172005
VYD_02165,0.9478421768717288,0,428.57149571768423,744.9448959606373,1352.195744647177
VYD_02166,0.848102011488053,0,336.81044021957223,599.8877386867754,331.42819868391297
VYD_02167,1.306842233310498,1,1938.9138614228261,1938.9138614228261,4019.176460614694
VYD_02168,0.9952076052446289,0,304.41316631058754,304.41316631058754,1499.032105948994
VYD_02169,2.2511406557213682,0,226.9861313192082,226.9861313192082,311.1673415462608
VYD_02170,1.0684390705199092,1,531.24533954826,531.24533954826,4189.315365188038
VYD_02171,1.8080279879486247,0,137.50108594892683,277.88248791558016,93.14394694419799
VYD_02172,1.173144207589926,1,1500.639252258383,1500.639252258383,4783.492049675548
VYD_02173,3.1496237250302146,0,412.4736110568896,412.4736110568896,567.2839706309384
VYD_02174,4.387267586553491,0,679.2064494338756,812.1939930192372,1446.539052473758
VYD_02175,0.5019816881523538,0,588.514825585662,1255.7692747643712,1797.1910464421358
VYD_02176,2.69633973328557,0,528.6684139655672,1795.2906200511152,293.61230738825805
VYD_02177,2.003344371925691,0,46.16694095062425,126.20274520623177,4658.523193244215
VYD_02178,0.17526884110364363,0,301.7545290441986,301.7545290441986,296.06978539821574
VYD_02179,2.4970042168073903,0,259.2355570832474,457.98640426949663,104.56981140385174
VYD_02180,1.8303381812517976,0,294.90182994166156,294.90182994166156,336.99916263586
VYD_02181,4.501237166489786,0,274.7921753520232,663.1543528488335,272.78872988873457
VYD_02182,1.2799749909711575,1,516.7582485927708,1445.1820136343529,3886.5658610513424
VYD_02183,0.6929654708586919,1,130.18826796787664,130.18826796787664,4356.687581541491
VYD_02184,3.053534541517065,1,603.7625798904428,603.7625798904428,3042.835706221909
VYD_02185,0.8433543720487451,1,734.4320163742229,734.4320163742229,3847.223582476644
VYD_02186,1.3179033887927043,0,214.7419448477026,288.3348390305472,284.65716597186395
VYD_02187,0.6533999472763875,1,474.9152795668935,474.9152795668935,2650.7282969379935
VYD_02188,2.0361543428272983,0,166.92550677500725,166.92550677500725,724.4228090809444
VYD_02189,0.7705253709103372,0,1239.5010786783994,1332.193501487449,43.925872699628684
VYD_02190,4.998639869927283,0,914.2061928139719,914.2061928139719,1102.339553467642
VYD_02191,0.8825654832387368,0,69.15946262294906,561.5884123199188,204.69208186906002
VYD_02192,2.037025930287617,1,849.3759571889296,979.6069125547702,3547.8167392275873
VYD_02193,1.9386533570777462,0,222.5859222713662,343.2626211428983,870.3374276087278
VYD_02194,1.4452047405256603,0,287.6973638334345,544.4349885968267,1178.6908256872273
VYD_02195,2.466987243917966,1,1307.9309365342829,1931.7645393106468,88.09891035978555
VYD_02196,0.6608868673901679,0,267.41444305647855,739.9198844678808,248.60178758449098
VYD_02197,3.0082131632052658,0,163.68479835318144,362.5033073339634,143.47321981637793
VYD_02198,0.4320920431934578,0,208.29108590520278,208.29108590520278,109.44112292416423
VYD_02199,2.6105231785267504,0,482.46781286457724,622.2731884771381,395.3998047895256
VYD_02200,1.6360902345441115,0,390.7789884501682,776.5771016003566,1125.740277378629
VYD_02201,1.026073818368611,0,144.88335619388096,144.88335619388096,449.24183126265115
VYD_02202,1.2504194877534125,1,935.9938551464918,935.9938551464918,1993.5437564412541
VYD_02203,3.227464322915196,0,351.67749598145684,456.837161788869,4748.62181483846
VYD_02204,1.2387749358216649,1,286.70922236682713,286.70922236682713,5667.072604244188
VYD_02205,1.2466674644585416,1,569.9442321709206,569.9442321709206,1540.99859037548
VYD_02206,5.282908600149174,1,389.6908173619645,389.6908173619645,2608.965598641106
VYD_02207,1.712195600845155,1,251.37819542594463,251.37819542594463,5674.632705193603
VYD_02208,1.933710805957676,0,224.71064385919968,224.71064385919968,271.33516568943173
VYD_02209,2.3852401702617314,1,575.3510922637333,575.3510922637333,904.5414703103035
VYD_02210,5.030152992786952,0,832.1412064958763,832.1412064958763,1220.3343783795112
VYD_02211,1.0151063351975025,0,122.58540476609468,403.8324472334837,37.18581119209665
VYD_02212,1.0694255738253673,0,419.833423616307,419.833423616307,279.30230658648037
VYD_02213,2.1665132245203464,0,232.43765298219446,232.43765298219446,326.45055255829334
VYD_02214,2.583865703843836,0,1122.5728052377465,1122.5728052377465,1216.2220254937895
VYD_02215,8.582663512377849,0,1224.020072857848,1224.020072857848,1608.1223754568741
VYD_02216,2.149897417469648,0,235.3557981298705,425.526855059839,191.67673386875248
VYD_02217,3.4982338813698743,1,235.59653492841872,235.59653492841872,2707.3804756046043
VYD_02218,3.262372996742355,0,182.20627697939963,182.20627697939963,1761.5059847669816
VYD_02219,1.2320160816455,0,127.79911257329108,412.1976715500598,1092.926204958531
VYD_02220,1.4186946897509767,0,273.23755749243855,331.1465975526839,224.43599670818384
VYD_02221,0.6990030782519405,0,514.6694377526592,731.6450508062572,504.63861443513815
VYD_02222,0.9607455323300755,0,338.77823942355326,777.7991403326764,336.2185476711533
VYD_02223,2.0043034025739273,0,165.79083370954893,541.9947969591793,1039.2212417251117
VYD_02224,12.125829725303392,0,279.0494166646063,682.6125327059614,126.23680876750029
VYD_02225,0.689181289177751,0,136.90061933832027,921.8699857991988,136.90061933832027
VYD_02226,5.655148592958175,0,117.98568147648366,553.9628271229323,117.14730436860846
VYD_02227,3.2402752054842803,0,458.76671240780485,458.76671240780485,617.449400106533
VYD_02228,0.9937921606734411,0,385.3315138502673,606.4534708328094,239.2656200191695
VYD_02229,1.4871302374190196,0,329.27235484287286,695.6678977091968,328.9641279361747
VYD_02230,0.9070280032620822,0,421.26658195642074,994.9379646256842,420.1960464797344
VYD_02231,0.8268458200696397,0,721.283023791009,1167.0701410612946,1034.2516595857337
VYD_02232,0.6640632125716378,0,1352.8067196781958,1352.8067196781958,2430.4644016558705
VYD_02233,0.8137916146166067,0,645.3052934257397,820.2239511575929,90.57371806702626
VYD_02234,1.4463530604961101,0,571.7819694216392,1015.5682223934932,188.26198350504455
VYD_02235,1.8244061081682887,0,299.0487557810472,394.80318217112085,764.4536515115848
VYD_02236,1.3264599396691648,0,92.67451556329232,130.63801174868968,291.3928177736142
VYD_02237,3.9961591065519846,0,297.0754879731844,297.0754879731844,527.3877400155794
VYD_02238,2.56812812296074,0,408.51114084476393,1059.9044531310308,1419.3644610507529
VYD_02239,2.56496371350014,1,736.3781357695224,736.3781357695224,4415.223804415472
VYD_02240,1.7308417884994867,0,343.1134874269499,925.4577860182014,4825.496097596811
VYD_02241,1.9964211437064086,0,2134.001883001728,2134.001883001728,4617.268938926792
VYD_02242,1.289632958263235,1,1297.132556210525,1983.1870921564034,2123.225377676179
VYD_02243,2.0323051888930834,0,500.8363738190308,985.0197126984291,181.02040710530667
VYD_02244,0.896748620152035,0,226.52922803624998,244.11415292979586,215.2902257076104
VYD_02245,2.5816359315052466,0,468.3548634449735,710.9434627255181,467.3976104565316
VYD_02246,1.7722498320930296,0,228.93496981125097,228.93496981125097,963.6744199284536
VYD_02247,0.7945945243761189,0,307.95892117365474,465.7601869229553,241.85256527897894
VYD_02248,2.2744012386433288,0,105.51802257403028,608.7571892397239,1191.806929988549
VYD_02249,1.3444201376093836,0,327.5742111975793,385.8056439116658,1401.2648756868111
VYD_02250,0.7086816799389164,0,513.3171651260872,959.6310545457878,513.3171651260872
VYD_02251,0.8056336502183069,0,488.50038642247375,843.8941010325776,69.292524811576
VYD_02252,0.7586189704352913,1,704.9536215043807,704.9536215043807,4313.950692713453
VYD_02253,3.174747806582452,0,406.0688715841977,406.0688715841977,371.93121311530166
VYD_02254,1.513304274903428,0,570.2632159138652,1351.2894476669221,444.7671375501159
VYD_02255,1.3677226896973804,0,181.24128936681228,181.24128936681228,608.3242336655892
VYD_02256,1.8882782010809305,0,625.9289785698573,656.2216461379213,572.7523021014829
VYD_02257,5.285394328195097,0,331.7469552525445,389.62507648566117,341.6334480079605
VYD_02258,1.4376199156135199,1,1989.7285010987782,1989.7285010987782,4108.070399165457
VYD_02259,9.98446952613257,0,174.2019065802591,174.2019065802591,956.9257184774546
VYD_02260,1.0820550383642389,1,622.3556913390263,622.3556913390263,4142.274940024984
VYD_02261,1.0350118627536,0,109.36677586715201,109.36677586715201,268.3976411821146
VYD_02262,2.1830146222602824,0,199.52406948322087,809.5746062635038,86.16640031630202
VYD_02263,2.3131453678499083,0,95.99293004083296,298.3411223132348,94.63954121711473
VYD_02264,1.5030287493113035,0,267.4130004061113,544.217863134511,4663.837144118524
VYD_02265,1.3127975867133652,1,334.6437669289245,738.533301849194,2237.902176683628
VYD_02266,1.5593832020213114,0,933.8308468014916,1030.7284480376195,1342.4249407150833
VYD_02267,2.02703644605848,0,1162.8520187535578,1220.3681639999486,75.03554416112729
VYD_02268,1.5570771164090915,0,2241.0081107340484,2241.0081107340484,3099.545511567157
VYD_02269,3.902627912443199,0,167.00120792659402,167.00120792659402,1456.3672552852145
VYD_02270,1.1644082698998888,0,671.5843358292846,671.5843358292846,1779.0464575835042
VYD_02271,1.0176998419999,0,125.2741571435207,407.4384297007928,1237.2933565282967
VYD_02272,2.0303623580245387,1,707.6603904572478,707.6603904572478,1838.976324175087
VYD_02273,1.51450473562258,0,284.54970230076276,537.0903265440508,1500.3114940296182
VYD_02274,3.0612174003876853,0,170.20064356430908,170.20064356430908,1045.4896638718544
VYD_02275,1.602702465395002,0,924.9370610318175,924.9370610318175,1012.2790841280157
VYD_02276,1.060386879514176,0,148.8157213326205,148.8157213326205,204.417241011149
VYD_02277,4.358361397267121,0,524.8595225121122,524.8595225121122,832.7615581066349
VYD_02278,2.399055158755886,0,947.8429614313205,947.8429614313205,329.6999136449095
VYD_02279,4.800240636695662,1,1528.1799986706233,1528.1799986706233,2211.074238180665
VYD_02280,1.6830270775423997,0,312.6349005632005,332.1349730246102,986.8681199838919
VYD_02281,2.348528325314374,0,280.01296265336566,831.2366070237865,582.9269928245478
VYD_02282,0.6900187541029591,0,100.26656579857783,100.26656579857783,410.2422533658494
VYD_02283,1.5685887271362808,0,218.91596995585027,218.91596995585027,234.2544217678203
VYD_02284,4.825799748601256,0,801.2272015076193,863.0354626968739,463.86472634160873
VYD_02285,5.11515389403954,0,159.86120644324618,159.86120644324618,512.079985582002
VYD_02286,1.5505965523631986,0,300.162346760465,970.8025037426717,98.78523708367541
VYD_02287,1.1436284812444604,1,95.70466872032635,265.4673523387208,5435.577529167027
VYD_02288,2.995602023331395,0,177.3441830974042,298.7715845552269,237.39868300247164
VYD_02289,4.290575095656485,0,842.4951153889072,842.4951153889072,846.3611719640016
VYD_02290,1.1766536384116488,0,567.3202189829875,890.5746392262733,331.99954725839467
VYD_02291,2.9619001655261115,0,288.68368848888036,454.9894830797704,198.03392451763912
VYD_02292,1.268046639211327,0,764.5185820611491,810.886964958743,1418.1372145199996
VYD_02293,1.006446223680955,0,171.76608611675138,171.76608611675138,320.65874739889784
VYD_02294,0.730653670912965,0,435.91867459320946,650.6378059701764,423.7652074215712
VYD_02295,2.020712990898829,0,565.381804935886,1144.9422248900341,1172.3720364894305
VYD_02296,1.6969339318555194,0,302.04588778394196,809.3374225856567,267.4043618956646
VYD_02297,0.9701753328203325,0,375.19411063521443,972.1750925232382,1783.8303652360241
VYD_02298,1.2043655243543205,0,132.45205800402866,132.45205800402866,917.7945818096196
VYD_02299,0.8453042311666846,1,961.3275422919359,961.3275422919359,904.941759156287
VYD_02300,3.010059766090325,0,192.07224331815084,192.07224331815084,2679.5254427064338
VYD_02301,0.8127684135646713,0,188.83692738145163,647.4842482225455,159.26746872282652
VYD_02302,5.755934568693601,0,169.96733799807905,878.3641423166791,137.655735408357
VYD_02303,0.47685696815173567,0,1153.0871982266492,1286.3317975267903,152.4860388283366
VYD_02304,1.0037045008262273,0,441.1288933800057,442.70889370440466,98.71029076535416
VYD_02305,3.6603160498698877,0,201.93012005023473,436.24814186659336,362.1940957489505
VYD_02306,1.5664657350318112,0,738.0926314682522,1090.4273968500963,91.26366430891892
VYD_02307,4.193378929587816,0,233.23570844848314,489.3196018458349,107.7145201962541
VYD_02308,4.918906308250164,0,777.6194821089737,777.6194821089737,499.78549281496413
VYD_02309,0.9309431895295602,1,585.0160500768659,585.0160500768659,1218.4529498730165
VYD_02310,2.916769419271714,0,425.40071815200804,790.0995527535661,193.01588543088238
VYD_02311,2.3903979349140814,0,1342.221315212019,1429.0058424363338,1773.4783322961039
VYD_02312,3.451063556115163,1,787.3685813092912,989.5077641514588,3547.106556698424
VYD_02313,1.877944903453612,0,1181.6536737152442,1741.9815246302824,2587.671512470801
VYD_02314,3.3580082925157733,0,184.3667235322701,184.3667235322701,907.0896053622124
VYD_02315,17.648814501064532,1,1188.03704377633,1573.7717563122917,172.06377921003303
VYD_02316,2.032302316589034,0,799.9635349151374,799.9635349151374,315.82111461622225
VYD_02317,1.8932060186059898,0,537.681916564251,1134.7675791035274,2553.8867000634527
VYD_02318,1.763721286778543,0,1223.2316924150273,1223.2316924150273,2607.550153937758
VYD_02319,1.3317663622104015,1,193.98218506659188,313.0543700125847,4578.369087694725
VYD_02320,1.089059911999817,1,502.51122358071774,502.51122358071774,2625.9197196209107
VYD_02321,1.6376710892819542,0,153.06511834540635,689.8682878930128,69.42688589726072
VYD_02322,3.474353733871904,0,401.34802634568894,401.34802634568894,472.68932088201535
VYD_02323,0.6186876274328443,0,265.1642956285799,544.1977463570415,264.7837920909648
VYD_02324,1.9383384379868007,1,1639.8143368739434,1639.8143368739434,4160.290302019875
VYD_02325,3.706451386543547,0,636.4844413137522,636.4844413137522,195.43166641123062
VYD_02326,7.706394398086573,0,1035.62507252442,1035.62507252442,524.4240087131819
VYD_02327,0.934187592097408,0,893.402522766861,1139.238696577921,1363.3748611034475
VYD_02328,5.8157855289408396,0,328.18598085940073,333.76899303722956,3225.0198213668523
VYD_02329,4.650391614042276,1,240.95072569549305,240.95072569549305,1592.83876210848
VYD_02330,0.7475847658508055,0,568.2626955144783,1619.9689460892375,832.1930631804413
VYD_02331,0.3009361704157154,0,869.3534280411674,869.3534280411674,1096.0131949930617
VYD_02332,3.014457207047321,0,346.4157997518069,386.58046286275294,336.56698943379155
VYD_02333,10.270112194347963,0,706.983468377068,1004.3812012363013,590.5534323386831
VYD_02334,3.110450788655946,0,303.37530085837835,575.1894940577924,300.51441021052904
VYD_02335,2.535786346286869,0,270.09264887267193,509.2942634950648,262.4289789476984
VYD_02336,3.6885694468139323,0,263.84931418848987,263.84931418848987,478.287029808242
VYD_02337,3.435876397338618,0,463.80114124289065,463.80114124289065,1028.1445743972658
VYD_02338,4.648677591496521,0,640.0066422806198,640.0066422806198,653.7699812645399
VYD_02339,2.7090410918122303,1,938.8291506948524,1398.8215138149876,4069.184880911809
VYD_02340,1.050211761261258,0,163.82013738073425,163.82013738073425,564.5153362452331
VYD_02341,6.840925880629809,0,923.7307605284332,923.7307605284332,457.455457597402
VYD_02342,0.6396106589794531,0,477.00699676069974,623.9473174958267,530.9498092044923
VYD_02343,2.957102991060498,0,158.0543178798431,158.0543178798431,721.7665516386547
VYD_02344,1.2793666396623948,0,130.94512744619948,299.8144529493328,130.94512744619948
VYD_02345,0.7341322753214213,1,78.8599098145853,610.638967346206,90.01846101136516
VYD_02346,5.418297297578415,0,135.60426958103588,531.0854597175245,139.1969497244543
VYD_02347,0.9237745532753241,0,1084.809050781211,1084.809050781211,341.7254494899592
VYD_02348,9.239758672337766,0,1101.9388951364717,1615.83516416278,1597.0300529385913
VYD_02349,1.0850080510134201,1,522.2628835654654,925.3457486385281,222.10983688440416
VYD_02350,2.974969693371972,0,264.88133808599173,654.5676490445803,863.0050017043374
VYD_02351,5.398270014788355,0,314.775330392908,314.775330392908,479.1616851115738
VYD_02352,8.959475041218129,1,934.7352972248866,1141.8144611382322,694.3847941087644
VYD_02353,2.211183470094818,0,411.48070732729354,411.48070732729354,1132.8357688384176
VYD_02354,3.9503137164180693,0,250.01936998475935,485.1682975090994,119.60816358251022
VYD_02355,1.3890229897884927,0,161.90865066782027,161.90865066782027,319.2917140833807
VYD_02356,6.370617864901053,0,316.9662640936381,695.2135942360256,267.1838863419334
VYD_02357,0.7729860327668298,1,1177.0540159343686,1177.0540159343686,4578.024253106034
VYD_02358,1.6766232483394152,1,1050.9788120154296,1050.9788120154296,4667.01056908142
VYD_02359,1.6594142413246613,0,1026.5841634997578,1026.5841634997578,2623.733722998574
VYD_02360,3.235103161661339,0,218.1120790411264,218.1120790411264,741.3715734058022
VYD_02361,2.6642637117788004,0,904.6869348514995,1158.8655513791145,148.34615191933784
VYD_02362,2.6224426485348036,0,404.2899231031103,688.7582002619089,391.96478514411797
VYD_02363,1.633617680114487,0,359.82379473494365,685.9440346483774,851.5702625033678
VYD_02364,1.1350445232473045,0,196.94262304649007,196.94262304649007,1135.8187849102126
VYD_02365,4.552042500448339,0,876.3407364742649,1627.8374310244378,1551.161152925141
VYD_02366,1.0322937576756472,0,190.49782607625468,342.6240110058311,878.9504289394861
VYD_02367,2.7090493147991435,0,237.7165609353886,556.7612202972506,235.76877587102265
VYD_02368,0.9258710321400521,1,513.8878715610651,513.8878715610651,2135.208676778528
VYD_02369,5.071176836794843,0,250.3260458563731,389.25154058408515,1551.1836069293718
VYD_02370,1.3072214015300874,0,528.5898131908018,1009.795211147121,167.35725652614352
VYD_02371,2.206309244647444,0,67.90290280400262,320.88507734845183,67.82409982295837
VYD_02372,7.785065593493742,0,353.36831614962375,353.36831614962375,692.003364947991
VYD_02373,1.0147243445495628,0,751.0746228530583,751.0746228530583,1141.2162197634466
VYD_02374,5.9390008685354445,0,206.0466151406324,769.8004683491476,160.514492170238
VYD_02375,0.7165212098474836,1,592.4518745322808,945.0417798354498,301.11149340152514
VYD_02376,3.6421304316263,0,507.33162670065366,672.9570437673947,629.6340085025402
VYD_02377,1.7915539362641495,0,118.32189922037237,118.32189922037237,685.2299969173613
VYD_02378,4.938527880081891,0,649.2762537427485,669.6011610874868,436.85365292767335
VYD_02379,1.2846347534206077,0,449.9586978242396,449.9586978242396,731.6562621147514
VYD_02380,1.302110115609703,0,656.5614418320212,1275.3026292657482,495.2169086330722
VYD_02381,0.8826027239683366,0,499.9871936673412,499.9871936673412,1277.582570601407
VYD_02382,1.7894030505342908,1,606.9316055363397,606.9316055363397,4304.002990048408
VYD_02383,1.9444554056510108,1,148.03967972078777,148.03967972078777,3731.821806382812
VYD_02384,4.095714279420815,0,263.7234418000545,738.3263354409177,260.96065718495703
VYD_02385,5.55626800106279,0,961.4870603141374,961.4870603141374,1320.84423878763
VYD_02386,2.4323927217620493,0,324.7893650836533,843.4098992483889,312.8211287500758
VYD_02387,1.9722692604108274,0,498.24599320560554,498.24599320560554,609.8566031663487
VYD_02388,4.863739325162545,1,471.24346435105747,471.24346435105747,681.2278807243914
VYD_02389,11.569503584256099,0,314.17972469436546,314.17972469436546,454.046843224488
VYD_02390,3.5916082935528544,0,285.41058180012243,648.1225066203045,263.39489249778825
VYD_02391,1.9131284016615728,1,1505.0092520622907,1505.0092520622907,5414.174555474055
VYD_02392,2.567828118326604,0,110.81782060383337,406.62581877769105,901.6610699475774
VYD_02393,4.309690036278119,0,423.05204009385324,486.87070062696955,2312.3133170362253
VYD_02394,4.831415722265753,0,396.9717294320539,396.9717294320539,1236.157709882622
VYD_02395,1.7836927820013382,1,67.64599321869599,1438.0318763441187,3735.377902455944
VYD_02396,1.2952861541756586,0,409.4462164630864,1467.1235576166293,291.39818109533115
VYD_02397,0.3383466861812819,0,1127.9417250986803,1337.2657609876032,1322.4510790195602
VYD_02398,0.9667880013805444,0,418.28983441144334,610.1127972850237,51.556013928187326
VYD_02399,1.1778307947756725,0,200.9582540521305,200.9582540521305,903.6943229509785
VYD_02400,0.8142484050001665,0,170.86897216002234,170.86897216002234,757.9477987752985
VYD_02401,1.3571054879979854,0,567.2998654676704,567.2998654676704,1432.0181334240733
VYD_02402,2.2428648244384943,1,446.8958827005812,446.8958827005812,774.1583087101906
VYD_02403,0.41522129725443646,0,62.10775356251039,416.2741553477212,47.920362182853935
VYD_02404,2.994344460904759,0,466.7894535180107,822.462418563222,1215.2869654543554
VYD_02405,5.912523711249549,0,589.948294565058,834.2565937825533,501.6784426716837
VYD_02406,2.0570216343714716,0,307.35437657081934,307.35437657081934,463.1132485541181
VYD_02407,2.172057989245124,0,117.15677377267836,978.5805456204711,1338.119689859872
VYD_02408,1.4604545333608079,0,313.23407119216813,481.0227985137003,236.07997931259342
VYD_02409,3.3290233293403895,1,308.9234937786762,308.9234937786762,5733.26283518113
VYD_02410,2.0049979085059575,1,1635.8472304541474,1635.8472304541474,2387.126020087146
VYD_02411,0.9608789659385635,0,201.6773466654545,391.1354041172475,1011.5543832446847
VYD_02412,6.231832059104202,0,316.9142012435404,316.9142012435404,2123.0995772308333
VYD_02413,0.5230205090161011,0,391.8068553087979,1413.1700652783707,142.3846547179149
VYD_02414,1.3426695885072033,0,325.91789794008645,871.4207305600049,271.4509969784239
VYD_02415,2.8662593011948245,0,167.72303657344696,167.72303657344696,900.4699333210237
VYD_02416,0.6239022627247571,0,181.1934910061318,1017.3672830310063,158.85324273989264
VYD_02417,1.235222190631371,0,676.3840901022958,676.3840901022958,623.0831579549421
VYD_02418,2.6555141531124358,0,301.5289933569114,301.5289933569114,1270.696565370746
VYD_02419,0.7519138936263109,0,811.4084958297259,1007.062569303923,1248.2438304121388
VYD_02420,4.531960955990288,1,541.2681710693945,541.2681710693945,4971.980600351381
VYD_02421,3.2883828793103174,0,103.94293414220255,103.94293414220255,127.58648540027677
VYD_02422,2.3323021434697866,0,193.643771176467,375.4622879113346,193.54584007733695
VYD_02423,1.8794570804092967,0,789.8708009819323,1505.6791378886116,1617.9109753293521
VYD_02424,3.2912954735760898,0,282.1478384304486,285.2296024193309,1667.7995790954815
VYD_02425,19.813926039384825,0,254.14639829644995,254.14639829644995,494.96166337282864
VYD_02426,0.6328385097719608,0,158.1155025018154,324.00184533848426,64.68323160046633
VYD_02427,0.7447455044704024,1,613.4064487249353,703.9479613218573,1355.1475056591196
VYD_02428,0.77765663271928,1,441.214430555668,441.214430555668,3365.591158969723
VYD_02429,1.5987486933240012,1,1413.9471856457196,1413.9471856457196,5436.010132450853
VYD_02430,0.8864380300583767,0,353.9760505397893,385.50219317031775,352.3250437441302
VYD_02431,1.059376296862309,0,132.96083530671,132.96083530671,423.72797060759353
VYD_02432,1.1428991362583931,0,99.84856809098804,2071.4549414692515,1377.2515860977142
VYD_02433,1.5721829859976701,0,232.3106561351869,232.3106561351869,137.95122747589684
VYD_02434,4.860877945260012,0,526.560551808173,838.4570527412261,470.12546745633887
VYD_02435,5.45152667303927,0,292.2891322515878,441.03760297553595,133.71489523826656
VYD_02436,0.7347701905843663,0,731.2068268534396,1799.129486441663,704.1943667896242
VYD_02437,1.7863112076398684,0,967.7119502811195,967.7119502811195,363.44269617762046
VYD_02438,0.8524774419632378,1,512.0078889963833,805.2982430587019,474.3739646869088
VYD_02439,0.6470299226426378,0,245.94925733392262,640.4991950801924,194.08668456763027
VYD_02440,2.7045956590139246,0,358.26947200827595,358.26947200827595,1379.6293051219423
VYD_02441,1.846449679606959,1,159.83073567901297,396.3843403935504,1854.9125501850806
VYD_02442,2.719418321617362,0,877.3720857966621,1042.633325745385,850.4331794649778
VYD_02443,0.6114995336025588,0,196.46962561847639,196.46962561847639,2774.9676933057176
VYD_02444,2.8876612305002283,1,647.088075829133,815.3445480042255,3086.4261541944293
VYD_02445,4.076270557965165,1,571.8266989727379,571.8266989727379,2584.5555906667737
VYD_02446,0.6555956429061233,1,304.0824700060247,325.45159739299567,967.2629776875481
VYD_02447,2.631937835841701,0,554.2832515662938,589.9860494601354,143.02611136344714
VYD_02448,2.542628053877024,1,188.84844541596757,188.84844541596757,1128.5952238430912
VYD_02449,3.295149918357451,0,276.8072628433514,276.8072628433514,87.63395791865388
VYD_02450,1.9683736291332654,0,545.4567876816149,545.4567876816149,1019.3569741406694
VYD_02451,3.3629180627849373,0,159.89510942622564,159.89510942622564,2711.9670307635884
VYD_02452,2.2978217832665626,0,692.2984004763687,692.2984004763687,1029.6664452083166
VYD_02453,0.7585626117252975,1,416.4680092737357,656.7375524217258,4486.626886078732
VYD_02454,3.9510717852957415,0,208.21773182636846,208.21773182636846,1021.160916267062
VYD_02455,1.1402692374031378,0,328.09687244178326,328.09687244178326,409.5961542148284
VYD_02456,1.1599977563093338,0,183.03500039913635,860.4893913865875,171.25648730443447
VYD_02457,1.1518088504126618,0,123.02507221636213,216.4190046740315,121.19174786057503
VYD_02458,4.294652552022834,0,136.49705053353958,657.5359757026698,87.53848887993188
VYD_02459,1.2857307725473548,1,143.79880290501293,143.79880290501293,5424.8666704684065
VYD_02460,2.5747100505897036,1,471.9261149747986,471.9261149747986,1551.0869813066083
VYD_02461,1.5546941977938822,1,629.1878772297254,629.1878772297254,3198.3205794476135
VYD_02462,4.4867354561058095,0,143.32551724833556,143.32551724833556,307.461967884077
VYD_02463,1.3570916523304655,1,258.1216239210065,258.1216239210065,3389.732568726348
VYD_02464,2.059302454511373,0,113.60290748260617,113.60290748260617,304.07567828672575
VYD_02465,0.9346170798577821,0,209.69549076090573,598.5362708934963,49.81211071442737
VYD_02466,1.5635656599325103,0,766.4929785945981,882.9415865391272,1494.648476965864
VYD_02467,6.961671636589858,0,280.78648596530275,459.11125577398224,280.71845165435514
VYD_02468,4.652645136515949,0,969.7132141438099,969.7132141438099,595.6310673561577
VYD_02469,0.663776823507777,0,313.87933966229116,430.1456543469133,129.5263473345299
VYD_02470,1.2469322368637716,0,745.4789451606047,1265.9759679392068,1650.0805991906032
VYD_02471,1.701035998968972,0,691.698369932806,1108.3243269061709,1847.4344507712412
VYD_02472,0.661999224142908,0,834.9890544419821,2751.3174221919744,1892.4300975955052
VYD_02473,5.539198396932412,0,242.82146599939907,242.82146599939907,473.8549080892796
VYD_02474,0.7194998554435038,0,512.5270317472036,881.661381007507,358.6427900567254
VYD_02475,2.958055073641667,0,416.8919010755135,490.3672566672942,274.04170303875117
VYD_02476,1.5324246226439182,1,812.3443454462002,1135.1878278536346,421.471932081596
VYD_02477,2.9266999042584927,0,97.90397196255121,97.90397196255121,474.68836416798035
VYD_02478,2.7299949730769657,0,741.758358055947,1281.3081920705379,671.83888469596
VYD_02479,1.789528980563876,0,303.71954010069396,303.71954010069396,714.9637222484013
VYD_02480,2.380201182908311,0,428.13530680736466,643.0422201947425,150.88838642848475
VYD_02481,5.0782468639039955,0,340.43477762258857,613.265512158615,1554.2403449913127
VYD_02482,4.1564851831793685,0,816.2429150140773,1574.1282318544932,3129.562607994549
VYD_02483,0.9046069618568799,0,209.06895355653973,808.9418869195935,4531.108267522079
VYD_02484,11.863118318698419,0,181.90886442823094,181.90886442823094,675.4316580348573
VYD_02485,0.6896424989980331,0,1148.2850912661563,1333.3299746914875,282.7835266164631
VYD_02486,1.5870441588674322,0,489.66906441023616,676.6044453949594,436.72971125096666
VYD_02487,0.7036059862495422,0,643.3135046407373,643.3135046407373,567.3681809668145
VYD_02488,5.3774141323437945,1,592.9147656293081,986.800299930354,3431.973511699064
VYD_02489,7.475214090023516,0,164.57019473287167,164.57019473287167,222.85978797921078
VYD_02490,1.4638194439326406,0,639.6766404835039,639.6766404835039,1508.9221111536588
VYD_02491,7.587898908313891,0,232.4018347927842,742.3068964654186,207.29551886767706
VYD_02492,0.5554667799769122,0,282.980716234012,282.980716234012,1432.9122606744645
VYD_02493,2.3696284610219185,0,301.72904682369887,301.72904682369887,1334.133737248667
VYD_02494,3.149900403275817,0,339.11073951733067,462.94085071720156,339.10912126331345
VYD_02495,0.3424861951641056,0,376.0962584562627,489.4091789225326,412.1550313865362
VYD_02496,4.590988665204083,0,478.79995694546574,647.2732400854662,492.7163677445719
VYD_02497,2.5595825739277704,0,203.05945260206195,722.9844704669011,1537.7147701771416
VYD_02498,0.7078318918262873,1,512.5846011956287,512.5846011956287,1271.8058506412162
VYD_02499,1.6498713426977385,1,1149.9305924910932,1149.9305924910932,5230.918785566834
VYD_02500,0.5458702146082905,1,248.82560192822524,473.0903235772851,208.2404131496171
VYD_02501,1.8173765603843106,0,337.06097494282545,696.3616824821312,919.5755831507523
VYD_02502,2.216335099429243,1,745.1229787121043,745.1229787121043,931.3164707205091
VYD_02503,1.697362712952403,0,304.20023596293044,933.9564356907736,2612.7193660493494
VYD_02504,3.0793178536703536,0,175.57653672919255,175.57653672919255,1151.4416953277155
VYD_02505,1.3337546658854562,1,334.5703681309207,334.5703681309207,1373.0761008967775
VYD_02506,1.6620047291254039,0,474.73979745772107,474.73979745772107,1561.8757381691278
VYD_02507,1.3680254358475543,1,1478.6742001169198,1528.7520944684588,2143.160253051011
VYD_02508,0.6233457616676674,1,182.3785222823398,491.6888913587365,483.7942076621033
VYD_02509,0.7538614095912629,0,615.5891917012725,615.5891917012725,1502.7263102672787
VYD_02510,2.1473223583711913,0,224.84592388583894,466.0181482970801,170.70537827514423
VYD_02511,5.412580112701519,0,201.5687179258896,930.6486331071112,201.5687179258896
VYD_02512,0.9040787543159219,0,86.82864011428299,341.5108162103099,68.99022327898786
VYD_02513,1.0407006347829677,0,250.57455919832492,655.7392422722934,209.9378843447527
VYD_02514,1.7161840571387115,0,492.6717861550937,492.6717861550937,1945.0567618844098
VYD_02515,1.6593514922228987,0,458.64727516636515,470.29353362005645,770.4175328425446
VYD_02516,0.6325266783219131,0,248.31338104480355,769.2057516704446,84.0539994852819
VYD_02517,8.00113254609262,0,232.57667524598145,346.67836483217894,230.806583233853
VYD_02518,1.4593742264668916,1,254.86369740399155,254.86369740399155,4676.842585709927
VYD_02519,2.4756288372144613,1,600.4710457760737,714.3804800510449,688.5244148139564
VYD_02520,1.9658502831650082,0,2226.4574885639463,2226.4574885639463,2894.303601273997
VYD_02521,6.158669378098251,1,1323.3151398706868,1928.781754181975,535.570123670941
VYD_02522,4.289002920326193,0,120.00117876850399,331.4367985360722,120.00117876850399
VYD_02523,4.3810406371275255,0,275.4735730340449,275.4735730340449,271.34317340095475
VYD_02524,3.0958905968519637,1,587.9469475059734,587.9469475059734,699.3563904722641
VYD_02525,1.094899486436021,0,1881.1034005901602,1881.1034005901602,2801.85479267892
VYD_02526,0.9523405565441891,1,1325.0482630259585,1325.0482630259585,2697.7569917014944
VYD_02527,2.2706022023771846,0,422.62455631851464,459.6875566194114,284.8044139952344
VYD_02528,2.8561152072252627,0,376.9363327106694,545.1872798209424,330.181522472527
VYD_02529,0.9439598520037971,0,445.7007986577895,499.54285751308424,442.0476759132103
VYD_02530,1.5491318021427471,1,557.3029349595572,557.3029349595572,484.79318187837254
VYD_02531,1.1899981755241806,1,45.7425978024219,532.517927146371,829.3199386861951
VYD_02532,1.8581236993818886,0,394.68042301338204,451.15698056379966,390.67115935387403
VYD_02533,16.934547873693255,0,934.2448087702426,934.2448087702426,965.5879930159674
VYD_02534,2.718933688543649,0,1233.9221976639492,1294.5815070414326,950.3269697792849
VYD_02535,5.390429191466143,0,1254.4486771128097,1293.3254511274192,186.66237945795723
VYD_02536,3.2738694471485315,0,356.26784783517775,356.26784783517775,1369.620871792029
VYD_02537,0.7678453701712484,0,322.2749166211091,408.6477866461292,896.2263649579975
VYD_02538,1.2068645870244135,1,1170.429583644533,1170.429583644533,2427.732499301
VYD_02539,1.0671300660234526,0,524.0796146397663,524.0796146397663,760.9480660769343
VYD_02540,4.37371551908846,1,1575.6634150415293,1575.6634150415293,4475.599850032297
VYD_02541,0.8070940538653948,1,256.78156041101033,933.2093418883645,3421.151285081659
VYD_02542,1.9447676695275713,1,2353.687306473995,2353.687306473995,648.5131210894824
VYD_02543,3.011195054040894,1,828.2435169221201,900.5286937627604,3569.640263927215
VYD_02544,5.975792366669756,0,275.8188154001892,764.9191440818054,207.62454749686984
VYD_02545,1.0807693843602526,0,770.6550528651771,1011.5304199201124,768.9374627673138
VYD_02546,3.2959725353002205,0,296.595905807922,296.595905807922,1053.3847858923768
VYD_02547,0.8499266174890314,0,390.0242018671579,1330.0391893874087,236.65747612773976
VYD_02548,5.198183754421422,0,503.2802921386973,593.6394999679355,635.4528259110053
VYD_02549,2.088321169491828,1,501.253880323458,501.253880323458,1219.5839862524674
VYD_02550,1.0186006050842598,1,245.87425228605753,245.87425228605753,5568.461356718956
VYD_02551,2.9153991146974403,0,905.397959439689,905.397959439689,606.8650204533185
VYD_02552,1.3531463964406172,0,991.243547997354,991.243547997354,198.62782574680602
VYD_02553,1.5444461827806175,0,418.7819096741918,469.58775348637863,393.63404028866813
VYD_02554,0.717450833914768,0,343.26424384078075,343.26424384078075,1422.3878583276307
VYD_02555,0.8675319856955884,1,422.9818083699519,422.9818083699519,1762.9471380095788
VYD_02556,1.6012082185587764,1,398.9055216097371,398.9055216097371,3142.7798604229015
VYD_02557,1.597171093300702,0,1030.2049881305038,1443.4562352132943,1030.2049881305038
VYD_02558,3.222723185357006,1,395.935241471974,395.935241471974,386.17109537315224
VYD_02559,3.8095195271817412,0,342.01448995127623,458.2970470348453,245.7501941685687
VYD_02560,1.43223182771217,0,918.6175775509375,918.6175775509375,1212.9798682734177
VYD_02561,19.05762095057258,0,350.8348424916583,350.8348424916583,870.1645601824339
VYD_02562,1.7454649100415154,1,1060.4120386777581,1060.4120386777581,3221.2468203742933
VYD_02563,2.3926423593460253,0,763.4918897685603,763.4918897685603,1300.886746818552
VYD_02564,1.428101884625508,0,321.92221633030715,321.92221633030715,553.7927622710196
VYD_02565,1.5726370291178762,1,856.5926858631451,1181.8461997230315,3357.673484500774
VYD_02566,1.5422382464857127,1,680.486785102581,680.486785102581,1377.2719358115733
VYD_02567,2.6927658785962754,0,308.3152483559454,701.1614286125242,1027.7586389009602
VYD_02568,2.410918506986214,0,445.2456466443104,445.2456466443104,554.3594600703935
VYD_02569,2.0970244321431277,0,118.62391081453517,789.8461522363798,102.72412997866897
VYD_02570,0.9290849897573413,0,107.37961765949476,446.2021771944654,153.62486622181243
VYD_02571,5.732013410438986,0,219.05085039969225,494.93097636674594,766.4239318404071
VYD_02572,1.398106956693366,1,436.5524667310236,468.3405729815753,489.2269191809018
VYD_02573,1.2226750902423995,1,356.21876433649055,776.8691234406589,69.06013200299779
VYD_02574,10.437711724720149,0,279.8555124125523,279.8555124125523,567.4207663159868
VYD_02575,6.076185479442077,1,1445.7822979284815,1445.7822979284815,5020.840244259765
VYD_02576,2.8218469273657143,0,87.29494247529212,87.29494247529212,357.7091054747072
VYD_02577,2.366992249737025,0,402.8065675255703,402.8065675255703,768.9977666478794
VYD_02578,2.6980555242443542,0,53.97026968420521,53.97026968420521,368.68068724519736
VYD_02579,1.0666891048378297,0,225.33311384700156,225.33311384700156,1547.9164231663954
VYD_02580,1.303672437974379,0,447.93495894149737,884.2179626103746,2027.545880347146
VYD_02581,1.317338655216927,0,113.55413573851081,344.1452777696723,92.51888345695811
VYD_02582,4.599994990212236,0,501.66414865257013,523.7405311149628,497.7337396368855
VYD_02583,1.1093843256581781,1,575.095951160933,575.095951160933,1249.366206351893
VYD_02584,1.8252162336863362,0,156.3857055539288,156.3857055539288,195.7694606526036
VYD_02585,0.7084532001596259,0,2126.3720269738624,2126.3720269738624,3366.7039015368982
VYD_02586,1.4094220062249243,1,105.89010932490532,186.76871190911194,72.695831441094
VYD_02587,0.8520009948956125,0,1103.4260398670178,1584.7521687633134,2531.128538976157
VYD_02588,2.376193827977577,0,343.22796255762955,343.22796255762955,146.07001627338255
VYD_02589,2.4976234802539725,1,119.7372000289149,1341.5055493116968,3546.592139596502
VYD_02590,0.7265485266768247,0,166.84876404119964,166.84876404119964,1067.7504781779774
VYD_02591,2.6006644108913535,0,191.02930406556916,974.4782398701997,97.23821333647788
VYD_02592,0.580482592772233,0,278.51259151255067,452.4739423600022,149.21539311666533
VYD_02593,1.9432285305158588,0,98.02185638873807,98.02185638873807,147.8865736518702
VYD_02594,0.6460646425110437,0,378.9314104479406,560.3511335195935,424.41468864765926
VYD_02595,0.9436588065600007,0,485.5059587408571,1856.594291429058,1043.6429613703199
VYD_02596,3.7245668802436356,0,80.26440708551186,199.33191874541893,187.8724641001782
VYD_02597,4.211717302205949,1,1100.5106488083788,1355.5816775523567,670.6784151007035
VYD_02598,0.6267024243504056,0,861.5404143601111,1029.2915529580362,154.72127691729438
VYD_02599,0.8068637960824352,0,177.8088001751837,285.4371658086517,437.86194129174527
VYD_02600,2.9014173580193527,0,210.42906005759082,428.44555525673996,128.80444038899358
VYD_02601,2.2434818911840146,0,221.8449757673115,221.8449757673115,624.2875989114107
VYD_02602,2.3955688271847486,1,1128.34823480188,1703.831229631434,422.1361488624626
VYD_02603,2.6709841403191503,0,786.8353711956695,1041.740081266648,1352.1958281430266
VYD_02604,3.2714931824040656,1,1292.7846262887067,1292.7846262887067,718.6112943653735
VYD_02605,4.291732015606416,0,217.22115862909513,217.22115862909513,387.961948844627
VYD_02606,0.656953659639986,0,351.2770694892896,351.2770694892896,141.54573348028336
VYD_02607,0.9332956237858103,0,310.5550497431502,454.30356152221884,295.12205320096945
VYD_02608,3.7597225595873804,0,182.67810525810123,182.67810525810123,381.51131195694177
VYD_02609,2.355793730310745,0,541.429790179758,1466.4310286905936,475.8171841290361
VYD_02610,1.2058236281192087,0,151.39273481759307,151.39273481759307,99.44937813330776
VYD_02611,0.6742228163653349,0,328.8850777194612,425.9536859778561,865.6456830492519
VYD_02612,3.497065465802465,1,518.9506201066256,518.9506201066256,1072.413746933374
VYD_02613,2.098472402519001,1,771.7894837076535,771.7894837076535,2047.090558108866
VYD_02614,2.462796697627483,1,1315.7578136392542,1315.7578136392542,5256.045529498362
VYD_02615,1.8827528162136986,0,448.788899502405,479.845580051587,94.19542716007454
VYD_02616,1.2007235120259463,0,681.3496917013507,1804.6696414785047,1414.394755529075
VYD_02617,0.6346351681781681,0,563.4663096014174,585.0166105046318,562.0883281282814
VYD_02618,1.6924971244810076,0,331.80546030135025,331.80546030135025,2775.021529141784
VYD_02619,1.3510815177132591,0,116.43976117977257,601.8356221876126,69.03935602464352
VYD_02620,1.0376089917017974,0,81.35306851379359,461.70277885376066,91.88585737727222
VYD_02621,1.0844132216461961,1,157.14941250677072,157.14941250677072,2123.0534293284923
VYD_02622,0.683504895795629,0,222.98278711416992,222.98278711416992,881.8796552274164
VYD_02623,4.501249163874635,0,365.5687028289256,543.5452167866024,346.8395790177723
VYD_02624,2.3332372178013028,0,114.98592335570855,114.98592335570855,896.8398857590388
VYD_02625,0.8633107106463828,1,620.0023474034219,620.0023474034219,3927.8094281854246
VYD_02626,4.881908981014435,1,395.98856856877273,1076.371724980927,3252.919386428491
VYD_02627,1.7809608353854258,0,581.099218051554,581.6318611402019,506.7296359303392
VYD_02628,6.88911276802339,0,214.2373169308374,214.2373169308374,240.44823457632984
VYD_02629,0.921449266048372,1,659.1497211583492,659.1497211583492,1111.177660013529
VYD_02630,2.076193223671468,0,439.3665440948985,739.3929692173054,433.3747395441554
VYD_02631,0.7730628095467017,0,723.5414723344635,723.5414723344635,1069.2919362189443
VYD_02632,1.9803676498715554,1,292.6884409064172,292.6884409064172,1457.7616673079744
VYD_02633,1.613908531667008,0,315.5246923941777,1050.6317096566502,314.2605168536808
VYD_02634,12.441784586952664,0,597.4398708167845,597.4398708167845,1197.0084214203011
VYD_02635,2.3900242037635255,1,490.55681151512204,490.55681151512204,4410.274292657289
VYD_02636,1.1893832581874315,0,537.1039681291106,680.9580467917954,497.7419226078771
VYD_02637,1.6653056014694034,0,875.1676621642234,1488.1836146951532,147.54825281144005
VYD_02638,3.6086639173446007,0,478.8486898358122,495.03581969642215,829.0640246733346
VYD_02639,1.2434086670802436,0,249.05556087988708,249.05556087988708,985.8469950529108
VYD_02640,0.8117906444826272,1,580.3443449392602,700.9705643899412,1060.1366457340675
VYD_02641,1.8947830558398822,0,148.17630306020635,148.17630306020635,261.51688170705444
VYD_02642,3.9503438820856935,0,563.9605845867756,990.504358577389,560.9008842433559
VYD_02643,0.8129748380872807,0,220.6421429554903,354.3819979543543,103.62323735662217
VYD_02644,2.3962244625845415,0,297.2011321728296,695.188988306486,88.38836798343202
VYD_02645,2.9745113943491277,0,368.92204261417913,979.631937194184,1370.7992780079815
VYD_02646,2.2168072944050166,1,350.39935192404806,350.39935192404806,4782.238883520758
VYD_02647,10.33573116632646,0,803.2060165249366,803.2060165249366,1314.4257779886702
VYD_02648,1.9103057824417897,0,480.83788982134615,1240.16454054409,3206.569210808713
VYD_02649,7.465504147785867,0,260.73606823097657,711.1323123077735,602.3473460924648
VYD_02650,1.2728318296098293,0,383.8176596043956,383.8176596043956,1763.1933367678512
VYD_02651,0.6165819687815698,0,775.6299041784091,907.9681991861652,203.8948344898367
VYD_02652,1.4327837106274905,0,201.52796489516493,201.52796489516493,2597.9168446378976
VYD_02653,8.639086816740774,0,201.62848186790313,437.29613198887836,1271.6895794211464
VYD_02654,1.8547973936124054,0,1333.5632839702776,1333.5632839702776,413.0550393641559
VYD_02655,4.258552523015751,1,262.008309710689,332.84900333469824,2683.537414396295
VYD_02656,9.030897133648793,0,440.2019264180933,440.2019264180933,1257.2752796525024
VYD_02657,1.0367518072086856,1,921.2535477044127,921.2535477044127,933.1417479794917
VYD_02658,2.177596389237859,0,172.78188061854308,235.78370666257032,465.63194685817194
VYD_02659,5.190647746516699,0,309.42658228569326,309.42658228569326,550.2612070937877
VYD_02660,1.1542444303658457,1,1253.0885876088687,1672.8061843228147,2223.4479138827073
VYD_02661,1.891531965155358,0,155.30191672076668,155.30191672076668,256.98805442929614
VYD_02662,1.525775350724486,0,146.90047781243354,308.6878835764183,150.02672978414645
VYD_02663,14.546219214239184,0,646.5696487499446,646.5696487499446,186.28467924502093
VYD_02664,0.9091964676726766,0,102.34205874706103,375.828969701386,405.4846488682006
VYD_02665,0.9300959920255911,0,637.8607571263273,652.4842492433464,365.97507306512716
VYD_02666,1.198472996688397,1,673.3680934851579,978.8995564762807,3381.100535629856
VYD_02667,0.7796037992948982,0,213.84791127827086,531.2886730641737,185.80786723787764
VYD_02668,0.9567434376976286,0,295.45658011610163,295.45658011610163,205.48600530379656
VYD_02669,1.3953125528163475,1,981.3007300188525,981.3007300188525,4823.207249907203
VYD_02670,1.3056822980338534,0,204.39682646016266,204.39682646016266,1046.9655531480444
VYD_02671,1.1449117511869653,0,92.67107982363983,400.7220382320468,990.6730335550355
VYD_02672,2.228273474446629,0,679.6652506191542,1064.7974263069123,1265.349505929859
VYD_02673,1.4082051526267783,1,278.8026199636245,1426.2595865113353,3759.8577166319683
VYD_02674,1.1399706105097533,1,1325.8518521362155,1325.8518521362155,2843.8501156017564
VYD_02675,0.9835909634137732,0,257.6084764743504,551.0828232835808,253.48993862172833
VYD_02676,7.988836607035366,0,947.8006379951643,1474.9621505329067,572.7062663274064
VYD_02677,3.848072379080305,0,499.56770679645933,826.2823722498706,356.9354672453789
VYD_02678,8.858360615417707,1,548.5800524683646,1109.6025833385686,300.6877892619936
VYD_02679,3.2223528033335485,1,1352.7654924024578,1352.7654924024578,2018.9443648198405
VYD_02680,1.9157696982396053,1,130.9976282530482,623.2954035463824,943.9316121844702
VYD_02681,0.7241656560571957,1,879.0993760362398,1464.0056934742513,4054.8674994965213
VYD_02682,1.125359711151706,0,485.8599886307885,742.6983695527815,351.8906426359959
VYD_02683,4.981675493450417,1,809.0891500011795,830.0560742843994,1174.6321704844013
VYD_02684,2.1900430824834554,1,1286.6346628558858,1286.6346628558858,1065.5121231303215
VYD_02685,1.7117360466296858,0,240.23038274440404,240.23038274440404,510.1175128560205
VYD_02686,2.7377340217491257,0,245.72022061343168,245.72022061343168,456.0026785011676
VYD_02687,2.065949758132942,0,172.84291393005483,649.5138985313419,99.20519074924721
VYD_02688,1.2195820114541878,0,1360.2941341374944,1360.2941341374944,2346.818344454866
VYD_02689,2.025602466502265,0,844.3220830665636,844.3220830665636,287.0034511747537
VYD_02690,0.7968192809324172,0,378.33426720002353,397.8157149489963,1618.8948328899583
VYD_02691,0.6253584032243934,1,2373.628883824575,2480.5246438092113,3421.2043057778587
VYD_02692,0.59339378783592,0,521.059090502943,742.0593624181126,416.521054657354
VYD_02693,0.632548245991899,1,1468.5909851536585,1468.5909851536585,1052.5213730532728
VYD_02694,1.739315549895376,1,236.94994333290228,810.7379172042594,77.72688269749334
VYD_02695,0.7116976131890708,0,306.0738430664454,399.8944870820057,150.25822358908516
VYD_02696,1.938491725997299,0,326.84098872054375,549.5025105976799,98.78534083446816
VYD_02697,3.184312651160914,1,239.58140535458736,1330.7971323718205,3630.874248783398
VYD_02698,0.6700160894702322,0,199.31624142460464,768.2016108316809,215.5288909576956
VYD_02699,3.0322497377420756,0,349.08846572853184,518.0258900550002,386.46607569641736
VYD_02700,2.9794859425030693,0,199.2168313995118,199.2168313995118,496.754884152039
VYD_02701,1.10066988938443,0,300.7002676212009,862.553815662068,1219.9122370193631
VYD_02702,2.8850537992206826,0,748.4403164265343,2509.125514675476,1932.2830963284982
VYD_02703,1.159489735571331,0,119.01065014739046,119.01065014739046,2476.2220903553743
VYD_02704,0.8556151037285492,1,1422.888042443324,1673.7837388058865,2380.125020133815
VYD_02705,1.4213487409351542,1,187.2131905564616,469.44571159700774,3529.1869208406447
VYD_02706,15.695676198299969,0,195.91335142213194,280.81088469760454,836.8882936468423
VYD_02707,4.469732872962908,0,348.2118621222406,469.2532675561551,645.2297062332431
VYD_02708,1.7686459401502344,0,256.34459069593674,256.34459069593674,329.89776835443377
VYD_02709,0.6659107917593714,0,553.7440367573104,553.7440367573104,646.4142736787686
VYD_02710,1.5609637864891521,0,99.29189568512501,99.29189568512501,1968.5288144994693
VYD_02711,1.94066436963106,0,266.5130118112681,266.5130118112681,2683.2345041329622
VYD_02712,4.631820474570742,0,558.2897434085165,728.5795404478567,215.8994853378531
VYD_02713,1.8205954861682487,0,983.0528921929856,2667.623855816853,2085.1661109490224
VYD_02714,1.0238163519573091,0,353.00324062870175,353.00324062870175,965.9138467287652
VYD_02715,2.162259995182236,0,177.19022300426394,720.3137813519172,56.188947776875764
VYD_02716,0.850049898852323,0,905.1823923841308,1094.8526662294437,698.6508280321547
VYD_02717,0.8862289626939075,0,1051.140066194919,1063.2162668091157,724.2512851503827
VYD_02718,3.9552656585447563,1,341.54263907231467,341.54263907231467,504.25059121224746
VYD_02719,1.8081491783032162,0,928.7859164417853,1476.6900013037698,2714.78822379191
VYD_02720,3.963017186968519,0,1010.1827457891155,1472.3243639449477,731.1916865739971
VYD_02721,4.230526654875464,0,986.3684127353976,986.3684127353976,1136.4649354579415
VYD_02722,7.29068782239348,0,138.47627489431153,837.172290265072,810.6606419242232
VYD_02723,1.0589019507053736,0,106.20847231204301,106.20847231204301,621.5070755280307
VYD_02724,3.4843340987970906,0,896.2364935451093,1114.3652476335158,709.2612626686594
VYD_02725,0.6977832573417007,0,1131.976818862237,1191.1703533523844,1254.6193100632215
VYD_02726,1.0993460598710354,0,562.0650854182195,562.0650854182195,1898.5121360001533
VYD_02727,1.4882748174384257,0,1883.8480702267757,1883.8480702267757,2882.8196275947403
VYD_02728,1.3734561597906596,0,230.76731215989383,230.76731215989383,173.72258019095707
VYD_02729,0.7294150404265484,1,464.8286501765116,808.0906464088824,2379.6306721429814
VYD_02730,0.6083548679216094,0,184.066024110247,184.066024110247,1137.7463377041047
VYD_02731,2.8390247613434876,0,832.2855460600849,837.1740151312752,993.2470595782465
VYD_02732,4.575478849703936,1,1093.4987912968543,1694.2313232917998,298.6274264725517
VYD_02733,1.0116897882556661,1,60.38383487913278,60.38383487913278,2025.7744905010159
VYD_02734,2.988749562732138,0,505.408453716661,1036.7859955530214,265.8166757620894
VYD_02735,1.1977588330529725,1,319.82183370840664,319.82183370840664,4309.991528200048
VYD_02736,1.701390632456127,1,306.2936965178953,306.2936965178953,1684.5813878194153
VYD_02737,2.5560675371833885,0,509.82715187486633,509.82715187486633,459.8919048356017
VYD_02738,2.1686096970022133,1,1168.208100530235,1227.058342362591,835.6309555672307
VYD_02739,0.6503905564946917,0,749.1876892421701,876.477343693963,299.97245793515754
VYD_02740,0.7994900454496937,0,313.1481593944489,602.2457401615218,58.27544810623625
VYD_02741,2.693054562987262,1,480.84921081852167,480.84921081852167,2918.4645600848407
VYD_02742,0.7821202225950549,0,79.29258840004282,494.61799825326625,56.715957196027645
VYD_02743,1.8905366367047463,1,114.47440405123622,114.47440405123622,4633.37923441784
VYD_02744,0.9539724299422678,0,218.88029070701432,295.1881441522938,672.4998361396355
VYD_02745,5.034960095234375,0,529.3400518692553,846.2425483059219,1303.4452912476668
VYD_02746,4.041606700545724,1,712.9269518501142,830.022549854452,3009.1602053375996
VYD_02747,7.59248109305486,0,721.8684123865827,1116.2979500363203,1065.7865784171724
VYD_02748,18.264104674002404,0,276.85009109158534,359.47562155476925,189.2246526400617
VYD_02749,1.8839928403710233,1,523.8077280662815,523.8077280662815,1088.9632231114222
VYD_02750,2.8471224176504495,1,293.90354236550166,293.90354236550166,818.089407609166
VYD_02751,0.9621139589362214,1,85.6720118586239,85.6720118586239,1995.669120196121
VYD_02752,0.6406688647202037,1,1045.7285123172437,1045.7285123172437,274.3922218830013
VYD_02753,3.182635170496125,1,1120.9114395342565,1120.9114395342565,4308.594042628326
VYD_02754,0.9946780765744927,0,346.3562013799751,346.3562013799751,1106.7437779082732
VYD_02755,1.1785014855530016,1,1088.425749512533,1088.425749512533,1930.430915400767
VYD_02756,3.0216371728911477,0,252.0063336702696,252.0063336702696,1393.4896866664703
VYD_02757,12.16678172384176,0,190.358744732479,193.0306710257329,157.4615512841159
VYD_02758,2.5755677583795675,0,246.70888956884812,246.70888956884812,2260.445281045044
VYD_02759,4.653884508246728,0,248.09696703590316,332.8496798572758,604.8712827541989
VYD_02760,0.9108909141827808,0,520.1851468581699,520.1851468581699,850.1423979716232
VYD_02761,3.502041062665214,0,269.39696979981744,269.39696979981744,259.5281191189448
VYD_02762,1.390098867195802,1,1593.018229289697,1593.018229289697,4609.9070727865055
VYD_02763,0.8693571182114709,0,589.2191318505904,638.0903166228073,380.0704102675566
VYD_02764,1.9569032638177455,0,270.3090845009804,400.97884006208295,1049.0755272125054
VYD_02765,3.934339496516956,0,776.1807896552727,1471.586418214757,1064.9318075832657
VYD_02766,2.225437652588449,0,513.8215905309697,532.3597458551013,506.1165982353514
VYD_02767,2.348875318181778,0,650.338390802498,650.338390802498,318.3335012826478
VYD_02768,2.1251681935749946,1,188.04130433844617,188.04130433844617,535.8316422497949
VYD_02769,3.5050062720093003,0,342.2975581366401,623.4840719976124,1042.1057747556085
VYD_02770,4.257448236529938,0,489.87621412894697,719.016264421699,147.12297624833926
VYD_02771,2.023902165969746,1,1354.4700826100157,1354.4700826100157,4751.105643226272
VYD_02772,0.511446248846053,1,569.6477133557083,687.5638350358141,2650.6217600402356
VYD_02773,1.9667447773854172,1,303.4299695890906,468.55567516633425,2860.5743678178037
VYD_02774,0.647361588753243,0,747.9703109104254,1141.8739534202944,1692.7681257632557
VYD_02775,4.934738288519877,0,254.28716105404828,254.28716105404828,246.37994480363332
VYD_02776,2.3309910183595153,0,299.5523652687937,299.5523652687937,1746.432476982596
VYD_02777,3.358891067790284,0,469.1468952284248,497.62519116213457,429.0647130488215
VYD_02778,1.3131431908065456,0,106.35079254539217,296.4892862782452,1931.5342016515194
VYD_02779,1.1544950511531533,0,342.15308633205007,343.335664092524,382.2567865265823
VYD_02780,0.7597798680693849,0,120.22527452629849,657.6365755506898,103.22646511400626
VYD_02781,3.8103728877650305,0,272.6875011802119,272.6875011802119,1014.8546956022801
VYD_02782,0.6405293126082423,0,334.86280501145467,524.3762052107179,333.39626812004377
VYD_02783,3.7649855373931698,1,342.433028119575,1071.7037391911126,1234.1761772684474
VYD_02784,2.190829496609374,0,583.8248303547132,583.8248303547132,1427.4210864713148
VYD_02785,4.051377349370822,0,258.26075874887545,258.26075874887545,1161.9493002133702
VYD_02786,4.269892236496872,0,417.54358397621235,417.54358397621235,701.5252425637068
VYD_02787,4.1476858720738345,0,163.24257676432075,163.24257676432075,334.6783296580999
VYD_02788,1.9257742133780542,1,1706.7228519164416,1706.7228519164416,4154.473231710224
VYD_02789,3.486792890416872,1,1506.5743596250047,1506.5743596250047,2149.4412241892683
VYD_02790,5.342980526468321,0,171.9855211163368,429.05218614476706,135.33155975722468
VYD_02791,2.949993979231803,0,539.0087388405248,1057.9746603600981,90.81686908578982
VYD_02792,2.4860211119903366,0,485.8290173067028,485.8290173067028,512.0145721193206
VYD_02793,2.3721596700129575,0,490.63665487312215,535.6857006252039,483.87389115288397
VYD_02794,1.3836318254739395,0,70.56530688712326,419.25780224621377,538.6875330162211
VYD_02795,4.898381751012254,0,112.41515935863208,238.3112550918844,949.8191005950126
VYD_02796,0.6426533297329784,0,308.36327877888897,308.36327877888897,455.6429582680564
VYD_02797,0.08823137641672713,0,433.68263639751154,433.68263639751154,32.094113535786434
VYD_02798,1.7162776424957207,0,321.2832827487887,505.3504765163201,648.344281766589
VYD_02799,0.9282251699388709,0,162.14393759603468,254.40830762278767,714.5411613932112
VYD_02800,2.916689566580038,0,678.695286711281,1172.528477468043,330.71286950795024
VYD_02801,1.747195369964436,0,150.42013035083588,525.7487046087793,122.55119300545188
VYD_02802,0.7866357546391397,1,2294.2709048797215,2294.2709048797215,3681.647033817778
VYD_02803,0.838874271433171,0,513.1996667201398,1416.215714262279,63.19185592725685
VYD_02804,4.550905217708487,0,492.80261636142535,492.80261636142535,552.8617506294948
VYD_02805,1.6177414112290889,1,699.2741651869902,699.2741651869902,1561.0720249903745
VYD_02806,9.667035449385592,1,966.0425932049723,1579.73856125014,214.45554081979216
VYD_02807,1.1804557946756458,1,427.5060335728105,427.5060335728105,2789.517494692266
VYD_02808,1.3315231477878529,1,1395.0090854544173,1395.0090854544173,4415.965542208759
VYD_02809,1.7682780762719077,0,913.4793999326206,2766.100654473068,1955.6752948188214
VYD_02810,3.103501307520632,0,199.80543851105213,199.80543851105213,134.86718479349585
VYD_02811,1.1675075393508845,0,199.7095225740849,199.7095225740849,736.772624396648
VYD_02812,8.77042548909308,0,152.7937304697623,152.7937304697623,529.5537040384454
VYD_02813,2.4715042188628313,0,192.0993599282709,281.1343805192481,157.11580238456955
VYD_02814,7.989802775924817,0,491.10803987660705,491.10803987660705,499.726749145288
VYD_02815,1.806425842670057,0,150.58973429437762,402.1903010439066,150.45855541844352
VYD_02816,7.849813827717959,0,341.86779338164274,633.8037561781018,206.0333991893522
VYD_02817,0.6885300987607491,0,107.86609662040618,464.058207655276,57.32428756999899
VYD_02818,1.0755754984102042,1,1449.2414551486386,1449.2414551486386,4695.636065021283
VYD_02819,19.81631405110454,0,223.84906741711126,223.84906741711126,826.0373501442238
VYD_02820,0.954889923819179,0,1001.7135390791932,1244.4567365865398,1499.7263127192812
VYD_02821,4.600011891960084,0,512.5027533882416,792.926628626464,696.0504274438765
VYD_02822,2.9637486051136164,0,212.58701775077134,212.58701775077134,614.1791913564781
VYD_02823,1.9870383335976192,0,410.19397251120284,812.3339425821749,347.9580772858036
VYD_02824,2.5828272703676993,0,937.375070441866,1494.549521101219,129.68186158598405
VYD_02825,0.9510274305353772,0,84.73996431193108,84.73996431193108,352.17442342397624
VYD_02826,0.8079725636537233,1,360.941346448485,485.706667899967,233.14184973412566
VYD_02827,0.9070113338955809,0,161.25470940672605,611.7830993574961,51.654147061047496
VYD_02828,2.367867361231151,0,976.3343077624377,1142.2294406335059,369.79450462251094
VYD_02829,5.133615948829699,0,211.82740373942963,415.06975578186206,726.747588255718
VYD_02830,0.3569851049667379,0,100.84644675820016,249.05190556060703,98.907237538213
VYD_02831,4.218232475324914,0,813.347358586032,922.9533846412396,324.4211554890509
VYD_02832,4.8950651999615316,0,382.38967693343363,1162.3587784431043,189.40544914211506
VYD_02833,0.8961574046001173,0,564.7438699865297,772.3764326598276,468.2947208057378
VYD_02834,0.9621568191048738,0,724.5991337033553,724.5991337033553,546.9178154589829
VYD_02835,7.7601182760111636,0,436.42853033757837,436.42853033757837,791.834286204057
VYD_02836,2.183875880972603,0,225.29295054253572,225.29295054253572,507.08216973230844
VYD_02837,1.8137703433276584,1,807.0991816445958,807.0991816445958,3230.985189623374
VYD_02838,3.182471994968615,1,1222.369945806923,1711.2428175046734,2184.912686660328
VYD_02839,2.607704091669488,1,280.0161631156253,477.3193497240052,5600.138489177384
VYD_02840,2.466884021608183,1,700.3105255833221,700.3105255833221,1415.0784361136207
VYD_02841,0.8783624791977607,1,1635.859416615869,1635.859416615869,3895.5610024798843
VYD_02842,0.9731698900709632,1,1793.438220185848,1793.438220185848,4345.458793309239
VYD_02843,0.5048253881722563,1,1184.996446027196,1184.996446027196,1760.468025746295
VYD_02844,1.0481445733486843,0,1089.385861667761,1089.385861667761,1326.1353143395093
VYD_02845,3.378475984197521,1,563.6968471417371,563.6968471417371,922.9285969801634
VYD_02846,2.072050518298387,0,276.7068594983361,276.7068594983361,190.50996242042925
VYD_02847,2.524148680643169,0,135.28291371665102,712.7232078273548,1124.2541782885405
VYD_02848,1.229960290976165,0,518.7835228092292,805.7523707937122,453.0526682868904
VYD_02849,0.862572753347604,0,674.0789848202094,674.0789848202094,620.9447974013694
VYD_02850,2.9250625077831414,0,177.81491648736207,177.81491648736207,425.88461995673816
VYD_02851,0.7279198527756684,0,327.48128680170106,676.5150265442685,295.10711659118095
VYD_02852,3.0701665665402476,0,192.53015889240436,192.53015889240436,2778.6663505777906
VYD_02853,0.9512993133039814,0,206.99675213078575,776.0879378136921,1215.6019860759395
VYD_02854,1.4284781099950423,0,256.6961516505695,316.77466657213,919.12547080406
VYD_02855,2.823694458958053,0,566.3766365038125,715.8184677500125,121.35261844455303
VYD_02856,2.1220801098252724,0,193.79582645113942,193.79582645113942,1169.8194507517803
VYD_02857,2.0961828601979238,0,1174.7747660360544,1174.7747660360544,509.4595719454201
VYD_02858,2.3313223837774903,0,537.7478328293187,537.7478328293187,840.0577659141948
VYD_02859,2.466899977934642,1,782.0718152155634,782.0718152155634,4164.65426473031
VYD_02860,2.585215067004394,0,228.3450636968632,581.6275931655211,103.42283921166
VYD_02861,4.85395913485573,0,212.92134275586196,438.7746654710712,203.7648403293505
VYD_02862,2.6023879882856717,0,473.0539733486474,768.8148009698062,431.7700375174362
VYD_02863,1.2704122917330696,0,530.695108342851,530.695108342851,862.5600006335078
VYD_02864,1.7948868288643065,0,734.8899406373705,734.8899406373705,1468.126525493851
VYD_02865,1.8684198019357872,0,1156.9589580051547,1156.9589580051547,1152.3147076598382
VYD_02866,4.61875139070707,0,1043.8968214319823,1046.4516735503114,1016.1329487397066
VYD_02867,2.068829508690611,1,866.5917863140118,866.5917863140118,437.2358487787826
VYD_02868,1.705800028301517,0,238.3072950075011,513.7978744510276,230.88104107154984
VYD_02869,7.825554543637394,0,335.17424151564694,1032.0983253390812,843.3293619632556
VYD_02870,1.6426901293196052,1,1212.0293106835459,1212.0293106835459,4461.708922507999
VYD_02871,4.086454267911379,0,308.3078165755026,453.1203419128785,1464.5402579596523
VYD_02872,1.2157985898633754,1,602.7734699452352,602.7734699452352,1082.3947088165871
VYD_02873,1.9772403031424892,1,1205.6238373976958,1205.6238373976958,1849.3768264679595
VYD_02874,0.6120883508238456,0,964.160855845944,1553.6037624954593,2315.0461638060374
VYD_02875,1.1747685480631946,0,324.77057497075054,324.77057497075054,310.4921448966913
VYD_02876,0.9130041335575976,1,753.3645868380615,753.3645868380615,1219.0140425088327
VYD_02877,1.6791030080311187,0,229.2833577954037,229.2833577954037,369.8186296558153
VYD_02878,1.3410980012299603,0,410.6176988277861,410.6176988277861,1070.3936265800303
VYD_02879,1.9721475568569724,0,610.6867532666263,1053.327252986069,2088.076993599078
VYD_02880,3.970671377233357,0,977.4414718223513,1243.76138918068,952.0126412603126
VYD_02881,1.4448083440943393,1,284.48081694929624,1532.1821679794339,3922.9173529384143
VYD_02882,0.7434112842028586,0,166.5428083243009,476.53454167334075,89.0366527726077
VYD_02883,1.4894648937240282,1,1066.279228233898,1066.279228233898,4531.883817738432
VYD_02884,0.5243363346481464,0,247.96760932376569,934.040408172013,4167.384969412206
VYD_02885,0.43005179154397793,0,461.49483145811087,461.49483145811087,763.8959893728036
VYD_02886,1.6282018003136656,0,411.31656594202445,1191.7714572778593,311.35905411784023
VYD_02887,9.062017263759023,0,306.74535321071585,306.74535321071585,486.21444602222977
VYD_02888,0.6940210518112075,0,82.0798127287732,82.0798127287732,599.7920075176803
VYD_02889,8.031802253609243,0,440.4709326831755,664.191201007483,192.4311293968551
VYD_02890,6.441851459524641,0,252.77352663407527,252.77352663407527,299.5978175359892
VYD_02891,3.908423187750288,0,809.9589529457455,847.5372870261162,564.2683431326587
VYD_02892,0.9291279940300181,0,965.5970300827071,1119.489025747712,156.16382943367054
VYD_02893,1.3690951183145252,1,329.9503668537855,383.84584634113594,1712.4952115616554
VYD_02894,4.589758043082011,1,1617.4968885542282,1617.4968885542282,2279.4546570539765
VYD_02895,0.6690511215562251,1,2024.7604354236937,2024.7604354236937,4310.87019035699
VYD_02896,2.3545463774457667,1,1556.1842491297862,1556.1842491297862,4909.752318777098
VYD_02897,7.339540214274006,1,362.3693397889049,745.4911679658148,695.7327633728243
VYD_02898,3.8191358365779577,0,553.762318743952,1201.7627524008842,552.3767124043786
VYD_02899,0.6524668910148972,1,98.06704438560506,98.06704438560506,923.26838787333
VYD_02900,1.3861002725139786,0,135.53237983195402,294.1978846735469,177.22347535378265
VYD_02901,6.716271720212429,0,474.58819045713756,656.4693848817831,245.75362204392403
VYD_02902,0.8612960277882256,0,274.14259194589783,274.14259194589783,58.06893059268685
VYD_02903,3.933238511340328,0,206.25419832703875,343.3804897025562,123.34267803136765
VYD_02904,0.7245867075828244,1,779.5294159100272,779.5294159100272,4768.853642985077
VYD_02905,3.48456603740578,0,294.5304807199523,294.5304807199523,628.80988116089
VYD_02906,0.7180319063895733,0,296.27460425098366,476.84898794339597,4694.170911814697
VYD_02907,0.791784162847793,1,486.96307769743106,486.96307769743106,3962.193856610957
VYD_02908,7.615159275096822,1,536.4053317310913,536.4053317310913,191.5966869579704
VYD_02909,2.129067973181841,0,214.06665196963797,214.06665196963797,989.0624290506253
VYD_02910,3.725385158898034,0,1056.6687090645378,1056.6687090645378,978.9845583532182
VYD_02911,12.514547735950158,0,635.1694179206277,1664.635288995413,122.02664431209833
VYD_02912,4.556022376659629,0,955.4507685668706,1276.5056568575465,441.2785933782484
VYD_02913,0.997757450321788,0,784.458819593403,998.2460961663486,189.25886294097995
VYD_02914,0.7931891708953451,0,184.44676523250124,184.44676523250124,818.9296468019097
VYD_02915,4.977261949131195,0,221.49665255597577,628.7470500362091,106.99260536190111
VYD_02916,1.857913882536393,1,494.6339740660918,494.6339740660918,2713.138307227235
VYD_02917,0.6578790571690711,0,139.94257963221403,532.875615376589,687.5459402139448
VYD_02918,1.05950456128241,0,272.213520287225,353.7185400375148,136.69690555800824
VYD_02919,4.3465797356203515,0,327.2783114931112,327.2783114931112,831.203262160585
VYD_02920,0.3634922041742744,0,433.52455123662645,507.9293131890951,168.81774830981792
VYD_02921,0.6292717846987936,0,395.97994483577435,395.97994483577435,1633.3774581415096
VYD_02922,1.3564690846494636,0,214.97161111375792,398.56788315285814,168.04021185023046
VYD_02923,9.487163838481834,0,262.7345215396192,416.3087216425421,390.2691326867946
VYD_02924,1.0404937717199434,0,253.39135515720827,479.5656071097979,738.7214050267847
VYD_02925,2.175322110775923,0,529.4375757095488,529.4375757095488,702.3582612834516
VYD_02926,1.24326460687096,0,648.6398832362617,659.4840544269588,110.39477540171347
VYD_02927,0.7550471745097844,1,253.1329070914504,515.2498876207871,993.860130792543
VYD_02928,1.1414568486606709,0,561.5222826338136,958.5575331910868,321.28219077457754
VYD_02929,6.626071274260799,0,158.1840050817537,286.15855132537894,115.3489044943036
VYD_02930,2.5631665190585053,1,2159.1192711205185,2159.1192711205185,4572.694848682117
VYD_02931,0.5152976403442658,0,589.2159069599219,1004.439850433014,435.4404352033187
VYD_02932,3.0687747993496006,1,1098.0627697227837,1666.5736875729226,211.7327157683029
VYD_02933,1.6113878129825205,0,323.0146693810304,562.6071958535933,322.9757816380069
VYD_02934,3.9231714971839238,0,769.4600414023391,769.4600414023391,1002.3905461220864
VYD_02935,1.5275198317425973,0,279.9190386110054,408.67514378802497,932.2223575530641
VYD_02936,2.9441774418324007,0,536.6459466617957,596.3025708704013,1759.5667063273195
VYD_02937,2.8811693720730136,1,613.4021484025118,613.4021484025118,1119.0341678640582
VYD_02938,0.9636243705017105,0,397.1803258646244,397.1803258646244,440.3840635656231
VYD_02939,1.484108937947158,1,660.1968617521557,749.8101762133199,1369.0119351435721
VYD_02940,1.4378242344470693,0,418.2858788881017,869.8164159250273,228.89280518920432
VYD_02941,1.620010125950366,0,740.8152011610699,740.8152011610699,587.6750186125693
VYD_02942,2.183393712384693,1,710.0471146543276,710.0471146543276,4588.264765072848
VYD_02943,5.811405021196716,0,905.7687994864963,985.7461697640831,890.8178644388338
VYD_02944,1.1903566758338728,0,475.61970202490005,606.5386264490007,460.22405095575766
VYD_02945,1.598441408085193,0,246.57132293069228,246.57132293069228,691.5694955659002
VYD_02946,1.220480575233756,1,574.7289147002675,612.5438233233507,1425.0471967859748
VYD_02947,6.600713969904119,0,310.04803381356584,1273.6257630914456,126.3524305760932
VYD_02948,1.566278021804691,0,371.89956965022384,675.2858794906252,334.2102008562338
VYD_02949,7.732734407213741,0,346.62778694258026,509.8247454232927,1362.4670276552322
VYD_02950,1.9967835170901316,0,343.27748564197753,343.27748564197753,456.777106590891
VYD_02951,0.987803197319585,0,293.63887451226594,615.6407853531086,595.9553961984175
VYD_02952,1.676299859887483,1,374.9182170466289,374.9182170466289,4390.823179914976
VYD_02953,3.816301739881297,0,1165.9534998433855,1165.9534998433855,1006.2014949206391
VYD_02954,6.239478901376409,0,240.3430730408331,240.3430730408331,1114.9089358982962
VYD_02955,0.8965876151112608,0,722.3669606789824,722.3669606789824,1722.8540273074555
VYD_02956,5.087594778304237,0,246.5564459130489,582.1704416268819,132.7708942057333
VYD_02957,1.304045470056013,0,500.9082652152863,2132.388005321607,815.10987140241
VYD_02958,2.2161142753008805,0,407.2160480065251,637.6635492252585,345.5303722186607
VYD_02959,0.9893837842301265,1,94.23086667104734,94.23086667104734,481.61217534213216
VYD_02960,5.578561235111134,0,579.1497900017113,1061.657266891949,189.97833624138607
VYD_02961,0.644306169164233,0,415.91429034418155,748.9157994080381,315.7864929037173
VYD_02962,14.084622608544578,0,462.5533805728874,462.5533805728874,1181.1017592173287
VYD_02963,5.322479247900429,0,775.8529509641912,775.8529509641912,242.53548331295733
VYD_02964,0.4481776868379434,0,315.9035616889221,772.399473516976,1626.4814138757604
VYD_02965,2.432179530892064,1,808.4994953505176,808.4994953505176,204.85947006204353
VYD_02966,17.829035909418035,0,277.18744619360336,277.18744619360336,959.4473574587262
VYD_02967,6.072890128972428,0,583.305777272276,583.305777272276,721.0408702127926
VYD_02968,0.6541423602087731,0,403.94183940108394,474.6542504246407,368.7099585108846
VYD_02969,1.2576819331798677,1,618.5771792429526,618.5771792429526,3090.8239776924197
VYD_02970,4.040312571942861,1,340.73794237070587,340.73794237070587,988.7690897937591
VYD_02971,0.6402456064938162,0,165.007114013154,165.007114013154,963.5977310441245
VYD_02972,0.9266813874041412,0,933.1448089601151,2706.2312029029495,2014.4372324209069
VYD_02973,2.3687166033313343,0,620.0481199737235,957.6546915391862,901.9019438801265
VYD_02974,2.6924787466148135,0,116.96761042384033,389.01657575065855,108.98703441227052
VYD_02975,12.73832997479912,0,681.2645049098113,1202.663584585634,257.62349654547205
VYD_02976,4.371949707956231,0,423.63645443721055,423.63645443721055,701.7271135043616
VYD_02977,2.270415768116997,0,100.899784760174,328.41672794153305,89.22839031088321
VYD_02978,0.717048170562952,0,1044.7858189241015,1044.7858189241015,1436.8819040866783
VYD_02979,4.425879017594156,0,697.1495795755301,697.1495795755301,1180.0308991733452
VYD_02980,2.1578261145689934,1,573.8760976174894,834.688047855571,467.764711916272
VYD_02981,2.451468166610286,0,116.45210259931987,421.71703500776334,70.1897980514087
VYD_02982,0.9766166341724384,1,307.2796641350784,557.0783720216664,1124.4500480366446
VYD_02983,2.608298501995935,0,303.4362983376567,303.4362983376567,548.4717613224988
VYD_02984,6.800624222330581,1,349.073106604254,934.3909632358279,438.3198872144145
VYD_02985,13.221310246281606,0,493.27406615653854,493.27406615653854,331.38051984456564
VYD_02986,2.965869626764844,0,380.63450951042245,1119.0690370626955,4330.839639879968
VYD_02987,0.685041426072264,0,701.5547689921038,701.5547689921038,1350.5878910538524
VYD_02988,10.166340482158546,0,519.688171997705,519.688171997705,603.7028461752033
VYD_02989,1.5320229884471008,0,713.0601319706429,713.0601319706429,1391.0588437531042
VYD_02990,3.1008097687021965,1,687.4689884573074,968.6989957355684,3557.1171619894835
VYD_02991,3.44938911991046,0,166.8819628637847,166.8819628637847,1077.2555422430264
VYD_02992,6.916091424690061,0,399.3495384599391,1062.445284046155,180.63396405359055
VYD_02993,0.916773197724579,1,705.275440970984,1051.7823337565173,1660.5018906101482
VYD_02994,1.1559763327280634,0,542.5640533460163,631.1997589125044,250.1014154735013
VYD_02995,3.071590711168492,0,300.8689412108952,338.8945767904114,115.2062266714291
VYD_02996,0.6861104088021386,0,108.80767679436549,414.37747367795396,100.48031810369773
VYD_02997,1.3351096153125976,0,425.59775819625304,1032.0377304334556,4907.200209542467
VYD_02998,3.455979073902661,0,416.4949506526535,891.3465972194072,274.82130830501507
VYD_02999,0.968564050592031,1,1054.3585377030577,1054.3585377030577,1709.34348844381
VYD_03000,3.585200951341712,0,560.7763583162019,560.7763583162019,797.0254642295207
VYD_03001,2.3536741617231742,0,237.71611212971231,237.71611212971231,492.82019292820553
VYD_03002,1.0348120227763353,0,2551.335980541534,2551.335980541534,3669.5918763882
VYD_03003,0.15372927419107948,0,680.3185536481249,687.0530859474842,1378.9281512638006
VYD_03004,6.608130642749477,0,256.82150465566025,340.1575727590671,522.2482553037374
VYD_03005,1.5669983129719225,0,253.36984458282643,338.834780773504,787.2226032559233
VYD_03006,1.7152827717600188,0,29.89506336161304,29.89506336161304,2011.723129795594
VYD_03007,1.5109317107251339,1,2270.625555612979,2270.625555612979,4010.464763956388
VYD_03008,1.7904564796060867,0,662.0756671176732,662.0756671176732,860.8782854617913
VYD_03009,2.2564969105832673,0,789.3421552845628,835.3910871930532,134.46138233504368
VYD_03010,7.274686789143786,0,544.1095540043806,894.4680179243476,799.6151773435283
VYD_03011,0.826751128161739,0,129.964891284519,482.15250711434766,124.26485552695341
VYD_03012,1.141044471035254,0,395.42240900029327,395.42240900029327,514.4678282892555
VYD_03013,1.1381607353472636,0,239.9578281847624,239.9578281847624,267.9885262249984
VYD_03014,1.4547930079957931,1,690.4712313805074,1361.1281321540232,3822.030848782251
VYD_03015,3.4126499095730622,0,586.8006766555337,755.7630491759994,439.13359692894113
VYD_03016,5.327492111034456,0,613.4603523650869,613.4603523650869,614.1524658822115
VYD_03017,0.6620082254950025,0,97.00376866613823,373.08833237280663,82.07507631101832
VYD_03018,1.5251812859971734,1,649.074003849801,649.074003849801,4797.059779021788
VYD_03019,0.9684250008914872,0,316.50932571753344,851.8532040694308,119.53136733726856
VYD_03020,3.7330742590139288,0,128.80805812320025,264.75796031257624,314.2633897508831
VYD_03021,4.072503046019733,0,241.15224201769794,279.90334964355736,227.66266465316102
VYD_03022,7.735983679349022,0,579.1179184277216,579.1179184277216,599.578044321016
VYD_03023,3.6030287308353284,1,1791.261875164826,1791.261875164826,4230.445343606736
VYD_03024,3.207173828292855,0,436.79534404097103,513.6503208236525,3431.088160611239
VYD_03025,2.108657496013744,0,311.5919913906301,311.5919913906301,1078.249994238314
VYD_03026,0.8916611615742223,0,50.78115705684537,50.78115705684537,590.7413597900886
VYD_03027,2.3154293509669848,0,214.47282032744656,282.1288322888372,1108.734759915366
VYD_03028,0.6257716222827454,0,146.8442792690905,1065.8829373118288,140.67339917525635
VYD_03029,3.5601034347581684,1,615.176511341264,734.1178705480132,2910.354154382692
VYD_03030,1.0966709718727838,1,820.1562868083201,820.1562868083201,1536.0498614574242
VYD_03031,7.47763918694104,0,806.5059429540886,1039.248024316845,1104.4102290643596
VYD_03032,2.9814409758127582,0,411.0484981051937,411.0484981051937,775.1807873052436
VYD_03033,0.7790269122216095,0,243.20863339808935,243.20863339808935,638.2481597498161
VYD_03034,1.6816587500390252,0,589.6932926699465,1343.5481503391452,1260.850382104982
VYD_03035,3.1776594472049693,0,675.1123003868267,675.1123003868267,1782.890577193626
VYD_03036,6.746202862876747,0,398.9654601290104,398.9654601290104,1603.7617604836737
VYD_03037,1.2364225146188643,1,2176.0288656059593,2176.0288656059593,3450.661908694303
VYD_03038,4.346978265193472,1,1209.1653414601728,1209.1653414601728,2151.846379108302
VYD_03039,1.3776695896376285,0,701.4188705153234,1651.1251555785054,788.561537984801
VYD_03040,0.8043521648586769,0,272.32057702130896,445.7920372195032,603.8443102444849
VYD_03041,0.5323192971887727,1,563.7796623407313,810.8631398436536,4000.4444784311513
VYD_03042,1.5964824042505283,0,165.10654685977494,165.10654685977494,204.69246699322065
VYD_03043,4.1243306332122,1,462.5925825839668,462.5925825839668,1552.3864118816387
VYD_03044,4.615204220748188,1,429.2411012029781,2258.3013666085344,533.7049278903468
VYD_03045,1.0259217849057944,1,591.6103716441783,591.6103716441783,5932.286775090368
VYD_03046,1.1240475308447868,1,1188.4571957220146,1188.4571957220146,3052.3678517598464
VYD_03047,1.9081493871327964,0,957.8028522503574,990.5511586492682,94.40394126723655
VYD_03048,1.4664940165208937,0,369.143809279233,570.0497438187635,223.1433277553596
VYD_03049,1.7335409728335547,0,293.72582069175996,293.72582069175996,429.56112505033894
VYD_03050,1.108496750113348,1,762.0814593914014,762.0814593914014,1738.98416953472
VYD_03051,2.171138320102314,0,319.28038598629655,469.57871198255634,1071.839836401799
VYD_03052,7.1244830026069135,0,754.1635305567273,897.4349137337517,1056.9284469935012
VYD_03053,1.2688723102564807,0,700.6597874814207,700.6597874814207,883.1712844573597
VYD_03054,3.224305792920106,0,238.03408384248405,238.03408384248405,227.33644778645794
VYD_03055,1.5130948661572317,0,142.02815734883148,142.02815734883148,286.32703156263864
VYD_03056,3.270888554580762,0,168.33565724623972,168.33565724623972,513.012702492041
VYD_03057,2.0855371518453647,0,435.8172563922963,541.6329921629851,1134.9074161886158
VYD_03058,2.4506563715646843,1,203.2889229688652,203.2889229688652,435.51674358117845
VYD_03059,2.8768304695656983,0,406.5262211612994,406.5262211612994,1338.111420585895
VYD_03060,2.2946182955351353,0,107.61248380689229,107.61248380689229,902.1826171916972
VYD_03061,1.3188707405861144,0,166.64654400758678,360.8660783783994,458.25407416328943
VYD_03062,1.7122007420358407,1,491.106485896455,491.106485896455,312.60287581489104
VYD_03063,1.0115755249433696,0,242.03188120928488,443.3641269598289,1646.0967379748658
VYD_03064,1.0318322568614438,0,87.71776185323948,173.82872424993317,2555.571638863192
VYD_03065,1.9492756135559997,0,258.3712022526657,406.46004307571644,87.30416043335728
VYD_03066,1.9024549558648431,0,1109.3749741149318,1109.3749741149318,123.67209735822043
VYD_03067,0.6520421879448549,0,198.95331877839,198.95331877839,110.46089396971355
VYD_03068,4.500548320275802,0,570.4116319733926,571.6305345994592,239.7113296433009
VYD_03069,5.406284484876426,0,113.03302230779133,113.03302230779133,567.2023785058569
VYD_03070,2.8336642633622726,1,782.9644173441345,782.9644173441345,878.052641868023
VYD_03071,3.9178958875728886,0,377.5420843376889,431.58591564679097,373.0519182322198
VYD_03072,0.7837337091198231,0,559.0948476857878,1360.6294177168884,3250.286076437157
VYD_03073,2.5162810492222025,1,147.4064986909756,147.4064986909756,2102.8846083120475
VYD_03074,2.772356731240991,0,97.31340198145648,612.0753434567027,93.39759147039241
VYD_03075,0.7738333783915218,0,204.9136883214987,392.63970182615554,192.0703204263343
VYD_03076,2.0077262646833245,1,493.4677529894672,493.4677529894672,4007.5422766648885
VYD_03077,1.1350413314468424,0,312.02077934291424,353.05413731849995,429.706166160613
VYD_03078,3.382353210976868,0,546.0542936440188,546.0542936440188,1639.8885943509479
VYD_03079,0.9156504941208626,0,460.30438139316476,504.0979079898994,805.6057420895439
VYD_03080,2.895170664541304,0,139.1266278089474,139.1266278089474,578.3502584985711
VYD_03081,4.841943168013576,1,391.7475404992521,391.7475404992521,1948.3440500492468
VYD_03082,1.6204055671185567,0,1456.4662539322335,1456.4662539322335,2698.506780128553
VYD_03083,1.7098351360517103,1,1017.3724610071087,1017.3724610071087,516.5060616450197
VYD_03084,0.9927132259083781,0,261.5946222381893,261.5946222381893,678.7544011984661
VYD_03085,0.7241994421748152,0,647.45894967299,844.6139440865169,764.1437665271761
VYD_03086,0.6635075189149782,1,239.15462260118727,239.15462260118727,4239.290647403188
VYD_03087,2.696270677769358,0,128.51351303428555,253.79613227725764,1452.926447447977
VYD_03088,0.6279175689033817,1,834.5804523892588,834.5804523892588,1810.2339586755083
VYD_03089,2.0041866553130054,0,573.3724239843638,914.6222843870769,2173.716967901284
VYD_03090,0.6576856781038793,0,117.65025723584934,312.5404454732624,1122.006946979195
VYD_03091,1.0243596947748648,0,369.3982793569833,369.3982793569833,561.0082189077567
VYD_03092,8.665340272767931,0,385.3637249043691,385.3637249043691,554.0995187658871
VYD_03093,0.6233881114046299,0,2539.713088979733,2539.713088979733,3157.166723631728
VYD_03094,1.266654993660844,0,175.85840169526574,225.467333128152,100.01314597297656
VYD_03095,1.0805057762613923,0,639.5571210784549,639.5571210784549,545.3494074661522
VYD_03096,15.852538642875553,0,110.34567846081468,110.34567846081468,391.14894473489454
VYD_03097,4.467646586184675,0,295.5602324559074,295.5602324559074,1189.861320719734
VYD_03098,1.1845784174542062,1,175.7492489909571,175.7492489909571,1433.8259593566754
VYD_03099,2.229106110398803,0,200.27368239958966,918.8973004302175,104.26197782858709
VYD_03100,5.117842443073505,0,286.2363630391506,742.3032414516817,539.2485357605611
VYD_03101,1.7416450934350036,1,146.64764773293533,704.9371893001095,2927.2437112712732
VYD_03102,2.4132801148014567,0,211.34057558722753,371.94961612230304,4800.17929152167
VYD_03103,1.6787941594568208,1,658.9610475028027,935.5636162500442,511.82063679751815
VYD_03104,1.9513546838581384,1,317.09761187022644,317.09761187022644,2821.758459610372
VYD_03105,0.5101614386851818,0,702.1621050149414,2317.2733917425667,957.0679450930496
VYD_03106,5.368063547494076,0,442.3009596803976,467.4506076393722,409.3466368632218
VYD_03107,0.7836032747315169,0,416.53980996895604,2171.79202530686,1630.6603311881606
VYD_03108,0.6259255208336926,0,1171.8563756870367,1302.2403759811957,540.3071479960036
VYD_03109,3.3049358007448566,0,621.5757478048773,621.5757478048773,1002.2616231658916
VYD_03110,1.6593865841771218,0,89.97057729123235,306.9047472686726,83.32699493743456
VYD_03111,0.6916005187707903,0,310.58058075147846,788.7675904220919,179.23234506718504
VYD_03112,2.079553139630091,0,273.7253245983245,414.13706396648894,1413.9744713454616
VYD_03113,1.7531145073752494,1,958.4678060180483,958.4678060180483,4705.128819046726
VYD_03114,4.927388173841567,0,272.0009358837302,315.70789290978263,139.28152885728403
VYD_03115,1.0920510534965657,1,529.6877242651692,529.6877242651692,5842.630675976629
VYD_03116,0.8829332191622165,0,144.30068878051762,144.30068878051762,627.3220475650377
VYD_03117,0.6410632592967292,0,1093.5820571461145,1093.5820571461145,2512.9438033573824
VYD_03118,0.6809178278494906,0,360.9733720833507,793.8223225077884,4383.28679846186
VYD_03119,1.974020757938394,0,137.41472670738844,492.84749412202973,1076.0527964208147
VYD_03120,0.8230228983067538,1,405.4956534357436,591.4271319488208,5065.179144865725
VYD_03121,1.910176414669411,1,429.42399797894365,429.42399797894365,451.6505749219225
VYD_03122,1.523627142032303,0,341.16779888976345,624.8055070840205,1653.2675879192736
VYD_03123,1.9394953990318442,0,310.2226336634808,337.17328682739515,437.446060373009
VYD_03124,1.0547930616243535,0,447.2086589348716,447.2086589348716,1059.0319487806673
VYD_03125,2.6123062803155963,1,606.501532659215,606.501532659215,1321.486716252123
VYD_03126,1.5759033804965434,0,928.1427358579971,1239.6643024109308,875.7838700564799
VYD_03127,4.264212507058299,0,456.39479094890555,495.2729465988787,319.6301364621887
VYD_03128,0.5891509194113532,0,221.10345205071135,289.8171011144401,185.0622972992656
VYD_03129,4.481857798467675,0,418.83191148413266,418.83191148413266,573.8107748448999
VYD_03130,1.2987329747810696,0,136.18297252116446,136.18297252116446,719.7382082541594
VYD_03131,0.8037782062150866,0,351.9537589520219,626.1641849124005,168.99933694915177
VYD_03132,0.7574325561881197,0,241.86276314381348,241.86276314381348,277.4608437384739
VYD_03133,3.0648081816794845,1,444.93800882827514,444.93800882827514,703.038252642254
VYD_03134,1.5923837595753072,0,942.4194685691731,942.4194685691731,1302.8517965742033
VYD_03135,0.9579688732456805,1,574.4109021094837,796.0792082339319,547.0295081359036
VYD_03136,0.6121679965869703,0,81.8224011550655,81.8224011550655,202.68987210528584
VYD_03137,0.797094142885101,0,346.91309412064305,936.5058424555983,346.283760598014
VYD_03138,0.6920648544328619,0,94.67665907732416,713.7711319970253,82.77662427985427
VYD_03139,0.8573264297171883,1,278.8762700723718,278.8762700723718,1422.1426325676578
VYD_03140,2.8653885922583564,1,96.36051826480308,453.59262798024224,68.85212440654558
VYD_03141,2.3227910961894542,1,1506.70326263039,1506.70326263039,2534.274029296312
VYD_03142,3.308036736390275,0,198.42847054578968,198.42847054578968,572.561041310335
VYD_03143,8.443498588756453,1,371.6322340110253,371.6322340110253,2729.5431390176464
VYD_03144,4.812734788285368,0,169.58890540930227,534.9053627089033,733.2878024499136
VYD_03145,3.474246243541911,0,1090.1274411683792,1090.1274411683792,423.8308504673325
VYD_03146,1.4529254309079653,0,1175.0932056248776,1175.0932056248776,293.109391475664
VYD_03147,0.8226884460822111,0,115.41076140330527,137.27919769087993,939.5158944468577
VYD_03148,0.8308481462388345,0,600.5575863504556,1175.4887298840408,2478.325283773649
VYD_03149,0.48513362196259313,0,686.7417829388281,686.7417829388281,1521.2007155859933
VYD_03150,0.8851486931098709,0,269.05256328890636,330.403435428827,206.12065995127628
VYD_03151,3.4266766143767944,0,198.2598608325292,1001.5129098480326,94.3332189014093
VYD_03152,1.3622374398568493,0,477.9139885147803,544.7203635625526,835.2915720938313
VYD_03153,2.5135641709388445,0,306.2761984404633,316.3925667192277,850.2163222989493
VYD_03154,1.2447692483065038,0,170.95375159165397,1003.5361324341962,41.5343940036575
VYD_03155,1.4301079311372267,1,1045.0928701827686,1045.0928701827686,4356.321167966247
VYD_03156,2.2138992111120808,0,597.2125966577764,597.2125966577764,693.6180480454435
VYD_03157,1.5782225011735111,0,250.51852820354168,250.51852820354168,156.09859067197883
VYD_03158,0.7394461624021551,0,302.5909571952125,302.5909571952125,624.4217000921562
VYD_03159,2.019812744355754,0,452.8660608124976,789.6011038278265,1050.796233293706
VYD_03160,1.1766268717331874,0,590.9841916073527,2025.9902787611513,1577.5994355447442
VYD_03161,2.0143959374538603,1,1204.7874744122314,1204.7874744122314,431.63859451841796
VYD_03162,3.6576221457870663,0,540.807398254841,1114.4772613800096,531.9270055678704
VYD_03163,6.005093887079975,0,306.62919479810506,678.367540192616,782.8124000324608
VYD_03164,3.5222102252363663,1,917.8879642051647,917.8879642051647,1681.7247653860013
VYD_03165,1.0779406824180242,0,134.63801719294403,134.63801719294403,282.7377525069824
VYD_03166,0.645912193543119,1,413.8819537563741,653.1590765599898,403.6492523763782
VYD_03167,1.7199183551268826,0,572.3151496340869,572.3151496340869,491.6990910488721
VYD_03168,1.9231243981041064,0,202.734687894169,230.74236653990295,1036.8870365338541
VYD_03169,0.7560017871802954,1,415.3305801947352,415.3305801947352,2534.23446656167
VYD_03170,11.979725022036751,0,460.3609010067649,1126.1667460631172,237.14847191921785
VYD_03171,2.9759945210260565,0,279.53079846920247,403.85485583153354,248.8686017288681
VYD_03172,4.828139309008749,1,1082.3727563197472,1613.906259513046,121.20939136914264
VYD_03173,3.691735668517688,0,355.28006394956157,1944.4937274243835,1167.7125475635912
VYD_03174,3.396637865287705,0,1137.449378919402,1295.3620200820772,1041.6957556650177
VYD_03175,2.2182280508215415,0,144.03464856257554,144.03464856257554,134.59715875931718
VYD_03176,1.524668794069565,0,1208.735795601962,1841.4380716560468,2704.3838515853636
VYD_03177,2.9218236687259465,0,229.2123418894474,229.2123418894474,310.6649077783038
VYD_03178,3.205200561156343,1,742.7214950356237,742.7214950356237,4732.1531947633075
VYD_03179,0.7393452515507053,0,442.38396835648746,442.38396835648746,989.0072147959829
VYD_03180,9.34764192319564,0,445.81960580994706,445.81960580994706,682.7845593146855
VYD_03181,0.7412148879558557,1,866.4914661126891,866.4914661126891,4080.1826228029886
VYD_03182,7.084340255420594,0,195.59767706177465,892.4323955292043,1188.8842024723658
VYD_03183,1.0127857724277514,0,72.692208182575,72.692208182575,466.61006276331455
VYD_03184,1.309991278588053,0,278.6888873639008,278.6888873639008,863.2006942593571
VYD_03185,5.032296831611917,0,423.9596792704174,423.9596792704174,515.6174986464928
VYD_03186,0.5982693612745283,0,123.12609942988819,485.8013819304454,118.03475168414205
VYD_03187,1.5393717454367544,1,389.528817922384,389.528817922384,4380.043248034263
VYD_03188,2.798144109666152,1,647.2610874563281,647.2610874563281,1214.4080457918667
VYD_03189,2.6091216091877936,0,434.31529433745186,614.5811109967499,317.5024259470007
VYD_03190,2.254972509421117,0,550.6046344084601,550.6046344084601,1570.1684991786942
VYD_03191,1.7668424716960809,0,924.9919320783824,1128.1390532613868,258.14050029570666
VYD_03192,0.96352703324356,1,1397.3874812784743,1397.3874812784743,2068.701291222036
VYD_03193,1.2114950628620305,0,171.28709075740113,171.28709075740113,50.010275863887976
VYD_03194,1.0331711861961426,0,719.7862112978291,1411.7884771516856,3016.3076519573874
VYD_03195,0.6298744959112791,0,542.3951051613262,1469.956286447558,480.91740279770465
VYD_03196,1.0302658871735129,0,141.6878834683583,141.6878834683583,269.1127544052256
VYD_03197,0.8395551564604659,0,301.21985571921397,301.21985571921397,2744.6657388542794
VYD_03198,7.456295939876375,1,662.147573987201,662.147573987201,1628.5595886635379
VYD_03199,1.3363406014568169,0,132.72931636915808,328.83622066561725,118.55250649973927
VYD_03200,3.5710065547833603,0,240.63793853216964,240.63793853216964,360.1584106429927
VYD_03201,2.933194968326543,1,668.0484761076091,668.0484761076091,2951.3292381959113
VYD_03202,1.4076342417900511,0,1165.5981469609208,1165.5981469609208,421.4983893417661
VYD_03203,11.02850846632531,0,252.92932177452812,765.1658447382664,151.35458564153726
VYD_03204,1.379742458938637,1,1699.8662497445227,1699.8662497445227,4529.166821795546
VYD_03205,2.7977969871743142,1,423.5053317236838,434.7127401480032,3323.6176523460786
VYD_03206,2.8145421047509327,0,652.4228427846459,689.5980642617117,482.15402435260376
VYD_03207,0.9494383045598617,0,441.50682280640376,441.50682280640376,970.8484724614395
VYD_03208,1.786983229823145,0,782.2804753569784,1366.0384997985661,771.0729362252029
VYD_03209,2.983085049589476,1,573.171049641316,657.3741954332531,1982.277152031243
VYD_03210,1.0979802613951253,0,72.56552302308309,72.56552302308309,306.6829469646854
VYD_03211,4.780047395823331,0,212.23988137885274,453.04693157353,127.31029402609667
VYD_03212,0.8271784755468796,1,669.0063871620018,669.0063871620018,1004.9495043592656
VYD_03213,11.17837458385575,0,222.0940274824399,362.0243942958013,721.4376225439056
VYD_03214,2.0929952503133284,0,300.6134834734481,834.9627559192309,282.8666272109538
VYD_03215,10.701966059064805,1,1236.875992899503,1236.875992899503,1251.4149580415797
VYD_03216,2.305802788229112,0,104.83578476990888,326.2538859193549,1668.1714463284434
VYD_03217,3.3408389649017773,0,842.9675535833533,1094.7842958466488,756.0569266156552
VYD_03218,0.8122212779228501,1,1155.0884849989893,1155.0884849989893,1846.1333925947556
VYD_03219,2.2807384262955956,1,400.8015352940324,400.8015352940324,1100.7925730959396
VYD_03220,1.0112049831698,0,267.46084188361897,267.46084188361897,753.357229651809
VYD_03221,0.6393047543631758,1,1638.72333054824,1638.72333054824,4504.468552638394
VYD_03222,2.5356238459090674,0,249.00646714401853,249.00646714401853,184.32125187076866
VYD_03223,0.8972248508553885,0,2468.0782206988933,2468.0782206988933,3169.4655788939044
VYD_03224,1.0712680594709667,0,51.90143920751658,384.3977140980601,119.45465974542462
VYD_03225,1.1097964856658884,0,378.89982100726337,378.89982100726337,944.3941780445122
VYD_03226,0.8247067762520907,0,248.65941737633182,248.65941737633182,348.27977597642393
VYD_03227,0.980077546859346,1,675.8775019922194,675.8775019922194,4493.800910284784
VYD_03228,7.035779339238278,1,481.98085256334366,481.98085256334366,4865.482771116087
VYD_03229,2.912573903167979,1,563.1327773026745,563.1327773026745,5741.258432117597
VYD_03230,1.8305694550670717,0,132.62433570201026,1273.462687569252,127.2107924767496
VYD_03231,3.1375340540947687,0,270.03365417475686,270.03365417475686,862.2174216835666
VYD_03232,1.5198998881029033,1,393.7337497402294,393.7337497402294,339.21632983252204
VYD_03233,1.7136402081954238,0,638.9472955885385,638.9472955885385,638.7358102868503
VYD_03234,0.02960842872600415,0,423.1594477494988,1207.4521388672486,4560.1278725136535
VYD_03235,3.495164125247795,0,807.0453905815135,1123.818108474212,682.8100088865713
VYD_03236,3.413382925624831,0,1147.6174075900735,1178.2000050191264,1147.6174075900735
VYD_03237,2.0285112681480877,0,736.2423840859665,736.2423840859665,237.48228926059323
VYD_03238,0.8866789074031376,0,525.0831196005154,824.4982909918374,37.94486297181916
VYD_03239,1.3712262158268556,0,697.3897732397776,697.3897732397776,1591.8632037116931
VYD_03240,2.92622240134464,1,1671.2273800838198,1671.2273800838198,2359.8239398556284
VYD_03241,1.0922404425352057,0,519.0290207979635,519.0290207979635,1781.5350665016238
VYD_03242,5.372855554439278,0,926.6856423708258,1765.3706429947565,1626.8390217622164
VYD_03243,1.1347772534054847,0,941.7018035637321,941.7018035637321,673.7221177807032
VYD_03244,1.536524162415682,1,494.0525445516538,494.0525445516538,1490.0149035570312
VYD_03245,2.5115676743132074,0,346.187780222623,626.2148843560834,342.05094512328196
VYD_03246,1.0413587933357835,1,193.946529791575,193.946529791575,1368.2006659345768
VYD_03247,2.080371723453109,0,502.6402316651705,667.7405578359071,405.1213087149667
VYD_03248,1.320961395225527,0,86.1012361433987,86.1012361433987,479.721479298567
VYD_03249,3.3760514891536317,0,477.02121429404497,477.02121429404497,622.4666827522664
VYD_03250,6.93408702865641,0,557.2459971414839,561.2366257030278,532.5842074524271
VYD_03251,1.141185174466143,0,664.6903876252242,780.8900503061485,639.7753728752643
VYD_03252,0.7308729808555905,1,843.843861408892,843.843861408892,2778.299804513628
VYD_03253,1.5331669008782944,0,137.68941234178664,229.48800564577022,2650.7353040508797
VYD_03254,0.8988464307204961,0,186.43992636674136,409.7982798802712,80.63454638734535
VYD_03255,2.8886454568065334,0,334.4272619080162,338.53422134495924,4870.495337795646
VYD_03256,1.2065631446581202,0,181.0460884926273,785.5777342588693,163.80347214949165
VYD_03257,7.150724294257738,0,668.471942679225,668.471942679225,646.1038058549136
VYD_03258,2.445282493166758,0,65.91652749081332,65.91652749081332,738.0546700236913
VYD_03259,1.0535207900678398,1,492.85664351797044,492.85664351797044,1501.4544341576575
VYD_03260,1.9207366145421314,0,601.410434436782,601.410434436782,1364.1976940378308
VYD_03261,2.8040034269797283,0,766.0324799627274,766.0324799627274,1711.9906992288443
VYD_03262,0.7597401420691177,1,674.8554822335713,674.8554822335713,1111.0462228069619
VYD_03263,0.6091649632041631,1,1265.5783995825184,1265.5783995825184,4517.138775539164
VYD_03264,1.669285689122336,0,179.36190935715734,559.3152963326402,1195.2055874365788
VYD_03265,0.7640132522868289,1,2091.5468930550965,2091.5468930550965,3464.2710328430057
VYD_03266,3.5217890825033296,0,118.54380524812542,118.54380524812542,1056.6887073997038
VYD_03267,1.2202080591490143,0,247.6894746976366,247.6894746976366,1108.8024413002445
VYD_03268,1.6144845777453685,0,478.88459690449105,501.5241221805101,228.5070602208501
VYD_03269,0.9128319038420303,0,61.666899047956775,61.666899047956775,222.99684272741672
VYD_03270,4.292184734750763,1,703.9948651611405,703.9948651611405,1288.7316634794554
VYD_03271,1.7342752444150538,0,105.62919675596915,390.6107809738073,450.31587749779175
VYD_03272,1.1367656192217594,0,551.7499717725143,551.7499717725143,750.2144934886833
VYD_03273,2.014156751247724,1,2280.4745437332895,2280.4745437332895,3805.630679223162
VYD_03274,6.8558300107420935,1,233.51115299676144,233.51115299676144,2899.9298667278517
VYD_03275,0.6226799039892951,1,583.5748538481062,976.5384657952283,2931.3204364202384
VYD_03276,1.3488928705856742,0,412.31143661485993,412.31143661485993,435.0412918137373
VYD_03277,1.1214828125220724,1,363.22385633045,676.0749119439646,460.10024449888874
VYD_03278,2.8215742520235647,0,280.0136731983164,280.0136731983164,160.97241569998204
VYD_03279,2.0457257273536587,0,339.63786017767535,837.2845836818673,479.4235933020393
VYD_03280,1.853783582268564,0,187.38109679940445,187.38109679940445,226.54305179810578
VYD_03281,1.6378489746528704,0,123.56954001460998,130.91209547038943,542.7687164243083
VYD_03282,2.982218903959429,0,229.4381276668236,295.8145131592659,157.99797736689607
VYD_03283,4.975000252255926,0,430.7133822317116,921.807842488067,475.1227994920379
VYD_03284,7.62102782856646,0,1194.0042369731273,1414.2399848736443,348.09473268207205
VYD_03285,0.7563173652999403,0,242.53975180271598,299.8211771313071,294.58103321270244
VYD_03286,4.239005606422464,0,611.8960568464772,611.8960568464772,1309.1986004482428
VYD_03287,1.579790200283484,0,407.5478561598476,407.5478561598476,311.2804454968539
VYD_03288,4.793118884508968,0,453.86066900771266,945.569640694937,1274.6239881571132
VYD_03289,6.915212131969418,1,1283.364143705789,1777.8872130202049,188.19838521781026
VYD_03290,1.9390331329246728,0,182.9231480429872,182.9231480429872,191.42461819321494
VYD_03291,2.416496085993502,0,256.3999289771999,283.629619045714,1008.1056573539735
VYD_03292,2.190373977177891,0,1090.1847405078342,1090.1847405078342,624.1152496521396
VYD_03293,0.6823744513482323,0,38.5833658049363,103.01415955373493,4530.622636673403
VYD_03294,0.30848962895701953,0,893.0558970323583,893.0558970323583,990.3440083723759
VYD_03295,2.3508092716296427,1,489.91540293528806,489.91540293528806,1691.9278049276734
VYD_03296,3.916791907802577,0,296.8187991575679,480.8150951052508,278.11515058750547
VYD_03297,0.7859843664067061,0,851.3931512542289,982.6475258355352,62.41492133642477
VYD_03298,0.9502721115576436,0,1725.6356548571052,1725.6356548571052,2681.7358501015615
VYD_03299,4.445269906868773,0,683.6563776289088,683.6563776289088,141.63392478410407
VYD_03300,4.849593999109758,0,539.5270740831445,539.5270740831445,1358.4803870451542
VYD_03301,1.3963502009302315,1,1743.3516896110611,1743.3516896110611,4085.8198299974033
VYD_03302,1.0215075741954018,0,131.07679574402854,754.5945084265508,3527.532537024871
VYD_03303,1.9557911920922528,0,64.35082400601179,606.0949924062975,4970.339562568242
VYD_03304,6.166888962873836,0,528.0434370321033,547.2839694143418,436.2223383273278
VYD_03305,3.7160874521704725,0,372.4827128312304,755.8007782223835,262.86690439706547
VYD_03306,0.8439971409643724,0,258.56477419103413,299.9601386014398,456.78013003593065
VYD_03307,1.3418809640896152,1,505.31745366851317,663.4441313937319,3211.675195210744
VYD_03308,4.410474586734073,1,1773.9031019464906,1773.9031019464906,4930.832497829492
VYD_03309,1.1080771601414425,1,1137.4303764197648,1137.4303764197648,1621.006529327895
VYD_03310,1.5374623275089974,0,145.219070916555,145.219070916555,830.274440353234
VYD_03311,0.8772556543671626,0,339.28235989678524,339.28235989678524,409.65849649485983
VYD_03312,0.8410173806273947,0,373.2450926824385,463.73806572374184,441.5560540301349
VYD_03313,0.7815393406837661,1,820.9669375799687,820.9669375799687,2857.3675213710094
VYD_03314,1.158087634205133,1,211.4701355200573,211.4701355200573,1144.1648793336683
VYD_03315,2.8806163457680354,0,1343.619548641052,1388.7269499348172,99.47865543161882
VYD_03316,1.730747418625954,0,2463.7522657988948,2463.7522657988948,3055.8858904219164
VYD_03317,4.876993879372274,0,504.63872243300665,517.0090073123698,193.02082716749405
VYD_03318,2.9160195239259052,0,746.4860966944161,817.2703827922825,949.4604239700237
VYD_03319,0.8033994321175888,0,708.4608101097081,773.8363455946625,1053.9703659397535
VYD_03320,4.221196105013448,0,352.3948647900652,619.1960163782028,145.99903118877995
VYD_03321,2.2453298670756388,1,543.5241406225387,613.295759020414,1359.9808840100404
VYD_03322,0.6813274926577103,0,523.923781495728,523.923781495728,600.1811510890209
VYD_03323,2.1491864046755165,0,344.9393695018126,344.9393695018126,733.3722204144309
VYD_03324,4.163723050687971,0,353.56170520630235,353.56170520630235,1526.0034501498753
VYD_03325,2.573475336814932,1,544.1993378452132,544.1993378452132,3051.8479531373882
VYD_03326,5.06260830431966,0,159.7620623419338,159.7620623419338,401.167837110855
VYD_03327,1.1110901860455216,0,176.82043289334501,176.82043289334501,230.90207853645515
VYD_03328,4.862001774535211,1,539.9032662978387,539.9032662978387,4885.922429921712
VYD_03329,2.1823379285603512,0,116.08218888945467,116.08218888945467,932.2003631932744
VYD_03330,3.8115537837308424,0,680.3352952520127,852.0539031676609,347.3311091077275
VYD_03331,1.8923004660453215,1,354.9554125353425,645.4334407450558,343.9350384883415
VYD_03332,1.6318850760800847,0,420.69863459297113,512.546659548326,2748.2176445623227
VYD_03333,1.8839501860855803,0,740.7095459580703,740.7095459580703,1266.1831240552453
VYD_03334,0.7383051358765783,0,98.78365937198394,98.78365937198394,2583.636580421808
VYD_03335,1.9432879130223903,0,240.25508277713442,654.1601341490295,446.5459913409255
VYD_03336,6.997145561189152,0,835.9415860121961,1130.5683540644575,800.0208064930108
VYD_03337,4.015651245380098,1,561.6562293291562,561.6562293291562,896.1132590398106
VYD_03338,1.201081716626785,0,102.12050062039168,102.12050062039168,755.1766104147133
VYD_03339,6.690803248801417,0,469.1666253383111,469.1666253383111,1484.6502073932747
VYD_03340,8.808314641797644,0,316.1553367047852,736.0941793736924,907.1827254987993
VYD_03341,3.4838978130519775,0,105.83577868440703,281.9692769505638,1663.5505804700283
VYD_03342,10.137153944753521,0,422.20092929450493,569.7376459292032,400.0122348167663
VYD_03343,2.5459808311261325,0,234.44396361225373,295.2949146195229,182.91673866282642
VYD_03344,2.9970962843941384,0,408.8238288188739,723.0462319414027,394.79430924662967
VYD_03345,0.6539207826730997,0,1186.0229217194199,1186.0229217194199,60.23097817215726
VYD_03346,5.4692963831595085,0,382.56009323450394,382.56009323450394,1575.1991907754857
VYD_03347,7.728793027792724,0,946.233802786601,1197.5813953564787,225.95318990746713
VYD_03348,19.50808212117631,0,220.7419347056413,220.7419347056413,1387.1648739149564
VYD_03349,2.094516934667586,0,2517.9777632518208,2517.9777632518208,2937.583937073069
VYD_03350,2.9267046659999485,0,212.08202485571394,212.08202485571394,588.9686969536413
VYD_03351,1.2229002179788775,1,1945.937315475645,1945.937315475645,3940.481183680021
VYD_03352,1.5284740827721648,1,714.7778813630815,896.7414640064554,320.28930120432904
VYD_03353,4.445245399254023,1,575.3406166158151,1044.7493954717095,1544.664393434252
VYD_03354,1.2837547015126045,0,176.42317071310222,176.42317071310222,338.2497549134847
VYD_03355,1.3004279593644832,0,234.45044533394716,681.5742989216936,1316.7414816230864
VYD_03356,3.545926002632562,0,1231.9909569564509,1231.9909569564509,375.13496028312267
VYD_03357,0.7735436393949091,0,834.6602343815496,1533.6581889377687,1686.2877498694934
VYD_03358,2.0903403317767446,0,120.8091882800977,216.0014338232075,117.68160691022346
VYD_03359,4.247607544300608,1,366.27344018414726,366.27344018414726,2313.9194965785587
VYD_03360,1.5251357095490112,1,1018.3677409518324,1018.3677409518324,4217.214454369395
VYD_03361,1.3046285601123266,0,126.00486734469028,659.9652270339832,693.7415144118753
VYD_03362,0.940644859725378,0,230.1550281749458,738.0290237165083,4501.008458564167
VYD_03363,1.2585079259154546,1,703.8700071114757,703.8700071114757,1811.1972505285053
VYD_03364,1.9424140440508018,0,262.00129077788563,295.72722776084214,97.52657567134527
VYD_03365,2.4060340215767853,0,1376.64555476875,1376.64555476875,2757.505948355869
VYD_03366,5.988406688123745,0,626.8921722440584,774.7449580795585,241.10678973415884
VYD_03367,4.525800033198581,0,298.03664066804475,695.1718670046071,289.0003340942724
VYD_03368,1.230799717279024,0,757.7501990378211,757.7501990378211,1589.5414800872202
VYD_03369,3.099765841935403,0,376.48807041131033,498.65801453681865,223.73991682638353
VYD_03370,1.362142405260013,0,90.35692632112904,493.2094333887898,69.9458725855369
VYD_03371,1.1004731334185536,0,922.5674681415386,1216.5305066303283,871.5836173690981
VYD_03372,2.8235691347077787,0,714.2694961081951,1179.642251459753,543.4645030646803
VYD_03373,0.8150708297054773,0,334.1886487487669,398.53187142190336,609.8127948371821
VYD_03374,1.5194440182402946,1,910.3696092692702,910.3696092692702,3850.8912264611754
VYD_03375,1.0667014003899513,0,218.47384567057895,218.47384567057895,620.1584774425229
VYD_03376,0.6936919753464749,0,385.53825563289445,385.53825563289445,822.9742279159457
VYD_03377,5.963629013631461,0,325.69386070026366,325.69386070026366,1233.9805692886666
VYD_03378,4.624858130527766,1,550.7297011083052,550.7297011083052,1227.2604567212752
VYD_03379,5.0753554456173005,1,664.0759072925621,664.0759072925621,1007.6933101723669
VYD_03380,1.2459771246977784,0,199.26805284153744,269.8283929238429,159.75742257173908
VYD_03381,1.2696281705620023,0,683.0618987770683,980.8298677495674,354.9689427761037
VYD_03382,1.9167142563915578,0,597.9356315131552,951.2900883938537,107.11653916018392
VYD_03383,3.7625962935236124,0,486.69434093419255,487.99977265955926,930.5370255852828
VYD_03384,0.8998274589327416,0,479.52037525599076,479.52037525599076,479.52037525599076
VYD_03385,2.6588983033880687,0,338.0334247548749,635.7416660338226,833.261272820187
VYD_03386,0.9132682525535056,1,112.25771269561945,638.6460827612941,709.2127693578714
VYD_03387,5.478366006357012,0,378.5159950240432,551.9607307699581,362.2529616706319
VYD_03388,1.9864558485064556,0,447.3264542828191,447.3264542828191,1393.4942995105166
VYD_03389,1.9485782223661416,0,171.7821975936059,171.7821975936059,1342.818249146783
VYD_03390,2.691429966422758,0,327.7608115883286,621.7951255711052,327.0135674357459
VYD_03391,2.651622717241007,0,108.9589388762424,161.1044714776541,497.342234730349
VYD_03392,7.3162655111829515,0,191.90936079250224,191.90936079250224,508.15257364131094
VYD_03393,0.8140915153965549,0,372.1848648267269,372.1848648267269,1043.0523920395854
VYD_03394,3.4325685708315423,0,130.10088152049832,278.1972166854235,889.6909621514637
VYD_03395,0.8325398348475374,1,294.9838736208482,294.9838736208482,407.41205294502106
VYD_03396,1.214907651102382,0,652.1175646265046,652.1175646265046,712.0446480359819
VYD_03397,8.776623363816825,1,490.78824775473817,979.5308916221978,3314.8197145964173
VYD_03398,0.7023226425872594,0,554.3791399564656,554.3791399564656,727.6637256681983
VYD_03399,1.669874179981146,0,129.39156710175138,129.39156710175138,2031.0876644499233
VYD_03400,1.0089016647628308,0,203.5160113684136,502.4207605464837,597.4765524584205
VYD_03401,5.522635382269487,0,637.724296858772,1943.1806644855637,496.54486533656427
VYD_03402,0.7636153986304935,0,418.4783557059642,886.3898180252783,1071.4053858021528
VYD_03403,3.96323178399457,0,722.4178598107551,1258.9361617657476,544.6504913481347
VYD_03404,5.4117380028538555,0,382.74602312771026,709.8514561072351,234.7802502398009
VYD_03405,4.7835457733837,0,526.4875079217766,653.7458753013833,1810.8586752672065
VYD_03406,1.0960977232750484,0,498.1498985092905,747.0055745262906,288.8640384977905
VYD_03407,8.197934944562109,0,548.8367744439415,548.8367744439415,572.4770749121828
VYD_03408,0.8468568363431547,0,260.8307465309212,303.1572700692327,188.30915694464434
VYD_03409,1.9981738637238782,0,282.3326930725831,364.8482544386477,453.2594649854896
VYD_03410,3.41558445483645,1,500.6089821255894,500.6089821255894,865.4989992561066
VYD_03411,1.4020323352787074,1,264.59289716689165,264.59289716689165,154.5855830147675
VYD_03412,1.289497520810789,1,905.7375898099192,905.7375898099192,4209.509837571495
VYD_03413,0.7764869665546865,0,215.33740085768667,621.4334338566546,131.3185438796496
VYD_03414,3.840120186010009,0,748.5934306328174,972.4643507592156,1577.4635596556416
VYD_03415,0.6536705070360065,0,278.0962210764242,481.88089347161014,12.116042359011471
VYD_03416,5.140158378793549,0,533.0281260240172,953.1319475908999,475.06818594178577
VYD_03417,1.0511793057899683,0,703.5790465179812,1178.7771510290725,1972.7628306431316
VYD_03418,1.345219711399488,0,288.5543903105207,374.8026710659457,249.52585981881322
VYD_03419,2.966357967554078,0,135.02529342662902,135.02529342662902,214.84820284747653
VYD_03420,1.1609685905067504,0,217.01809457723957,217.01809457723957,755.364963497449
VYD_03421,1.783353811297334,0,651.8101342740273,651.8101342740273,799.8191974923308
VYD_03422,0.6855388198665473,0,894.252803717039,1374.6583317930542,2149.5728237180447
VYD_03423,0.9503770563716997,0,1245.3800737826857,1325.9784058540513,277.5875651616664
VYD_03424,1.4876760365012243,1,1997.3577512327906,1997.3577512327906,3997.177239772149
VYD_03425,1.175278526762419,1,580.3109886110392,580.3109886110392,4685.172386617109
VYD_03426,1.0271041732417525,1,1229.5659207907888,1229.5659207907888,290.3503728061166
VYD_03427,3.3264972280198477,0,352.5377035988161,957.9760480572717,5049.624680882783
VYD_03428,2.438192118624326,0,997.5342811837052,997.5342811837052,734.722868555654
VYD_03429,1.6506651950117346,0,266.1979836366457,266.1979836366457,1078.4780229910427
VYD_03430,2.087518887461297,0,1092.6185708873668,1173.2728964426376,99.05609140147348
VYD_03431,0.917099642542712,0,79.84645106513456,257.69509476525866,77.2578640389113
VYD_03432,1.4461280416652251,0,732.4667071929808,833.0181417574603,674.0739640858152
VYD_03433,2.4901993928487,1,2406.018522459333,2434.5409544637046,3492.6502306336256
VYD_03434,0.9814091361589379,0,200.90264059083722,393.7904226435857,247.6664533538913
VYD_03435,11.319595712373216,0,477.9533075831837,956.3897606359897,366.4042241831461
VYD_03436,3.3137636864766353,0,189.80878763109652,301.0414978253761,128.13633466396493
VYD_03437,3.3539464377811985,0,710.4190590032358,1016.6689505386455,660.0161679814915
VYD_03438,1.2476652600702618,0,219.68573588229893,219.68573588229893,940.672568717689
VYD_03439,0.9529889409362113,1,70.77800633537588,70.77800633537588,1147.8553417658052
VYD_03440,0.7657086163922461,1,237.94417379469112,237.94417379469112,1040.829773962989
VYD_03441,2.7160501543864193,0,1110.9036515104538,1304.641314830935,365.6887405232434
VYD_03442,0.9065145393784177,1,214.1161905290204,214.1161905290204,409.52559902993227
VYD_03443,2.114651976607156,1,294.1730600946731,294.1730600946731,2231.871805090587
VYD_03444,2.3595748028105166,1,260.8167156520473,372.7374118236517,556.2212841311872
VYD_03445,2.5088537984573804,0,697.2566567861661,905.098256283467,81.19860812806525
VYD_03446,1.238574433367097,1,825.3414547832256,1309.4333170872455,201.083321436249
VYD_03447,1.5167593252330622,0,102.05479314224822,270.20957738272364,81.23685125197807
VYD_03448,4.388493910223754,0,326.17503881030984,572.6675813776478,222.70473682369217
VYD_03449,3.690856669122765,0,429.68653664771017,429.68653664771017,1074.1246201063898
VYD_03450,2.9384342660043212,0,585.811904730726,857.7312829372495,185.32351581265578
VYD_03451,1.4155292717535772,1,907.5314357664124,907.5314357664124,3661.8298656300294
VYD_03452,2.031856595987361,1,1763.1338447506323,1763.1338447506323,3695.209562653518
VYD_03453,0.9467701390510439,0,979.0911462890631,979.0911462890631,1006.3704810833107
VYD_03454,1.2585474829334775,1,293.4246048591855,557.4969807282952,4416.881683920563
VYD_03455,0.7793107817654713,0,124.94113402040854,134.27500639851976,234.46496450736865
VYD_03456,1.7785846793464428,0,412.33284905138055,606.2977490368991,340.80674671809305
VYD_03457,3.6586022635154034,0,342.0870419451291,449.7835929680738,344.8881620425427
VYD_03458,1.2397811130386287,1,256.5687672156717,256.5687672156717,218.19834514149468
VYD_03459,10.838955342884955,0,398.991500940047,674.7193842407729,694.8333079934957
VYD_03460,6.818167027334109,1,264.531765184584,264.531765184584,1532.0153149675316
VYD_03461,2.7065461725734594,0,1203.0125785690125,1203.0125785690125,2428.900815702336
VYD_03462,2.345824626783294,0,707.4937673709545,707.4937673709545,93.14792868907368
VYD_03463,8.56523178802898,0,279.3950041288779,814.6188641906731,198.59159224748964
VYD_03464,0.8614418607040465,1,233.15615291711086,287.9117030475292,1919.4586463234302
VYD_03465,2.5487326305620166,1,217.3223951978462,217.3223951978462,831.9063791699725
VYD_03466,1.2327575554351886,0,432.3668008295024,904.1880069475593,316.8315300227945
VYD_03467,0.8559439756962436,0,608.5179460991873,711.1158306262245,1461.3106422395322
VYD_03468,2.4103135421590607,1,1062.9979940000032,1062.9979940000032,2313.477346969293
VYD_03469,1.805433215263929,1,1226.41327392533,2132.641451482108,868.6454934984334
VYD_03470,2.9842773207234194,0,326.8532299782262,620.2266030877515,84.73428079507887
VYD_03471,8.555627761439533,0,417.05292138652436,2312.9470882414253,988.1302892427237
VYD_03472,2.7977441297975196,0,316.31881302904475,551.1229143840842,75.66563173257208
VYD_03473,3.9470066306644744,0,126.4753334389646,126.4753334389646,1096.0343453495166
VYD_03474,0.6778283087104645,1,1764.3487225809924,1764.3487225809924,5079.258697462487
VYD_03475,11.632708474768924,0,393.8577957914305,494.46403770773804,843.4502404065763
VYD_03476,4.11035480390224,0,121.68301818413583,581.4783732244969,118.36020547108015
VYD_03477,1.2073648192525053,0,256.40011970242915,256.40011970242915,450.914800256013
VYD_03478,2.197458689155856,0,218.42797334756906,510.132156171236,197.7356357654301
VYD_03479,2.472962640310474,1,321.8412355502818,963.282693967649,2847.5211571531063
VYD_03480,1.220520338099091,1,729.7905520865527,1047.9630721064223,3485.708820245492
VYD_03481,0.9502788112982278,1,257.82536474838514,257.82536474838514,1204.4732451602265
VYD_03482,1.6196541815566434,0,2005.7333011845428,2005.7333011845428,4833.303739112967
VYD_03483,1.0369739731571217,0,107.14164036898421,295.9140096074291,102.91365936404512
VYD_03484,0.8479189918354434,1,785.6076718134724,785.6076718134724,1620.403064885945
VYD_03485,1.9000681018128853,0,124.4128877532801,124.4128877532801,693.8860272359198
VYD_03486,0.9554189970457592,1,46.63038258390982,46.63038258390982,874.532716963363
VYD_03487,3.1592636074159874,0,231.06867234312045,617.5222074331474,206.42053159853847
VYD_03488,5.671890939929872,0,514.5124285072825,764.6239662132806,240.31891435235516
VYD_03489,4.138912224114305,1,377.5962853704374,2282.056248532086,696.8616698068622
VYD_03490,4.817801411911333,0,757.2512276055738,1146.643297544158,4032.7410308152453
VYD_03491,1.682766563991386,0,181.29572163956124,330.9552334742744,755.47199061907
VYD_03492,1.1214070544346653,0,996.7745849842621,1414.2807364039818,2111.8236463192243
VYD_03493,6.900848825177169,0,208.86394795436482,653.2772465897538,310.8835745666647
VYD_03494,1.8753869491653221,0,186.380524912059,599.6882622332821,369.1896269747305
VYD_03495,0.6293562688640656,0,925.0896908167482,1011.4357407189498,43.30255385112583
VYD_03496,2.668380682210727,0,198.79669595133805,198.79669595133805,1393.4383846143185
VYD_03497,1.0063793550596238,0,114.45581504166809,466.6655293113413,68.31681875438467
VYD_03498,2.5762798085550944,0,19.269663192527123,19.269663192527123,186.70201985693765
VYD_03499,6.1022511294559925,0,340.494538816021,340.494538816021,957.4576313966304
VYD_03500,1.359537219348089,0,657.4409963244573,912.4785330488893,104.21262465016676
VYD_03501,4.315490114217636,0,322.1934713105454,322.1934713105454,1100.6087286686782
VYD_03502,0.6302448460122884,1,300.11056833374397,300.11056833374397,3180.9473126842513
VYD_03503,1.1427914658882286,0,1180.3844881241366,1180.3844881241366,2290.2959232716184
VYD_03504,3.198491576422677,0,825.3792435118218,1040.8522338443358,99.36114050461237
VYD_03505,2.4929529657659377,0,113.02978592446664,113.02978592446664,299.9384617164125
VYD_03506,0.8419478753953715,0,132.30964492537638,132.30964492537638,107.425935256191
VYD_03507,0.7877118064341407,0,597.9321626435742,772.9480748643247,521.9770959043904
VYD_03508,2.722708082253358,1,822.887957029663,1973.8932174040965,367.2673321882821
VYD_03509,13.317356968319853,0,212.0818534837021,212.0818534837021,1180.532292971028
VYD_03510,0.7818871561418129,0,284.103004021074,577.3741254493375,739.5918938355245
VYD_03511,1.128518793257731,1,792.4724306585493,792.4724306585493,4824.294145740074
VYD_03512,5.050989738060718,0,966.908704105778,1269.152793782074,966.908704105778
VYD_03513,4.491010778735775,0,352.6635749142864,506.0629307064347,1069.9538645939936
VYD_03514,2.119336906143177,1,528.8402689639559,528.8402689639559,4135.39412011051
VYD_03515,2.3864071967249365,1,275.1613539983303,275.1613539983303,916.9109313520702
VYD_03516,1.6534466295434915,0,169.96524879741887,252.46233203181794,2670.08015733251
VYD_03517,2.7603920740393884,0,254.50144332672653,951.0316255971796,251.88884011254146
VYD_03518,7.824558104222131,1,351.64298805228844,636.8480830259891,2490.9823206042106
VYD_03519,5.153079149171825,0,651.0495007787182,651.0495007787182,300.75688434539387
VYD_03520,0.6161096894866405,0,490.3623622706443,620.3013529939784,348.2711318198069
VYD_03521,4.406401165567817,0,450.53027679212624,1257.5975863023405,164.2828058663478
VYD_03522,9.848438212557483,0,883.0820440093185,883.0820440093185,1760.7294226646675
VYD_03523,1.050174329519377,0,115.69076300099005,392.5426595576706,95.21493677898822
VYD_03524,2.5127223925949393,1,895.1600512340046,895.1600512340046,4343.00952286446
VYD_03525,1.0575910517090856,1,529.7152840183246,656.3941232538912,4199.116274382044
VYD_03526,0.7613719619677007,0,399.18505174544964,508.95911134113834,199.39818804824338
VYD_03527,0.6601964608021349,1,368.47581258410764,368.47581258410764,1361.5695205777304
VYD_03528,2.974225974248031,1,825.0827940609197,825.0827940609197,709.1561244446433
VYD_03529,8.135297228748426,0,842.2663592365834,1197.3537781105981,789.9587796131158
VYD_03530,0.6552127006683455,0,258.4946641919342,660.5978478677952,100.03844563100662
VYD_03531,1.1903034333990699,1,2116.6345430121273,2116.6345430121273,4326.724253508664
VYD_03532,3.5208246024453578,0,391.31512136095324,391.31512136095324,934.9916357412108
VYD_03533,2.784547417960464,0,503.55448045293286,503.55448045293286,88.34102574110004
VYD_03534,15.908618384256526,0,486.4707908987848,592.4455321211758,467.2992863884174
VYD_03535,5.417002622693969,0,378.75859922018566,378.75859922018566,906.4040510014216
VYD_03536,1.1269356381660505,0,175.27923993829145,182.8973005792926,271.24270059519716
VYD_03537,0.6991951511610117,1,502.29137289461585,866.2716031586369,1506.1789442712427
VYD_03538,1.2605042193715723,1,2179.13202843936,2179.13202843936,548.0297237269664
VYD_03539,0.7849383398263415,1,710.6228750424737,797.504460797004,1904.3134488982041
VYD_03540,5.545861344010578,0,268.1072037665752,312.1044010673866,153.41957345392632
VYD_03541,1.1141316514644644,0,98.33584582138681,98.33584582138681,78.52572270076593
VYD_03542,0.6476278705066512,1,993.622556962084,993.622556962084,1611.3198334266822
VYD_03543,4.729267857688655,0,226.20990133946378,226.20990133946378,552.7324851706499
VYD_03544,2.791997474480296,0,396.06497205139414,396.06497205139414,608.9643437156178
VYD_03545,0.8373580410595758,0,479.6391147075012,479.6391147075012,68.49636402196332
VYD_03546,20.429461952561937,0,582.8808574401244,1713.2912954184574,400.4456591642758
VYD_03547,0.6817562621502711,1,29.60830433193544,29.60830433193544,1034.6688464459796
VYD_03548,5.322851259906779,0,256.29129620207357,256.29129620207357,540.6018232293305
VYD_03549,0.689297448151973,0,246.22913889644443,246.22913889644443,659.2386959677359
VYD_03550,1.979282570555226,0,243.5780386284429,243.5780386284429,363.46303596720446
VYD_03551,0.9977867765047241,1,455.85169601251096,455.85169601251096,1792.48206660273
VYD_03552,2.59637286523654,0,474.0522560356506,474.0522560356506,1136.8895787105262
VYD_03553,5.0774191091087575,0,382.4135978430233,1102.1822797848886,382.4135978430233
VYD_03554,4.757141298228826,0,441.6648084211563,876.3040695155127,976.0118683484508
VYD_03555,1.2057593933907582,1,469.4805656007657,856.9728294591735,1718.8521872166693
VYD_03556,2.655064329809827,1,1269.6414714033249,1817.4596189974434,2213.0849900467
VYD_03557,1.7496765432630317,0,296.4789204161103,688.3078480245708,180.0297414909742
VYD_03558,2.3319026883719625,1,902.3570672862119,902.3570672862119,4092.142900950785
VYD_03559,1.546077124805728,0,499.4707143456431,515.8120185589901,493.2810996955579
VYD_03560,1.1565634727673697,0,864.8890085423109,1943.8951032820198,485.33861393182826
VYD_03561,2.4105106466505655,0,102.63348164771016,102.63348164771016,735.2722321610277
VYD_03562,1.662388250183181,0,1190.9217848972255,1190.9217848972255,230.35842063867958
VYD_03563,3.855782231749388,0,303.6148900329273,303.6148900329273,296.1652064799806
VYD_03564,10.998823980097733,0,415.4665954423926,811.0725397766436,891.604146884625
VYD_03565,3.369677698126811,0,914.8482045341381,1139.68856874988,911.6278856374756
VYD_03566,2.7760666277665043,0,1151.0038355455363,1302.9037703388185,1184.8482339320756
VYD_03567,1.1866658480162382,0,818.858017343108,818.858017343108,1354.0682649337407
VYD_03568,3.9014753544243637,0,433.52075015619505,433.52075015619505,773.3004724387429
VYD_03569,1.080862459558907,0,160.6123516534954,160.6123516534954,510.2448047848658
VYD_03570,2.5510695182270373,1,1032.391098811793,1032.391098811793,5095.003692295306
VYD_03571,0.8414984312186076,1,635.12151486316,635.12151486316,1014.1668847347372
VYD_03572,2.201248064400789,0,319.3817628461962,558.1359204936196,225.16388976583545
VYD_03573,2.1926972237764635,1,786.2810973049279,855.7779924002136,2929.686181278791
VYD_03574,1.0031657779650405,0,156.20514366761094,247.24338380384393,507.2736056859826
VYD_03575,0.7996949798445204,0,672.9552525140539,672.9552525140539,1580.6465029803066
VYD_03576,2.9884489417122766,0,119.99337963205616,119.99337963205616,2652.140840698218
VYD_03577,4.990510203325993,0,377.9327520310111,397.13325962543763,585.9054704066269
VYD_03578,0.7729284976613972,0,114.8510162983042,114.8510162983042,2588.9395741951735
VYD_03579,2.0880315284428383,0,387.53320781440635,460.47556631026174,428.5130194405632
VYD_03580,1.1204848623229156,1,535.714467297791,738.8576458961986,1406.1915195653817
VYD_03581,7.810429460324839,0,292.22673875363284,300.91306608776557,292.22673875363284
VYD_03582,2.073864245493714,1,547.5730034223604,919.0146356549104,360.34056154108185
VYD_03583,11.037049400809535,0,585.5128289407494,585.5128289407494,730.0313560944338
VYD_03584,3.775458478315812,0,166.18634817975507,166.18634817975507,2289.490620237585
VYD_03585,7.947926421481761,0,215.40705005627026,644.2845962968158,214.0869203215243
VYD_03586,22.00507539364175,0,587.813958374423,587.813958374423,593.3312570386391
VYD_03587,1.2198931907279256,0,216.3287547317516,216.3287547317516,793.9921350933296
VYD_03588,0.6249239298042069,0,164.75613643699194,567.4409326155475,87.011800132942
VYD_03589,2.2504398308991944,1,709.6826104128223,709.6826104128223,3074.121167547363
VYD_03590,2.287341717061411,0,587.4698669993926,936.7316436721494,500.2546398327429
VYD_03591,1.0280979879445105,0,753.8229691765295,1858.4374692194529,349.7970747749822
VYD_03592,0.6566429657912528,0,273.6307094891421,374.5963303727247,257.80602955138403
VYD_03593,2.900339710202665,0,1359.2341196587706,1517.7895530835021,360.28964075754465
VYD_03594,0.6668349909504003,1,781.7539100026501,781.7539100026501,4113.434903576795
VYD_03595,2.0024393064254364,0,99.41601576918256,174.86870842819442,99.41601576918256
VYD_03596,0.9980489746907356,0,324.0350045206735,695.107340833327,315.65657161777847
VYD_03597,2.9155007091964844,0,746.8765702160963,792.3096961534569,329.13761510151653
VYD_03598,5.199450319827705,0,729.905018244347,729.905018244347,1217.945337178027
VYD_03599,6.308614965803297,0,301.8364989804437,742.5229573213833,140.17587278520313
VYD_03600,0.792456783954757,1,1165.6492047996892,1165.6492047996892,883.209851586873
VYD_03601,8.31856538537178,0,1162.4524358055914,1294.1105162933227,1579.530723517146
VYD_03602,4.146120623745053,0,128.25346847533993,410.746648984122,100.17915639067787
VYD_03603,2.200044382091502,0,222.90869770634023,516.9898648287048,56.21159940650476
VYD_03604,6.249244022429419,0,369.67301964231876,773.9901436283859,152.38014493783717
VYD_03605,3.448526694982731,0,1125.019324763569,1349.2222071501599,1020.1691002829685
VYD_03606,0.9121956212958233,1,857.8022474417534,857.8022474417534,2091.1302492015448
VYD_03607,4.877730715569607,0,568.0693835034149,568.0693835034149,951.99534915388
VYD_03608,2.1756737924332947,0,1021.2137345056617,1596.7001502310914,2702.0535918493974
VYD_03609,1.0353666246111943,1,231.9551266678759,231.9551266678759,1217.117309899015
VYD_03610,2.065033376480456,1,464.8070893408008,464.8070893408008,1217.4261485210193
VYD_03611,0.6404376761398826,0,191.8648102960574,191.8648102960574,151.46518931090378
VYD_03612,3.2369044446876885,0,549.4083365953519,549.4083365953519,1913.1331436377154
VYD_03613,1.2442494959030015,1,230.49638312325888,533.9912877682241,216.84950485881626
VYD_03614,2.421007370329754,0,151.3046834107383,190.60126426406327,162.61849641881773
VYD_03615,9.2141968121313,1,1016.2593269348781,1016.2593269348781,1507.4211627557988
VYD_03616,2.6836583054327297,0,2082.8860977062996,2082.8860977062996,4836.608695608049
VYD_03617,3.101613829645176,0,690.3338808083291,860.2173380316873,1252.2098105059424
VYD_03618,0.8029701892934575,0,553.9494632785475,703.8952520710901,34.06792202831081
VYD_03619,0.8371107547432943,1,508.15026224803074,508.15026224803074,861.2094235509178
VYD_03620,0.6558570582918027,0,764.6125899421678,764.6125899421678,984.3208328208209
VYD_03621,1.5984401418589869,0,209.2654505848128,279.2623616605686,2661.253801630228
VYD_03622,0.9808262439322442,1,1498.8367075402596,1498.8367075402596,2523.908096073478
VYD_03623,1.4476648808432493,1,1577.6902824621668,1794.768141934092,2323.411460823934
VYD_03624,1.7964713974163016,0,379.8112853793335,522.1441928865204,1549.8925829673924
VYD_03625,0.619378450765484,0,2406.0704754197354,2406.0704754197354,3571.0271999854212
VYD_03626,1.57977005813783,0,840.4615818544057,840.4615818544057,300.5514266933961
VYD_03627,0.334769377023085,0,808.3670964822527,808.3670964822527,845.8635917644344
VYD_03628,3.5734081090186716,0,364.7122310379098,531.5844818144195,144.1712381548344
VYD_03629,0.6771100713665453,1,1004.5647818903096,1004.5647818903096,1975.7731225042876
VYD_03630,4.684524197323787,1,940.495627071007,1426.765337363572,114.45793226853586
VYD_03631,1.482817071349532,1,613.3440006176972,613.3440006176972,4932.957558043769
VYD_03632,1.8766413720496573,0,287.64983038278865,287.64983038278865,423.80981225434124
VYD_03633,0.03281343386793589,0,660.850037986075,660.850037986075,1653.0521905021533
VYD_03634,5.044674720935658,0,376.45911391874654,422.5299376363855,250.48262322086492
VYD_03635,4.9693962661553375,0,940.3084558567818,1160.0749590332662,1371.4649881650905
VYD_03636,0.8787954644113093,0,743.3716160500687,1354.4672235052235,2438.602140690941
VYD_03637,0.6419787454731061,0,191.18988731534682,375.8348311413386,688.3921799209078
VYD_03638,3.251605575384997,0,593.6505695257383,593.6505695257383,813.2931649624114
VYD_03639,10.54834700261215,0,316.68937572664936,483.0126717231728,1556.191813734985
VYD_03640,0.7755631576872134,0,226.1025145574373,226.1025145574373,286.91196801124846
VYD_03641,0.7192671054778705,1,826.6290926595065,826.6290926595065,1638.1066795880397
VYD_03642,0.8644332054487402,0,673.0127148160518,1041.226417332901,179.81849759273973
VYD_03643,2.920659832184307,0,205.90650347290273,427.49825375522835,393.95584138942274
VYD_03644,0.9717960260097458,0,262.47016346258465,262.47016346258465,738.3576621586874
VYD_03645,1.5180088740615985,0,242.52909968398072,613.686449219708,193.16451172117286
VYD_03646,1.239622548391482,1,496.66249142007837,496.66249142007837,1049.1778088874303
VYD_03647,7.72545345710674,0,153.43475561517897,403.77955269033504,378.2154712988068
VYD_03648,2.2344429274596855,1,658.8771417685424,658.8771417685424,4565.501171609917
VYD_03649,2.9066777006109255,0,1503.3746624052267,1574.7407302437382,1941.5622888719276
VYD_03650,0.7249186762258316,0,568.9945623123501,670.1399793066771,454.74788971129027
VYD_03651,2.639582475760835,0,205.93704549912172,529.9244387032671,394.3955868373081
VYD_03652,1.0559326310396424,0,198.22883803252307,600.5458650308337,175.90647604655743
VYD_03653,4.603479430019517,0,585.0174100573469,585.0174100573469,765.2890635480151
VYD_03654,1.0126220389996334,0,2104.5537331576365,2104.5537331576365,2991.2810402464397
VYD_03655,4.550903386749551,0,554.6100509975947,554.6100509975947,1492.5286604780194
VYD_03656,1.2145974538490851,1,92.23967595986547,92.23967595986547,2491.690964184136
VYD_03657,4.430947363418825,0,732.0379154686351,849.0033362743093,688.6431777409895
VYD_03658,1.3920377384887193,0,495.9586750480662,495.9586750480662,559.4406832220833
VYD_03659,3.344775452748932,0,258.2152806545746,322.3198327743117,233.68557127707342
VYD_03660,1.2389714478492964,0,720.3896060506286,881.5301911875667,89.4110289627426
VYD_03661,3.767306660322481,1,252.29113470953405,252.29113470953405,510.817637341261
VYD_03662,0.9100162629680831,0,184.8447666008145,452.8683053296664,183.98134358467863
VYD_03663,1.244176761622895,1,489.3637951362893,888.3645061094277,1441.4359076805918
VYD_03664,0.6917085568596454,0,173.7876838998748,173.7876838998748,524.6412166363593
VYD_03665,0.5143662234843488,0,185.6857910243094,185.6857910243094,1465.0394931832002
VYD_03666,0.9474376217110811,1,443.6021295631391,565.9338576093311,536.1443337718456
VYD_03667,3.0975846548070147,0,451.0508095698404,624.3025759973455,429.9005682119783
VYD_03668,6.215050621730403,0,738.7500293152538,738.7500293152538,727.5926876809087
VYD_03669,1.6821297036762044,0,709.5213189872403,781.4485339039918,1333.407897394869
VYD_03670,3.935143103924309,0,412.5465269797171,613.9552514464992,296.5436206989446
VYD_03671,1.4419539313163154,0,207.10009808426224,207.10009808426224,1026.344699359919
VYD_03672,1.1519121322182013,1,560.180649426475,588.1438841950809,4174.32691426899
VYD_03673,2.6399438824480175,1,791.3412500068742,792.7375183827219,560.7777761988127
VYD_03674,3.1480590712292797,0,856.3437533097122,856.3437533097122,1840.1477522898338
VYD_03675,0.8109456454981403,0,388.6944998541121,388.6944998541121,981.9448083129356
VYD_03676,1.5557554270319263,0,769.574757435621,1062.0339102359164,812.3447577486158
VYD_03677,2.9251768244494682,0,155.5627306192332,279.1824323876662,334.86929388466797
VYD_03678,1.896916839334019,0,716.5304843496782,716.5304843496782,957.4332382285639
VYD_03679,1.4103725211539078,0,402.76836744515504,463.0600108209615,412.49537611314935
VYD_03680,1.899323482295562,0,482.05727699268203,854.8942308297331,321.4281141490012
VYD_03681,1.4342636074257094,1,400.81053374561014,400.81053374561014,1348.7420979969916
VYD_03682,2.5349664882206895,0,651.4650306473095,659.5965983523635,798.0447033444478
VYD_03683,3.17452634459176,1,730.7452248592259,1906.0300010758,506.5752573699377
VYD_03684,2.538945546396079,1,207.67768443492176,207.67768443492176,5504.328663794501
VYD_03685,0.8063783759968781,1,656.8576892435137,656.8576892435137,513.2837391515719
VYD_03686,2.773813359554594,0,621.2453461129772,621.2453461129772,946.0452518059897
VYD_03687,1.5165680639940318,1,105.28850224409224,449.3307748357773,172.99930922990112
VYD_03688,2.160201097080989,1,1399.538912342632,1493.921285048868,3220.0102224506395
VYD_03689,2.6100104634762324,0,563.5652843556788,635.4273935089815,511.89451638750074
VYD_03690,5.04511500994473,0,805.3601243952111,2081.5604152766005,556.9764400379128
VYD_03691,0.6460410706349913,0,1465.0924162725162,1465.0924162725162,1230.6236897751364
VYD_03692,0.8825772338567329,0,405.73546692535325,417.3644562455829,376.5236510227553
VYD_03693,0.8269871935495554,0,144.54886961532836,537.7879921920302,827.6126148238834
VYD_03694,2.0827762969268977,0,411.77900285047866,411.77900285047866,729.5195911215983
VYD_03695,2.4104675909069893,0,464.7876533845933,464.7876533845933,1123.1527135135084
VYD_03696,0.8692220564091753,0,275.7466645107475,282.0880166087063,177.83037363786156
VYD_03697,3.402814731039159,0,357.82791601565356,357.82791601565356,954.4514956878005
VYD_03698,4.490750132922334,0,595.5833818982471,858.7525822037219,1273.1919228948248
VYD_03699,0.5626191750111516,0,165.76252380455028,826.3739112269686,2623.2714869651763
VYD_03700,0.7088296585625682,0,564.9381557022164,664.9392097194536,437.57529831926905
VYD_03701,3.5053191213616977,0,389.2729163363983,389.2729163363983,618.0743236276877
VYD_03702,2.16566633688796,1,475.35381878825905,898.7464844051281,3941.6282006541587
VYD_03703,2.4050264334751277,0,112.69580350518264,382.82535028827454,83.27902126049617
VYD_03704,3.563456203439246,1,457.75669398450265,457.75669398450265,400.2323192255888
VYD_03705,0.23998773532366685,0,440.50408231933733,1025.5585204557683,5162.195376296204
VYD_03706,1.29835322998315,1,309.63197407829205,309.63197407829205,461.3220951556517
VYD_03707,7.872137052468824,0,1070.9924352587047,1120.8052907549472,1433.2189014112419
VYD_03708,3.668450585530141,0,194.07607410855624,426.0472447508164,79.95510211996937
VYD_03709,3.021162982474895,0,334.88051297557064,334.88051297557064,349.2520579041633
VYD_03710,0.8898695591651733,0,258.4724976634182,258.4724976634182,365.3425046381882
VYD_03711,1.5024000468835752,1,1727.5106479283668,1804.2127079770403,3958.4717783023766
VYD_03712,1.747863151489733,0,257.4380083777588,257.4380083777588,645.3579879280744
VYD_03713,1.0421625926469442,0,434.6842415981302,434.6842415981302,1457.2397351181792
VYD_03714,0.913386490255094,0,1133.8119201402662,1133.8119201402662,527.9016975298927
VYD_03715,3.4983269315037164,0,270.135121909871,270.135121909871,298.41335843485564
VYD_03716,4.436506065692134,0,447.15127776183897,626.6947613737517,457.1829841627257
VYD_03717,4.846497388779223,0,881.2128684140005,1447.3382443266664,2251.0064257927256
VYD_03718,1.7792615930587785,0,441.13332863407334,568.9305067028781,731.4334225832506
VYD_03719,4.838636547572334,0,425.5890427009196,425.5890427009196,707.1869082253888
VYD_03720,1.167804829116251,0,374.37762380342264,434.95877457824173,631.8292856176236
VYD_03721,1.699085304089197,0,332.87333005667773,380.1376560531962,330.5626114196427
VYD_03722,0.3529858670297088,0,903.1997170888949,1269.5522434565164,1479.2689947729064
VYD_03723,1.6815649975684275,0,334.4734959697016,334.4734959697016,222.50511901269903
VYD_03724,1.6575310205006637,0,488.6069532950763,488.6069532950763,678.4661545255541
VYD_03725,3.110997148857939,1,292.49165207463426,400.42662522166114,617.6258341847473
VYD_03726,1.9160032114942787,0,195.9948976663334,330.5888242751232,100.23544171994094
VYD_03727,0.7835591677288627,0,1168.8672135883683,1168.8672135883683,191.28257006140524
VYD_03728,2.497566901811171,0,202.5395230731139,202.5395230731139,417.45543672664434
VYD_03729,3.4734837818237736,0,107.35333927435461,107.35333927435461,328.99905161383896
VYD_03730,0.7672848876839861,0,120.01082225571965,120.01082225571965,1215.1601260692485
VYD_03731,4.275388867923367,0,219.0186739436206,219.0186739436206,1316.2535419248807
VYD_03732,0.7276941457178867,1,359.89448596748156,1022.5248403886391,3497.061572535923
VYD_03733,5.672915129632803,0,796.7014773372069,1270.211363293937,697.3207729613191
VYD_03734,1.5873462122575601,0,157.9661316005838,525.0601659726872,89.89905627071019
VYD_03735,0.6832349564789668,1,85.23698362637218,85.23698362637218,4455.6560955684645
VYD_03736,1.9258129106532502,0,337.33417872124016,739.2883224682,122.24939773615264
VYD_03737,0.03984844937935899,0,156.58874259658177,739.999614419972,1378.6435616438891
VYD_03738,0.7317615535654077,1,432.9684374505096,432.9684374505096,4343.564186835104
VYD_03739,1.1574531973847804,1,613.5019813345322,613.5019813345322,2071.448796108229
VYD_03740,3.4159735017707775,0,566.968227684552,566.968227684552,1300.7749458637084
VYD_03741,0.7603397110756854,1,1454.0850437005854,1454.0850437005854,5068.772389669538
VYD_03742,3.361112807282275,1,295.3072429058042,295.3072429058042,4621.4111254859745
VYD_03743,1.2350805415444792,1,962.5655852096137,1114.740563274206,3566.1498135065412
VYD_03744,1.3091299837773773,0,198.94164270495241,280.86587405395466,482.43040125171973
VYD_03745,1.2291826758376438,0,286.23819158820595,425.33125074047473,131.27392639358231
VYD_03746,2.717912249674814,1,384.1808929868531,384.1808929868531,3124.775589630954
VYD_03747,1.3290065781024047,1,2255.0033862464293,2434.616018381403,3381.416142848717
VYD_03748,2.5954601360836134,0,1199.8142054420448,1270.7546605675968,695.1648071635909
VYD_03749,2.043260183077179,0,411.61445832238087,411.61445832238087,666.2630854813917
VYD_03750,1.3703522222236668,0,191.5859025713159,517.2316502716517,173.9927348735019
VYD_03751,3.163769626058409,0,166.30915857944635,228.92338395020298,348.59868720044113
VYD_03752,2.311680697978317,0,931.4322015086486,931.4322015086486,1375.4991720251353
VYD_03753,0.7338392891768736,1,630.4690793821133,881.5461767690326,575.7587589513056
VYD_03754,2.919782280530322,0,765.7601740408451,1154.6992060871903,763.6132531640018
VYD_03755,1.8369076291495847,0,1327.085049903836,1327.085049903836,264.8714363340558
VYD_03756,4.492241193906194,0,468.03661492066215,843.0437375107242,441.70791699939014
VYD_03757,1.4387593205960931,0,714.1132276373221,1099.416909140536,431.86995669275564
VYD_03758,1.5484945917237418,1,185.22112454226988,215.00523080741428,4583.95461210859
VYD_03759,3.296484099649372,1,494.7301729349723,494.7301729349723,1199.1611348266947
VYD_03760,2.0308016763291574,0,708.7320038783045,1588.0221146808583,662.0465086195927
VYD_03761,1.6177416080592895,0,1359.6878465398054,1680.135083780148,1951.1776708504815
VYD_03762,5.970286328322809,1,184.53249536292188,245.39675614311577,147.697277773691
VYD_03763,1.030427064978566,1,1386.7697630731689,1807.750107609441,54.438380292920826
VYD_03764,4.425966176091217,0,1191.4024324886914,1340.0207811627167,1165.6106783138198
VYD_03765,1.9926076410634792,0,968.1460147905133,968.1460147905133,1360.4465014497578
VYD_03766,3.118911589330801,1,1179.1415878482737,1465.4994057692754,1070.7108393954197
VYD_03767,5.420317128401605,0,307.1528334916969,317.60851747164213,921.470946625155
VYD_03768,1.7879874737094814,0,156.10409235698822,618.8078976758853,669.2494953501841
VYD_03769,2.510098745811453,0,1014.2659625234215,1036.5881434055857,175.5193119182783
VYD_03770,2.7669895199636407,0,439.40500280938414,490.95040961312355,2805.7573758599383
VYD_03771,3.3675714699450627,0,204.0638472725168,810.1434386831886,4959.182026286764
VYD_03772,1.0193462885091822,0,234.3647792195503,234.3647792195503,499.98311772212
VYD_03773,3.8192037052837353,1,585.0955699887137,585.0955699887137,2994.6755595375557
VYD_03774,2.6657559812160865,0,906.2475505298077,1601.8799009137053,2958.8595840577095
VYD_03775,0.7140856649225107,0,1464.9209029259787,1464.9209029259787,2959.5906484080483
VYD_03776,1.7470255111987703,0,161.84348786363097,161.84348786363097,542.6455197800317
VYD_03777,1.7982244043990814,0,63.3852425023993,63.3852425023993,373.2477003430199
VYD_03778,7.053402541856171,0,1057.757357954688,1148.3800867677273,1174.3850858367327
VYD_03779,0.969149030317325,1,1993.6423317290237,2197.141974786368,3473.8574410717392
VYD_03780,1.9602146650242416,0,132.43607193385898,132.43607193385898,2062.361934666801
VYD_03781,7.156559894901405,0,321.08600185305204,630.383407531562,614.4695422148882
VYD_03782,7.555567582595945,0,817.5047178706038,817.5047178706038,886.4920624437669
VYD_03783,5.437174150561063,1,488.15989068508077,488.15989068508077,3132.600860964525
VYD_03784,2.4343692901006175,0,174.81599370663025,406.3760251347077,836.7350800179235
VYD_03785,6.231092861848026,0,381.5509146337644,381.5509146337644,1127.247107775721
VYD_03786,3.2545081130665925,0,139.0669793393112,139.0669793393112,529.723453341692
VYD_03787,3.595183581267235,0,657.2808861877846,1406.1038392498415,1402.3771274177666
VYD_03788,4.8974069360446535,0,128.06922797818,582.8374887848837,902.4893887259595
VYD_03789,12.578648615280066,0,747.0486947645935,747.0486947645935,977.4012690777307
VYD_03790,2.0845253753225492,1,443.1833282245825,443.1833282245825,4283.524897707971
VYD_03791,6.45879794364799,1,1493.3793252769215,1962.3637454078157,276.0056968752646
VYD_03792,1.13104352494645,1,563.8634815180086,563.8634815180086,701.8535587351273
VYD_03793,3.9565104800780513,0,612.3836703809209,1256.4924584367427,721.375640361035
VYD_03794,1.1509650990578446,0,301.9627076673874,301.9627076673874,937.160201728749
VYD_03795,9.179015073512073,0,276.4264232221174,1035.5434047534422,177.0303512496577
VYD_03796,2.2478764570997294,1,711.9535326853618,711.9535326853618,2926.5649437361203
VYD_03797,4.008553464519468,0,251.94542289696903,346.5000367079855,2223.9350842750528
VYD_03798,4.297365940438273,0,425.0430817211427,435.8886021421606,873.043516977191
VYD_03799,1.082916507583208,0,259.5166859973021,864.8912491134295,250.62149460480893
VYD_03800,0.6148375284687997,1,412.0899291507565,412.0899291507565,1404.1486365344226
VYD_03801,2.7703171272399434,1,1549.1565781898635,1549.1565781898635,4295.307513064793
VYD_03802,0.6915039100682794,0,242.04951314922494,492.32540644706194,381.0149634356297
VYD_03803,0.7978111310980078,0,117.58407224302366,572.1507632410162,1088.661194742081
VYD_03804,1.4709873190106846,1,1471.8133607582367,1471.8133607582367,4194.4367313303965
VYD_03805,1.2695228598896042,0,132.53904947738255,132.53904947738255,421.51175599820453
VYD_03806,1.144964721441121,0,293.0082929555888,293.0082929555888,624.4937082464487
VYD_03807,3.1821569952542434,0,442.4269222692311,442.4269222692311,504.22075767818075
VYD_03808,8.243242708256046,0,989.4276782343173,1031.273977147557,277.40293612034884
VYD_03809,1.2457665688451975,0,647.7440547832845,675.770147749647,512.0358691415291
VYD_03810,1.3639878335784634,0,555.3602052431648,555.3602052431648,1614.711983696684
VYD_03811,0.9916528607152363,0,47.317797238628856,47.317797238628856,1161.4235499926885
VYD_03812,1.3922063622301937,0,306.8619400057029,618.6684379903005,3345.2809004473106
VYD_03813,1.9983006550320173,1,269.4325394753382,535.4995302364307,323.36667333565947
VYD_03814,3.928097817617871,0,739.5768055058886,1269.2512928529886,2319.3836417411294
VYD_03815,9.705885805964071,0,430.8992876761955,1624.6817901111183,421.34892143778404
VYD_03816,14.006675188150838,0,373.7110974813611,837.0069977584652,373.7110974813611
VYD_03817,2.3280200648662257,0,348.1294952445773,604.1385466788771,330.598543108306
VYD_03818,4.698237744940172,0,193.4729009843486,378.3996933774623,166.0458692058495
VYD_03819,10.00627093990694,0,347.4218667343935,347.4218667343935,644.201074378175
VYD_03820,1.024490128508718,0,616.0297194199493,616.0297194199493,1290.0619202245618
VYD_03821,2.9047301645280394,1,158.32294225927575,158.32294225927575,1470.1472174823891
VYD_03822,1.509934120678937,0,76.71109164636658,76.71109164636658,1907.4279852869988
VYD_03823,0.7310220971007495,1,483.5438091864489,483.5438091864489,4156.402160808201
VYD_03824,0.7676810197671721,0,449.09204799638667,594.1664869631584,825.8132075354707
VYD_03825,2.429809001765731,0,339.3002185427771,797.0483736170752,278.889725407573
VYD_03826,2.4584352907672793,0,255.4173871970664,255.4173871970664,1971.495003313806
VYD_03827,4.623857924486314,0,298.66301959668886,362.2687371942279,813.4698650239148
VYD_03828,7.896272687055739,0,273.8237001523925,493.5311104948333,1899.9390334131
VYD_03829,0.9102068452281641,0,134.0039713968509,134.0039713968509,76.70585767523221
VYD_03830,0.7110650585573093,0,68.32839045872079,380.7219853602327,67.338637271075
VYD_03831,2.1804821802902965,0,113.18938533962208,113.18938533962208,482.8202947316651
VYD_03832,1.6896107366467956,0,517.6347832342531,1304.1477346852464,3890.345200817549
VYD_03833,0.7049552194711965,1,1026.8224606396184,1094.4226150407537,835.8811067106301
VYD_03834,3.0664405936336196,0,197.52143638789877,964.4481462149665,154.8558672544379
VYD_03835,1.8024053818127355,0,640.1847148608439,973.4328453576697,624.8406679849221
VYD_03836,1.4693810862718841,0,119.8995765726965,119.8995765726965,138.3122802237042
VYD_03837,1.1738539265165375,0,542.7008046308202,688.1284845531878,479.3852380589268
VYD_03838,1.109552156932599,0,133.849549151557,133.849549151557,356.97506528526964
VYD_03839,1.9961245606288958,1,192.57128490443358,337.55045419512345,48.4101153094717
VYD_03840,1.800546630013144,0,384.737889019532,792.7201225357574,271.0317769237653
VYD_03841,0.6897627394924546,0,340.44261524252084,340.44261524252084,411.2814313179009
VYD_03842,0.7836348959342697,0,553.0501917172531,1932.1985619917832,1479.408169976547
VYD_03843,1.3089319284172534,0,356.10677012464765,773.1050490678623,1040.183404652316
VYD_03844,3.6648020008237867,0,563.5458149235654,563.5458149235654,175.57380323008752
VYD_03845,2.66559472821864,0,187.6718138518012,384.9611766482946,225.27275730226881
VYD_03846,14.078404552499487,0,664.7451934927593,664.7451934927593,1188.8606907976568
VYD_03847,1.3716995745156544,0,257.97220891345796,504.7819704768049,725.915162969859
VYD_03848,3.8498715877067298,0,481.9692903114347,481.9692903114347,604.931794818751
VYD_03849,2.4245803328915327,1,1314.8467814405296,1314.8467814405296,1802.9450640742411
VYD_03850,1.415563596020875,0,283.1964559369775,283.1964559369775,1212.5615823992302
VYD_03851,2.16454591486338,1,736.3088901735568,910.8133229630843,817.8510255140787
VYD_03852,10.598903522692705,1,950.7566339062101,1570.0589853437723,210.0107016369976
VYD_03853,1.108108612748982,1,861.0209686707748,861.0209686707748,4239.706201465128
VYD_03854,1.4111714682805985,0,145.960637080883,145.960637080883,359.4443385502619
VYD_03855,2.6865880311826413,0,185.70925289807644,284.1807328615257,184.27306240136252
VYD_03856,1.4393977664122142,1,1097.6279647762117,1100.3003386803548,3668.9671525317517
VYD_03857,5.1750895328165205,1,1034.2406135746323,1034.2406135746323,4669.330077855323
VYD_03858,3.142551600679071,0,520.0032997457921,652.0975576829375,84.2002356960299
VYD_03859,1.6029251599366343,0,356.54184722909133,482.13717500276687,332.45082130262807
VYD_03860,1.4751277321628136,0,317.8732700023538,317.8732700023538,1535.528893341901
VYD_03861,0.6442704254820452,0,664.1646899933356,664.1646899933356,1536.8351333207586
VYD_03862,1.3179662488443142,1,517.2996871462091,517.2996871462091,2015.5114665466679
VYD_03863,4.380265164303126,0,682.9740322673013,682.9740322673013,668.6266607390945
VYD_03864,4.3193475828485255,0,203.73294948934168,290.4970265987953,122.49912549153278
VYD_03865,4.4479207421135545,1,717.2043764478311,717.2043764478311,4809.76049454973
VYD_03866,5.900251360320244,0,350.3104656037332,492.519277733148,919.3883956856371
VYD_03867,1.7253711283305664,0,246.1327225999913,361.246116302762,180.45020519081046
VYD_03868,5.130949334447342,0,204.46396827885687,289.1381258603886,1038.8516933465714
VYD_03869,3.1974356149019645,0,319.98245015493444,452.6514432363718,129.35481426773407
VYD_03870,6.531478985267179,0,373.0526424929908,623.0509408946652,568.9197555221289
VYD_03871,0.646858581543875,1,760.1138782912715,760.1138782912715,454.62650378623357
VYD_03872,1.4672617937360475,0,331.02963873731943,399.4002582346462,249.3163437074477
VYD_03873,4.813043958670993,0,165.38423784634222,304.38078997896463,143.3097854598389
VYD_03874,1.4848641418883168,1,210.32636103878406,210.32636103878406,4642.156550173939
VYD_03875,1.2122146926257913,1,126.03332617019906,126.03332617019906,708.6386275744635
VYD_03876,4.9096927516481825,1,1236.7272147937213,1236.7272147937213,1833.6909272573828
VYD_03877,2.565413496075994,0,261.4901555978853,261.4901555978853,927.7762913082356
VYD_03878,0.8137445223572116,1,236.07095162207932,236.07095162207932,5267.646044277767
VYD_03879,3.546762132158941,0,342.02278067294145,837.1319143319522,335.951301157658
VYD_03880,3.3295517735384514,1,421.19081572602875,421.19081572602875,732.5848217608398
VYD_03881,1.0227300368511814,0,38.659378604645724,192.31323162674124,1747.1037932822348
VYD_03882,4.017063573982037,0,211.99434055385993,250.8523789088782,1815.9766285613937
VYD_03883,3.5864593842770547,0,583.8802679852615,583.8802679852615,772.8163104389629
VYD_03884,0.89080379833257,0,699.7724785687946,1321.7763273333173,2493.5338907073956
VYD_03885,1.3248301748036213,0,94.17792808208438,327.17099838163847,520.6069084493091
VYD_03886,1.1319780439545084,1,152.75256718246962,232.6877792011355,138.1660895209011
VYD_03887,0.968205727282444,1,194.32248606173755,661.5031932183947,74.1580679878013
VYD_03888,1.1171068750282962,0,319.88068634342915,509.3427226187854,1728.6861347716883
VYD_03889,1.0497927478263334,0,251.84666084339315,251.84666084339315,736.2282113595827
VYD_03890,2.6691618418918748,0,219.22041324664102,219.22041324664102,522.1733352410798
VYD_03891,0.967440131650267,1,115.11079839811806,115.11079839811806,1105.4172572206548
VYD_03892,2.324005695688108,0,330.0788672217273,330.0788672217273,867.9753705045357
VYD_03893,0.8877593108235761,0,58.93341354863402,608.1067000835598,54.27921643804208
VYD_03894,0.6314014456533551,0,318.9992486889248,863.7957351511479,207.88925308845725
VYD_03895,0.8484633009948825,0,432.0800229022145,432.0800229022145,726.618538469069
VYD_03896,9.83629445484611,0,300.5663905431767,300.5663905431767,310.3479437030675
VYD_03897,2.2688039952219614,0,2369.018380374395,2369.018380374395,2916.8330347156125
VYD_03898,5.048924190759827,0,560.803546666622,1253.778611671384,909.5397075237295
VYD_03899,3.5211470876185973,0,1178.5810438133396,1178.5810438133396,243.36327975734244
VYD_03900,5.662223344664002,0,524.4763870619303,1124.1134414417688,4269.689027561232
VYD_03901,5.887814283983818,0,533.0882351151874,769.7205346663006,255.15178409326228
VYD_03902,3.286219757078101,0,293.8911545430068,293.8911545430068,2601.6655510920027
VYD_03903,0.6338154862561617,0,263.83245784069555,263.83245784069555,2735.920208182277
VYD_03904,1.1748450554128675,0,509.22785056432014,1001.6530956158493,240.2314459735037
VYD_03905,10.825417887546463,0,319.8343981432743,319.8343981432743,573.4408265307006
VYD_03906,0.9139029376614348,0,160.66715883832018,160.66715883832018,381.825601893975
VYD_03907,1.3965102751318472,0,532.5704927257673,1096.0241453089589,4211.4131674492255
VYD_03908,1.2352086550051011,0,118.43566728201024,118.43566728201024,418.340241747319
VYD_03909,1.509071893469568,0,112.78041811175656,255.39088459788522,1772.366440789166
VYD_03910,2.351783799926327,0,1231.6403131939585,1231.6403131939585,109.38524304809955
VYD_03911,0.7626541294992257,0,145.39530828024866,145.39530828024866,328.53982073442836
VYD_03912,0.6850468087309054,1,2216.2186475224075,2216.2186475224075,3668.08944269405
VYD_03913,0.9771999764030789,1,1912.4329649346262,1912.4329649346262,4675.013021922769
VYD_03914,5.0470961123761935,0,704.7136199737704,704.7136199737704,955.2358520090731
VYD_03915,4.995181364971171,0,249.0735153274378,249.0735153274378,806.470510109023
VYD_03916,2.632872379587272,0,339.4943049056093,339.4943049056093,2713.647173464084
VYD_03917,4.54343173834677,0,817.8602350621392,817.8602350621392,1053.8409979782032
VYD_03918,2.5538455985355677,0,662.0272117330804,662.0272117330804,887.6514017242233
VYD_03919,3.7665249180176033,0,1342.5721977340745,1342.5721977340745,218.39770766363552
VYD_03920,2.631484389954175,0,302.0326623556677,302.0326623556677,514.1765896392818
VYD_03921,5.705972459688209,0,336.93302707003613,548.000688007503,253.75076208380273
VYD_03922,0.7243598792697418,0,386.5980835643588,386.5980835643588,1197.8687283582985
VYD_03923,2.582611022245185,1,1558.978144931444,1558.978144931444,4215.286454068695
VYD_03924,1.8410323578152943,1,1119.2596311971918,1119.2596311971918,187.94715064902496
VYD_03925,1.9976360741102552,0,663.73324497566,873.0260696115243,349.5288699611164
VYD_03926,5.087200732092273,0,523.2090928689465,735.0116406225565,493.02821369513714
VYD_03927,2.7474064321284057,0,665.6731952188144,665.6731952188144,357.2484791899345
VYD_03928,2.4938179304178845,0,253.54108424262887,457.6969492652176,127.70223624902356
VYD_03929,1.6126672948003975,1,384.5566369905406,384.5566369905406,5050.353219721483
VYD_03930,1.0839947028755976,0,693.798022904267,706.368711045446,586.1641866755284
VYD_03931,2.1909809555739663,0,368.3139805772904,368.3139805772904,2906.0881267289888
VYD_03932,2.798403793255897,1,2315.3974223542664,2315.3974223542664,581.723937644262
VYD_03933,0.9237852759935947,0,749.6295234152665,806.8391181986136,383.3062766764698
VYD_03934,3.173977721707075,0,396.2358926436307,396.2358926436307,562.9212127583512
VYD_03935,2.7644577477300825,0,209.53440140544177,775.8380498578413,4801.572288840046
VYD_03936,18.231597477653988,1,342.8082626391044,2078.3046568042555,315.17722565033716
VYD_03937,1.7565363998828012,0,975.511057809134,1060.4373623897081,1419.6654456084716
VYD_03938,1.480429796861386,0,625.7989204251963,1345.4771579586675,578.3968808631234
VYD_03939,3.213357957740078,1,250.69614032764645,250.69614032764645,1993.1918183543723
VYD_03940,1.752705823145731,0,594.5655176915595,594.5655176915595,1661.9501225086092
VYD_03941,0.8238720140380308,0,188.450929861311,623.906966221101,185.934967573567
VYD_03942,0.8002184392202032,0,119.0016542184821,874.2120906145011,149.46579526080703
VYD_03943,3.0174371799135327,0,604.1653618139876,1196.7886071051125,603.6890689464433
VYD_03944,1.1534060962304435,1,461.4461320393938,725.3648203909474,430.0804327847294
VYD_03945,0.8220291132782515,1,808.4885726730629,808.4885726730629,3969.141055650598
VYD_03946,2.7855605097501455,0,565.9870666881961,743.1612053871306,121.04717549271443
VYD_03947,3.4086861642939854,1,1024.8989172949139,1024.8989172949139,3709.853048366781
VYD_03948,7.136587017972433,1,632.2144600659567,632.2144600659567,1731.3778955038583
VYD_03949,2.5758729559398823,1,775.689901120178,775.689901120178,4827.2746305883675
VYD_03950,1.7606093485558132,0,1192.3179061652374,1219.311876994168,1254.255098763052
VYD_03951,0.9808830715199716,0,374.24274064659363,374.24274064659363,1516.3177793780171
VYD_03952,0.5787801686315541,0,238.45569476016513,309.59100365754904,201.91976806047094
VYD_03953,6.065211727010312,1,1286.0578126025507,1905.837446013169,545.734783652074
VYD_03954,0.9976761649257162,0,382.17161041193015,394.04755244173725,467.82250157879247
VYD_03955,1.6780766749999414,0,135.93949144330202,708.5632645378818,78.86930719809031
VYD_03956,1.2894908471274347,0,219.21921518313545,321.8052684563353,429.55319844383297
VYD_03957,0.845066612356671,1,401.32221489504354,401.32221489504354,4133.763097269253
VYD_03958,1.140855538183399,0,252.6024713345658,647.5919607752995,173.34096385541548
VYD_03959,3.2750804334596744,1,649.6769407050298,649.6769407050298,4844.738812677735
VYD_03960,1.496230403926086,1,913.8265658008601,913.8265658008601,4706.40009806635
VYD_03961,4.698241223382243,1,1170.496654474889,1170.496654474889,2858.7233172114584
VYD_03962,3.421290971973943,1,337.92445440952093,625.4100135223756,90.1990902358491
VYD_03963,4.5496185476243305,1,1331.654908272152,1520.4023077264785,191.72944674380446
VYD_03964,1.7167292764129394,1,908.255806184819,908.255806184819,4395.080520343819
VYD_03965,1.0986141291607203,1,843.5165056316563,843.5165056316563,5301.209569482624
VYD_03966,4.504570145175995,0,257.8428789328327,257.8428789328327,924.0182213506696
VYD_03967,2.2551141823050296,1,873.9625025190126,886.1265545940406,3319.6942479700997
VYD_03968,0.560739581897013,0,216.0391072995998,550.4556822315026,151.78362127964775
VYD_03969,0.788063874731095,0,132.72235249849737,2017.8700291765224,1309.812279341452
VYD_03970,1.3524004034780348,0,728.6555956765928,728.6555956765928,424.9151710231917
VYD_03971,11.920756554351785,0,438.0369358766736,438.0369358766736,848.3038350634329
VYD_03972,1.4876124787220355,0,401.1673772404304,401.1673772404304,1005.8063122569105
VYD_03973,2.79483178539469,0,154.187933266482,262.2288666945573,4523.953400675677
VYD_03974,7.388652469657703,0,577.9350593433478,810.7052524539753,500.80940799573585
VYD_03975,2.1140214921416853,0,1041.9120175324815,1041.9120175324815,582.5549021984348
VYD_03976,4.767546399040839,1,2031.8006918086055,2031.8006918086055,3785.386510490206
VYD_03977,0.8890788447048071,0,676.8826732779656,676.8826732779656,1595.0712318167032
VYD_03978,0.610643946375078,1,1517.1541755171113,1832.7393520035098,2226.7224884250236
VYD_03979,1.0374751782341367,0,192.7839538194421,252.59691735481604,191.15166737876984
VYD_03980,3.04525915942309,1,1571.6698522718355,1571.6698522718355,5063.318402808451
VYD_03981,1.2987125078543065,0,107.76749125293755,476.040507621117,555.5734475650166
VYD_03982,4.767779630827583,0,682.2221643601728,682.2221643601728,719.4570444810244
VYD_03983,7.766129688411716,0,694.5561031911527,2286.0331801274833,799.4002377924245
VYD_03984,2.9917728804954797,0,313.4795713282182,390.08300294338295,313.02841478189043
VYD_03985,0.8993354573018667,1,588.9840181389229,588.9840181389229,889.5191177089534
VYD_03986,0.6465695151900733,1,84.9013365553234,84.9013365553234,1025.5878414332035
VYD_03987,3.818284357225431,0,568.6480045494067,1161.0703572133643,450.35710451395084
VYD_03988,2.3332010772891474,0,658.1011735641924,658.1011735641924,597.914784565681
VYD_03989,1.1747785173625118,0,322.8516569314068,322.8516569314068,782.2663153751716
VYD_03990,0.8080062302996079,0,828.0747264867815,2819.3810358059627,1834.6326124457817
VYD_03991,2.6250068869739467,0,550.0361931758621,623.39272323314,876.4750099128802
VYD_03992,1.1983897578201816,1,833.7292478852088,833.7292478852088,796.3826804158859
VYD_03993,0.7121819907326411,0,344.15853528343536,344.15853528343536,581.2499384717547
VYD_03994,0.6144128506667119,0,651.845263101156,651.845263101156,1443.6391186848873
VYD_03995,0.8626766357970206,0,805.530636963677,805.530636963677,530.187451922513
VYD_03996,0.6543237405761538,0,461.80489074898225,461.80489074898225,678.2442177813471
VYD_03997,1.206618847729231,1,759.0708731713229,759.0708731713229,1466.6723103090435
VYD_03998,3.7291740159974105,0,777.9477816262346,1071.0580526703568,752.6314911418308
VYD_03999,0.6131844101567685,0,451.19018231373474,451.19018231373474,656.5692007846011
VYD_04000,0.834223609440455,0,126.97551455537858,126.97551455537858,678.3759002453372
VYD_04001,1.6493784002482632,0,196.99445763234655,418.75529107993134,133.81481225728237
VYD_04002,4.009560588441013,0,1447.814152176522,1447.814152176522,1793.177498557082
VYD_04003,1.6462695819507982,0,429.4733351449292,429.4733351449292,1449.6518544208755
VYD_04004,10.592119023456041,0,247.2512638023438,304.52743184192377,1275.7468048218573
VYD_04005,3.9572763888996234,0,359.49165701592773,418.7666143976126,167.85943830050985
VYD_04006,1.4044914582253323,1,208.6959764001005,208.6959764001005,1331.8971496247502
VYD_04007,0.7822696063239278,0,313.8257002993296,313.8257002993296,1495.2642169738785
VYD_04008,0.693135369499937,0,207.1336046972123,811.7217272078732,176.006227766663
VYD_04009,5.184805242312118,1,719.4271574321091,2180.1507760230775,112.12139931934749
VYD_04010,1.1707041738667006,1,625.1700815634952,625.1700815634952,744.8267987705502
VYD_04011,7.274388023559094,0,540.552321102178,644.4324332216947,506.4907009738197
VYD_04012,0.7946034554912198,0,159.2353607206597,159.2353607206597,105.42218394466964
VYD_04013,6.844930841642254,0,254.5244928972184,300.9015662365565,681.7458111658987
VYD_04014,1.7949918978440695,0,288.3367609865446,699.3045188166186,195.65955057302057
VYD_04015,1.4872855048107487,0,894.816340635733,947.9327197333723,551.0149401064907
VYD_04016,2.565584784906387,0,262.3855867608389,648.9656403777706,1192.1587156807993
VYD_04017,2.4766623767553004,0,137.09487478862883,137.09487478862883,1925.577101518606
VYD_04018,3.80592875810654,0,755.792876642564,755.792876642564,1156.512600600606
VYD_04019,14.829794277997056,0,307.7726102381996,384.1398812951385,242.96549142795737
VYD_04020,1.254430086908229,0,158.44486476609538,158.44486476609538,2454.684901768151
VYD_04021,0.8012306691142186,1,811.4340515834125,811.4340515834125,501.87288299993355
VYD_04022,2.1318856754539337,1,659.1318927670704,1265.6209075091567,108.54633900283034
VYD_04023,7.472516504515661,0,442.7144997353613,442.7144997353613,675.5768482043309
VYD_04024,0.8813478613934134,0,315.079399399096,315.079399399096,1383.4057257924082
VYD_04025,6.510280807370211,0,234.5219295303605,234.5219295303605,3345.7764005894173
VYD_04026,2.429571310080107,0,454.1175244296915,454.1175244296915,955.7362744950228
VYD_04027,5.086591894730781,1,656.2597724615306,753.9005275728243,292.79137497317987
VYD_04028,0.9808762590504011,0,491.18232663012026,915.2463696361685,479.754303221534
VYD_04029,1.25866033537725,0,596.6785785851123,952.469905820835,593.762544556124
VYD_04030,3.326255933722417,0,523.6849256398419,827.7209674547489,112.93409811793548
VYD_04031,1.3351284308236406,0,100.25869760421962,415.96181817255933,55.318485607936516
VYD_04032,4.1690833808472005,0,214.94486530107056,214.94486530107056,394.63720298807124
VYD_04033,1.1946394317768017,0,937.4508281676094,1661.0700678493886,1726.6496992851871
VYD_04034,1.942528185572018,0,356.0757920461694,356.0757920461694,416.4585670842483
VYD_04035,3.666168821960215,0,1342.8111668713059,1342.8111668713059,1640.1360246668246
VYD_04036,0.8047274416846512,1,854.7505955646672,854.7505955646672,3063.561543209102
VYD_04037,4.254283744882884,0,671.0869635403235,671.0869635403235,488.81763318461753
VYD_04038,1.7045302987361688,0,446.01621000123475,561.2850388000177,443.4767029889754
VYD_04039,1.0731429042733844,0,225.80604965441026,225.80604965441026,850.0147875363393
VYD_04040,1.7758845527141527,0,514.2426082761314,520.3695873339782,815.3885611770003
VYD_04041,0.7395885320705851,1,731.8194686843566,731.8194686843566,2912.3398048408703
VYD_04042,1.3687047900851699,1,366.1186575351817,366.1186575351817,1271.7362568509993
VYD_04043,1.5782431366411962,0,523.2396999783293,523.2396999783293,542.3521757001747
VYD_04044,4.7104710108839285,1,791.6838502406345,913.7131153205604,4517.365598263964
VYD_04045,0.7380418491079822,0,485.45345379475503,944.869458006755,482.7159986306007
VYD_04046,0.21006846984061295,0,1081.5338656582774,1081.5338656582774,1243.0486461045057
VYD_04047,2.9871234805849185,1,1379.9906613161975,2129.017183417679,331.39054857527384
VYD_04048,1.5122706902826162,0,640.9939544450814,1411.964451101304,540.2803776728157
VYD_04049,3.100891127444486,1,209.79829368525338,209.79829368525338,1787.8895067538217
VYD_04050,1.2078387823279322,1,84.5392086754142,489.91105894160734,62.10884315335402
VYD_04051,3.821852325992036,1,266.21491396502955,266.21491396502955,490.5443392562736
VYD_04052,0.7311834215483443,0,200.38130017855892,812.20398379549,83.4638119355731
VYD_04053,0.6822645751639066,1,881.2685895087726,909.484306763532,250.22135626282954
VYD_04054,4.917943291964874,0,361.4836845410664,361.4836845410664,443.2666586236343
VYD_04055,1.021455323153771,0,577.5174517035585,577.5174517035585,2455.3259125629957
VYD_04056,3.923386175337361,1,374.27571121177783,374.27571121177783,1573.1939697369248
VYD_04057,5.245440421459863,0,674.2946373803121,945.4199033175285,1143.6962152630715
VYD_04058,2.5904921679015933,0,474.48083368065846,735.0136881003358,882.7532058756601
VYD_04059,0.7055109014958412,0,655.0700000482639,655.0700000482639,1863.9068826927614
VYD_04060,0.9623688791306811,1,1574.0089022208808,1574.0089022208808,2252.3051826958167
VYD_04061,3.2534768208358944,0,639.7908006316768,687.6246411922563,141.34088971559228
VYD_04062,2.7453323933554805,0,598.7099965666829,647.0648187162815,323.07444723389887
VYD_04063,3.011189871569047,0,297.64762347851695,450.0630097804693,298.354719402504
VYD_04064,0.5846966611569735,0,361.7886906000446,361.7886906000446,1032.7136990097558
VYD_04065,0.7918420656603136,1,426.38859869630886,679.2873151759386,263.79535458241713
VYD_04066,0.8236253829185127,1,716.2257770033875,1088.6072601381334,491.6554236569635
VYD_04067,0.81412382169101,1,1242.3724456003276,1297.0820145517225,2027.3501199032353
VYD_04068,2.160935489857321,0,177.2473890256876,617.733421513807,750.5490321241597
VYD_04069,0.7917211273246693,0,240.39564725348527,250.01429362887623,1821.5403666503632
VYD_04070,4.882558045143059,0,704.9228076580157,2048.9531072274513,692.8850373303027
VYD_04071,2.314855059764394,0,404.5993662939215,404.5993662939215,902.4969689899067
VYD_04072,2.078515137713881,0,457.8347206363365,457.8347206363365,878.4731806295383
VYD_04073,2.855457625850328,0,670.0918334546425,854.9361117906543,1214.7782884685264
VYD_04074,1.3708853348762264,1,290.24051943437985,290.24051943437985,4308.143307849939
VYD_04075,3.698754048254315,0,125.67366990051525,125.67366990051525,451.6768181151731
VYD_04076,1.4116338951302043,0,106.37768323028332,867.4827685757375,77.29982567692079
VYD_04077,1.593933143066052,0,326.27919365620204,326.27919365620204,2666.5513655957525
VYD_04078,0.7766991101294567,0,88.8508553292727,88.8508553292727,215.8230895090543
VYD_04079,1.281836523509041,0,2155.4283603679323,2155.4283603679323,4973.79478101579
VYD_04080,2.27545459556652,0,640.3933104716542,754.2152428567578,477.23927619318926
VYD_04081,0.910708567313091,0,325.621431368307,325.621431368307,1009.1648036227382
VYD_04082,1.5762483781848688,0,209.78209615795237,214.94904989029652,693.5814216124878
VYD_04083,3.097206543549157,0,729.0851742222127,868.275484855549,662.4459651674794
VYD_04084,5.208681783166482,0,251.82491911330732,251.82491911330732,1089.5414168986258
VYD_04085,4.337522809616748,0,400.73146169631195,757.3426402753464,977.4414904394235
VYD_04086,1.4214785962542795,0,438.76021307276744,438.76021307276744,537.2030675377451
VYD_04087,1.6526171333625106,1,1133.412197879579,1133.412197879579,4441.237280656488
VYD_04088,1.593647144263093,1,1344.458459589392,1344.458459589392,5015.792703859305
VYD_04089,4.285963526156226,0,160.05546900556172,160.05546900556172,404.40752227101973
VYD_04090,0.9959333814456061,0,776.7423772622764,1163.2661893784978,741.554931491606
VYD_04091,2.392005323244502,1,159.76567526259512,159.76567526259512,3506.661087692968
VYD_04092,0.643051259805329,1,1217.372137540601,1217.372137540601,616.072854121877
VYD_04093,4.850106623468536,1,922.5041458618983,1512.237406772293,106.07408846513101
VYD_04094,6.066887184558703,1,328.94133485771755,2080.4656017339744,204.6683028190508
VYD_04095,2.098535765712033,1,409.6657628383041,409.6657628383041,5084.452887623485
VYD_04096,0.6546515563465016,0,335.5853065156883,335.5853065156883,380.6071798913634
VYD_04097,2.6426304721489764,0,134.07579397500092,276.33785968978975,649.8455171315655
VYD_04098,1.7094857358670372,0,867.8871965875543,2086.299025440744,717.335110412157
VYD_04099,2.8535154116217445,1,344.57775828550183,344.57775828550183,5082.418618150741
VYD_04100,1.918998868076957,0,139.6738441356311,312.41783653057854,982.6590361999458
VYD_04101,2.7015387799003263,0,343.20928532459766,682.6177295928361,321.59817408363205
VYD_04102,0.6670240003076098,0,294.76875006696025,557.527123278248,117.25494938058603
VYD_04103,0.9805847117932671,0,49.93523997430107,49.93523997430107,1289.6806503256191
VYD_04104,4.978871275356657,0,212.6767135571159,212.6767135571159,563.8611678823214
VYD_04105,0.8399043958414258,0,829.8504340529694,862.6549986585441,115.08498568009766
VYD_04106,0.8059377870573978,0,93.66568243752299,597.1756289141836,56.05799054607489
VYD_04107,1.5198175060075434,0,371.00850020111574,371.00850020111574,360.429400946074
VYD_04108,0.6593693988222329,1,519.3475496831348,519.3475496831348,4009.9563339006745
VYD_04109,0.7963733075387037,0,262.17028879754184,2189.79809465614,1579.0112864842454
VYD_04110,0.7177820112505123,0,344.60265404040683,2072.973554899589,1524.572841137879
VYD_04111,1.7392334279501764,0,1169.9803729579294,1253.123428555785,1219.9785747005599
VYD_04112,0.8004140973381096,0,584.6196810851076,584.6196810851076,1819.12312404844
VYD_04113,1.0113053398948604,0,477.1717738891804,477.1717738891804,654.4033294961807
VYD_04114,1.3983698257188308,0,366.43601044051303,592.1287509179637,344.9020736196109
VYD_04115,1.812113145991899,1,391.87318778563395,584.5348565988963,184.13315738595824
VYD_04116,1.1114984182151322,0,2736.3189054621325,2736.3189054621325,3319.9423143379277
VYD_04117,4.4078603624754304,0,478.1114339585339,478.1114339585339,1219.2688797583664
VYD_04118,0.8072136155283465,1,2022.352110003086,2022.352110003086,4122.091024148026
VYD_04119,1.488578186005525,0,528.0869158551725,1059.7190920568469,522.2421324304705
VYD_04120,3.3145846278807816,1,491.55176083653805,491.55176083653805,1259.8801873038715
VYD_04121,1.8061355636574565,0,710.1664170303332,1058.4591130639053,1478.8245816562492
VYD_04122,0.5462776387001106,0,496.764498341729,583.5719802209605,359.49860612100684
VYD_04123,0.6103854628243617,0,247.86793045992684,247.86793045992684,557.2816914681024
VYD_04124,0.8697853447777003,0,278.32610179803083,432.376521321294,196.72907435727836
VYD_04125,0.9176055450736649,0,570.0352761677932,1005.1914952113624,348.1857760003702
VYD_04126,2.041475546486319,1,335.41655106922906,335.41655106922906,699.6379805914055
VYD_04127,0.9129326930590914,0,502.6625608176994,502.6625608176994,438.076644619238
VYD_04128,7.13735572670836,1,336.5378815564735,336.5378815564735,656.702998297696
VYD_04129,1.6345108478275272,0,853.6651213640762,1046.9860753486093,575.9490208564976
VYD_04130,1.5338229875988927,0,1154.8777206434977,1222.0945459722484,618.0479111456434
VYD_04131,1.2668422055568926,0,500.45033417434973,500.45033417434973,2479.838404361591
VYD_04132,1.0426737842480067,0,432.99650597303275,432.99650597303275,406.22022675021407
VYD_04133,5.555212440087138,1,531.598749804342,531.598749804342,1637.8710344800904
VYD_04134,5.199872142810036,1,966.9071089505964,2024.8599648099698,655.2741662700195
VYD_04135,3.748632188156424,0,469.2022481753652,469.2022481753652,468.6148966652316
VYD_04136,11.469494623592752,0,1036.5300594232285,1036.5300594232285,313.30251963037915
VYD_04137,0.9576831054827059,1,794.7429865035251,794.7429865035251,1330.4839389357319
VYD_04138,0.975987268547972,0,161.05076436752327,161.05076436752327,660.7962982141181
VYD_04139,2.438848207035354,0,978.2433944408665,1680.1132477739761,1807.9999715312329
VYD_04140,1.3359875900794986,0,86.86203345139867,86.86203345139867,360.1750802071994
VYD_04141,1.0827540516334144,0,138.3270299462672,138.3270299462672,300.8703443645478
VYD_04142,1.4285948746067454,1,131.53975392398058,543.936015668385,3593.240454512404
VYD_04143,0.902268960327315,1,2137.4163684207174,2137.4163684207174,3995.674222636358
VYD_04144,6.050934479024325,0,165.11634492687173,383.0831010141829,661.3493620680006
VYD_04145,2.3909217303886705,0,842.6678018464818,842.6678018464818,833.8632201664531
VYD_04146,5.775756807849284,0,209.02626693568467,209.02626693568467,164.66558258777772
VYD_04147,9.771020894511658,0,635.116281583024,635.116281583024,1302.10934606802
VYD_04148,4.297376258035847,0,202.7374976637205,577.707332900943,151.18249108491707
VYD_04149,2.053160493520533,0,481.2607061458192,618.8533874386771,1480.0044107037784
VYD_04150,2.2659902381336896,0,449.9396029730299,718.1072987316498,248.50550346222806
VYD_04151,3.6204774349034445,0,632.9856621435353,760.8274976040369,128.5535027251354
VYD_04152,3.1622979794137374,1,677.9914819828518,927.3173524378446,3622.506830451275
VYD_04153,1.0536849188796886,1,298.2158381060975,298.2158381060975,2493.324958573304
VYD_04154,0.8959747619965317,0,144.74503925709334,144.74503925709334,2589.7696294317334
VYD_04155,1.6439218382887844,1,289.1834473109934,289.1834473109934,1036.6636701304492
VYD_04156,4.086287561450073,0,596.8949825717799,828.8458850865236,521.7897121959275
VYD_04157,1.7106553505063127,1,2159.8129235689516,2159.8129235689516,422.5855666031092
VYD_04158,5.379866747535521,0,936.7121339676037,943.820562569566,261.7206623672839
VYD_04159,1.630617940268362,1,812.3632341609575,812.3632341609575,1841.0247567289791
VYD_04160,0.1047740290055123,0,163.54940268951924,163.54940268951924,534.075185292428
VYD_04161,1.0464020390299626,0,493.72326401773165,537.5716054231578,95.06357548780556
VYD_04162,0.6555586950574418,0,201.60557662969686,201.60557662969686,358.619935602806
VYD_04163,0.7335491548737274,0,280.09817735544266,407.01851052575336,300.18914035131934
VYD_04164,0.5674182763388413,0,242.65067974366892,444.11637005674277,246.15706817250845
VYD_04165,0.14034304418676616,0,143.79492660250764,182.44153717829218,40.72724577455484
VYD_04166,1.5739456411326511,0,44.94404533772407,44.94404533772407,467.05874787486266
VYD_04167,0.4557390983472188,0,213.43293631060277,363.98848078396,740.0350626730059
VYD_04168,0.8503918912570725,0,196.61026811562823,196.61026811562823,294.0508748413724
VYD_04169,0.020613470203516192,0,135.45562945870043,213.19199969025132,135.45562945870043
VYD_04170,0.9774220386587378,0,834.3842680287289,834.3842680287289,543.1414751600847
VYD_04171,0.27704727659007206,0,746.3635959432862,746.3635959432862,457.4410411833071
VYD_04172,1.1398446994504836,0,350.71984800839033,467.76578372320233,71.73024550199862
VYD_04173,0.9272852404363281,0,356.4963984553671,512.2969196273067,329.68026560127583
VYD_04174,0.1714872730699666,0,403.0547990382302,583.2477405869237,331.8290990275433
VYD_04175,1.1208723903018478,0,292.2980438976512,542.591005506654,268.1654679984607
VYD_04176,0.19358531442913623,0,320.29695527584227,685.7820207543956,290.276027737642
VYD_04177,0.25139743549077614,0,401.64390821177454,619.1688574782997,354.0000243253434
VYD_04178,0.5433060535830138,0,378.77980014266467,660.3478122836037,351.3211148625681
VYD_04179,0.10857330675992191,0,235.32482269298225,251.47296873899745,195.10026651018768
VYD_04180,0.5159193414683572,0,223.8908406000659,223.8908406000659,235.4973106095305
VYD_04181,0.1307179346408485,0,784.835909517423,1167.7600588665352,1087.591457858511
VYD_04182,0.02911787287726006,0,927.6857472279124,1256.4175256614178,986.68001347056
VYD_04183,1.6824484191185807,0,139.03320685803783,388.5963498575454,1059.8677866602661
VYD_04184,0.9743293167405602,0,417.4445504588295,633.2983993877107,398.0154486665688
VYD_04185,2.980537319873249,0,446.1014380167735,796.343926824955,153.7321280883473
VYD_04186,6.311560642211521,0,587.1674395813111,732.5589836167543,190.13873612406044
VYD_04187,1.922816562174256,0,425.4944994435828,425.4944994435828,497.33362686461265
VYD_04188,4.120093548031437,0,450.18157637327204,836.450524402558,167.59830086902485
VYD_04189,2.090772544838741,0,461.7423839857334,827.1297614482401,197.83905480530544
VYD_04190,1.4476631309329333,0,232.29893533149047,585.9912649489407,131.78544552997172
VYD_04191,1.3345498721186824,0,569.3655883148107,692.4788845302731,62.64650532169828
VYD_04192,2.3769351278029225,0,340.6343352378475,483.17472748691034,61.81315107745442
VYD_04193,1.7211982255784675,0,583.0015653085271,674.1404133296201,150.70034882070917
VYD_04194,1.609105756189372,0,430.67541580182484,496.40321505480944,63.48301873297658
VYD_04195,1.8329923139448656,0,368.52456647256327,693.0974974567943,65.23162472476503
VYD_04196,0.12052434802116452,0,2137.7976072334295,2137.7976072334295,4561.558791161381
VYD_04197,0.1462874224820006,1,2157.536426545,2157.536426545,3832.3398412635693
VYD_04198,0.1836287153542133,1,2151.9602389296956,2151.9602389296956,3809.455073064663
VYD_04199,0.6599302867321868,1,2135.3759706190217,2135.3759706190217,3775.2540684368096
VYD_04200,0.5515580864154389,0,1519.21738115236,1519.21738115236,2790.8581651253894
VYD_04201,1.03877040808356,0,1052.8788201844134,1052.8788201844134,2409.921995831065
VYD_04202,0.7471386243901751,0,1085.3953191978824,1085.3953191978824,2332.161702578234
VYD_04203,0.9149608670625313,0,102.78603502374179,646.1313060075764,1004.966693398078
VYD_04204,2.5115465702377926,0,181.55208862936738,559.6633674184038,947.8109399799542
VYD_04205,1.3797471296289816,0,365.72796621779895,596.7087906806539,992.7123992552644
VYD_04206,0.47501047919432093,0,342.0683245963114,342.0683245963114,1211.040384806447
VYD_04207,1.1292496976780706,0,171.2054211144274,171.2054211144274,361.5016667108341
VYD_04208,1.7346105373262803,0,332.84548041017774,406.32000165806716,530.0642681319086
VYD_04209,1.2840903794918135,0,672.8914216142933,672.8914216142933,1495.9612909923892
VYD_04210,0.8767648210120906,0,265.0433372550765,265.0433372550765,534.9202751064985
VYD_04211,0.6664046884960959,0,152.67417371167872,152.67417371167872,1324.7966433297124
VYD_04212,1.2648351326207812,0,73.95559161109284,73.95559161109284,1385.4710871353163
VYD_04213,0.39759512780497014,0,364.69062644335435,524.9160093086646,319.00106665340843
VYD_04214,0.060728417174480215,0,350.82721891119104,505.088490550639,299.8324831215839
VYD_04215,0.2617798888367741,0,338.58069347097216,492.99740964965804,285.6548087013031
VYD_04216,3.7811847843239725,0,204.0933154776015,818.9608705785074,204.0933154776015
VYD_04217,0.35861773852864787,0,450.46279972806576,520.8694529441741,145.76199031238534
VYD_04218,2.082514595850226,0,270.24075076440397,270.24075076440397,1465.4858517238847
VYD_04219,0.7065082546242867,1,580.8823001385963,740.6179484266029,1903.0930834252904
VYD_04220,0.5862452202254003,0,748.7513019000664,752.1700459472758,1766.9920514552482
VYD_04221,1.4343949934596845,1,715.7552280579388,759.4060724734012,1851.626836007482
VYD_04222,0.24203862776191395,0,435.2966683675815,587.6583293908235,1791.1824965356786
VYD_04223,7.615605399155883,0,223.0349906006061,223.0349906006061,1193.9114710418369
VYD_04224,3.9231662780992664,0,389.4104917642364,389.4104917642364,1115.9929214857375
VYD_04225,1.382007592537156,0,238.36541759591933,534.5457000877541,904.6131216830306
VYD_04226,1.6485082844294459,0,296.15807258735543,472.1191743517688,908.3106699912357
VYD_04227,0.9161855340898439,0,68.8906174484803,68.8906174484803,1394.0257920696015
VYD_04228,0.2809048067122929,0,46.57527426816429,46.57527426816429,1497.3052898951305
VYD_04229,0.20100060942965994,0,51.27889072612511,51.27889072612511,1437.977767740908
VYD_04230,2.014709420459907,0,131.1138601955931,286.45385871797873,73.81638432055122
VYD_04231,0.9193044788330033,0,71.51926307389174,241.81307553283972,56.98130521196553
VYD_04232,1.7291120095781363,0,471.780644891493,471.780644891493,962.6789305708819
VYD_04233,1.1584288302288297,0,528.7146470615503,528.7146470615503,1379.0027910981717
VYD_04234,0.4503692805655897,0,546.7979007897519,722.6924513591006,530.4591610338323
VYD_04235,1.9359180078239282,0,403.1964871204784,685.640607720518,401.3671554377972
VYD_04236,1.694058385634976,0,277.25593583894704,277.25593583894704,1271.291338229361
VYD_04237,5.374484897926203,1,669.588704551469,669.588704551469,2647.4884239426056
VYD_04238,0.7680824343526614,1,975.5480349761435,975.5480349761435,2923.5943513876027
VYD_04239,1.4537639092873214,1,1129.1712061880387,1129.1712061880387,3054.197234058538
VYD_04240,0.13724426503723658,0,544.0379995110769,544.0379995110769,1554.2533971025994
VYD_04241,0.4849132996451686,0,520.473596552564,520.473596552564,1488.5880515556896
VYD_04242,1.1484614510196187,0,471.9159914622116,761.9951728508219,226.60337947596705
VYD_04243,0.14625174925431653,0,364.95793858095163,677.1110679153493,131.6087153943206
VYD_04244,0.6103414169175297,0,657.8272550108023,979.5789764892992,74.31483332297344
VYD_04245,0.21205229799026484,0,578.8774315468072,897.184625957003,112.86758406480354
VYD_04246,0.2369379726551809,0,123.1386681595808,136.97012659815917,292.8596555707019
VYD_04247,2.521760558216337,0,204.33763656778467,204.33763656778467,977.2296645718214
VYD_04248,0.7741463298005984,0,624.3956217422193,748.7332360911099,575.8929668881588
VYD_04249,0.27827694220861743,0,572.800673255178,572.800673255178,1440.3914557346127
VYD_04250,0.23632796962631272,1,668.1713756204576,882.5251423982411,4613.162655260313
VYD_04251,0.15949612015007603,0,906.8179977348684,2591.1125583005137,2060.516391706809
VYD_04252,0.4166875837317294,0,1093.4619605233784,2607.445282641469,2223.1425276149275
VYD_04253,0.4790565648062593,0,591.533456941017,591.533456941017,2989.9854560553854
VYD_04254,0.2692489836224227,0,540.7159522888509,608.1872643838617,3046.6232911238594
VYD_04255,0.1085399162425107,0,258.32833021092375,1100.0454673427896,2794.7835999857257
VYD_04256,0.17033922347729577,0,964.965300317101,1629.347893416179,2873.9510708547414
VYD_04257,2.6292630796759107,0,606.5753321651566,875.0613869218496,584.3344004490631
VYD_04258,1.125078784033085,0,364.4124831040649,871.3192267533867,276.2121408171442
VYD_04259,0.7274654735374398,0,366.3325814343802,1027.323438339463,97.35183619960326
VYD_04260,0.22362148093598488,0,642.1183734607531,2376.105199264337,975.6519382644544
VYD_04261,0.679349975414857,0,671.2476288188126,1741.0760186686202,653.7408559291885
VYD_04262,0.22130168601363912,0,499.06500799362476,1263.4749000609222,278.7014314036469
VYD_04263,1.726314319607654,0,441.5590706264005,1181.4382132261715,319.62135212552835
VYD_04264,0.9290039232528877,0,296.4445372847476,2681.040748173168,1349.6435250725335
VYD_04265,6.160249516273953,1,237.39000323211624,2049.220991396993,462.2087115022374
VYD_04266,4.371570393179398,1,737.2927240893849,1993.6111757282415,649.1949363073015
VYD_04267,6.049002951052002,0,727.9893741494578,1917.9557114999475,1416.8304581553218
VYD_04268,6.108528382335455,1,987.2065758509995,1655.9818340221523,1022.1045192190757
VYD_04269,1.8978078418696933,1,2346.4902968782712,2346.4902968782712,687.388175555578
VYD_04270,5.671536412441677,1,1164.6175322167587,1220.1726002049775,468.99944146617963
VYD_04271,2.281833170082188,1,739.859123876933,1197.073609785439,346.9367043205893
VYD_04272,0.11126042717780067,1,570.464882911702,570.464882911702,1599.3837086262758
VYD_04273,0.9408510865121666,1,347.4257665763184,347.4257665763184,1819.5720654130537
VYD_04274,0.09072637095227643,1,398.52532795948025,398.52532795948025,1407.4130457488675
VYD_04275,0.809283133171761,1,319.72418411120145,319.72418411120145,1333.1477977681934
VYD_04276,0.0920159665540775,0,614.4347377193475,791.285626702619,456.8637904723811
VYD_04277,0.391302050258848,0,619.0185635370261,843.8244725970516,410.7977174406971
VYD_04278,0.2705288611398593,0,611.141187597901,879.9684226914145,353.15612019655583
VYD_04279,0.48957309677192995,0,605.0927118840706,940.0037169521034,249.80568900853018
VYD_04280,2.1484183778001693,0,659.2622743029269,667.1064156878339,976.1957559145151
VYD_04281,0.2670698041661295,0,519.069191758057,519.069191758057,412.92054812415876
VYD_04282,0.375401472250822,0,521.1714636401063,547.0413611905296,406.3439900939405
VYD_04283,0.5186014814664635,1,94.88680436363418,94.88680436363418,4603.19002043431
VYD_04284,0.5367668973206702,0,201.87388353690895,201.87388353690895,83.21181933162448
VYD_04285,1.759551528053913,0,402.650811250677,714.6697015033307,679.8335557485253
VYD_04286,1.1839956925493165,0,251.2008667966692,588.8042064774933,242.99744775870423
VYD_04287,0.5943452289295355,0,225.60830778626456,618.2979902732451,210.59630397767924
VYD_04288,0.27176545635327365,0,139.44715278932517,706.4332102720366,126.5595888133794
VYD_04289,0.5448120558297164,0,170.9139812170743,306.4657685543843,808.0118411703705
VYD_04290,0.5565149230001462,0,186.36249080412955,315.6512711933212,827.4599759498878
VYD_04291,0.9296945159126568,0,426.58829242558403,426.58829242558403,384.8258429988587
VYD_04292,1.9180790252469422,0,415.1577177167111,415.1577177167111,1120.8409927080652
VYD_04293,1.4800484497321649,0,407.81635010757554,407.81635010757554,1171.9199295453582
VYD_04294,1.411513902211702,0,476.7131071947389,497.05028203654797,469.58502930928114
VYD_04295,0.6393985063139926,0,218.71586137335424,552.4359303239258,216.87752913265726
VYD_04296,0.10541112675163129,0,49.06751309013849,49.06751309013849,33.34335814242533
VYD_04297,1.3051383799595053,1,377.86850694341337,377.86850694341337,3064.1898458196033
VYD_04298,0.4738877428096039,1,209.15921251707624,762.3173529219789,3711.0219135837615
VYD_04299,1.4111399943691747,1,475.4907329704004,475.4907329704004,3998.5793754353626
VYD_04300,0.6159967933026558,1,365.2193646353008,625.7047605689103,3852.8074476986576
VYD_04301,0.44130367757110717,0,478.4971069636275,478.4971069636275,665.3577971102201
VYD_04302,0.15732989380786058,0,546.0482330027008,546.0482330027008,892.1381285875285
VYD_04303,0.7377387182915618,0,379.54227544086206,379.54227544086206,1020.6938793879708
VYD_04304,0.2741314651920074,0,391.16057620205316,527.4574784908701,583.4450336634889
VYD_04305,0.39756682281855277,0,458.9700537301728,458.9700537301728,725.5888994886817
VYD_04306,0.5492629433124668,0,261.72273301442823,261.72273301442823,1296.785003666253
VYD_04307,0.25452570368043637,0,116.28072564915367,116.28072564915367,1423.4158648426335
VYD_04308,1.9804841741055819,1,324.48845362350374,324.48845362350374,3435.796813892192
VYD_04309,4.024536307789554,1,750.6781972780275,750.6781972780275,2843.2886423155746
VYD_04310,0.11749408670709945,1,1175.5387685829628,1175.5387685829628,1787.0967101703902
VYD_04311,1.2531933986050618,1,555.2972625123489,555.2972625123489,3152.565315902471
VYD_04312,0.6203852983973519,1,1024.4687442540394,1024.4687442540394,3681.357432731685
VYD_04313,0.6550533011141323,1,1068.4778491778193,1068.4778491778193,3654.452263560246
VYD_04314,0.40452140049808866,1,69.96900637262547,667.1508130468702,2796.0993790137004
VYD_04315,0.5795894408974073,1,88.0685655528207,651.625442698353,39.378198040859274
VYD_04316,0.7055881989165441,1,178.1505349049808,634.1479926943827,147.29593765882862
VYD_04317,0.6676150934721973,1,430.78847470812957,675.4790671372685,193.75307041130426
VYD_04318,0.23101698345677088,1,1073.2532710442226,1131.3737946403678,840.626944587402
VYD_04319,0.29118097428117956,1,538.9910099202435,836.633121198136,3943.894488142054
VYD_04320,1.160056315367763,1,631.6296764203647,656.7528223060032,2800.298323389038
VYD_04321,2.3021392099636797,1,479.2807251761357,785.4677308369855,2757.913583917009
VYD_04322,1.3815278930452344,1,320.7388273494793,933.0995694374528,2719.6914302166683
VYD_04323,0.3512513712574236,1,363.9940853429221,993.2689507309042,2952.80342688563
VYD_04324,1.001390921607027,1,445.8357675512632,880.0917070849697,2901.134418814136
VYD_04325,0.09369317925641751,1,177.59769920791908,607.0318033774927,2105.401276981961
VYD_04326,0.6419460358726492,1,778.8331781954378,778.8331781954378,1202.2494717608643
VYD_04327,1.2883902004702885,1,857.0794136378777,857.0794136378777,1123.9478245991836
VYD_04328,0.49960112074347673,1,343.2466198563742,343.2466198563742,387.36572677939387
VYD_04329,0.4730802072455654,1,321.4582822978959,556.5290831046101,293.1976378546777
VYD_04330,1.0273212691521163,0,144.74377462177932,424.75658978150085,129.855568198563
VYD_04331,0.1677672121397282,1,435.6796782196243,435.6796782196243,820.2478132342047
VYD_04332,0.19996697010462114,1,44.35218955439209,44.35218955439209,5395.313391466555
VYD_04333,5.723901614941146,0,547.6006817006988,626.3736809568733,1886.0095413953545
VYD_04334,0.5740914000682442,0,322.6487393760059,322.6487393760059,1459.264950341147
VYD_04335,0.7225505040341121,0,393.1751715636345,393.1751715636345,1326.0375720705124
VYD_04336,0.6595136075591822,0,350.48882129171335,350.48882129171335,1313.6988460586836
VYD_04337,0.9385553984656392,0,387.5486603643801,387.5486603643801,854.9894752645062
VYD_04338,0.30462808149076936,0,541.4369783737894,933.4274112752036,344.8003283608458
VYD_04339,0.8868772484803463,0,560.3938087621585,962.2837013578932,390.68491177557115
VYD_04340,1.4065665938506955,0,147.0311905919987,359.4989915204199,55.56461298964356
VYD_04341,4.336068211448012,0,271.08145114625745,271.08145114625745,208.2205076326703
VYD_04342,0.7817594774784731,1,147.64802601675737,147.64802601675737,402.9943540128416
VYD_04343,1.1308492770320946,0,166.61944833785702,712.3082617098097,676.755906200689
VYD_04344,2.325856583329108,0,137.71916374394627,553.4161202344915,735.132916432631
VYD_04345,0.9759617078333166,0,310.84257236639945,478.3604890952484,686.2701592152544
VYD_04346,0.9277492231124844,0,170.05172536454478,969.0291794101947,102.4086413598628
VYD_04347,0.37149928422273754,0,129.10462361006762,491.71238827414516,123.86464431307355
VYD_04348,0.3433969792896544,0,133.7464571498984,486.5775027272996,115.4412626786693
VYD_04349,0.5771296801803854,0,313.85856832662944,671.7758691717916,298.17549642843784
VYD_04350,3.3307502895512924,0,299.37011291694193,1009.8185023669128,273.38232025212585
VYD_04351,0.6122103037649566,0,106.44465407165599,106.44465407165599,408.9764267018797
VYD_04352,2.128248670921987,0,334.9936551735491,334.9936551735491,827.9384075420227
VYD_04353,1.8177018414204351,0,87.10225065685624,87.10225065685624,584.6066890805932
VYD_04354,0.7218855691981286,0,208.16148772828723,208.16148772828723,714.5301360450316
VYD_04355,1.0489331344554966,0,254.3572521270417,383.6319073405752,751.3606832799496
VYD_04356,1.7529747762303147,0,68.15465494303686,466.1439122606019,637.9073933287407
VYD_04357,4.79100457708599,0,845.2825292756906,1100.5069498898795,1361.2988183121952
VYD_04358,1.747523844221569,0,779.0244660797699,870.9407215319249,1345.219843300836
VYD_04359,0.3841376799802519,0,802.1658725389523,907.1857902726097,1182.7812999444552
VYD_04360,0.5634297890163472,0,937.3281577195809,1154.171706974766,1393.663937579007
VYD_04361,0.40886286645033315,0,859.4454751076463,1023.7478631870192,1281.1411650788577
VYD_04362,0.6599169739707204,0,1052.0561600175843,1292.2570927850088,1541.1736407471715
VYD_04363,0.18530770959286375,0,691.9602595663737,708.3790081774752,1002.0966737131282
VYD_04364,0.2840403665312547,0,664.919225807975,664.919225807975,975.766845464128
VYD_04365,0.34689939449450596,0,686.8455910550532,686.8455910550532,1007.3902490545889
VYD_04366,0.4125177184253895,0,761.6004285525847,792.0838229800039,1089.4725081653455
VYD_04367,1.5837252792707215,0,601.6053693709731,871.8982864764245,1154.4845070897575
VYD_04368,1.6497269475295648,0,540.5933829873684,871.3098153500727,1089.2518970641888
VYD_04369,2.545473219885794,0,1442.8205305623244,1465.15393840911,1824.0805472293416
VYD_04370,0.7100527859224639,1,1030.0806387116186,1361.2752190675342,3475.9528946920823
VYD_04371,1.2877595197927247,1,1867.8359265377703,1867.8359265377703,3738.803385175922
VYD_04372,0.7041667043280381,1,1390.4141220989786,1390.4141220989786,4437.493928004846
VYD_04373,1.4801697259341813,1,1307.9839334949497,1307.9839334949497,4378.0610291875255
VYD_04374,0.1128555277038482,0,202.67231983805905,579.845854738264,119.95113210212003
VYD_04375,1.279381117604343,0,227.0511614477893,278.1770760583548,200.71697080285395
VYD_04376,0.049415101775347685,0,890.8457750395731,1238.3396285506099,3885.762151936218
VYD_04377,0.15205987519652048,0,254.9820305512539,340.8580408737261,4861.8113540735585
VYD_04378,1.7203118139974227,0,421.54343239545295,1028.7634983526789,4675.714012088015
VYD_04379,0.08647589839455566,0,547.1986258317178,547.1986258317178,825.888172330246
VYD_04380,0.43811956288961235,0,470.24157494962066,470.24157494962066,758.9274154217848
VYD_04381,2.7385889884947874,0,608.7375242951647,734.2514622720902,1314.6028751580711
VYD_04382,2.2443645780150248,0,100.94751772517795,625.8554087211583,1669.3135797973264
VYD_04383,0.4751474222563945,0,306.0087391106452,758.6088989761332,1455.375501935736
VYD_04384,1.8851664095216765,0,1014.080416314391,1063.1468920763805,462.4286849580616
VYD_04385,1.1733198327275698,0,1050.4289556725637,1093.8682759206865,520.0754525521182
VYD_04386,0.5664979233996077,0,1148.7875258437457,1381.7631362138745,276.7635345395188
VYD_04387,0.63045882117029,0,1035.3666896081147,1266.9348205658807,242.79416093465363
VYD_04388,2.054546946016389,0,704.098171527455,843.5487261650197,312.2316203707255
VYD_04389,0.8741184722398326,0,617.0547767386473,617.0547767386473,1168.5873121256168
VYD_04390,2.267232423080169,0,447.33719354317947,447.33719354317947,995.1165083434564
VYD_04391,1.187224659898456,0,283.7524350854163,283.7524350854163,904.5344756109206
VYD_04392,1.1965125518833306,1,973.7235533026378,973.7235533026378,4502.577842523947
VYD_04393,1.7045579915368387,0,132.23010094827865,132.23010094827865,295.45805749828764
VYD_04394,0.3123651440967176,0,483.32645760694703,553.1070823661217,480.454061992157
VYD_04395,1.3730387368291186,0,256.1354902877657,773.0900347329689,257.21124901180906
VYD_04396,0.9573788434438458,0,385.8108976150057,726.4830642130862,460.2696358835251
VYD_04397,0.2546497229097079,0,391.8443267196663,428.66306311362246,665.758208081278
VYD_04398,1.842741003322131,0,199.75968360686107,228.4803378598616,199.75968360686107
VYD_04399,0.037977311492172885,0,516.7364015628343,949.970731862101,306.93954564374707
VYD_04400,0.049130920661814494,0,821.7322981252879,844.5324203378038,1252.6696309813995
VYD_04401,3.8195741112938455,1,692.305907027723,692.305907027723,265.3436517094425
VYD_04402,0.6798198369186083,0,765.0271246139598,765.0271246139598,109.41221336810011
VYD_04403,1.6264750193971378,0,802.1382520534545,802.1382520534545,57.946883210184716
VYD_04404,1.045325848358549,0,889.7306796592796,889.7306796592796,89.95120739383704
VYD_04405,0.11924145046848794,1,738.5047280612715,738.5047280612715,34.15659809519774
VYD_04406,1.5339294530858,1,954.5898009241826,954.5898009241826,1211.8809925702349
VYD_04407,0.7386764686359732,0,440.1470719336157,440.1470719336157,237.57408066038462
VYD_04408,0.2477816869881361,0,660.0681392313217,727.172279876729,48.94466402204633
VYD_04409,0.39360664698969045,0,369.791188595628,1419.930064928209,104.3078316655043
VYD_04410,2.4791022518921944,0,1300.8154847014691,1300.8154847014691,431.4575003320964
VYD_04411,0.22328253794200673,0,1334.2130766384475,1334.2130766384475,44.03594342897438
VYD_04412,0.3398183690539226,0,881.2003388360572,881.2003388360572,541.9566548424499
VYD_04413,0.786479986396148,1,694.1047767245828,694.1047767245828,1681.4965355130473
VYD_04414,2.290306800420794,0,800.5744250938947,800.5744250938947,50.67824642438757
VYD_04415,1.780499204559167,0,709.0003302041355,709.0003302041355,64.28440701916612
VYD_04416,3.8538430567964097,0,607.1664206581829,890.6788394346682,552.9612691820801
VYD_04417,0.04009380977344485,0,787.3233514121065,1231.140739240956,640.7311035395992
VYD_04418,0.5319637995826731,1,433.49219355011553,433.49219355011553,1198.6699623144564
VYD_04419,2.102438607205384,1,579.858072883567,579.858072883567,1431.5549246914036
VYD_04420,1.6208583975549828,1,430.24809118279575,674.5722825581972,1309.1606539142026
VYD_04421,0.19065723357100445,0,626.1926278887171,1170.2683098366776,18.4567304342134
VYD_04422,0.3580749930855294,1,484.6970167359597,484.6970167359597,639.7188088505841
VYD_04423,0.26269187513466147,0,699.6043420803517,1417.1906909088611,1538.2603294910268
VYD_04424,2.4031640490726227,0,935.2536166230416,1637.1076759622686,1318.156919734392
VYD_04425,1.1128442308341644,0,1008.5039321432674,1568.47987474844,1368.973087341852
VYD_04426,0.04191900573207806,0,135.80313626368516,944.1585027202217,132.62796167407782
VYD_04427,0.14789695643125123,0,187.85898163980582,897.8405323573902,183.34068513135276
VYD_04428,1.9597327449972988,0,681.2177739341618,681.2177739341618,772.9857178866635
VYD_04429,1.0034537362590203,0,604.0337905188334,604.0337905188334,974.0343718611912
VYD_04430,0.7649638318298173,0,475.0415891564914,475.0415891564914,858.3918506478275
VYD_04431,2.4084570503067755,0,294.30227790184694,294.30227790184694,1049.156915336757
VYD_04432,7.837566713140464,0,341.73273057280284,341.73273057280284,1090.9358875204796
VYD_04433,0.8799359758954334,0,732.8054661835438,732.8054661835438,652.0262215419775
VYD_04434,1.5519037681953516,0,342.9171411766391,342.9171411766391,405.02427141448834
VYD_04435,1.4136049819295113,0,186.0956550464017,186.0956550464017,275.7919551222998
VYD_04436,1.5407342385721858,0,457.41870817817323,705.7282103539487,137.94233087680968
VYD_04437,0.3579880172091024,0,553.4477035068192,824.7884689879357,235.17176915652706
VYD_04438,0.32945606999327204,0,1148.7804852655636,1298.6374144301715,203.37568140541913
VYD_04439,0.328577303288647,0,740.4811088089314,953.2505697867451,212.96927517301418
VYD_04440,0.3554364346427041,0,795.2224588196632,945.2746539890655,89.77409793540586
VYD_04441,0.3062821145972849,0,575.463819465733,764.7352772518507,90.41616479286355
VYD_04442,0.31644433326498106,0,639.8490600908383,864.0227746980634,189.1961175986226
VYD_04443,2.519750826241987,0,475.034093225787,558.9704092052837,106.60417286488055
VYD_04444,1.40162982051708,0,748.6565447283141,970.8038261430149,743.204117482175
VYD_04445,0.6677378134395335,0,705.7082733506951,877.6418390900959,665.1498294034063
VYD_04446,0.7483392363286154,0,700.4023975773382,881.8655405810413,666.5497310702877
VYD_04447,0.4903003795421334,0,448.65365142199556,572.126250524887,363.27888010654146
VYD_04448,1.4938520727308238,0,377.49330912986966,568.8638286803645,347.6258379974235
VYD_04449,9.701318095523519,0,740.2199490993905,740.2199490993905,1579.8300490721476
VYD_04450,0.9528036676810605,0,1164.3724090135183,1164.3724090135183,506.34747750013133
VYD_04451,1.1314444867362277,0,1417.2044633908324,1417.2044633908324,263.99192525731877
VYD_04452,0.4641048224503169,0,1228.20408828815,1342.622329057619,111.87359580973715
VYD_04453,1.3359598169884968,0,794.1822236652445,1225.999407927503,396.89556927574733
VYD_04454,1.5959023103976981,0,575.7276693676172,1006.1010463600993,173.7189778503905
VYD_04455,1.84056648056123,0,1281.3920731396797,1591.0514387525209,584.0238002312141
VYD_04456,0.5526354328286641,0,1427.641174323638,1485.1692114230063,496.24134934721445
VYD_04457,1.9740991480998022,0,986.3401533380776,1240.6567430714783,894.2763300091895
VYD_04458,2.079478915253034,0,973.6995323005871,1254.7928460350302,919.77533197314
VYD_04459,2.2945981909357154,0,999.3466728063468,1299.2276205421374,970.3221798672636
VYD_04460,2.0357874752418743,0,933.9287305987009,1189.6128144847025,830.3891181274879
VYD_04461,2.0730344348532874,0,1036.9239356514145,1260.1922336533328,857.2021290645517
VYD_04462,3.430949065013899,0,663.5189521862691,941.7811059544497,647.8519213813547
VYD_04463,1.897252962369343,0,414.78393212071586,730.6506475706024,279.4674017224595
VYD_04464,3.613344464204359,0,706.1725068137177,914.5476661435762,507.25424196522573
VYD_04465,3.811997101097941,0,655.8034031036076,972.8281870962854,486.5457424633731
VYD_04466,3.473244949278061,0,541.3681902167726,656.9725143207713,223.3068905502228
VYD_04467,0.5163271194652298,0,169.89958061125714,484.80762038077046,59.62653463373546
VYD_04468,2.6373148095423296,0,100.72762797106623,100.72762797106623,377.798822510836
VYD_04469,0.161238657261304,0,769.0266145179774,769.0266145179774,1644.7740920406686
VYD_04470,1.3884367011300973,0,65.60602905483022,65.60602905483022,2435.599773111996
VYD_04471,0.24751457711504282,0,47.46660902648555,92.1539397502824,48.693584657250575
VYD_04472,0.29913845827793056,0,215.57936664567458,309.34703711527675,2686.7884016279504
VYD_04473,1.1695582083190752,0,187.62433248010203,187.62433248010203,2652.7257939528195
VYD_04474,0.2457159054185099,0,268.12238280725387,1090.970294768768,3619.837241193384
VYD_04475,0.21496377820798407,0,188.37918015323464,188.37918015323464,500.03455807248196
VYD_04476,0.9399479094905421,0,216.07858952790332,477.9966921111354,203.57129171753604
VYD_04477,0.9187764888535211,0,299.140431171466,299.140431171466,382.9552303678352
VYD_04478,0.6883146596616563,0,112.59501397991231,112.59501397991231,592.2336296597113
VYD_04479,0.7874017427784141,0,293.8327673492277,293.8327673492277,432.7930871648704
VYD_04480,1.1075600127917424,0,245.1884004594517,379.42108168699514,1047.8391434069235
VYD_04481,0.4776128879249946,1,260.59440605317747,260.59440605317747,1392.2112073617757
VYD_04482,0.1866375398407507,0,148.57646781028967,306.519253798358,168.72287489949218
VYD_04483,0.2026193946791503,0,203.1306861442266,236.7099509986732,401.79977665849646
VYD_04484,0.3126183068251785,0,114.9644787896998,320.3588707674516,244.15693553429722
VYD_04485,1.2241598712361654,0,109.98913947508481,393.3770415121855,109.9864469798414
VYD_04486,0.054866235479656085,0,84.75706830148256,275.62775234506773,342.49032579054307
VYD_04487,0.14331264645227698,0,563.2540092543811,648.2104685040714,755.8098023562578
VYD_04488,1.264381761137506,0,294.1948458727303,336.00245882915016,221.24804070916937
VYD_04489,1.1203770412628384,0,309.8003350991212,505.2526281990664,50.69602570462787
VYD_04490,1.6662662370371866,0,445.2215217918784,484.62913967826574,69.2518902327452
VYD_04491,0.17903632827150148,0,122.72381663679015,212.4555133516619,101.48396770755139
VYD_04492,0.09250879378235236,0,168.31189199410022,168.31189199410022,146.7241346065428
VYD_04493,0.519297202873841,0,313.3243411877131,313.3243411877131,367.4709571858002
VYD_04494,1.4626705854152033,0,481.95120201600207,577.5077786826823,639.8857669559577
VYD_04495,1.4821724509512555,0,335.79405461327985,548.6244422881422,547.0991942339897
VYD_04496,1.0959787714500098,0,184.59686466052472,184.59686466052472,1066.0127584198
VYD_04497,0.37006304262012407,0,292.67513087746886,292.67513087746886,1056.456432410468
VYD_04498,0.20605330507269,0,329.4978148254804,329.4978148254804,957.4488496775487
VYD_04499,2.582308032718786,0,659.5923881947786,682.568404096614,654.4849421298304
VYD_04500,1.1323856181997813,0,267.47638816472175,267.47638816472175,314.1094486299895
VYD_04501,0.9042607805448192,0,265.83428776435994,265.83428776435994,603.301706699716
VYD_04502,1.0686938338168803,0,357.8873820978947,357.8873820978947,515.8806219677247
VYD_04503,0.4779037815228188,0,348.9176238848,348.9176238848,731.5421216055412
VYD_04504,0.886786815791465,0,362.5088590109457,496.93167429617716,206.83807224089972
VYD_04505,1.1750248079372692,0,632.9245669269876,708.4192090543769,1031.6080637824334
VYD_04506,2.586760825341667,0,630.5385722034302,747.6337024224118,476.59941147819444
VYD_04507,1.3516763021700542,0,571.9297955451574,609.0914985858803,334.97085882604017
VYD_04508,1.2188734919534046,0,396.4723077121811,398.5048247249335,125.65868191529172
VYD_04509,1.44220451516549,0,510.0706914535514,633.0414402641437,357.9099319344451
VYD_04510,1.1668307352833216,0,555.83701481353,602.6673956188941,702.4706278944162
VYD_04511,0.07008528352003349,0,749.1618814169176,758.9491784360577,764.8658069219614
VYD_04512,1.4479342393079484,0,454.17116447910394,454.17116447910394,818.2305856892823
VYD_04513,0.15824972746842023,0,283.6472405766869,637.9729239432129,343.1674932489718
VYD_04514,0.17416353634818524,0,137.22984342372743,488.98705945014353,248.25483542525944
VYD_04515,0.5396661504067369,1,329.99958621514304,329.99958621514304,719.1737912822207
VYD_04516,0.6027125889773617,1,286.7733654753015,286.7733654753015,729.3409134466045
VYD_04517,3.3055969846848123,0,160.53414903367772,363.11358141875,108.65748841035342
VYD_04518,0.30522219652945676,0,134.58919073376188,676.0680452639233,1162.5868500010263
VYD_04519,0.6333294947911225,0,496.4295773262433,496.4295773262433,2651.7688326453444
VYD_04520,0.5718241844516526,0,76.63769464361017,194.79904932588423,788.9976208953309
VYD_04521,0.027585193633110065,0,65.57639658247632,228.30226831821287,837.7068795126813
VYD_04522,0.9662359872404448,1,105.28648351161095,105.28648351161095,2800.119576885301
VYD_04523,0.09366534024049672,1,47.466207692369615,47.466207692369615,2723.252973058226
VYD_04524,0.21663038298585988,0,1149.4581525765445,1392.2571411446283,248.52371008777857
VYD_04525,0.022165414962818836,0,275.94988368620443,354.926647125526,585.8504180355102
VYD_04526,0.16436183947051863,0,252.7778296740946,581.0655478938147,1233.9902677615878
VYD_04527,0.12357864872245285,0,310.3916166078744,752.8658634669538,361.6892689740016
VYD_04528,0.13917154181838115,1,1620.187586506246,1620.187586506246,2307.174428434934
VYD_04529,0.029087300748406427,0,685.9362534175648,1410.5027725313498,665.7017640809548
VYD_04530,1.203177509335458,1,665.3006154023511,1996.3734184803502,791.1316585174814
VYD_04531,0.0316272789376205,1,219.81952785833207,564.5498053311286,334.9326558123057
VYD_04532,2.8467849916413974,0,470.69751768462436,470.69751768462436,977.789941147336
VYD_04533,0.2457609597649901,1,608.0112155199548,649.0479980847546,2678.3480489696644
VYD_04534,0.1612910508726062,1,178.00123430566384,178.00123430566384,1899.8287228860383
VYD_04535,0.2594981927620988,1,735.2495666268144,986.3476222666079,3433.285100944209
VYD_04536,0.16736191571781944,1,787.00753525087,984.2304958505064,3461.0180603431936
VYD_04537,0.43120869958125796,0,249.55912809242088,249.55912809242088,753.272842784898
VYD_04538,0.49522290759503496,0,130.78434099409347,130.78434099409347,590.0177280222482
VYD_04539,1.0103271569357795,0,107.70166533487291,284.6153953440644,100.87503976814475
VYD_04540,1.2006560713486985,1,945.6997460262996,945.6997460262996,1204.355929971139
VYD_04541,2.281508607897975,0,311.4937927885039,495.71382246985377,207.6056725119441
VYD_04542,1.7992007253430071,0,136.58512301679662,417.78869129566306,133.82304694743758
VYD_04543,3.7631509802929024,0,708.3883923295834,708.3883923295834,1121.3778069614998
VYD_04544,1.4387865340813886,0,388.5244721588196,818.8740063137458,452.23916756311763
VYD_04545,0.16533396663180253,0,128.05897453416995,607.4004184569653,76.71353333602246
VYD_04546,2.1550398247585885,0,284.7352456497427,442.0616860423395,519.4786551478896
VYD_04547,0.31219163060872135,0,482.9192816975811,482.9192816975811,999.7482155486166
VYD_04548,2.2880226097691914,1,673.8396329207364,673.8396329207364,1838.374235117031
VYD_04549,2.4223805488460104,1,783.2866222741817,783.2866222741817,1859.651622114219
VYD_04550,0.09202435514035681,0,553.0369721610834,892.5861209471079,1297.0013428275738
VYD_04551,1.6787225490471078,0,127.49741263720229,127.49741263720229,432.1376186404783
VYD_04552,0.4253465690974569,0,47.471117995508685,209.88130808789057,47.39555527563133
VYD_04553,0.16324258446213336,0,82.35016908593691,468.0736019254939,238.36091345407758
VYD_04554,2.3006246033818925,0,319.7288224821179,319.7288224821179,678.9209360510664
VYD_04555,2.1477796046963245,0,385.17571091111364,670.025572490337,154.87474168354365
VYD_04556,0.3304415018186861,1,343.4615506758882,623.5814975211703,1208.6353805979566
VYD_04557,2.600946201817491,0,329.7323950926464,329.7323950926464,749.9808304784193
VYD_04558,0.17533113894052008,0,115.91640523195287,115.91640523195287,1077.5127257362556
VYD_04559,0.4253677112655085,0,285.99782546244586,477.4471905680247,2177.1605964525656
VYD_04560,0.8444237516654086,0,304.15305493852105,393.31143210018416,1185.5896218980495
VYD_04561,0.4558543410943832,0,347.2278654400784,433.5698053436091,1149.7407019568543
VYD_04562,1.5170525619625639,0,218.43824210847737,218.43824210847737,901.6208036034079
VYD_04563,0.46932112387980723,0,297.92206216017576,297.92206216017576,915.5309270718408
VYD_04564,1.4976167308036061,1,735.0554666488462,735.0554666488462,2747.3584763208432
VYD_04565,1.9479180153024571,0,281.98001320294816,281.98001320294816,541.8504725963523
VYD_04566,1.2709075595997024,0,220.7927641104439,442.61498117217127,207.50410707853325
VYD_04567,0.2034496351976303,0,168.51484472222234,227.3016139736813,147.16046728769862
VYD_04568,0.08257632281047979,0,118.29954940945292,490.02589814132233,37.030738856482614
VYD_04569,0.7860178883290025,0,202.80262501830407,559.8690957450198,200.39557215458206
VYD_04570,0.03182017284374754,0,115.10147771027756,475.03115165920485,225.7750442547127
VYD_04571,0.4464361465026804,0,318.35087409181705,318.35087409181705,1221.6594051128486
VYD_04572,1.747367375182263,0,434.05433066518117,582.861774623008,383.71032030387215
VYD_04573,0.056949172937315565,0,128.12845144111526,606.2026535766502,101.45375128810748
VYD_04574,0.04465779822652999,0,229.4595521809792,273.5442351229872,303.6921987581243
VYD_04575,3.9339658017372816,0,249.126288520437,736.5187618182356,1052.887900577558
VYD_04576,0.21315938274468796,0,249.4990469938845,506.2419955059782,1068.3385168405155
VYD_04577,0.5131075385632382,0,632.989110451615,632.989110451615,1643.7080940903356
VYD_04578,0.4321383384637761,0,118.91080776708878,283.3622517721944,319.0610637242179
VYD_04579,0.033835257227337254,1,75.96941993615808,1328.9048116432925,3810.958608174737
VYD_04580,0.28002751378222474,0,51.888627032912986,161.07578291949883,1990.2213364848794
VYD_04581,6.046903433560193,0,363.60063527345346,548.3354463198602,2025.7016396210063
