UniqueID,DWR_REVISE,SYMB_CLASS,MULTIUSE,CLASS1,SUBCLASS1,SPECOND1,IRR_TYP1PA,IRR_TYP1PB,PCNT1,CLASS2,SUBCLASS2,SPECOND2,IRR_TYP2PA,IRR_TYP2PB,PCNT2,CLASS3,SUBCLASS3,SPECOND3,IRR_TYP3PA,IRR_TYP3PB,PCNT3,CLASS4,SUBCLASS4,SPECOND4,IRR_TYP4PA,IRR_TYP4PB,PCNT4,UCF_ATT,CROPTYP1,ADOY1,CROPTYP2,ADOY2,CROPTYP3,ADOY3,CROPTYP4,ADOY4,EMRG_CROP,REGION,ACRES,COUNTY,LIQ_REPORT,MAIN_CROP,MAIN_CROP_DATE,Shape_Length,Shape_Area,vineyard_field_id,area_ha,dnbr_mean,et_gs_mm,elev_m,slope_deg
4900085,r,V,S,**,**,*,*,*,**,V,**,*,*,*,00,**,**,*,*,*,**,**,**,*,*,*,**,S********* V*****00******************,****,,V,,****,,****,,****,NCRO,1.08394801,Sonoma,V    **** **** ****,V,,0.0026192225708666205,4.5374678837298544e-07,VYD_00078,0.43831122955961743,0.07597305625677109,549.5500314663311,63.0107307434082,6.178501605987549
4900109,r,V,S,**,**,*,*,*,**,V,**,*,*,*,00,**,**,*,*,*,**,**,**,*,*,*,**,S********* V*****00******************,****,,V,,****,,****,,****,NCRO,0.91296553,Sonoma,V    **** **** ****,V,,0.0032856799244136065,3.826382958825278e-07,VYD_00085,0.3691714283879826,0.07415024191141129,352.1410352588147,342.84466552734375,8.828221321105957
4900121,r,V,S,**,**,*,*,*,**,V,**,*,*,*,00,**,**,*,*,*,**,**,**,*,*,*,**,S********* V*****00******************,****,,V,,****,,****,,****,NCRO,1.39460695,Sonoma,V    **** **** ****,V,,0.0039275192414770415,5.831999244954737e-07,VYD_00091,0.5639312997720254,0.1827048361301422,702.7731459040234,59.37735366821289,1.737260341644287
4900134,r,V,S,**,**,*,*,*,**,V,**,*,*,*,00,**,**,*,*,*,**,**,**,*,*,*,**,S********* V*****00******************,****,,V,,****,,****,,****,NCRO,0.85974369,Sonoma,V    **** **** ****,V,,0.002512282204294313,3.5991782180690444e-07,VYD_00093,0.347653246852671,0.2149558812379837,420.63262074425967,133.09722900390625,13.67830753326416
4900144,r,V,S,**,**,*,*,*,**,V,**,*,*,*,00,**,**,*,*,*,**,**,**,*,*,*,**,S********* V*****00******************,****,,V,,****,,****,,****,NCRO,1.47648622,Sonoma,V    **** **** ****,V,,0.003134542757972009,6.186825309891107e-07,VYD_00097,0.5970375760285451,0.017756134271621704,540.1842956120092,88.41207885742188,12.887831687927246
4900164,r,V,S,**,**,*,*,*,**,V,**,*,*,*,00,**,**,*,*,*,**,**,**,*,*,*,**,S********* V*****00******************,****,,V,,****,,****,,****,NCRO,1.31605994,Sonoma,V    **** **** ****,V,,0.004175760097135726,5.509424397475373e-07,VYD_00099,0.5321702873294015,0.0850345715880394,480.31175556706376,137.080078125,3.7403557300567627
4900170,r,V,S,**,**,*,*,*,**,V,**,*,*,*,00,**,**,*,*,*,**,**,**,*,*,*,**,S********* V*****00******************,****,,V,,****,,****,,****,NCRO,1.44160902,Sonoma,V    **** **** ****,V,,0.004544095996859388,6.034852824049977e-07,VYD_00101,0.582938466654789,0.06314855068922043,486.6294368196877,97.94669342041016,12.194952964782715
4900201,r,V,S,**,**,*,*,*,**,V,**,*,*,*,00,**,**,*,*,*,**,**,**,*,*,*,**,S********* V*****00******************,****,,V,,****,,****,,****,NCRO,1.17046818,Sonoma,V    **** **** ****,V,,0.004940588808940923,4.899965103802828e-07,VYD_00109,0.47329850375608173,0.29980355501174927,572.5357967667436,341.4187316894531,20.58938980102539
4900220,r,V,S,**,**,*,*,*,**,V,**,*,*,*,00,**,**,*,*,*,**,**,**,*,*,*,**,S********* V*****00******************,****,,V,,****,,****,,****,NCRO,1.22382344,Sonoma,V    **** **** ****,V,,0.0028280609725694207,5.121597330682992e-07,VYD_00113,0.49487362795077733,0.18398042023181915,671.9304008908687,105.87879180908203,3.0820233821868896
4900231,r,V,S,**,**,*,*,*,**,V,**,*,*,*,00,**,**,*,*,*,**,**,**,*,*,*,**,S********* V*****00******************,****,,V,,****,,****,,****,NCRO,0.84765036,Sonoma,V    **** **** ****,V,,0.0030923342637466985,3.549513666570677e-07,VYD_00116,0.34276127641800846,0.12277866899967194,513.3303858520901,121.92252349853516,3.9543583393096924
4900252,r,V,S,**,**,*,*,*,**,V,**,*,*,*,00,**,**,*,*,*,**,**,**,*,*,*,**,S********* V*****00******************,****,,V,,****,,****,,****,NCRO,0.83916678,Sonoma,V    **** **** ****,V,,0.0032073259499943193,3.511672348849973e-07,VYD_00120,0.33933065065937834,0.26061949133872986,543.4497568881686,146.4907989501953,15.453060150146484
4900263,r,V,S,**,**,*,*,*,**,V,**,*,*,*,00,**,**,*,*,*,**,**,**,*,*,*,**,S********* V*****00******************,****,,V,,****,,****,,****,NCRO,1.07298849,Sonoma,V    **** **** ****,V,,0.002914116248852604,4.4960289861102377e-07,VYD_00123,0.43387843742410487,0.0739591047167778,404.8289891926255,149.23416137695312,10.173333168029785
4900310,r,V,S,**,**,*,*,*,**,V,**,*,*,*,00,**,**,*,*,*,**,**,**,*,*,*,**,S********* V*****00******************,****,,V,,****,,****,,****,NCRO,0.99362942,Sonoma,V    **** **** ****,V,,0.0025685489777925036,4.160170593944741e-07,VYD_00128,0.40179104692925943,0.12553799152374268,632.8112560054908,197.65052795410156,11.73705768585205
4900313,r,V,S,**,**,*,*,*,**,V,**,*,*,*,00,**,**,*,*,*,**,**,**,*,*,*,**,S********* V*****00******************,****,,V,,****,,****,,****,NCRO,0.93144013,Sonoma,V    **** **** ****,V,,0.0025433724586339792,3.8952707295608964e-07,VYD_00130,0.37664260089918694,0.030201474204659462,518.1162280701755,88.53411865234375,1.9174537658691406
4900320,r,V,S,**,**,*,*,*,**,V,**,*,*,*,00,**,**,*,*,*,**,**,**,*,*,*,**,S********* V*****00******************,****,,V,,****,,****,,****,NCRO,0.86248449,Sonoma,V    **** **** ****,V,,0.0031973761828040645,3.6093948730304085e-07,VYD_00131,0.3487598320650318,0.020539643242955208,484.69105058365756,98.50857543945312,4.033860206604004
4900365,r,V,S,**,**,*,*,*,**,V,**,*,*,*,00,**,**,*,*,*,**,**,**,*,*,*,**,S********* V*****00******************,****,,V,,****,,****,,****,NCRO,1.20431283,Sonoma,V    **** **** ****,V,,0.004688807222841041,5.04647139645931e-07,VYD_00141,0.4869816381428855,0.04197879135608673,329.44329303396665,191.3178253173828,13.238282203674316
4900371,r,V,S,**,**,*,*,*,**,V,**,*,*,*,00,**,**,*,*,*,**,**,**,*,*,*,**,S********* V*****00******************,****,,V,,****,,****,,****,NCRO,0.9837099,Sonoma,V    **** **** ****,V,,0.0030103082658789835,4.116798448833538e-07,VYD_00144,0.3977787479309886,0.11460351943969727,538.3674321503131,87.1929931640625,16.074932098388672
4900384,r,V,S,**,**,*,*,*,**,V,**,*,*,*,00,**,**,*,*,*,**,**,**,*,*,*,**,S********* V*****00******************,****,,V,,****,,****,,****,NCRO,0.71010715,Sonoma,V    **** **** ****,V,,0.0027056242157524474,2.972730275747604e-07,VYD_00148,0.2871444303918361,0.08974593132734299,553.8623676612128,338.6022033691406,8.052988052368164
4900386,r,V,S,**,**,*,*,*,**,V,**,*,*,*,00,**,**,*,*,*,**,**,**,*,*,*,**,S********* V*****00******************,****,,V,,****,,****,,****,NCRO,0.70262505,Sonoma,V    **** **** ****,V,,0.0029877474737569736,2.9409540447163226e-07,VYD_00149,0.2841178183887883,0.00022370657825376838,370.9581712062257,54.68693542480469,0.6905275583267212
4900397,r,V,S,**,**,*,*,*,**,V,**,*,*,*,00,**,**,*,*,*,**,**,**,*,*,*,**,S********* V*****00******************,****,,V,,****,,****,,****,NCRO,0.66306961,Sonoma,V    **** **** ****,V,,0.002129052483250122,2.779820668832073e-07,VYD_00155,0.2681204739258374,0.07769513875246048,523.3035343035343,159.6326141357422,5.465279579162598
4900404,r,V,S,**,**,*,*,*,**,V,**,*,*,*,00,**,**,*,*,*,**,**,**,*,*,*,**,S********* V*****00******************,****,,V,,****,,****,,****,NCRO,0.83050859,Sonoma,V    **** **** ****,V,,0.002891745063145471,3.4768750584544774e-07,VYD_00159,0.33583059057768794,0.16233061254024506,516.5429272281276,339.9720764160156,14.513669967651367
4900414,r,V,S,**,**,*,*,*,**,V,**,*,*,*,00,**,**,*,*,*,**,**,**,*,*,*,**,S********* V*****00******************,****,,V,,****,,****,,****,NCRO,1.03408436,Sonoma,V    **** **** ****,V,,0.002763909906544555,4.3347372635257455e-07,VYD_00161,0.4181470421514353,0.12400273978710175,311.6729348556079,465.0364990234375,8.525397300720215
4900427,r,V,S,**,**,*,*,*,**,V,**,*,*,*,00,**,**,*,*,*,**,**,**,*,*,*,**,S********* V*****00******************,****,,V,,****,,****,,****,NCRO,0.70144166,Sonoma,V    **** **** ****,V,,0.0024751383690991067,2.934526799087991e-07,VYD_00164,0.2836382752005115,0.08597229421138763,517.5889212827989,90.79500579833984,9.284333229064941
4900434,r,V,S,**,**,*,*,*,**,V,**,*,*,*,00,**,**,*,*,*,**,**,**,*,*,*,**,S********* V*****00******************,****,,V,,****,,****,,****,NCRO,0.77681162,Sonoma,V    **** **** ****,V,,0.002893090901882327,3.256075129516459e-07,VYD_00167,0.31411527505621256,0.08944742381572723,415.1139351446099,366.74041748046875,9.065359115600586
4900530,r,V,S,**,**,*,*,*,**,V,**,*,*,*,00,**,**,*,*,*,**,**,**,*,*,*,**,S********* V*****00******************,****,,V,,****,,****,,****,NCRO,1.19003054,Sonoma,V    **** **** ****,V,,0.0039460486216627835,4.97911714097101e-07,VYD_00192,0.48120749679901526,0.20955802500247955,613.8955823293173,157.2015838623047,20.373294830322266
4900533,r,V,S,**,**,*,*,*,**,V,**,*,*,*,00,**,**,*,*,*,**,**,**,*,*,*,**,S********* V*****00******************,****,,V,,****,,****,,****,NCRO,0.83882363,Sonoma,V    **** **** ****,V,,0.0029034742668678118,3.5116960664407e-07,VYD_00194,0.3391929706032378,0.18492624163627625,563.0441537203598,340.7155456542969,6.169589042663574
4900566,r,V,S,**,**,*,*,*,**,V,**,*,*,*,00,**,**,*,*,*,**,**,**,*,*,*,**,S********* V*****00******************,****,,V,,****,,****,,****,NCRO,1.3169856,Sonoma,V    **** **** ****,V,,0.0029704437863819926,5.514506992029783e-07,VYD_00201,0.5325485448138421,-0.0012635102029889822,526.7012448132781,145.06900024414062,1.5897794961929321
4900582,r,V,S,**,**,*,*,*,**,V,**,*,*,*,00,**,**,*,*,*,**,**,**,*,*,*,**,S********* V*****00******************,****,,V,,****,,****,,****,NCRO,1.08242415,Sonoma,V    **** **** ****,V,,0.0027366628061510265,4.5300038825530174e-07,VYD_00207,0.43769645592361894,0.12859012186527252,632.7395964691048,127.80783081054688,4.815316677093506
4900587,r,V,S,**,**,*,*,*,**,V,**,*,*,*,00,**,**,*,*,*,**,**,**,*,*,*,**,S********* V*****00******************,****,,V,,****,,****,,****,NCRO,0.58373222,Sonoma,V    **** **** ****,V,,0.002345547538511446,2.4467975624998135e-07,VYD_00210,0.2360412494663211,0.15842238068580627,411.6882352941176,408.8646240234375,16.283823013305664
4900616,r,V,S,**,**,*,*,*,**,V,**,*,*,*,00,**,**,*,*,*,**,**,**,*,*,*,**,S********* V*****00******************,****,,V,,****,,****,,****,NCRO,0.9956016,Sonoma,V    **** **** ****,V,,0.002632135171748494,4.1662063494606323e-07,VYD_00221,0.4025853813384461,0.09755086153745651,514.6307798481712,73.58386993408203,11.19360065460205
4900620,r,V,S,**,**,*,*,*,**,V,**,*,*,*,00,**,**,*,*,*,**,**,**,*,*,*,**,S********* V*****00******************,****,,V,,****,,****,,****,NCRO,0.59129017,Sonoma,V    **** **** ****,V,,0.002102723776480726,2.475804361860519e-07,VYD_00223,0.23909785284741478,0.16131728887557983,478.20323325635104,85.392822265625,1.1057517528533936
4900630,r,V,S,**,**,*,*,*,**,V,**,*,*,*,00,**,**,*,*,*,**,**,**,*,*,*,**,S********* V*****00******************,****,,V,,****,,****,,****,NCRO,0.84599259,Sonoma,V    **** **** ****,V,,0.004013178300504106,3.5448766158122636e-07,VYD_00225,0.3420894838512942,-0.011058907955884933,394.00000000000006,142.26771545410156,9.393943786621094
4900640,r,V,S,**,**,*,*,*,**,V,**,*,*,*,00,**,**,*,*,*,**,**,**,*,*,*,**,S********* V*****00******************,****,,V,,****,,****,,****,NCRO,2.4189168,Sonoma,V    **** **** ****,V,,0.004026019154804469,1.0129553581890206e-06,VYD_00226,0.978139287803006,0.1200062483549118,447.1592571750141,298.17181396484375,4.315077781677246
4900686,r,V,S,**,**,*,*,*,**,V,**,*,*,*,00,**,**,*,*,*,**,**,**,*,*,*,**,S********* V*****00******************,****,,V,,****,,****,,****,NCRO,0.65268759,Sonoma,V    **** **** ****,V,,0.0029641349910464066,2.730428881987901e-07,VYD_00233,0.2639241688874695,0.03311515599489212,601.8881922675025,89.15653991699219,7.331900596618652
4900726,r,V,S,**,**,*,*,*,**,V,**,*,*,*,00,**,**,*,*,*,**,**,**,*,*,*,**,S********* V*****00******************,****,,V,,****,,****,,****,NCRO,0.5303075,Sonoma,V    **** **** ****,V,,0.0021433488726660473,2.2196770666639228e-07,VYD_00246,0.21443823621226357,0.05724738910794258,489.1131105398458,53.86587142944336,1.6437110900878906
4900728,r,V,S,**,**,*,*,*,**,V,**,*,*,*,00,**,**,*,*,*,**,**,**,*,*,*,**,S********* V*****00******************,****,,V,,****,,****,,****,NCRO,1.16027799,Sonoma,V    **** **** ****,V,,0.0035206712358568206,4.859237063010325e-07,VYD_00247,0.4691824575178947,0.09883362799882889,365.7589653145209,380.7071533203125,10.460966110229492
4900730,r,V,S,**,**,*,*,*,**,V,**,*,*,*,00,**,**,*,*,*,**,**,**,*,*,*,**,S********* V*****00******************,****,,V,,****,,****,,****,NCRO,0.89877145,Sonoma,V    **** **** ****,V,,0.002947128466210523,3.768065911111616e-07,VYD_00248,0.3634311494186094,0.18496491014957428,358.6467473524962,536.312744140625,20.939453125
4900735,r,V,S,**,**,*,*,*,**,V,**,*,*,*,00,**,**,*,*,*,**,**,**,*,*,*,**,S********* V*****00******************,****,,V,,****,,****,,****,NCRO,1.25562068,Sonoma,V    **** **** ****,V,,0.004628841040273475,5.257116798242469e-07,VYD_00250,0.5077308834805699,0.056755512952804565,620.8299837045083,57.033145904541016,2.5961151123046875
4900744,r,V,S,**,**,*,*,*,**,V,**,*,*,*,00,**,**,*,*,*,**,**,**,*,*,*,**,S********* V*****00******************,****,,V,,****,,****,,****,NCRO,1.05010865,Sonoma,V    **** **** ****,V,,0.0029057307304592673,4.396749465815256e-07,VYD_00255,0.4246277145406219,-0.01570001058280468,494.13350615683726,75.538818359375,1.6085023880004883
4900746,r,V,S,**,**,*,*,*,**,V,**,*,*,*,00,**,**,*,*,*,**,**,**,*,*,*,**,S********* V*****00******************,****,,V,,****,,****,,****,NCRO,1.49891504,Sonoma,V    **** **** ****,V,,0.003210546936555633,6.280755590350164e-07,VYD_00256,0.6061068830867711,0.10460402071475983,501.35620172648805,85.1178970336914,11.590519905090332
4900761,r,V,S,**,**,*,*,*,**,V,**,*,*,*,00,**,**,*,*,*,**,**,**,*,*,*,**,S********* V*****00******************,****,,V,,****,,****,,****,NCRO,0.60305983,Sonoma,V    **** **** ****,V,,0.002313138793796783,2.527611817746844e-07,VYD_00259,0.24385613483632193,0.12395332753658295,349.15280898876404,332.3600769042969,14.053194046020508
4900766,r,V,S,**,**,*,*,*,**,V,**,*,*,*,00,**,**,*,*,*,**,**,**,*,*,*,**,S********* V*****00******************,****,,V,,****,,****,,****,NCRO,1.00162391,Sonoma,V    **** **** ****,V,,0.0030203172348909767,4.190575268587928e-07,VYD_00260,0.40502220150255397,0.3616865575313568,511.7171991842285,175.91957092285156,8.634773254394531
4900794,r,V,S,**,**,*,*,*,**,V,**,*,*,*,00,**,**,*,*,*,**,**,**,*,*,*,**,S********* V*****00******************,****,,V,,****,,****,,****,NCRO,0.7219663,Sonoma,V    **** **** ****,V,,0.0023187163052020036,3.019218695170907e-07,VYD_00270,0.29193878434786846,-0.019497530534863472,613.3652751423151,68.76822662353516,14.685636520385742
4900798,r,V,S,**,**,*,*,*,**,V,**,*,*,*,00,**,**,*,*,*,**,**,**,*,*,*,**,S********* V*****00******************,****,,V,,****,,****,,****,NCRO,1.05086982,Sonoma,V    **** **** ****,V,,0.003522169921544508,4.400422207708786e-07,VYD_00271,0.4249358348840494,0.06892234086990356,513.691109669046,73.53073120117188,5.033552169799805
4900843,r,V,S,**,**,*,*,*,**,V,**,*,*,*,00,**,**,*,*,*,**,**,**,*,*,*,**,S********* V*****00******************,****,,V,,****,,****,,****,NCRO,1.3452047,Sonoma,V    **** **** ****,V,,0.0037503241523654056,5.628801807517936e-07,VYD_00279,0.5439528703685694,0.12769398093223572,500.0389479008599,121.95445251464844,3.8146679401397705
4900869,r,V,S,**,**,*,*,*,**,V,**,*,*,*,00,**,**,*,*,*,**,**,**,*,*,*,**,S********* V*****00******************,****,,V,,****,,****,,****,NCRO,1.39775361,Sonoma,V    **** **** ****,V,,0.003506186907956495,5.851247501581367e-07,VYD_00283,0.5652060605372553,0.17156913876533508,385.9260700389106,327.19097900390625,18.803911209106445
4900894,r,V,S,**,**,*,*,*,**,V,**,*,*,*,00,**,**,*,*,*,**,**,**,*,*,*,**,S********* V*****00******************,****,,V,,****,,****,,****,NCRO,1.05841726,Sonoma,V    **** **** ****,V,,0.002669026004566175,4.4260957023227046e-07,VYD_00286,0.4279876479748191,0.14682777225971222,664.3335492227981,63.742183685302734,4.662654399871826
4900929,r,V,S,**,**,*,*,*,**,V,**,*,*,*,00,**,**,*,*,*,**,**,**,*,*,*,**,S********* V*****00******************,****,,V,,****,,****,,****,NCRO,1.47531841,Sonoma,V    **** **** ****,V,,0.004200814213505658,6.176405103122739e-07,VYD_00296,0.5965682724787565,0.09021960943937302,468.0300369685767,54.794246673583984,0.9215591549873352
4900938,r,V,S,**,**,*,*,*,**,V,**,*,*,*,00,**,**,*,*,*,**,**,**,*,*,*,**,S********* V*****00******************,****,,V,,****,,****,,****,NCRO,1.01548307,Sonoma,V    **** **** ****,V,,0.004124777567689602,4.2506125470403506e-07,VYD_00298,0.41062601327812437,0.060287147760391235,459.61336032388664,52.240638732910156,16.180086135864258
4900942,r,V,S,**,**,*,*,*,**,V,**,*,*,*,00,**,**,*,*,*,**,**,**,*,*,*,**,S********* V*****00******************,****,,V,,****,,****,,****,NCRO,1.04212768,Sonoma,V    **** **** ****,V,,0.0036531432837798358,4.363803765287179e-07,VYD_00300,0.4214012541777256,0.14133483171463013,558.8661832564273,129.5730743408203,6.70946741104126
4900960,r,V,S,**,**,*,*,*,**,V,**,*,*,*,00,**,**,*,*,*,**,**,**,*,*,*,**,S********* V*****00******************,****,,V,,****,,****,,****,NCRO,0.6146777,Sonoma,V    **** **** ****,V,,0.003598479748997772,2.572649974691704e-07,VYD_00303,0.24855529082217795,0.09593798965215683,603.3036707452725,83.74160766601562,11.776494026184082
4900961,r,V,S,**,**,*,*,*,**,V,**,*,*,*,00,**,**,*,*,*,**,**,**,*,*,*,**,S********* V*****00******************,****,,V,,****,,****,,****,NCRO,1.11729214,Sonoma,V    **** **** ****,V,,0.0038447476742831874,4.680047484509135e-07,VYD_00304,0.4517939396549429,0.096683569252491,538.9530487804878,98.54072570800781,9.526151657104492
4900972,r,V,S,**,**,*,*,*,**,V,**,*,*,*,00,**,**,*,*,*,**,**,**,*,*,*,**,S********* V*****00******************,****,,V,,****,,****,,****,NCRO,1.14180976,Sonoma,V    **** **** ****,V,,0.002580853949049917,4.787041564930993e-07,VYD_00307,0.46170555812464226,0.1670360267162323,509.233789411065,238.2928009033203,13.588162422180176
4901029,r,V,S,**,**,*,*,*,**,V,**,*,*,*,00,**,**,*,*,*,**,**,**,*,*,*,**,S********* V*****00******************,****,,V,,****,,****,,****,NCRO,1.97012939,Sonoma,V    **** **** ****,V,,0.0038376840035899314,8.244764408801079e-07,VYD_00319,0.7966531977356441,0.024782277643680573,542.996191135734,88.62676239013672,11.419690132141113
4901037,r,V,S,**,**,*,*,*,**,V,**,*,*,*,00,**,**,*,*,*,**,**,**,*,*,*,**,S********* V*****00******************,****,,V,,****,,****,,****,NCRO,0.82475209,Sonoma,V    **** **** ****,V,,0.0026533847143257374,3.4537038216751017e-07,VYD_00323,0.333501886758815,0.26974043250083923,471.2167080231596,165.6777801513672,13.547905921936035
4901052,r,V,S,**,**,*,*,*,**,V,**,*,*,*,00,**,**,*,*,*,**,**,**,*,*,*,**,S********* V*****00******************,****,,V,,****,,****,,****,NCRO,1.47152209,Sonoma,V    **** **** ****,V,,0.0037079167720408734,6.156516982535499e-07,VYD_00324,0.5950327852476482,0.2702339291572571,494.52294853963843,183.65525817871094,4.5943603515625
4901060,r,V,S,**,**,*,*,*,**,V,**,*,n,*,00,**,**,*,*,*,**,**,**,*,*,*,**,S********* V***n*00******************,****,,V,,****,,****,,****,NCRO,1.21934592,Sonoma,V    **** **** ****,V,,0.0028227761830021576,5.101771497150001e-07,VYD_00327,0.4930595090220244,0.16370603442192078,500.9523809523809,65.68634033203125,12.45244026184082
4901110,r,V,S,**,**,*,*,*,**,V,**,*,*,*,00,**,**,*,*,*,**,**,**,*,*,*,**,S********* V*****00******************,****,,V,,****,,****,,****,NCRO,1.45498051,Sonoma,V    **** **** ****,V,,0.0029536663770793558,6.097522595236045e-07,VYD_00341,0.5883438139783521,0.18282604217529297,385.1304551853589,142.4154052734375,19.94753646850586
4901117,r,V,S,**,**,*,*,*,**,V,**,*,*,*,00,**,**,*,*,*,**,**,**,*,*,*,**,S********* V*****00******************,****,,V,,****,,****,,****,NCRO,1.44528922,Sonoma,V    **** **** ****,V,,0.004515407930469301,6.051613017590187e-07,VYD_00344,0.584425938561172,0.10356536507606506,403.017444601603,84.80985260009766,1.6909763813018799
4901139,r,V,S,**,**,*,*,*,**,V,**,*,*,*,00,**,**,*,*,*,**,**,**,*,*,*,**,S********* V*****00******************,****,,V,,****,,****,,****,NCRO,0.68486055,Sonoma,V    **** **** ****,V,,0.00240532866058953,2.864987059645467e-07,VYD_00350,0.2769343905395888,0.07051374018192291,614.5984015984016,157.0318145751953,13.613182067871094
4901147,r,V,S,**,**,*,*,*,**,V,**,*,*,*,00,**,**,*,*,*,**,**,**,*,*,*,**,S********* V*****00******************,****,,V,,****,,****,,****,NCRO,1.1801738,Sonoma,V    **** **** ****,V,,0.0027563538585838768,4.93740020866046e-07,VYD_00352,0.47722154560627716,0.1401529312133789,505.26809496236257,148.347412109375,11.405282020568848
4901162,r,V,S,**,**,*,*,*,**,V,**,*,*,*,00,**,**,*,*,*,**,**,**,*,*,*,**,S********* V*****00******************,****,,V,,****,,****,,****,NCRO,1.19254265,Sonoma,V    **** **** ****,V,,0.002866624609590924,4.991610050259645e-07,VYD_00355,0.4822239994803604,0.06444879621267319,414.7275842375785,54.69722366333008,0.8309725522994995
4901163,r,V,S,**,**,*,*,*,**,V,**,*,*,*,00,**,**,*,*,*,**,**,**,*,*,*,**,S********* V*****00******************,****,,V,,****,,****,,****,NCRO,0.58182544,Sonoma,V    **** **** ****,V,,0.00237834115616864,2.438209075593635e-07,VYD_00356,0.2352690201643642,0.19105423986911774,376.0399061032864,122.02295684814453,9.669607162475586
4901164,r,V,S,**,**,*,*,*,**,V,**,*,*,*,00,**,**,*,*,*,**,**,**,*,*,*,**,S********* V*****00******************,****,,V,,****,,****,,****,NCRO,0.9570708,Sonoma,V    **** **** ****,V,,0.004608840956843484,4.0064580222117904e-07,VYD_00357,0.38700642140480807,0.09405557066202164,513.0442225392297,64.53569793701172,4.408416748046875
4901202,r,V,S,**,**,*,*,*,**,V,**,*,*,*,00,**,**,*,*,*,**,**,**,*,*,*,**,S********* V*****00******************,****,,V,,****,,****,,****,NCRO,1.29450513,Sonoma,V    **** **** ****,V,,0.003007204851910386,5.426715860763921e-07,VYD_00360,0.5234518327550509,0.20153065025806427,469.34899683210136,419.6932067871094,17.411235809326172
4901210,r,V,S,**,**,*,*,*,**,V,**,*,*,*,00,**,**,*,*,*,**,**,**,*,*,*,**,S********* V*****00******************,****,,V,,****,,****,,****,NCRO,0.80114981,Sonoma,V    **** **** ****,V,,0.0028685875412596904,3.357869508084685e-07,VYD_00363,0.32395702706042095,0.11763262748718262,341.4833475661828,341.2265930175781,9.689576148986816
4901213,r,V,S,**,**,*,*,*,**,V,**,*,*,*,00,**,**,*,*,*,**,**,**,*,*,*,**,S********* V*****00******************,****,,V,,****,,****,,****,NCRO,0.57083104,Sonoma,V    **** **** ****,V,,0.0020210290643338483,2.3902322657268743e-07,VYD_00364,0.2308260629306762,0.1379060447216034,443.7675804529202,116.38841247558594,0.722877562046051
4901251,r,V,S,**,**,*,*,*,**,V,**,*,*,*,00,**,**,*,*,*,**,**,**,*,*,*,**,S********* V*****00******************,****,,V,,****,,****,,****,NCRO,1.24919817,Sonoma,V    **** **** ****,V,,0.003369157652536309,5.228559559621801e-07,VYD_00372,0.5051327543944736,-0.04296797513961792,552.9858695652173,51.82647705078125,2.4331514835357666
4901273,r,V,S,**,**,*,*,*,**,V,**,*,*,*,00,**,**,*,*,*,**,**,**,*,*,*,**,S********* V*****00******************,****,,V,,****,,****,,****,NCRO,1.02582563,Sonoma,V    **** **** ****,V,,0.00294492979166609,4.3000476327677694e-07,VYD_00374,0.41480745959099147,0.1567518413066864,348.88050734312407,344.6014099121094,15.362430572509766
4901287,r,V,S,**,**,*,*,*,**,V,**,*,*,*,00,**,**,*,*,*,**,**,**,*,*,*,**,S********* V*****00******************,****,,V,,****,,****,,****,NCRO,0.50507779,Sonoma,V    **** **** ****,V,,0.002310432651652915,2.1168211061682824e-07,VYD_00377,0.20423598908125934,0.21704645454883575,401.57823129251693,227.7657012939453,10.153915405273438
4901290,r,V,S,**,**,*,*,*,**,V,**,*,*,*,00,**,**,*,*,*,**,**,**,*,*,*,**,S********* V*****00******************,****,,V,,****,,****,,****,NCRO,1.31054831,Sonoma,V    **** **** ****,V,,0.0033453521458713894,5.495147928051786e-07,VYD_00379,0.5299386920139108,0.10304582118988037,461.5085714285715,602.4441528320312,10.359753608703613
4901325,r,V,S,**,**,*,*,*,**,V,**,*,*,*,00,**,**,*,*,*,**,**,**,*,*,*,**,S********* V*****00******************,****,,V,,****,,****,,****,NCRO,1.33656592,Sonoma,V    **** **** ****,V,,0.00358982913547153,5.603396207462831e-07,VYD_00387,0.5404591392239195,0.16051079332828522,354.8852209243271,580.9757690429688,10.6448392868042
4901331,r,V,S,**,**,*,*,*,**,V,**,*,*,*,00,**,**,*,*,*,**,**,**,*,*,*,**,S********* V*****00******************,****,,V,,****,,****,,****,NCRO,0.7836085,Sonoma,V    **** **** ****,V,,0.0033612008314366695,3.280013703642831e-07,VYD_00389,0.3168641633511716,-0.01952897198498249,459.15004336513437,57.164894104003906,8.786734580993652
4901346,r,V,S,**,**,*,*,*,**,V,**,*,*,*,00,**,**,*,*,*,**,**,**,*,*,*,**,S********* V*****00******************,****,,V,,****,,****,,****,NCRO,0.90701035,Sonoma,V    **** **** ****,V,,0.002398542778746301,3.800597310644672e-07,VYD_00393,0.3667623441520224,0.2485448569059372,454.2859292701279,133.47674560546875,12.33326530456543
4901401,r,V,S,**,**,*,*,*,**,V,**,*,*,*,00,**,**,*,*,*,**,**,**,*,*,*,**,S********* V*****00******************,****,,V,,****,,****,,****,NCRO,1.31501322,Sonoma,V    **** **** ****,V,,0.0029148003513441876,5.501320584863191e-07,VYD_00411,0.5317465885874549,0.20171308517456055,570.6734164070613,185.78761291503906,4.691634654998779
4901422,r,V,S,**,**,*,*,*,**,V,**,*,*,*,00,**,**,*,*,*,**,**,**,*,*,*,**,S********* V*****00******************,****,,V,,****,,****,,****,NCRO,0.65725552,Sonoma,V    **** **** ****,V,,0.002611159569673187,2.7522912477949415e-07,VYD_00417,0.26577174991322916,0.2042781561613083,507.19626168224295,121.14041137695312,3.909639596939087
4901428,r,V,S,**,**,*,*,*,**,V,**,*,*,*,00,**,**,*,*,*,**,**,**,*,*,*,**,S********* V*****00******************,****,,V,,****,,****,,****,NCRO,0.65701291,Sonoma,V    **** **** ****,V,,0.002250493853636344,2.7489786624698834e-07,VYD_00418,0.2656724312690446,0.11697371304035187,572.6356192425793,59.200157165527344,11.112552642822266
4901436,r,V,S,**,**,*,*,*,**,V,**,*,*,*,00,**,**,*,*,*,**,**,**,*,*,*,**,S********* V*****00******************,****,,V,,****,,****,,****,NCRO,0.85515319,Sonoma,V    **** **** ****,V,,0.0026264450485363917,3.5822395904622037e-07,VYD_00420,0.3457940944379864,0.055024031549692154,301.62261146496814,106.43075561523438,4.654047966003418
4901492,r,V,S,**,**,*,*,*,**,V,**,*,*,*,00,**,**,*,*,*,**,**,**,*,*,*,**,S********* V*****00******************,****,,V,,****,,****,,****,NCRO,1.15104219,Sonoma,V    **** **** ****,V,,0.004372575850090202,4.825105653593205e-07,VYD_00435,0.46544022927737216,0.05857006832957268,319.68518518518516,532.931396484375,12.950533866882324
4901499,r,V,S,**,**,*,*,*,**,V,**,*,*,*,00,**,**,*,*,*,**,**,**,*,*,*,**,S********* V*****00******************,****,,V,,****,,****,,****,NCRO,0.64840858,Sonoma,V    **** **** ****,V,,0.0019979035518898204,2.71768351140812e-07,VYD_00437,0.26219252891321165,0.07710806280374527,450.92105263157896,71.9250717163086,5.5253705978393555
4901501,r,V,S,**,**,*,*,*,**,V,**,*,*,*,00,**,**,*,*,*,**,**,**,*,*,*,**,S********* V*****00******************,****,,V,,****,,****,,****,NCRO,1.39210299,Sonoma,V    **** **** ****,V,,0.0034867584567401656,5.82888346882244e-07,VYD_00438,0.5629200065682943,0.21435204148292542,599.3645680819913,163.87913513183594,16.905363082885742
4901515,r,V,S,**,**,*,*,*,**,V,**,*,*,*,00,**,**,*,*,*,**,**,**,*,*,*,**,S********* V*****00******************,****,,V,,****,,****,,****,NCRO,0.68508732,Sonoma,V    **** **** ****,V,,0.0022971209778191617,2.867785073281044e-07,VYD_00442,0.27702753872058783,0.14323963224887848,537.8363273453094,124.68556213378906,7.67702579498291
4901519,r,V,S,**,**,*,*,*,**,V,**,*,*,*,00,**,**,*,*,*,**,**,**,*,*,*,**,S********* V*****00******************,****,,V,,****,,****,,****,NCRO,1.21523911,Sonoma,V    **** **** ****,V,,0.003042757899742236,5.093733418642055e-07,VYD_00444,0.49139747595534683,0.2581061124801636,450.3750000000001,79.86956787109375,7.847724914550781
4901520,r,V,S,**,**,*,*,*,**,V,**,*,*,*,00,**,**,*,*,*,**,**,**,*,*,*,**,S********* V*****00******************,****,,V,,****,,****,,****,NCRO,0.76108817,Sonoma,V    **** **** ****,V,,0.002685144362136012,3.188133817545991e-07,VYD_00445,0.3077614895790624,0.12753289937973022,506.2010723860591,679.4086303710938,17.583955764770508
4901560,r,V,S,**,**,*,*,*,**,V,**,*,*,*,00,**,**,*,*,*,**,**,**,*,*,*,**,S********* V*****00******************,****,,V,,****,,****,,****,NCRO,1.34245057,Sonoma,V    **** **** ****,V,,0.0030078513471221294,5.62725493269429e-07,VYD_00455,0.5428374112351382,0.15818430483341217,474.5888607594937,75.12557220458984,2.6788101196289062
4901573,r,V,S,**,**,*,*,*,**,V,**,*,*,*,00,**,**,*,*,*,**,**,**,*,*,*,**,S********* V*****00******************,****,,V,,****,,****,,****,NCRO,1.23033397,Sonoma,V    **** **** ****,V,,0.002830675542439372,5.157309675868833e-07,VYD_00459,0.49750167731934053,0.3647289574146271,534.0968456004427,122.41136932373047,12.979135513305664
4901579,r,V,S,**,**,*,*,*,**,V,**,*,*,*,00,**,**,*,*,*,**,**,**,*,*,*,**,S********* V*****00******************,****,,V,,****,,****,,****,NCRO,1.12975693,Sonoma,V    **** **** ****,V,,0.0027637867108498923,4.7340835666237873e-07,VYD_00462,0.45683270309596435,0.1982893943786621,570.3218599033816,130.56622314453125,19.807741165161133
4901589,r,V,S,**,**,*,*,*,**,V,**,*,*,*,00,**,**,*,*,*,**,**,**,*,*,*,**,S********* V*****00******************,****,,V,,****,,****,,****,NCRO,0.60782861,Sonoma,V    **** **** ****,V,,0.002068047850723861,2.5475994926913647e-07,VYD_00466,0.24578364496343474,0.19123736023902893,525.317620650954,290.7138366699219,14.321005821228027
4901599,r,V,S,**,**,*,*,*,**,V,**,*,*,*,00,**,**,*,*,*,**,**,**,*,*,*,**,S********* V*****00******************,****,,V,,****,,****,,****,NCRO,0.81838411,Sonoma,V    **** **** ****,V,,0.0023401580244199875,3.424522309227936e-07,VYD_00468,0.33092667367674505,0.015912076458334923,509.0358632193496,94.15682220458984,13.645689010620117
4901635,r,V,S,**,**,*,*,*,**,V,**,*,*,*,00,**,**,*,*,*,**,**,**,*,*,*,**,S********* V*****00******************,****,,V,,****,,****,,****,NCRO,1.16659735,Sonoma,V    **** **** ****,V,,0.00440484169598234,4.888378728973179e-07,VYD_00477,0.4717306395146142,-0.017183499410748482,296.908718548859,178.5941162109375,13.014081954956055
4901638,r,V,S,**,**,*,*,*,**,V,**,*,*,*,00,**,**,*,*,*,**,**,**,*,*,*,**,S********* V*****00******************,****,,V,,****,,****,,****,NCRO,1.37313456,Sonoma,V    **** **** ****,V,,0.002911024179422967,5.745290139182127e-07,VYD_00479,0.5552483759329915,0.18092577159404755,571.6438152011922,159.89016723632812,11.13191032409668
4901656,r,V,S,**,**,*,*,*,**,V,**,*,*,*,00,**,**,*,*,*,**,**,**,*,*,*,**,S********* V*****00******************,****,,V,,****,,****,,****,NCRO,0.649368,Sonoma,V    **** **** ****,V,,0.002309113259847559,2.722662897161203e-07,VYD_00482,0.2625813582840171,0.17738065123558044,384.4539682539683,667.5756225585938,10.225875854492188
4901701,r,V,S,**,**,*,*,*,**,V,**,*,*,*,00,**,**,*,*,*,**,**,**,*,*,*,**,S********* V*****00******************,****,,V,,****,,****,,****,NCRO,1.12111527,Sonoma,V    **** **** ****,V,,0.0028839009361537396,4.6932887103772485e-07,VYD_00491,0.4533420095644038,0.15931928157806396,578.0760023937762,250.92623901367188,16.830690383911133
4901770,r,V,S,**,**,*,*,*,**,V,**,*,*,*,00,**,**,*,*,*,**,**,**,*,*,*,**,S********* V*****00******************,****,,V,,****,,****,,****,NCRO,0.51534349,Sonoma,V    **** **** ****,V,,0.0021172194598849353,2.1602171780459324e-07,VYD_00498,0.2083871832133719,0.015366815030574799,427.3417218543047,386.4124450683594,9.30445671081543
4901825,r,V,S,**,**,*,*,*,**,V,**,*,*,*,00,**,**,*,*,*,**,**,**,*,*,*,**,S********* V*****00******************,****,,V,,****,,****,,****,NCRO,1.16557653,Sonoma,V    **** **** ****,V,,0.0036119759783104586,4.885711434241613e-07,VYD_00509,0.4713164148249147,0.20306488871574402,474.7264757451783,191.04067993164062,14.604147911071777
4901842,r,V,S,**,**,*,*,*,**,V,**,*,*,*,00,**,**,*,*,*,**,**,**,*,*,*,**,S********* V*****00******************,****,,V,,****,,****,,****,NCRO,0.55793361,Sonoma,V    **** **** ****,V,,0.0021872042427752117,2.3386565670503778e-07,VYD_00514,0.22560761278847336,0.16574974358081818,488.27172582619335,172.2323455810547,6.258695125579834
4901844,r,V,S,**,**,*,*,*,**,V,**,*,*,*,00,**,**,*,*,*,**,**,**,*,*,*,**,S********* V*****00******************,****,,V,,****,,****,,****,NCRO,0.87205846,Sonoma,V    **** **** ****,V,,0.0025546710091388465,3.6550540095480173e-07,VYD_00515,0.35262874308623554,0.187570720911026,652.3867187499999,326.9407958984375,7.5942063331604
4901848,r,V,S,**,**,*,*,*,**,V,**,*,*,*,00,**,**,*,*,*,**,**,**,*,*,*,**,S********* V*****00******************,****,,V,,****,,****,,****,NCRO,0.94744477,Sonoma,V    **** **** ****,V,,0.0025337287891190755,3.9706462378485265e-07,VYD_00516,0.38311235655826376,0.14209288358688354,462.6304816678649,157.29251098632812,14.316267013549805
4901882,r,V,S,**,**,*,*,*,**,V,**,*,*,*,00,**,**,*,*,*,**,**,**,*,*,*,**,S********* V*****00******************,****,,V,,****,,****,,****,NCRO,0.74753198,Sonoma,V    **** **** ****,V,,0.0022010698360219435,3.126119082860627e-07,VYD_00525,0.3022764522122006,0.021256690844893456,600.3623055809697,91.19517517089844,10.30948543548584
4901900,r,V,S,**,**,*,*,*,**,V,**,*,*,*,00,**,**,*,*,*,**,**,**,*,*,*,**,S********* V*****00******************,****,,V,,****,,****,,****,NCRO,1.0245644,Sonoma,V    **** **** ****,V,,0.002728495681165269,4.290342087633195e-07,VYD_00527,0.41429852216926855,0.12392297387123108,550.6815159574469,83.32495880126953,6.97507905960083
4901920,r,V,S,**,**,*,*,*,**,V,**,*,*,*,00,**,**,*,*,*,**,**,**,*,*,*,**,S********* V*****00******************,****,,V,,****,,****,,****,NCRO,0.85232749,Sonoma,V    **** **** ****,V,,0.0026032676602713452,3.57024251417298e-07,VYD_00528,0.34465184152626577,0.11207577586174011,380.9713147410358,103.74433135986328,19.908824920654297
4901934,r,V,S,**,**,*,*,*,**,V,**,*,*,*,00,**,**,*,*,*,**,**,**,*,*,*,**,S********* V*****00******************,****,,V,,****,,****,,****,NCRO,0.54199505,Sonoma,V    **** **** ****,V,,0.00196463146812285,2.2697132496381093e-07,VYD_00532,0.2191646016436848,0.3507119119167328,629.7722152690865,178.7841796875,17.21433448791504
4901946,r,V,S,**,**,*,*,*,**,V,**,*,*,*,00,**,**,*,*,*,**,**,**,*,*,*,**,S********* V*****00******************,****,,V,,****,,****,,****,NCRO,1.23929017,Sonoma,V    **** **** ****,V,,0.00342857270954768,5.187859762248743e-07,VYD_00534,0.5011280276275225,0.05477520078420639,537.0247388675097,129.18919372558594,16.33812713623047
4901953,r,V,S,**,**,*,*,*,**,V,**,*,*,*,00,**,**,*,*,*,**,**,**,*,*,*,**,S********* V*****00******************,****,,V,,****,,****,,****,NCRO,0.68279734,Sonoma,V    **** **** ****,V,,0.0030767737527295233,2.8611688234177556e-07,VYD_00537,0.2760991718520895,0.08410966396331787,305.81754735792623,194.19253540039062,10.496238708496094
4901956,r,V,S,**,**,*,*,*,**,V,**,*,*,*,00,**,**,*,*,*,**,**,**,*,*,*,**,S********* V*****00******************,****,,V,,****,,****,,****,NCRO,1.23427264,Sonoma,V    **** **** ****,V,,0.0044142767024929076,5.168615168274246e-07,VYD_00538,0.4991012876360168,0.2949921786785126,436.3289617486339,133.77145385742188,11.308387756347656
4902005,r,V,S,**,**,*,*,*,**,V,**,*,*,*,00,**,**,*,*,*,**,**,**,*,*,*,**,S********* V*****00******************,****,,V,,****,,****,,****,NCRO,1.38287496,Sonoma,V    **** **** ****,V,,0.003161195416443494,5.796805988105986e-07,VYD_00548,0.559183889823608,0.23856714367866516,497.79911373707523,143.68113708496094,12.762328147888184
4902023,r,V,S,**,**,*,*,*,**,V,**,*,*,*,00,**,**,*,*,*,**,**,**,*,*,*,**,S********* V*****00******************,****,,V,,****,,****,,****,NCRO,1.28239151,Sonoma,V    **** **** ****,V,,0.0029715410671462355,5.371721441731337e-07,VYD_00551,0.518554429100176,0.03348413109779358,398.85456475583857,87.3780517578125,4.884102821350098
4902036,r,V,S,**,**,*,*,*,**,V,**,*,*,*,00,**,**,*,*,*,**,**,**,*,*,*,**,S********* V*****00******************,****,,V,,****,,****,,****,NCRO,1.10809028,Sonoma,V    **** **** ****,V,,0.0032324238041285,4.6447891781145135e-07,VYD_00554,0.4480725765336765,0.12033360451459885,336.2490797546012,456.2432556152344,10.793402671813965
4902079,r,V,S,**,**,*,*,*,**,V,**,*,*,*,00,**,**,*,*,*,**,**,**,*,*,*,**,S********* V*****00******************,****,,V,,****,,****,,****,NCRO,1.20807057,Sonoma,V    **** **** ****,V,,0.004191496315104893,5.054148054863505e-07,VYD_00567,0.48850257737499814,0.11307286471128464,497.9790605546124,151.02618408203125,12.107573509216309
4902100,r,V,S,**,**,*,*,*,**,V,**,*,*,*,00,**,**,*,*,*,**,**,**,*,*,*,**,S********* V*****00******************,****,,V,,****,,****,,****,NCRO,0.52545732,Sonoma,V    **** **** ****,V,,0.002132256666052404,2.197369131286581e-07,VYD_00574,0.21247719210286023,0.11985398083925247,672.1642764015646,61.46073532104492,6.1676106452941895
4902117,r,V,S,**,**,*,*,*,**,V,**,*,*,*,00,**,**,*,*,*,**,**,**,*,*,*,**,S********* V*****00******************,****,,V,,****,,****,,****,NCRO,0.59365193,Sonoma,V    **** **** ****,V,,0.0021981963466679924,2.48432980253752e-07,VYD_00578,0.24005252893182238,0.060262661427259445,508.20645905421,90.2867431640625,17.091455459594727
4902122,r,V,S,**,**,*,*,*,**,V,**,*,*,*,00,**,**,*,*,*,**,**,**,*,*,*,**,S********* V*****00******************,****,,V,,****,,****,,****,NCRO,1.17647444,Sonoma,V    **** **** ****,V,,0.0029767250231317825,4.930835001669035e-07,VYD_00581,0.4757248557945427,0.08538578450679779,422.8463751438436,311.8175354003906,10.182522773742676
4902139,r,V,S,**,**,*,*,*,**,V,**,*,*,*,00,**,**,*,*,*,**,**,**,*,*,*,**,S********* V*****00******************,****,,V,,****,,****,,****,NCRO,0.93186689,Sonoma,V    **** **** ****,V,,0.002630809718481583,3.900724945040037e-07,VYD_00584,0.3768157140428842,0.10053685307502747,516.5589743589744,65.62640380859375,6.815896511077881
4902147,r,V,S,**,**,*,*,*,**,V,**,*,*,*,00,**,**,*,*,*,**,**,**,*,*,*,**,S********* V*****00******************,****,,V,,****,,****,,****,NCRO,1.42800555,Sonoma,V    **** **** ****,V,,0.0035960740509100577,5.978055978954912e-07,VYD_00586,0.5774376386453492,0.13165126740932465,452.81004784689,141.42550659179688,4.726569652557373
4902162,r,V,S,**,**,*,*,*,**,V,**,*,*,*,00,**,**,*,*,*,**,**,**,*,*,*,**,S********* V*****00******************,****,,V,,****,,****,,****,NCRO,1.31710265,Sonoma,V    **** **** ****,V,,0.002938695029607438,5.520969202304874e-07,VYD_00591,0.5325911669183758,0.18252496421337128,467.722941481098,371.28619384765625,15.940644264221191
4902165,r,V,S,**,**,*,*,*,**,V,**,*,*,*,00,**,**,*,*,*,**,**,**,*,*,*,**,S********* V*****00******************,****,,V,,****,,****,,****,NCRO,0.62123474,Sonoma,V    **** **** ****,V,,0.0026273955042956498,2.601069738955174e-07,VYD_00592,0.2512076903786338,0.12392888963222504,595.2340659340659,113.81918334960938,1.846515417098999
4902186,r,V,S,**,**,*,*,*,**,V,**,*,*,*,00,**,**,*,*,*,**,**,**,*,*,*,**,S********* V*****00******************,****,,V,,****,,****,,****,NCRO,0.74229621,Sonoma,V    **** **** ****,V,,0.002614464695226639,3.111393676909402e-07,VYD_00596,0.30015722764865393,0.2649194896221161,558.764598540146,70.95524597167969,1.7820895910263062
4902203,r,V,S,**,**,*,*,*,**,V,**,*,*,*,00,**,**,*,*,*,**,**,**,*,*,*,**,S********* V*****00******************,****,,V,,****,,****,,****,NCRO,0.52732664,Sonoma,V    **** **** ****,V,,0.0020748136099781205,2.2077821943752306e-07,VYD_00599,0.21323279641438006,-0.036574069410562515,561.7316129032258,56.298763275146484,0.44373318552970886
4902205,r,V,S,**,**,*,*,*,**,V,**,*,*,*,00,**,**,*,*,*,**,**,**,*,*,*,**,S********* V*****00******************,****,,V,,****,,****,,****,NCRO,0.90894019,Sonoma,V    **** **** ****,V,,0.002667267544860795,3.8104037450371076e-07,VYD_00600,0.3675417682852927,0.13369348645210266,616.9700822737472,132.3727264404297,14.871317863464355
4902208,r,V,S,**,**,*,*,*,**,V,**,*,*,*,00,**,**,*,*,*,**,**,**,*,*,*,**,S********* V*****00******************,****,,V,,****,,****,,****,NCRO,0.95625801,Sonoma,V    **** **** ****,V,,0.0026112698597643407,4.001303167200011e-07,VYD_00601,0.38667673771508065,0.12762564420700073,478.1280962491154,99.21472930908203,21.116167068481445
4902221,r,V,S,**,**,*,*,*,**,V,**,*,*,*,00,**,**,*,*,*,**,**,**,*,*,*,**,S********* V*****00******************,****,,V,,****,,****,,****,NCRO,1.07489699,Sonoma,V    **** **** ****,V,,0.00319324473797322,4.49699117164592e-07,VYD_00604,0.4346516957742385,0.21817731857299805,589.6630710659898,129.69973754882812,12.153304100036621
4902242,r,V,S,**,**,*,*,*,**,V,**,*,*,*,00,**,**,*,*,*,**,**,**,*,*,*,**,S********* V*****00******************,****,,V,,****,,****,,****,NCRO,1.06492188,Sonoma,V    **** **** ****,V,,0.003424146031121971,4.464279441003709e-07,VYD_00608,0.43061684887733026,0.2658494710922241,489.01756668835395,408.6248474121094,5.097387790679932
4902276,r,V,S,**,**,*,*,*,**,V,**,*,*,*,00,**,**,*,*,*,**,**,**,*,*,*,**,S********* V*****00******************,****,,V,,****,,****,,****,NCRO,0.59977212,Sonoma,V    **** **** ****,V,,0.0018503033046498552,2.51387816759164e-07,VYD_00612,0.2425266684917322,0.1363847702741623,381.20819112627987,397.7658386230469,5.745042324066162
4902288,r,V,S,**,**,*,*,*,**,V,**,*,*,*,00,**,**,*,*,*,**,**,**,*,*,*,**,S********* V*****00******************,****,,V,,****,,****,,****,NCRO,1.1672474,Sonoma,V    **** **** ****,V,,0.0037876833679995796,4.891120251944834e-07,VYD_00614,0.4719939377816662,0.04375632852315903,362.04018637157833,166.84701538085938,11.175451278686523
4902311,r,V,S,**,**,*,*,*,**,V,**,*,*,*,00,**,**,*,*,*,**,**,**,*,*,*,**,S********* V*****00******************,****,,V,,****,,****,,****,NCRO,0.87830585,Sonoma,V    **** **** ****,V,,0.003937825036752899,3.677520696820873e-07,VYD_00619,0.3551570510868464,0.17794792354106903,604.1900311526481,166.80154418945312,13.709931373596191
4902362,r,V,S,**,**,*,*,*,**,V,**,*,*,*,00,**,**,*,*,*,**,**,**,*,*,*,**,S********* V*****00******************,****,,V,,****,,****,,****,NCRO,0.59546879,Sonoma,V    **** **** ****,V,,0.002030110841485926,2.490216378891006e-07,VYD_00629,0.24078747022762373,0.05034300684928894,585.5057471264367,87.01075744628906,1.6594284772872925
4902383,r,V,S,**,**,*,*,*,**,V,**,*,*,*,00,**,**,*,*,*,**,**,**,*,*,*,**,S********* V*****00******************,****,,V,,****,,****,,****,NCRO,0.51844924,Sonoma,V    **** **** ****,V,,0.002058091312507619,2.1706215526514222e-07,VYD_00631,0.2096444289211623,0.1642041653394699,461.910878112713,141.58489990234375,11.845706939697266
4902394,r,V,S,**,**,*,*,*,**,V,**,*,*,*,00,**,**,*,*,*,**,**,**,*,*,*,**,S********* V*****00******************,****,,V,,****,,****,,****,NCRO,0.67805882,Sonoma,V    **** **** ****,V,,0.0023359868692195513,2.8359222869063837e-07,VYD_00632,0.27418318542414755,0.06728801876306534,589.0356435643564,86.19557189941406,18.400718688964844
4902456,r,V,S,**,**,*,*,*,**,V,**,*,*,*,00,**,**,*,*,*,**,**,**,*,*,*,**,S********* V*****00******************,****,,V,,****,,****,,****,NCRO,1.21534361,Sonoma,V    **** **** ****,V,,0.0031368864855488795,5.092820651375756e-07,VYD_00646,0.4914408496007405,0.2023887038230896,552.7568936409681,130.04383850097656,7.80907678604126
4902465,r,V,S,**,**,*,*,*,**,V,**,*,*,*,00,**,**,*,*,*,**,**,**,*,*,*,**,S********* V*****00******************,****,,V,,****,,****,,****,NCRO,1.39268659,Sonoma,V    **** **** ****,V,,0.0028797584912942332,5.827923089275844e-07,VYD_00649,0.5631556880452165,0.05554085597395897,550.9847964688573,122.72430419921875,12.196633338928223
4902480,r,V,S,**,**,*,*,*,**,V,**,*,*,*,00,**,**,*,*,*,**,**,**,*,*,*,**,S********* V*****00******************,****,,V,,****,,****,,****,NCRO,0.71670758,Sonoma,V    **** **** ****,V,,0.002482640302895085,2.999308850749587e-07,VYD_00654,0.28981205294272405,0.09149682521820068,511.3033816425119,76.219482421875,13.662575721740723
4902494,r,V,S,**,**,*,*,*,**,V,**,*,*,*,00,**,**,*,*,*,**,**,**,*,*,*,**,S********* V*****00******************,****,,V,,****,,****,,****,NCRO,9.80833463,Sonoma,V    **** **** ****,V,,0.010969774190609568,4.112092421792927e-06,VYD_00659,3.9661418956288435,0.1259004771709442,375.5635607897471,545.1073608398438,8.848867416381836
4902500,r,V,S,**,**,*,*,*,**,V,**,*,*,*,00,**,**,*,*,*,**,**,**,*,*,*,**,S********* V*****00******************,****,,V,,****,,****,,****,NCRO,1.42972158,Sonoma,V    **** **** ****,V,,0.003269902131649895,5.992833070665261e-07,VYD_00662,0.5781282908684827,-0.21516525745391846,420.6144349477682,294.0482482910156,10.147067070007324
4902512,r,V,S,**,**,*,*,*,**,V,**,*,*,*,00,**,**,*,*,*,**,**,**,*,*,*,**,S********* V*****00******************,****,,V,,****,,****,,****,NCRO,1.46871121,Sonoma,V    **** **** ****,V,,0.004521275646303689,6.144336954043828e-07,VYD_00664,0.5938945510663635,0.3517722189426422,464.5304022450889,71.23158264160156,12.42434024810791
4902531,r,V,S,**,**,*,*,*,**,V,**,*,*,*,00,**,**,*,*,*,**,**,**,*,*,*,**,S********* V*****00******************,****,,V,,****,,****,,****,NCRO,0.70871461,Sonoma,V    **** **** ****,V,,0.0021432250027933284,2.9637463523415906e-07,VYD_00667,0.28658004818434546,0.018110912293195724,591.7921077959577,60.53845977783203,5.452667236328125
4902552,r,V,S,**,**,*,*,*,**,V,**,*,*,*,00,**,**,*,*,*,**,**,**,*,*,*,**,S********* V*****00******************,****,,V,,****,,****,,****,NCRO,0.63553166,Sonoma,V    **** **** ****,V,,0.0026255077293590454,2.6632158043500127e-07,VYD_00671,0.2569861011810782,0.041970234364271164,413.30075187969925,84.33293151855469,1.2974680662155151
4902570,r,V,S,**,**,*,*,*,**,V,**,*,*,*,00,**,**,*,*,*,**,**,**,*,*,*,**,S********* V*****00******************,****,,V,,****,,****,,****,NCRO,0.82272947,Sonoma,V    **** **** ****,V,,0.0023384895418585086,3.4485853404609745e-07,VYD_00676,0.33268297804811486,0.1290743350982666,441.55306799336654,394.470947265625,7.151785850524902
4902603,r,V,S,**,**,*,*,*,**,V,**,*,*,*,00,**,**,*,*,*,**,**,**,*,*,*,**,S********* V*****00******************,****,,V,,****,,****,,****,NCRO,0.52332273,Sonoma,V    **** **** ****,V,,0.002211601677306886,2.1941402595108646e-07,VYD_00682,0.2116129407229907,0.19363243877887726,328.7780678851175,680.3846435546875,7.397572994232178
4902608,r,V,S,**,**,*,*,*,**,V,**,*,*,*,00,**,**,*,*,*,**,**,**,*,*,*,**,S********* V*****00******************,****,,V,,****,,****,,****,NCRO,0.87043383,Sonoma,V    **** **** ****,V,,0.00419197725420331,3.6481662302342325e-07,VYD_00684,0.35197097437342106,0.06447548419237137,474.40845070422534,66.09485626220703,12.576082229614258
4902615,r,V,S,**,**,*,*,*,**,V,**,*,*,*,00,**,**,*,*,*,**,**,**,*,*,*,**,S********* V*****00******************,****,,V,,****,,****,,****,NCRO,0.53545816,Sonoma,V    **** **** ****,V,,0.002136109807743311,2.243671858684171e-07,VYD_00686,0.2165203633164099,0.022822873666882515,301.6577266922095,128.6125030517578,8.230134963989258
4902632,r,V,S,**,**,*,*,*,**,V,**,*,*,*,00,**,**,*,*,*,**,**,**,*,*,*,**,S********* V*****00******************,****,,V,,****,,****,,****,NCRO,0.86809408,Sonoma,V    **** **** ****,V,,0.003324911691628536,3.637550536806595e-07,VYD_00692,0.35102623138678657,0.015670062974095345,343.73957513768687,172.849365234375,9.41919231414795
4902687,r,V,S,**,**,*,*,*,**,V,**,*,*,*,00,**,**,*,*,*,**,**,**,*,*,*,**,S********* V*****00******************,****,,V,,****,,****,,****,NCRO,1.23163845,Sonoma,V    **** **** ****,V,,0.003227937898668766,5.154863628705301e-07,VYD_00700,0.49803373576321736,0.13387440145015717,487.9512465373962,99.51305389404297,20.91404151916504
4902727,r,V,S,**,**,*,*,*,**,V,**,*,*,*,00,**,**,*,*,*,**,**,**,*,*,*,**,S********* V*****00******************,****,,V,,****,,****,,****,NCRO,0.62685787,Sonoma,V    **** **** ****,V,,0.0021247131609554632,2.6227885237328775e-07,VYD_00709,0.2534798070055498,0.13292239606380463,618.9256830601092,163.79983520507812,6.797600269317627
4902736,r,V,S,**,**,*,*,*,**,V,**,*,*,*,00,**,**,*,*,*,**,**,**,*,*,*,**,S********* V*****00******************,****,,V,,****,,****,,****,NCRO,1.26357855,Sonoma,V    **** **** ****,V,,0.0028139210820481058,5.295579318699789e-07,VYD_00712,0.5109460367802972,0.1640058159828186,501.65032327586215,143.763671875,5.284415245056152
4902741,r,V,S,**,**,*,*,*,**,V,**,*,*,*,00,**,**,*,*,*,**,**,**,*,*,*,**,S********* V*****00******************,****,,V,,****,,****,,****,NCRO,1.48812057,Sonoma,V    **** **** ****,V,,0.0038510018023972755,6.231922409461341e-07,VYD_00714,0.6017452644145065,0.25104421377182007,546.7751831501831,124.43599700927734,14.775105476379395
4902766,r,V,S,**,**,*,*,*,**,V,**,*,*,*,00,**,**,*,*,*,**,**,**,*,*,*,**,S********* V*****00******************,****,,V,,****,,****,,****,NCRO,1.37548171,Sonoma,V    **** **** ****,V,,0.0036285785430509535,5.754635237689925e-07,VYD_00721,0.5561975605337715,0.17237767577171326,484.4970238095238,178.9212188720703,8.138921737670898
4902770,r,V,S,**,**,*,*,*,**,V,**,*,*,*,00,**,**,*,*,*,**,**,**,*,*,*,**,S********* V*****00******************,****,,V,,****,,****,,****,NCRO,0.76941819,Sonoma,V    **** **** ****,V,,0.0023531546649141447,3.224636010478274e-07,VYD_00722,0.31112481793123803,0.09591729193925858,521.3165340406721,185.90342712402344,14.184038162231445
4902784,r,V,S,**,**,*,*,*,**,V,**,*,*,*,00,**,**,*,*,*,**,**,**,*,*,*,**,S********* V*****00******************,****,,V,,****,,****,,****,NCRO,0.67025536,Sonoma,V    **** **** ****,V,,0.0027179878589343896,2.8092904542991024e-07,VYD_00726,0.2710265457911161,0.14349398016929626,512.7748478701825,268.0730895996094,19.436573028564453
4902821,r,V,S,**,**,*,*,*,**,V,**,*,*,*,00,**,**,*,*,*,**,**,**,*,*,*,**,S********* V*****00******************,****,,V,,****,,****,,****,NCRO,0.91069118,Sonoma,V    **** **** ****,V,,0.005802299743544156,3.8124400696109156e-07,VYD_00737,0.3682541068093887,0.15232859551906586,465.18188622754485,350.1088562011719,11.047868728637695
4902834,r,V,S,**,**,*,*,*,**,V,**,*,*,*,00,**,**,*,*,*,**,**,**,*,*,*,**,S********* V*****00******************,****,,V,,****,,****,,****,NCRO,1.4044049,Sonoma,V    **** **** ****,V,,0.0031445912060266835,5.886747697381871e-07,VYD_00740,0.5678896614499449,0.21168799698352814,422.24394966118103,211.6077117919922,14.763975143432617
4902835,r,V,S,**,**,*,*,*,**,V,**,*,*,*,00,**,**,*,*,*,**,**,**,*,*,*,**,S********* V*****00******************,****,,V,,****,,****,,****,NCRO,1.25696445,Sonoma,V    **** **** ****,V,,0.0037719207890215007,5.268330334771857e-07,VYD_00741,0.5082705230669469,0.12391401827335358,461.9859231185706,104.27322387695312,10.313467979431152
4902842,r,V,S,**,**,*,*,*,**,V,**,*,*,*,00,**,**,*,*,*,**,**,**,*,*,*,**,S********* V*****00******************,****,,V,,****,,****,,****,NCRO,0.50220411,Sonoma,V    **** **** ****,V,,0.0019318714947650776,2.105073859811587e-07,VYD_00742,0.20307390230374003,0.09672603756189346,443.8133514986376,205.2241973876953,11.581816673278809
4902850,r,V,S,**,**,*,*,*,**,V,**,*,*,*,00,**,**,*,*,*,**,**,**,*,*,*,**,S********* V*****00******************,****,,V,,****,,****,,****,NCRO,1.11200962,Sonoma,V    **** **** ****,V,,0.0030445981278650752,4.661054179850668e-07,VYD_00745,0.44965818218133097,0.11718808859586716,445.07828746177375,287.9989318847656,14.404271125793457
4902879,r,V,S,**,**,*,*,*,**,V,**,*,*,*,00,**,**,*,*,*,**,**,**,*,*,*,**,S********* V*****00******************,****,,V,,****,,****,,****,NCRO,0.99849929,Sonoma,V    **** **** ****,V,,0.00408600143473078,4.1809124181752296e-07,VYD_00751,0.4037592057686057,0.10099292546510696,545.8893470790379,108.24114990234375,15.477466583251953
4902891,r,V,S,**,**,*,*,*,**,V,**,*,*,*,00,**,**,*,*,*,**,**,**,*,*,*,**,S********* V*****00******************,****,,V,,****,,****,,****,NCRO,1.00088957,Sonoma,V    **** **** ****,V,,0.003326908002491445,4.195409834332163e-07,VYD_00756,0.40472414096227705,0.2213204950094223,648.7392784206944,311.9624938964844,16.342727661132812
4902914,r,V,S,**,**,*,*,*,**,V,**,*,*,*,00,**,**,*,*,*,**,**,**,*,*,*,**,S********* V*****00******************,****,,V,,****,,****,,****,NCRO,1.12870575,Sonoma,V    **** **** ****,V,,0.0041985872364089126,4.7230628598726295e-07,VYD_00762,0.4564083070370326,0.10541573166847229,593.7477258944815,137.385986328125,6.259782791137695
4915455,r,V,S,**,**,*,*,*,**,V,**,*,*,*,00,**,**,*,*,*,**,**,**,*,*,*,**,S********* V*****00******************,****,,V,,****,,****,,****,NCRO,0.98908716,Sonoma,V    **** **** ****,V,,0.0034901878858931857,4.1379233370414955e-07,VYD_00766,0.3999508417839266,0.43415793776512146,483.67896174863387,62.8116340637207,7.793822288513184
4915441,r,V,S,**,**,*,*,*,**,V,**,*,*,*,00,**,**,*,*,*,**,**,**,*,*,*,**,S********* V*****00******************,****,,V,,****,,****,,****,NCRO,1.45074499,Sonoma,V    **** **** ****,V,,0.0044580956983554226,6.074541676390709e-07,VYD_00770,0.5866363160770562,0.1370062530040741,370.87464788732393,121.86136627197266,0.5972986817359924
4915428,r,V,S,**,**,*,*,*,**,V,**,*,*,*,00,**,**,*,*,*,**,**,**,*,*,*,**,S********* V*****00******************,****,,V,,****,,****,,****,NCRO,1.19115771,Sonoma,V    **** **** ****,V,,0.0028616150615932835,4.992665518461123e-07,VYD_00772,0.48166220808198207,0.18312431871891022,420.449457452884,412.17913818359375,7.4495391845703125
4915424,r,V,S,**,**,*,*,*,**,V,**,*,*,*,00,**,**,*,*,*,**,**,**,*,*,*,**,S********* V*****00******************,****,,V,,****,,****,,****,NCRO,3.9751738,Sonoma,V    **** **** ****,V,,0.009464239903257623,1.6657999500048313e-06,VYD_00773,1.6074164573403507,0.20804044604301453,496.0446351931332,116.288818359375,8.615492820739746
4915423,r,V,S,**,**,*,*,*,**,V,**,*,*,*,00,**,**,*,*,*,**,**,**,*,*,*,**,S********* V*****00******************,****,,V,,****,,****,,****,NCRO,0.72960825,Sonoma,V    **** **** ****,V,,0.002781223630241879,3.0529199736397265e-07,VYD_00774,0.29502763463399134,0.1682487577199936,567.9293119698399,127.29733276367188,6.65347146987915
4915417,r,V,S,**,**,*,*,*,**,V,**,*,*,*,00,**,**,*,*,*,**,**,**,*,*,*,**,S********* V*****00******************,****,,V,,****,,****,,****,NCRO,1.23453112,Sonoma,V    **** **** ****,V,,0.0028398101462576344,5.16427177012747e-07,VYD_00776,0.4992023599691068,0.10016447305679321,424.404432132964,98.64447021484375,5.621978759765625
4915401,r,V,S,**,**,*,*,*,**,V,**,*,*,*,00,**,**,*,*,*,**,**,**,*,*,*,**,S********* V*****00******************,****,,V,,****,,****,,****,NCRO,0.78132698,Sonoma,V    **** **** ****,V,,0.0037412848199401658,3.2749813461941915e-07,VYD_00780,0.3159398929853662,0.17316433787345886,508.82812500000006,193.017822265625,5.638950824737549
4915378,r,V,S,**,**,*,*,*,**,V,**,*,*,*,00,**,**,*,*,*,**,**,**,*,*,*,**,S********* V*****00******************,****,,V,,****,,****,,****,NCRO,1.42995845,Sonoma,V    **** **** ****,V,,0.0035965344589749173,5.986678910126409e-07,VYD_00784,0.5782282392337493,0.11085038632154465,459.93013307984785,276.51318359375,21.29769515991211
4915363,r,V,S,**,**,*,*,*,**,V,**,*,*,*,00,**,**,*,*,*,**,**,**,*,*,*,**,S********* V*****00******************,****,,V,,****,,****,,****,NCRO,1.24401309,Sonoma,V    **** **** ****,V,,0.0048375827035018176,5.209683626279801e-07,VYD_00786,0.5030365068140544,0.3340764045715332,726.0889621087315,195.12823486328125,5.723900318145752
4915356,r,V,S,**,**,*,*,*,**,V,**,*,*,*,00,**,**,*,*,*,**,**,**,*,*,*,**,S********* V*****00******************,****,,V,,****,,****,,****,NCRO,0.80235419,Sonoma,V    **** **** ****,V,,0.002495445669528346,3.3631285972194325e-07,VYD_00787,0.3244434133831524,-0.23778963088989258,393.4695431472081,295.6033020019531,8.550944328308105
4915341,r,V,S,**,**,*,*,*,**,V,**,*,*,*,00,**,**,*,*,*,**,**,**,*,*,*,**,S********* V*****00******************,****,,V,,****,,****,,****,NCRO,0.63600433,Sonoma,V    **** **** ****,V,,0.0028495143066818818,2.6656959020929044e-07,VYD_00790,0.2571779675477365,0.015237061306834221,357.9475935828877,355.6283874511719,19.320980072021484
4915330,r,V,S,**,**,*,*,*,**,V,**,*,*,*,00,**,**,*,*,*,**,**,**,*,*,*,**,S********* V*****00******************,****,,V,,****,,****,,****,NCRO,1.23433532,Sonoma,V    **** **** ****,V,,0.003958405452559641,5.16845301968239e-07,VYD_00794,0.49912356729079876,0.04890962690114975,551.8750690989498,76.0184326171875,4.400717735290527
4915321,r,V,S,**,**,*,*,*,**,V,**,*,*,*,00,**,**,*,*,*,**,**,**,*,*,*,**,S********* V*****00******************,****,,V,,****,,****,,****,NCRO,0.82152996,Sonoma,V    **** **** ****,V,,0.004038600223113143,3.438853112439113e-07,VYD_00797,0.33219869489410864,0.005309946835041046,455.0922693266833,66.98128509521484,15.02283000946045
4915319,r,V,S,**,**,*,*,*,**,V,**,*,*,*,00,**,**,*,*,*,**,**,**,*,*,*,**,S********* V*****00******************,****,,V,,****,,****,,****,NCRO,1.11770852,Sonoma,V    **** **** ****,V,,0.0029749889750747913,4.678989468826313e-07,VYD_00799,0.4519643479808078,0.20898102223873138,458.4930681133214,253.71401977539062,15.234358787536621
4915228,r,V,S,**,**,*,*,*,**,V,**,*,*,*,00,**,**,*,*,*,**,**,**,*,*,*,**,S********* V*****00******************,****,,V,,****,,****,,****,NCRO,0.89295037,Sonoma,V    **** **** ****,V,,0.004601591994756818,3.7381305871880456e-07,VYD_00813,0.36107854791730276,0.1145843043923378,405.50306278713634,84.26359558105469,10.38582706451416
4915223,r,V,S,**,**,*,*,*,**,V,**,*,*,*,00,**,**,*,*,*,**,**,**,*,*,*,**,S********* V*****00******************,****,,V,,****,,****,,****,NCRO,1.33839572,Sonoma,V    **** **** ****,V,,0.0032404536760962084,5.600353698201493e-07,VYD_00814,0.5411992652403467,0.18707847595214844,558.8537328593194,81.36731719970703,6.982198715209961
4915213,r,V,S,**,**,*,*,*,**,V,**,*,*,*,00,**,**,*,*,*,**,**,**,*,*,*,**,S********* V*****00******************,****,,V,,****,,****,,****,NCRO,1.25148849,Sonoma,V    **** **** ****,V,,0.0031731790518293767,5.245160085722895e-07,VYD_00818,0.5060574248179978,0.0696907714009285,381.6298312465978,309.9922790527344,9.890134811401367
4915204,r,V,S,**,**,*,*,*,**,V,**,*,*,*,00,**,**,*,*,*,**,**,**,*,*,*,**,S********* V*****00******************,****,,V,,****,,****,,****,NCRO,0.65030326,Sonoma,V    **** **** ****,V,,0.0020588539323747514,2.724935488420568e-07,VYD_00822,0.26295972725915207,0.0361274816095829,363.61231101511885,159.21205139160156,15.292250633239746
4915181,r,V,S,**,**,*,*,*,**,V,**,*,*,*,00,**,**,*,*,*,**,**,**,*,*,*,**,S********* V*****00******************,****,,V,,****,,****,,****,NCRO,0.81457262,Sonoma,V    **** **** ****,V,,0.0031943550376616853,3.410569128481401e-07,VYD_00825,0.3293862435796468,0.13798744976520538,570.9974853310981,195.50372314453125,5.924040794372559
4915175,r,V,S,**,**,*,*,*,**,V,**,*,*,*,00,**,**,*,*,*,**,**,**,*,*,*,**,S********* V*****00******************,****,,V,,****,,****,,****,NCRO,1.34896118,Sonoma,V    **** **** ****,V,,0.0033503333552779412,5.648135826037664e-07,VYD_00826,0.5454743440098753,0.121623195707798,413.5154118241538,61.671871185302734,2.9596035480499268
4915142,r,V,S,**,**,*,*,*,**,V,**,*,*,*,00,**,**,*,*,*,**,**,**,*,*,*,**,S********* V*****00******************,****,,V,,****,,****,,****,NCRO,1.25018908,Sonoma,V    **** **** ****,V,,0.0030646243876006865,5.239223547263508e-07,VYD_00832,0.5055324945972707,0.291314035654068,643.0914066776137,255.07928466796875,12.468649864196777
4915097,r,V,S,**,**,*,*,*,**,V,**,*,*,*,00,**,**,*,*,*,**,**,**,*,*,*,**,S********* V*****00******************,****,,V,,****,,****,,****,NCRO,0.75209073,Sonoma,V    **** **** ****,V,,0.003715014514738402,3.152218771364278e-07,VYD_00839,0.3041183777693911,0.3065834045410156,588.2475158084914,378.55426025390625,8.71142864227295
4915082,r,V,S,**,**,*,*,*,**,V,**,*,*,*,00,**,**,*,*,*,**,**,**,*,*,*,**,S********* V*****00******************,****,,V,,****,,****,,****,NCRO,0.79613453,Sonoma,V    **** **** ****,V,,0.002465915431899928,3.3312174901583327e-07,VYD_00845,0.32192834714849194,0.12628966569900513,432.5599315068493,73.6877212524414,9.694843292236328
4915069,r,V,S,**,**,*,*,*,**,V,**,*,*,*,00,**,**,*,*,*,**,**,**,*,*,*,**,S********* V*****00******************,****,,V,,****,,****,,****,NCRO,0.54952711,Sonoma,V    **** **** ****,V,,0.0021896298936953146,2.303236835201067e-07,VYD_00850,0.22220857326712612,0.1453281193971634,502.2372670807454,99.54869079589844,12.924174308776855
4915062,r,V,S,**,**,*,*,*,**,V,**,*,*,*,00,**,**,*,*,*,**,**,**,*,*,*,**,S********* V*****00******************,****,,V,,****,,****,,****,NCRO,1.38389279,Sonoma,V    **** **** ****,V,,0.00458910785865654,5.801037460434674e-07,VYD_00851,0.5595974150919202,0.19977156817913055,419.9945732609769,433.8542785644531,6.99222469329834
4915059,r,V,S,**,**,*,*,*,**,V,**,*,*,*,00,**,**,*,*,*,**,**,**,*,*,*,**,S********* V*****00******************,****,,V,,****,,****,,****,NCRO,1.11409511,Sonoma,V    **** **** ****,V,,0.003484943255883534,4.665733376732213e-07,VYD_00852,0.4505074152963766,0.10977208614349365,352.14626682986534,370.34637451171875,9.914348602294922
4915049,r,V,S,**,**,*,*,*,**,V,**,*,*,*,00,**,**,*,*,*,**,**,**,*,*,*,**,S********* V*****00******************,****,,V,,****,,****,,****,NCRO,0.82727393,Sonoma,V    **** **** ****,V,,0.0026332250073394514,3.464219612831821e-07,VYD_00854,0.33452144710920295,0.1497025489807129,483.95751633986924,157.38455200195312,15.783814430236816
4915015,r,V,S,**,**,*,*,*,**,V,**,*,*,*,00,**,**,*,*,*,**,**,**,*,*,*,**,S********* V*****00******************,****,,V,,****,,****,,****,NCRO,1.08114905,Sonoma,V    **** **** ****,V,,0.0026772069449711284,4.5229954533400196e-07,VYD_00861,0.43717821005885127,0.10673511028289795,516.8305941845765,60.46919250488281,1.0664423704147339
4914988,r,V,S,**,**,*,*,*,**,V,**,*,*,*,00,**,**,*,*,*,**,**,**,*,*,*,**,S********* V*****00******************,****,,V,,****,,****,,****,NCRO,1.15115541,Sonoma,V    **** **** ****,V,,0.0032439149333064804,4.819413476368807e-07,VYD_00865,0.4654866419071205,0.13631531596183777,639.9757252812315,81.07174682617188,4.680147647857666
4914987,r,V,S,**,**,*,*,*,**,V,**,*,*,*,00,**,**,*,*,*,**,**,**,*,*,*,**,S********* V*****00******************,****,,V,,****,,****,,****,NCRO,1.12608393,Sonoma,V    **** **** ****,V,,0.0029534807029469694,4.71123048971222e-07,VYD_00866,0.4553500546996932,0.2681979238986969,509.66424242424245,136.97689819335938,11.537345886230469
4914945,r,V,S,**,**,*,*,*,**,V,**,*,*,*,00,**,**,*,*,*,**,**,**,*,*,*,**,S********* V*****00******************,****,,V,,****,,****,,****,NCRO,0.80466463,Sonoma,V    **** **** ****,V,,0.003276048525071607,3.372981940382067e-07,VYD_00872,0.3253786362482594,0.07700108736753464,431.7692960135709,387.2347717285156,6.41716194152832
4914943,r,V,S,**,**,*,*,*,**,V,**,*,*,*,00,**,**,*,*,*,**,**,**,*,*,*,**,S********* V*****00******************,****,,V,,****,,****,,****,NCRO,0.56240907,Sonoma,V    **** **** ****,V,,0.0028051632182718163,2.3575159214870437e-07,VYD_00873,0.22741717281713958,0.07570776343345642,423.6242424242424,78.7477798461914,8.159364700317383
4914941,r,V,S,**,**,*,*,*,**,V,**,*,*,*,00,**,**,*,*,*,**,**,**,*,*,*,**,S********* V*****00******************,****,,V,,****,,****,,****,NCRO,1.22146204,Sonoma,V    **** **** ****,V,,0.004807440985351143,5.113822761073736e-07,VYD_00874,0.49391865089221554,0.02617759443819523,461.53790412486063,285.8138122558594,14.831681251525879
4914892,r,V,S,**,**,*,*,*,**,V,**,*,*,*,00,**,**,*,*,*,**,**,**,*,*,*,**,S********* V*****00******************,****,,V,,****,,****,,****,NCRO,1.00276623,Sonoma,V    **** **** ****,V,,0.00283822258978645,4.203742329866687e-07,VYD_00883,0.4054828046131615,0.10809218138456345,412.5952380952382,528.7225341796875,19.027841567993164
4914840,r,V,S,**,**,*,*,*,**,V,**,*,*,*,00,**,**,*,*,*,**,**,**,*,*,*,**,S********* V*****00******************,****,,V,,****,,****,,****,NCRO,1.24554071,Sonoma,V    **** **** ****,V,,0.003363555977530068,5.215779014775786e-07,VYD_00896,0.5036543552714104,0.20911620557308197,483.7003848268279,121.3615493774414,13.524751663208008
4914837,r,V,S,**,**,*,*,*,**,V,**,*,*,*,00,**,**,*,*,*,**,**,**,*,*,*,**,S********* V*****00******************,****,,V,,****,,****,,****,NCRO,1.44492876,Sonoma,V    **** **** ****,V,,0.0047393016822000296,6.055509663187231e-07,VYD_00898,0.584276538600872,0.31610870361328125,432.5301886792452,194.6686248779297,11.689719200134277
4914823,r,V,S,**,**,*,*,*,**,V,**,*,*,*,00,**,**,*,*,*,**,**,**,*,*,*,**,S********* V*****00******************,****,,V,,****,,****,,****,NCRO,0.76886824,Sonoma,V    **** **** ****,V,,0.002567435919957245,3.22074395525997e-07,VYD_00900,0.31090774840867014,0.13144513964653015,540.6799645390071,671.1904907226562,19.822120666503906
4914793,r,V,S,**,**,*,*,*,**,V,**,*,*,*,00,**,**,*,*,*,**,**,**,*,*,*,**,S********* V*****00******************,****,,V,,****,,****,,****,NCRO,0.54865158,Sonoma,V    **** **** ****,V,,0.002012192903543772,2.2992749352777795e-07,VYD_00907,0.2218556849217195,0.11361134052276611,405.15147783251234,137.38308715820312,6.558636665344238
4914772,r,V,S,**,**,*,*,*,**,V,**,*,*,*,00,**,**,*,*,*,**,**,**,*,*,*,**,S********* V*****00******************,****,,V,,****,,****,,****,NCRO,1.39431996,Sonoma,V    **** **** ****,V,,0.0031317037535705926,5.836834722901132e-07,VYD_00912,0.5638162971749197,0.08742073178291321,525.2324561403509,89.0323257446289,11.005732536315918
4914763,r,V,S,**,**,*,*,*,**,V,**,*,*,*,00,**,**,*,*,*,**,**,**,*,*,*,**,S********* V*****00******************,****,,V,,****,,****,,****,NCRO,0.56313085,Sonoma,V    **** **** ****,V,,0.002119562735928712,2.3565237250146643e-07,VYD_00914,0.22771118561833292,0.05631042644381523,499.5237515225334,110.32511901855469,11.372333526611328
4914762,r,V,S,**,**,*,*,*,**,V,**,*,*,*,00,**,**,*,*,*,**,**,**,*,*,*,**,S********* V*****00******************,****,,V,,****,,****,,****,NCRO,0.53732254,Sonoma,V    **** **** ****,V,,0.0021508288692879893,2.252305338640858e-07,VYD_00915,0.21727371662559744,0.1913812905550003,485.4309252217998,452.2208557128906,17.136505126953125
4914753,r,V,S,**,**,*,*,*,**,V,**,*,*,*,00,**,**,*,*,*,**,**,**,*,*,*,**,S********* V*****00******************,****,,V,,****,,****,,****,NCRO,1.24347272,Sonoma,V    **** **** ****,V,,0.003312175426783407,5.212042277615801e-07,VYD_00917,0.5028175044038701,0.06114526093006134,321.21182266009856,347.1358337402344,10.47938060760498
4914727,r,V,S,**,**,*,*,*,**,V,**,*,*,*,00,**,**,*,*,*,**,**,**,*,*,*,**,S********* V*****00******************,****,,V,,****,,****,,****,NCRO,0.93235785,Sonoma,V    **** **** ****,V,,0.002769598174044665,3.900217310584626e-07,VYD_00926,0.3770132384566023,0.12451961636543274,503.3403636363637,92.34925079345703,5.033524990081787
4914712,r,V,S,**,**,*,*,*,**,V,**,*,*,*,00,**,**,*,*,*,**,**,**,*,*,*,**,S********* V*****00******************,****,,V,,****,,****,,****,NCRO,0.50975501,Sonoma,V    **** **** ****,V,,0.0020041056799028597,2.134397723235722e-07,VYD_00928,0.20612761657449086,0.13560007512569427,443.04149933065594,78.10089111328125,4.176401615142822
4914668,r,V,S,**,**,*,*,*,**,V,**,*,*,*,00,**,**,*,*,*,**,**,**,*,*,*,**,S********* V*****00******************,****,,V,,****,,****,,****,NCRO,1.39420045,Sonoma,V    **** **** ****,V,,0.0030872846171131536,5.839960831781611e-07,VYD_00938,0.5637660319076412,0.10735058784484863,431.49975526186984,84.08934020996094,3.6494014263153076
4914644,r,V,S,**,**,*,*,*,**,V,**,*,*,*,00,**,**,*,*,*,**,**,**,*,*,*,**,S********* V*****00******************,****,,V,,****,,****,,****,NCRO,1.11949914,Sonoma,V    **** **** ****,V,,0.003320626885334564,4.6890071260942513e-07,VYD_00945,0.4526868137752375,0.10388479381799698,555.4559270516716,181.2957000732422,11.56639289855957
4914598,r,V,S,**,**,*,*,*,**,V,**,*,*,*,00,**,**,*,*,*,**,**,**,*,*,*,**,S********* V*****00******************,****,,V,,****,,****,,****,NCRO,1.17145284,Sonoma,V    **** **** ****,V,,0.003089974262287884,4.90374816705566e-07,VYD_00952,0.4736952653854045,0.01563161052763462,500.296447291788,56.92975997924805,4.397308349609375
4914570,r,V,S,**,**,*,*,*,**,V,**,*,*,*,00,**,**,*,*,*,**,**,**,*,*,*,**,S********* V*****00******************,****,,V,,****,,****,,****,NCRO,0.59211692,Sonoma,V    **** **** ****,V,,0.0027005539646040573,2.48204236385056e-07,VYD_00958,0.23943175862314392,0.07720659673213959,471.8243243243244,396.4954528808594,20.319637298583984
4914567,r,V,S,**,**,*,*,*,**,V,**,*,*,*,00,**,**,*,*,*,**,**,**,*,*,*,**,S********* V*****00******************,****,,V,,****,,****,,****,NCRO,1.25651986,Sonoma,V    **** **** ****,V,,0.0034710860273239564,5.265054762598517e-07,VYD_00959,0.5080917798872376,0.0380728617310524,380.9356756756756,126.55586242675781,11.682685852050781
4914541,r,V,S,**,**,*,*,*,**,V,**,*,*,*,00,**,**,*,*,*,**,**,**,*,*,*,**,S********* V*****00******************,****,,V,,****,,****,,****,NCRO,1.157146,Sonoma,V    **** **** ****,V,,0.005065458543658115,4.839051919193441e-07,VYD_00962,0.46791019626144686,0.0008035210194066167,644.4162257495592,73.38790893554688,19.37834930419922
4914531,r,V,S,**,**,*,*,*,**,V,**,*,*,*,00,**,**,*,*,*,**,**,**,*,*,*,**,S********* V*****00******************,****,,V,,****,,****,,****,NCRO,0.93384826,Sonoma,V    **** **** ****,V,,0.0028543944879838704,3.907262835480207e-07,VYD_00965,0.37761586191133695,0.13682520389556885,455.2142857142856,127.16031646728516,7.783493995666504
4914517,r,V,S,**,**,*,*,*,**,V,**,*,*,*,00,**,**,*,*,*,**,**,**,*,*,*,**,S********* V*****00******************,****,,V,,****,,****,,****,NCRO,0.61750831,Sonoma,V    **** **** ****,V,,0.00314270296673801,2.5889323594286805e-07,VYD_00968,0.24969770896037402,0.06261635571718216,264.7557755775577,591.766357421875,17.98357391357422
4914497,r,V,S,**,**,*,*,*,**,V,**,*,*,*,00,**,**,*,*,*,**,**,**,*,*,*,**,S********* V*****00******************,****,,V,,****,,****,,****,NCRO,1.01539634,Sonoma,V    **** **** ****,V,,0.004571264565906567,4.247069212132993e-07,VYD_00972,0.41059171075096484,-0.010867760516703129,613.9973457199735,99.42142486572266,2.7129688262939453
4914491,r,V,S,**,**,*,*,*,**,V,**,*,*,*,00,**,**,*,*,*,**,**,**,*,*,*,**,S********* V*****00******************,****,,V,,****,,****,,****,NCRO,0.77394149,Sonoma,V    **** **** ****,V,,0.0027040106166701353,3.2419232978005045e-07,VYD_00974,0.312958918207207,0.13129381835460663,547.7757092198582,640.8322143554688,17.583410263061523
4914479,r,V,S,**,**,*,*,*,**,V,**,*,*,*,00,**,**,*,*,*,**,**,**,*,*,*,**,S********* V*****00******************,****,,V,,****,,****,,****,NCRO,0.86252954,Sonoma,V    **** **** ****,V,,0.002414850651886235,3.6156158612810256e-07,VYD_00976,0.34877493020250955,0.2782467007637024,479.7527559055119,104.6651382446289,14.814596176147461
4914437,r,V,S,**,**,*,*,*,**,V,**,*,*,*,00,**,**,*,*,*,**,**,**,*,*,*,**,S********* V*****00******************,****,,V,,****,,****,,****,NCRO,1.4670599,Sonoma,V    **** **** ****,V,,0.003164057998137458,6.149224819066913e-07,VYD_00986,0.5932274590736462,0.13948510587215424,407.01712170291535,352.48583984375,16.44173812866211
4914430,r,V,S,**,**,*,*,*,**,V,**,*,*,*,00,**,**,*,*,*,**,**,**,*,*,*,**,S********* V*****00******************,****,,V,,****,,****,,****,NCRO,1.47449339,Sonoma,V    **** **** ****,V,,0.0031244579922365375,6.17898666210346e-07,VYD_00990,0.5962318838992853,0.03563835099339485,402.1444393170282,115.54496765136719,18.688892364501953
4914420,r,V,S,**,**,*,*,*,**,V,**,*,*,*,00,X,**,*,n,*,00,**,**,*,*,*,**,S********* V*****00 X***n*00*********,****,,V,,X,,****,,****,NCRO,0.66878667,Sonoma,V    X    **** ****,V,,0.0022477362856343757,2.799070826876609e-07,VYD_00994,0.2704348641456427,-0.33216774463653564,429.9857142857142,72.1700210571289,1.6006734371185303
4914406,r,V,S,**,**,*,*,*,**,V,**,*,*,*,00,**,**,*,*,*,**,**,**,*,*,*,**,S********* V*****00******************,****,,V,,****,,****,,****,NCRO,1.24367789,Sonoma,V    **** **** ****,V,,0.0034954004797833516,5.211495049028961e-07,VYD_00997,0.5028983336404275,0.2636113166809082,533.8642583470169,132.7091827392578,10.488983154296875
4914394,r,V,S,**,**,*,*,*,**,V,**,*,*,*,00,**,**,*,*,*,**,**,**,*,*,*,**,S********* V*****00******************,****,,V,,****,,****,,****,NCRO,0.99232972,Sonoma,V    **** **** ****,V,,0.003323832633966419,4.1595170801289334e-07,VYD_01001,0.4012614532976095,0.25373268127441406,693.8604972375688,128.1588592529297,11.068856239318848
4914388,r,V,S,**,**,*,*,*,**,V,**,*,*,*,00,**,**,*,*,*,**,**,**,*,*,*,**,S********* V*****00******************,****,,V,,****,,****,,****,NCRO,0.96553345,Sonoma,V    **** **** ****,V,,0.0030251617448683213,4.0420237610936876e-07,VYD_01005,0.39043034246536057,0.044063229113817215,492.78586424072785,337.6455078125,14.281234741210938
4914382,r,V,S,**,**,*,*,*,**,V,**,*,*,*,00,**,**,*,*,*,**,**,**,*,*,*,**,S********* V*****00******************,****,,V,,****,,****,,****,NCRO,1.08564894,Sonoma,V    **** **** ****,V,,0.003529508152323451,4.547521730417551e-07,VYD_01007,0.4389991238008906,0.2012988030910492,613.6097867001255,125.84597778320312,19.602664947509766
4914369,r,V,S,**,**,*,*,*,**,V,**,*,*,*,00,**,**,*,*,*,**,**,**,*,*,*,**,S********* V*****00******************,****,,V,,****,,****,,****,NCRO,0.86117115,Sonoma,V    **** **** ****,V,,0.002792708058720781,3.6096483148651807e-07,VYD_01010,0.3482275224345668,0.13791538774967194,383.5122723673793,347.6363220214844,0.9336400032043457
4914362,r,V,S,**,**,*,*,*,**,V,**,*,*,*,00,**,**,*,*,*,**,**,**,*,*,*,**,S********* V*****00******************,****,,V,,****,,****,,****,NCRO,0.55790793,Sonoma,V    **** **** ****,V,,0.0020479938703621163,2.3369853314398825e-07,VYD_01013,0.2255979399596353,0.0580233559012413,387.9389499389499,89.42020416259766,2.9521288871765137
4914355,r,V,S,**,**,*,*,*,**,V,**,*,*,*,00,**,**,*,*,*,**,**,**,*,*,*,**,S********* V*****00******************,****,,V,,****,,****,,****,NCRO,0.74755188,Sonoma,V    **** **** ****,V,,0.002235430300962972,3.1336328376427914e-07,VYD_01015,0.3022834771024552,0.030403856188058853,351.1239744758431,451.433349609375,12.689620971679688
4914351,r,V,S,**,**,*,*,*,**,V,**,*,*,*,00,**,**,*,*,*,**,**,**,*,*,*,**,S********* V*****00******************,****,,V,,****,,****,,****,NCRO,1.10792398,Sonoma,V    **** **** ****,V,,0.004521386599984649,4.6397861335919745e-07,VYD_01016,0.44800709709692255,0.4138403832912445,745.3605651105654,177.9916229248047,5.330226898193359
4914340,r,V,S,**,**,*,*,*,**,V,**,*,*,*,00,**,**,*,*,*,**,**,**,*,*,*,**,S********* V*****00******************,****,,V,,****,,****,,****,NCRO,0.52910697,Sonoma,V    **** **** ****,V,,0.0018636000697016268,2.2178547356535576e-07,VYD_01019,0.21395260579075384,-0.012436938472092152,404.7976804123711,236.2058868408203,15.79267692565918
4914327,r,V,S,**,**,*,*,*,**,V,**,*,*,*,00,**,**,*,*,*,**,**,**,*,*,*,**,S********* V*****00******************,****,,V,,****,,****,,****,NCRO,0.54670298,Sonoma,V    **** **** ****,V,,0.0026008150086667845,2.2886701787023116e-07,VYD_01024,0.2210690332270074,0.07816110551357269,462.73768472906403,339.3253173828125,21.412385940551758
4914293,r,V,S,**,**,*,*,*,**,V,**,*,*,*,00,**,**,*,*,*,**,**,**,*,*,*,**,S********* V*****00******************,****,,V,,****,,****,,****,NCRO,0.67721218,Sonoma,V    **** **** ****,V,,0.002258787576857606,2.835799584588593e-07,VYD_01032,0.2738415893276383,0.13726173341274261,437.86372745490974,158.74172973632812,12.086045265197754
4914237,r,V,S,**,**,*,*,*,**,V,**,*,*,*,00,**,**,*,*,*,**,**,**,*,*,*,**,S********* V*****00******************,****,,V,,****,,****,,****,NCRO,1.40761427,Sonoma,V    **** **** ****,V,,0.005346368570998549,5.899638406355702e-07,VYD_01048,0.5691869152542078,0.07415901869535446,504.21096023278363,68.96714782714844,7.631986618041992
4914216,r,V,S,**,**,*,*,*,**,V,**,*,*,*,00,**,**,*,*,*,**,**,**,*,*,*,**,S********* V*****00******************,****,,V,,****,,****,,****,NCRO,0.66320357,Sonoma,V    **** **** ****,V,,0.00248832028139945,2.7754685141363213e-07,VYD_01052,0.26817711271798056,0.1518593430519104,603.8355601233299,81.54816436767578,12.04513931274414
4914207,r,V,S,**,**,*,*,*,**,V,**,*,*,*,00,**,**,*,*,*,**,**,**,*,*,*,**,S********* V*****00******************,****,,V,,****,,****,,****,NCRO,0.51348928,Sonoma,V    **** **** ****,V,,0.001941687375547783,2.1511959120805737e-07,VYD_01054,0.20763705257248952,0.04390302672982216,608.0752972258917,71.9535903930664,9.786394119262695
4914181,r,V,S,**,**,*,*,*,**,V,**,*,*,*,00,**,**,*,*,*,**,**,**,*,*,*,**,S********* V*****00******************,****,,V,,****,,****,,****,NCRO,1.35089191,Sonoma,V    **** **** ****,V,,0.0032102325491975094,5.655539777499161e-07,VYD_01060,0.5462599325067752,0.19027836620807648,510.7325933400604,141.4894256591797,1.355024814605713
4914168,r,V,S,**,**,*,*,*,**,V,**,*,*,*,00,**,**,*,*,*,**,**,**,*,*,*,**,S********* V*****00******************,****,,V,,****,,****,,****,NCRO,0.85256917,Sonoma,V    **** **** ****,V,,0.002507555495731556,3.5732928188468644e-07,VYD_01063,0.34474772643365476,0.07060667872428894,410.70936749399516,104.0539321899414,10.671615600585938
4914150,r,V,S,**,**,*,*,*,**,V,**,*,*,*,00,**,**,*,*,*,**,**,**,*,*,*,**,S********* V*****00******************,****,,V,,****,,****,,****,NCRO,1.2199105,Sonoma,V    **** **** ****,V,,0.00410551209983525,5.113362990545603e-07,VYD_01067,0.4932864629128129,0.1807979792356491,444.74136008918623,176.95301818847656,11.315910339355469
4914137,r,V,S,**,**,*,*,*,**,V,**,*,*,*,00,**,**,*,*,*,**,**,**,*,*,*,**,S********* V*****00******************,****,,V,,****,,****,,****,NCRO,0.60780001,Sonoma,V    **** **** ****,V,,0.0023740167626394196,2.5468036809845245e-07,VYD_01069,0.2457724457364926,0.2393374890089035,485.7275784753364,120.94222259521484,11.485662460327148
4914121,r,V,S,**,**,*,*,*,**,V,**,*,*,*,00,**,**,*,*,*,**,**,**,*,*,*,**,S********* V*****00******************,****,,V,,****,,****,,****,NCRO,1.49913303,Sonoma,V    **** **** ****,V,,0.0047541081836090975,6.273224576241167e-07,VYD_01071,0.6061957359687744,0.09666761755943298,520.2508023842274,141.8438262939453,11.784738540649414
4914120,r,V,S,**,**,*,*,*,**,V,**,*,*,*,00,**,**,*,*,*,**,**,**,*,*,*,**,S********* V*****00******************,****,,V,,****,,****,,****,NCRO,0.78370344,Sonoma,V    **** **** ****,V,,0.0036236450489994256,3.2807865186486187e-07,VYD_01072,0.3169034767135595,0.04940411448478699,480.29675153643547,138.56846618652344,9.399322509765625
4914114,r,V,S,**,**,*,*,*,**,V,**,*,*,*,00,**,**,*,*,*,**,**,**,*,*,*,**,S********* V*****00******************,****,,V,,****,,****,,****,NCRO,1.1459805,Sonoma,V    **** **** ****,V,,0.003133085013536141,4.803639553941544e-07,VYD_01075,0.4633944341856786,0.010622981935739517,446.6613475177305,243.34738159179688,6.505674362182617
4914097,r,V,S,**,**,*,*,*,**,V,**,*,*,*,00,**,**,*,*,*,**,**,**,*,*,*,**,S********* V*****00******************,****,,V,,****,,****,,****,NCRO,1.12231667,Sonoma,V    **** **** ****,V,,0.003041181274550314,4.7044216966191967e-07,VYD_01078,0.45382587431651883,0.11855392158031464,437.5018203883494,233.53321838378906,13.063188552856445
4914095,r,V,S,**,**,*,*,*,**,V,**,*,*,*,00,**,**,*,*,*,**,**,**,*,*,*,**,S********* V*****00******************,****,,V,,****,,****,,****,NCRO,0.73480778,Sonoma,V    **** **** ****,V,,0.0028906294368076886,3.0746764525177707e-07,VYD_01080,0.2971312649200248,0.1005043163895607,500.2033118675254,70.47930908203125,8.78642749786377
4914070,r,V,S,**,**,*,*,*,**,V,**,*,*,*,00,**,**,*,*,*,**,**,**,*,*,*,**,S********* V*****00******************,****,,V,,****,,****,,****,NCRO,1.36136382,Sonoma,V    **** **** ****,V,,0.0031473590645272726,5.704831196655926e-07,VYD_01084,0.5504859808675193,0.15223735570907593,569.3903903903903,143.47044372558594,11.147194862365723
4914067,r,V,S,**,**,*,*,*,**,V,**,*,*,*,00,**,**,*,*,*,**,**,**,*,*,*,**,S********* V*****00******************,****,,V,,****,,****,,****,NCRO,1.13892359,Sonoma,V    **** **** ****,V,,0.0027714955313379026,4.773831996016321e-07,VYD_01087,0.4605395934535029,0.07141189277172089,514.584229390681,301.01495361328125,6.566969871520996
4914065,r,V,S,**,**,*,*,*,**,V,**,*,*,*,00,**,**,*,*,*,**,**,**,*,*,*,**,S********* V*****00******************,****,,V,,****,,****,,****,NCRO,1.20316009,Sonoma,V    **** **** ****,V,,0.004296510171206724,5.043919127839876e-07,VYD_01088,0.48651527512788345,0.2029900699853897,327.56609195402297,535.4088745117188,17.878982543945312
4914050,r,V,S,**,**,*,*,*,**,V,**,*,*,*,00,**,**,*,*,*,**,**,**,*,*,*,**,S********* V*****00******************,****,,V,,****,,****,,****,NCRO,1.49155905,Sonoma,V    **** **** ****,V,,0.0035995378890793087,6.245912478881834e-07,VYD_01093,0.6031351503794172,0.10147799551486969,528.4139662254679,123.35398864746094,7.076983451843262
4914047,r,V,S,**,**,*,*,*,**,V,**,*,*,*,00,**,**,*,*,*,**,**,**,*,*,*,**,S********* V*****00******************,****,,V,,****,,****,,****,NCRO,1.09267119,Sonoma,V    **** **** ****,V,,0.004098500908995154,4.5793253559720493e-07,VYD_01094,0.4418366237357548,0.17419548332691193,602.3001245330013,174.527587890625,10.14224910736084
4914043,r,V,S,**,**,*,*,*,**,V,**,*,*,*,00,**,**,*,*,*,**,**,**,*,*,*,**,S********* V*****00******************,****,,V,,****,,****,,****,NCRO,0.63263862,Sonoma,V    **** **** ****,V,,0.002499819866019174,2.6476076464767645e-07,VYD_01096,0.2558180705295329,0.37517639994621277,713.4702702702704,126.97869110107422,6.323146820068359
4914015,r,V,S,**,**,*,*,*,**,V,**,*,*,*,00,X,**,*,n,*,00,**,**,*,*,*,**,S********* V*****00 X***n*00*********,****,,V,,X,,****,,****,NCRO,1.2318591,Sonoma,V    X    **** ****,V,,0.0035036403311130234,5.155536553697641e-07,VYD_01103,0.49812153073763776,-0.3305753171443939,475.4765063571034,77.577880859375,9.93552303314209
4913985,r,V,S,**,**,*,*,*,**,V,**,*,*,*,00,**,**,*,*,*,**,**,**,*,*,*,**,S********* V*****00******************,****,,V,,****,,****,,****,NCRO,1.32553019,Sonoma,V    **** **** ****,V,,0.005293948001659347,5.549331541725989e-07,VYD_01107,0.5360008035269442,0.1215493232011795,467.4678663239075,276.5870361328125,17.069412231445312
4913964,r,V,S,**,**,*,*,*,**,V,**,*,*,*,00,**,**,*,*,*,**,**,**,*,*,*,**,S********* V*****00******************,****,,V,,****,,****,,****,NCRO,1.3379487,Sonoma,V    **** **** ****,V,,0.0029512950076511506,5.602976440773125e-07,VYD_01113,0.5410272401030218,0.15968266129493713,515.3652085452696,304.40301513671875,7.615839958190918
4913957,r,V,S,**,**,*,*,*,**,V,**,*,*,*,00,**,**,*,*,*,**,**,**,*,*,*,**,S********* V*****00******************,****,,V,,****,,****,,****,NCRO,1.22418552,Sonoma,V    **** **** ****,V,,0.003286132690740879,5.121437227717491e-07,VYD_01114,0.49501712012615934,0.23006029427051544,480.4972160356348,65.51129913330078,14.847698211669922
4913951,r,V,S,**,**,*,*,*,**,V,**,*,*,*,00,**,**,*,*,*,**,**,**,*,*,*,**,S********* V*****00******************,****,,V,,****,,****,,****,NCRO,1.36380406,Sonoma,V    **** **** ****,V,,0.003573647913950555,5.705317410467964e-07,VYD_01115,0.551476283628318,0.13014480471611023,584.3468265867066,175.60025024414062,10.17764949798584
4913941,r,V,S,**,**,*,*,*,**,V,**,*,*,*,00,**,**,*,*,*,**,**,**,*,*,*,**,S********* V*****00******************,****,,V,,****,,****,,****,NCRO,0.72345146,Sonoma,V    **** **** ****,V,,0.0026186452156416657,3.0265891545991874e-07,VYD_01119,0.2925380105630768,0.09332817792892456,503.1849056603774,65.2148666381836,10.39887809753418
4913939,r,V,S,**,**,*,*,*,**,V,**,*,*,*,00,**,**,*,*,*,**,**,**,*,*,*,**,S********* V*****00******************,****,,V,,****,,****,,****,NCRO,1.39456035,Sonoma,V    **** **** ****,V,,0.004015861749563052,5.844605243139886e-07,VYD_01120,0.5639106739707425,0.11413868516683578,367.68408203125,298.3591613769531,6.682673454284668
4913933,r,V,S,**,**,*,*,*,**,V,**,*,*,*,00,**,**,*,*,*,**,**,**,*,*,*,**,S********* V*****00******************,****,,V,,****,,****,,****,NCRO,0.52951981,Sonoma,V    **** **** ****,V,,0.0032410777009521385,2.2173731488217226e-07,VYD_01123,0.2141200057853279,0.187242791056633,542.7451737451737,159.4881134033203,15.647378921508789
4913909,r,V,S,**,**,*,*,*,**,V,**,*,*,*,00,**,**,*,*,*,**,**,**,*,*,*,**,S********* V*****00******************,****,,V,,****,,****,,****,NCRO,0.59758773,Sonoma,V    **** **** ****,V,,0.0020367632409900357,2.504413628109607e-07,VYD_01126,0.24164275716642927,0.270004004240036,488.59886363636366,170.93792724609375,12.77553653717041
4913888,r,V,S,**,**,*,*,*,**,V,**,*,*,*,00,**,**,*,*,*,**,**,**,*,*,*,**,S********* V*****00******************,****,,V,,****,,****,,****,NCRO,1.2747934,Sonoma,V    **** **** ****,V,,0.004731216117350257,5.333050162941966e-07,VYD_01134,0.515481109699598,0.2599833011627197,480.5694219340897,49.338523864746094,6.72660493850708
4913887,r,V,S,**,**,*,*,*,**,V,**,*,*,*,00,**,**,*,*,*,**,**,**,*,*,*,**,S********* V*****00******************,****,,V,,****,,****,,****,NCRO,0.57836697,Sonoma,V    **** **** ****,V,,0.0021824142933196647,2.423493802957607e-07,VYD_01135,0.23387058680718847,0.22446490824222565,453.19411764705893,130.99395751953125,14.328800201416016
4913859,r,V,S,**,**,*,*,*,**,V,**,*,*,*,00,**,**,*,*,*,**,**,**,*,*,*,**,S********* V*****00******************,****,,V,,****,,****,,****,NCRO,1.48206562,Sonoma,V    **** **** ****,V,,0.0037352168176161683,6.20431996517723e-07,VYD_01144,0.5992991983264732,0.07356458902359009,471.5229779411765,335.4836730957031,18.18037986755371
4913838,r,V,S,**,**,*,*,*,**,V,**,*,*,*,00,**,**,*,*,*,**,**,**,*,*,*,**,S********* V*****00******************,****,,V,,****,,****,,****,NCRO,0.99430171,Sonoma,V    **** **** ****,V,,0.0030256183511010453,4.166581604236446e-07,VYD_01148,0.40205960899037435,0.19724734127521515,497.22960932145304,134.0224609375,10.816841125488281
4913837,r,V,S,**,**,*,*,*,**,V,**,*,*,*,00,**,**,*,*,*,**,**,**,*,*,*,**,S********* V*****00******************,****,,V,,****,,****,,****,NCRO,1.051267,Sonoma,V    **** **** ****,V,,0.0027531085225696223,4.406315775775908e-07,VYD_01149,0.4250960733969827,0.08463671058416367,404.75129533678756,318.6667785644531,3.7886946201324463
4913833,r,V,S,**,**,*,*,*,**,V,**,*,*,*,00,**,**,*,*,*,**,**,**,*,*,*,**,S********* V*****00******************,****,,V,,****,,****,,****,NCRO,0.58368546,Sonoma,V    **** **** ****,V,,0.002066927690188982,2.4460985820250285e-07,VYD_01151,0.23602160053444332,-0.10275286436080933,476.0104408352668,154.5807342529297,16.41835594177246
4913829,r,V,S,**,**,*,*,*,**,V,**,*,*,*,00,**,**,*,*,*,**,**,**,*,*,*,**,S********* V*****00******************,****,,V,,****,,****,,****,NCRO,1.08786988,Sonoma,V    **** **** ****,V,,0.003185427895390436,4.5553251177864425e-07,VYD_01153,0.4399007441871708,0.3340858221054077,384.68447517284716,139.0011444091797,11.29923152923584
4913771,r,V,S,**,**,*,*,*,**,V,**,*,*,*,00,**,**,*,*,*,**,**,**,*,*,*,**,S********* V*****00******************,****,,V,,****,,****,,****,NCRO,0.58701651,Sonoma,V    **** **** ****,V,,0.0025277908298831494,2.456308741997664e-07,VYD_01161,0.23736853816505682,0.14785447716712952,558.7251184834123,99.11127471923828,18.129093170166016
4913765,r,V,S,**,**,*,*,*,**,V,**,*,*,*,00,**,**,*,*,*,**,**,**,*,*,*,**,S********* V*****00******************,****,,V,,****,,****,,****,NCRO,0.75184298,Sonoma,V    **** **** ****,V,,0.0021825622332318504,3.1509222651487377e-07,VYD_01165,0.30401789628905174,0.23450925946235657,520.3457013574662,164.27847290039062,15.986898422241211
4913745,r,V,S,**,**,*,*,*,**,V,**,*,*,*,00,**,**,*,*,*,**,**,**,*,*,*,**,S********* V*****00******************,****,,V,,****,,****,,****,NCRO,1.06052469,Sonoma,V    **** **** ****,V,,0.003248754607660067,4.4427294486189925e-07,VYD_01168,0.42883894580135556,0.07108611613512039,497.6325611325611,121.22183227539062,12.921066284179688
4913702,r,V,S,**,**,*,*,*,**,V,**,*,*,*,00,**,**,*,*,*,**,**,**,*,*,*,**,S********* V*****00******************,****,,V,,****,,****,,****,NCRO,0.90892466,Sonoma,V    **** **** ****,V,,0.002822080692664344,3.80973780911184e-07,VYD_01180,0.36753565307661046,0.21096645295619965,521.391891891892,96.2991714477539,11.207710266113281
4913651,r,V,S,**,**,*,*,*,**,V,**,*,*,*,00,**,**,*,*,*,**,**,**,*,*,*,**,S********* V*****00******************,****,,V,,****,,****,,****,NCRO,26.01763141,Sonoma,V    **** **** ****,V,,0.01457419945101475,1.0892266679627964e-05,VYD_01190,10.520732794957041,0.14671970903873444,409.78671795274374,137.5994873046875,0.9993662238121033
4913648,r,V,S,**,**,*,*,*,**,V,**,*,*,*,00,**,**,*,*,*,**,**,**,*,*,*,**,S********* V*****00******************,****,,V,,****,,****,,****,NCRO,3.64990239,Sonoma,V    **** **** ****,V,,0.0062754877733362914,1.5301658263767862e-06,VYD_01192,1.4758902361110453,0.15764403343200684,311.60525335320426,577.1294555664062,12.677562713623047
4913640,r,V,S,**,**,*,*,*,**,V,**,*,*,*,00,**,**,*,*,*,**,**,**,*,*,*,**,S********* V*****00******************,****,,V,,****,,****,,****,NCRO,12.77878843,Sonoma,V    **** **** ****,V,,0.011608724959638906,5.355882829508019e-06,VYD_01195,5.167273442141139,0.12186471372842789,556.7321343053266,249.04808044433594,12.209423065185547
4913636,r,V,S,**,**,*,*,*,**,V,**,*,*,*,00,**,**,*,*,*,**,**,**,*,*,*,**,S********* V*****00******************,****,,V,,****,,****,,****,NCRO,3.19285912,Sonoma,V    **** **** ****,V,,0.00509357591888746,1.336695811097866e-06,VYD_01198,1.2910826112978941,0.018337301909923553,476.7870568133276,77.00044250488281,5.0974955558776855
4913630,r,V,S,**,**,*,*,*,**,V,**,*,*,*,00,**,**,*,*,*,**,**,**,*,*,*,**,S********* V*****00******************,****,,V,,****,,****,,****,NCRO,7.30462515,Sonoma,V    **** **** ****,V,,0.007422516038815517,3.0565022583748348e-06,VYD_01200,2.953735298608587,0.24158519506454468,480.700972144326,188.25750732421875,8.608580589294434
4913624,r,V,S,**,**,*,*,*,**,V,**,*,*,*,00,**,**,*,*,*,**,**,**,*,*,*,**,S********* V*****00******************,****,,V,,****,,****,,****,NCRO,22.49489145,Sonoma,V    **** **** ****,V,,0.02000732998380702,9.417314599744572e-06,VYD_01205,9.096240278624308,0.1295078694820404,432.07126645483436,133.61367797851562,1.1977019309997559
4913602,r,V,S,**,**,*,*,*,**,V,**,*,*,*,00,**,**,*,*,*,**,**,**,*,*,*,**,S********* V*****00******************,****,,V,,****,,****,,****,NCRO,13.50248587,Sonoma,V    **** **** ****,V,,0.010108908896441848,5.653984332170887e-06,VYD_01212,5.459978964359047,0.19771850109100342,523.7163885668194,111.9757308959961,0.8863633275032043
4913595,r,V,S,**,**,*,*,*,**,V,**,*,*,*,00,**,**,*,*,*,**,**,**,*,*,*,**,S********* V*****00******************,****,,V,,****,,****,,****,NCRO,6.47132022,Sonoma,V    **** **** ****,V,,0.007042728090487,2.7131818611845895e-06,VYD_01214,2.6167620438042256,0.09675488620996475,513.0249973742256,231.77378845214844,13.610847473144531
4913576,r,V,S,**,**,*,*,*,**,V,**,*,*,*,00,**,**,*,*,*,**,**,**,*,*,*,**,S********* V*****00******************,****,,V,,****,,****,,****,NCRO,1.75605587,Sonoma,V    **** **** ****,V,,0.003802588952325641,7.346640143191802e-07,VYD_01216,0.7100882253862835,-0.0008776839822530746,569.246219464909,89.27914428710938,9.427245140075684
4913574,r,V,S,**,**,*,*,*,**,V,**,*,*,*,00,**,**,*,*,*,**,**,**,*,*,*,**,S********* V*****00******************,****,,V,,****,,****,,****,NCRO,4.69462593,Sonoma,V    **** **** ****,V,,0.007623850770423443,1.9683553959545788e-06,VYD_01218,1.8983383405893735,0.22975760698318481,454.8131963536391,655.3726806640625,11.454316139221191
4913554,r,V,S,**,**,*,*,*,**,V,**,*,*,*,00,**,**,*,*,*,**,**,**,*,*,*,**,S********* V*****00******************,****,,V,,****,,****,,****,NCRO,5.54855403,Sonoma,V    **** **** ****,V,,0.011405876825937581,2.323030140314301e-06,VYD_01225,2.2436626059664655,0.2528896927833557,511.87982832618013,125.96554565429688,1.7518367767333984
4913551,r,V,S,**,**,*,*,*,**,V,**,*,*,*,00,**,**,*,*,*,**,**,**,*,*,*,**,S********* V*****00******************,****,,V,,****,,****,,****,NCRO,2.36172365,Sonoma,V    **** **** ****,V,,0.004409912492663293,9.898473866579421e-07,VYD_01226,0.9549982661828355,0.11460747569799423,434.1133544851457,338.83038330078125,7.814382553100586
4913548,r,V,S,**,**,*,*,*,**,V,**,*,*,*,00,**,**,*,*,*,**,**,**,*,*,*,**,S********* V*****00******************,****,,V,,****,,****,,****,NCRO,11.56558761,Sonoma,V    **** **** ****,V,,0.008931152746810526,4.8426481162562474e-06,VYD_01227,4.676726517469666,0.15116330981254578,589.5053250956164,84.52949523925781,3.7907769680023193
4913520,r,V,S,**,**,*,*,*,**,V,**,*,*,*,00,**,**,*,*,*,**,**,**,*,*,*,**,S********* V*****00******************,****,,V,,****,,****,,****,NCRO,5.19403859,Sonoma,V    **** **** ****,V,,0.0083634261371416,2.1752457867356733e-06,VYD_01235,2.100301903590537,0.15488775074481964,534.9109338216064,101.97252655029297,2.066866397857666
4913496,r,V,S,**,**,*,*,*,**,V,**,*,*,*,00,**,**,*,*,*,**,**,**,*,*,*,**,S********* V*****00******************,****,,V,,****,,****,,****,NCRO,5.62277877,Sonoma,V    **** **** ****,V,,0.008722389239391878,2.356470677407556e-06,VYD_01240,2.273648277606092,0.24304653704166412,474.373166888862,201.3319854736328,12.233159065246582
4913472,r,V,S,**,**,*,*,*,**,V,**,*,*,*,00,**,**,*,*,*,**,**,**,*,*,*,**,S********* V*****00******************,****,,V,,****,,****,,****,NCRO,5.28464256,Sonoma,V    **** **** ****,V,,0.007251094705011223,2.211930152786161e-06,VYD_01245,2.13693048856853,0.006651238538324833,452.3232753062542,52.01303482055664,1.388033151626587
4913468,r,V,S,**,**,*,*,*,**,V,**,*,*,*,00,**,**,*,*,*,**,**,**,*,*,*,**,S********* V*****00******************,****,,V,,****,,****,,****,NCRO,3.62815168,Sonoma,V    **** **** ****,V,,0.00691191798497823,1.5191769900153048e-06,VYD_01246,1.4671001235836776,0.13937737047672272,538.4655269584821,77.71516418457031,2.0088741779327393
4913467,r,V,S,**,**,*,*,*,**,V,**,*,*,*,00,**,**,*,*,*,**,**,**,*,*,*,**,S********* V*****00******************,****,,V,,****,,****,,****,NCRO,10.12578712,Sonoma,V    **** **** ****,V,,0.008487336362504268,4.23996120808463e-06,VYD_01247,4.094546244159917,-0.05825800076127052,334.6650756302522,108.4417724609375,0.4686507284641266
4913451,r,V,S,**,**,*,*,*,**,V,**,*,*,*,00,**,**,*,*,*,**,**,**,*,*,*,**,S********* V*****00******************,****,,V,,****,,****,,****,NCRO,2.09450217,Sonoma,V    **** **** ****,V,,0.00393374833186515,8.780697354979239e-07,VYD_01250,0.8469418578092686,0.2300337553024292,419.19402014949634,499.2950134277344,12.367732048034668
4913444,r,V,S,**,**,*,*,*,**,V,**,*,*,*,00,**,**,*,*,*,**,**,**,*,*,*,**,S********* V*****00******************,****,,V,,****,,****,,****,NCRO,8.96952161,Sonoma,V    **** **** ****,V,,0.00878379863905832,3.7549737345544625e-06,VYD_01251,3.626996876052551,0.07533861696720123,440.1808728652751,134.7119903564453,2.278146505355835
4913443,r,V,S,**,**,*,*,*,**,V,**,*,*,*,00,**,**,*,*,*,**,**,**,*,*,*,**,S********* V*****00******************,****,,V,,****,,****,,****,NCRO,1.98528481,Sonoma,V    **** **** ****,V,,0.0036879895533399086,8.3194881595326e-07,VYD_01252,0.8027775851398594,-0.005603143014013767,369.1206305688827,87.36971282958984,3.145426034927368
4913439,r,V,S,**,**,*,*,*,**,V,**,*,*,*,00,**,**,*,*,*,**,**,**,*,*,*,**,S********* V*****00******************,****,,V,,****,,****,,****,NCRO,2.04467417,Sonoma,V    **** **** ****,V,,0.004009200427514152,8.561189914441669e-07,VYD_01253,0.8267964248816877,0.08351120352745056,376.8042680893632,83.89881134033203,2.0839219093322754
4913422,r,V,S,**,**,*,*,*,**,V,**,*,*,*,00,**,**,*,*,*,**,**,**,*,*,*,**,S********* V*****00******************,****,,V,,****,,****,,****,NCRO,12.58322701,Sonoma,V    **** **** ****,V,,0.016722847073900513,5.273681754219532e-06,VYD_01256,5.0882236541713555,0.11193268746137619,359.4873291187118,203.54315185546875,10.72197437286377
4913406,r,V,S,**,**,*,*,*,**,V,**,*,*,*,00,**,**,*,*,*,**,**,**,*,*,*,**,S********* V*****00******************,****,,V,,****,,****,,****,NCRO,27.26554046,Sonoma,V    **** **** ****,V,,0.016311541395607233,1.1416413116533517e-05,VYD_01259,11.02531984930128,0.1908291131258011,515.9465827966652,106.22260284423828,0.5492706894874573
4913380,r,V,S,**,**,*,*,*,**,V,**,*,*,*,00,**,**,*,*,*,**,**,**,*,*,*,**,S********* V*****00******************,****,,V,,****,,****,,****,NCRO,4.33062007,Sonoma,V    **** **** ****,V,,0.008897324757742277,1.8149014401974816e-06,VYD_01266,1.7511502192047985,0.2226666510105133,476.48292145443094,254.37879943847656,12.274176597595215
4913376,r,V,S,**,**,*,*,*,**,V,**,*,*,*,00,**,**,*,*,*,**,**,**,*,*,*,**,S********* V*****00******************,****,,V,,****,,****,,****,NCRO,3.7893333,Sonoma,V    **** **** ****,V,,0.005057306673334466,1.5869773605333875e-06,VYD_01267,1.5322757900567054,0.08939912170171738,427.58102766798413,86.62617492675781,11.540459632873535
4913374,r,V,S,**,**,*,*,*,**,V,**,*,*,*,00,**,**,*,*,*,**,**,**,*,*,*,**,S********* V*****00******************,****,,V,,****,,****,,****,NCRO,13.16335114,Sonoma,V    **** **** ****,V,,0.01274153466224303,5.515935356630187e-06,VYD_01268,5.322778898021076,0.11290871351957321,521.6861144126918,87.18170166015625,4.331167697906494
4913372,r,V,S,**,**,*,*,*,**,V,**,*,*,*,00,**,**,*,*,*,**,**,**,*,*,*,**,S********* V*****00******************,****,,V,,****,,****,,****,NCRO,2.16366613,Sonoma,V    **** **** ****,V,,0.0057296060058449295,9.052402861186076e-07,VYD_01269,0.8749117721060081,0.17620764672756195,547.5183312262958,178.94281005859375,7.266145706176758
4913365,r,V,S,**,**,*,*,*,**,V,**,*,*,*,00,**,**,*,*,*,**,**,**,*,*,*,**,S********* V*****00******************,****,,V,,****,,****,,****,NCRO,4.42636886,Sonoma,V    **** **** ****,V,,0.006506568829031624,1.8520132353436271e-06,VYD_01271,1.789870229538819,0.08476464450359344,554.3768272041852,126.42062377929688,11.588265419006348
4913364,r,V,S,**,**,*,*,*,**,V,**,*,*,*,00,**,**,*,*,*,**,**,**,*,*,*,**,S********* V*****00******************,****,,V,,****,,****,,****,NCRO,1.68758219,Sonoma,V    **** **** ****,V,,0.004390768117379476,7.064931756897169e-07,VYD_01272,0.6824024205661611,-0.007399961352348328,449.87635924285127,233.023681640625,12.103529930114746
4913363,r,V,S,**,**,*,*,*,**,V,**,*,*,*,00,**,**,*,*,*,**,**,**,*,*,*,**,S********* V*****00******************,****,,V,,****,,****,,****,NCRO,6.25622446,Sonoma,V    **** **** ****,V,,0.009079673200167537,2.6163013603767134e-06,VYD_01273,2.5298029923520913,-0.03351160138845444,499.4370507514704,62.47951126098633,9.449441909790039
4913362,r,V,S,**,**,*,*,*,**,V,**,*,*,*,00,**,**,*,*,*,**,**,**,*,*,*,**,S********* V*****00******************,****,,V,,****,,****,,****,NCRO,12.59958902,Sonoma,V    **** **** ****,V,,0.009599488023941758,5.270313803966821e-06,VYD_01274,5.0948427317957306,0.08306635171175003,517.696209376521,92.29325103759766,0.9228287935256958
4913346,r,V,S,**,**,*,*,*,**,V,**,*,*,*,00,**,**,*,*,*,**,**,**,*,*,*,**,S********* V*****00******************,****,,V,,****,,****,,****,NCRO,2.27676486,Sonoma,V    **** **** ****,V,,0.0038079408573698497,9.5349743087978e-07,VYD_01278,0.9206457143416105,0.18535232543945312,462.626383487885,98.63587188720703,10.655160903930664
4913329,r,V,S,**,**,*,*,*,**,V,**,*,*,*,00,**,**,*,*,*,**,**,**,*,*,*,**,S********* V*****00******************,****,,V,,****,,****,,****,NCRO,2.84519788,Sonoma,V    **** **** ****,V,,0.004728712843503572,1.1926327623248694e-06,VYD_01282,1.150497069627004,0.15165622532367706,404.2928229665072,455.4622802734375,11.10387897491455
4913328,r,V,S,**,**,*,*,*,**,V,**,*,*,*,00,**,**,*,*,*,**,**,**,*,*,*,**,S********* V*****00******************,****,,V,,****,,****,,****,NCRO,6.2483979,Sonoma,V    **** **** ****,V,,0.006932170880414452,2.6183707355494377e-06,VYD_01283,2.5266287554010787,0.15720795094966888,490.8283443996952,96.20077514648438,10.752714157104492
4913302,r,V,S,**,**,*,*,*,**,V,**,*,*,*,00,**,**,*,*,*,**,**,**,*,*,*,**,S********* V*****00******************,****,,V,,****,,****,,****,NCRO,15.07716148,Sonoma,V    **** **** ****,V,,0.010828734577744664,6.312933346317259e-06,VYD_01286,6.096733893911343,0.2199869602918625,430.78321899259777,118.94068908691406,0.930733323097229
4913286,r,V,S,**,**,*,*,*,**,V,**,*,*,*,00,**,**,*,*,*,**,**,**,*,*,*,**,S********* V*****00******************,****,,V,,****,,****,,****,NCRO,7.36437895,Sonoma,V    **** **** ****,V,,0.008591407832539127,3.080585652390516e-06,VYD_01292,2.9779015976482466,0.21297729015350342,612.6241443108232,92.8315658569336,0.9361684322357178
4913270,r,V,S,**,**,*,*,*,**,V,**,*,*,*,00,**,**,*,*,*,**,**,**,*,*,*,**,S********* V*****00******************,****,,V,,****,,****,,****,NCRO,7.61829905,Sonoma,V    **** **** ****,V,,0.007118254867937149,3.1880448088363816e-06,VYD_01294,3.0805671343261585,0.012041864916682243,453.3676195565055,77.29232025146484,10.760683059692383
4913268,r,V,S,**,**,*,*,*,**,V,**,*,*,*,00,**,**,*,*,*,**,**,**,*,*,*,**,S********* V*****00******************,****,,V,,****,,****,,****,NCRO,5.27272255,Sonoma,V    **** **** ****,V,,0.006252750186039227,2.2058130448247797e-06,VYD_01295,2.1321093760612055,0.26978832483291626,614.8067053513862,182.31900024414062,0.8207920789718628
4913262,r,V,S,**,**,*,*,*,**,V,**,*,*,*,00,**,**,*,*,*,**,**,**,*,*,*,**,S********* V*****00******************,****,,V,,****,,****,,****,NCRO,7.11492181,Sonoma,V    **** **** ****,V,,0.008728515806337668,2.9823488575840384e-06,VYD_01296,2.8770217341340527,0.02596393972635269,386.9826120187255,467.9872741699219,4.844932556152344
4913253,r,V,S,**,**,*,*,*,**,V,**,*,*,*,00,**,**,*,*,*,**,**,**,*,*,*,**,S********* V*****00******************,****,,V,,****,,****,,****,NCRO,3.75606309,Sonoma,V    **** **** ****,V,,0.007060158265225752,1.5720895391868275e-06,VYD_01301,1.5188251679153597,-0.0047970544546842575,512.9761471230884,50.289955139160156,1.372464895248413
4913224,r,V,S,**,**,*,*,*,**,V,**,*,*,*,00,**,**,*,*,*,**,**,**,*,*,*,**,S********* V*****00******************,****,,V,,****,,****,,****,NCRO,2.03747188,Sonoma,V    **** **** ****,V,,0.0037693231752119454,8.53910595957824e-07,VYD_01311,0.8238819213674998,0.11276421695947647,375.06813627254513,310.5736999511719,12.428003311157227
4913219,r,V,S,**,**,*,*,*,**,V,**,*,*,*,00,X,**,*,n,*,00,**,**,*,*,*,**,S********* V*****00 X***n*00*********,****,,V,,X,,****,,****,NCRO,14.49970172,Sonoma,V    X    **** ****,V,,0.010576613773725443,6.071339115569904e-06,VYD_01313,5.863224582943214,-0.03934066742658615,209.234692441233,113.43488311767578,0.6235803365707397
4913213,r,V,S,**,**,*,*,*,**,V,**,*,*,*,00,**,**,*,*,*,**,**,**,*,*,*,**,S********* V*****00******************,****,,V,,****,,****,,****,NCRO,5.86357111,Sonoma,V    **** **** ****,V,,0.006407938557779696,2.4556493247518866e-06,VYD_01316,2.371037539130583,0.15746308863162994,468.91094856612114,102.3855209350586,1.5451046228408813
4913200,r,V,S,**,**,*,*,*,**,V,**,*,*,*,00,**,**,*,*,*,**,**,**,*,*,*,**,S********* V*****00******************,****,,V,,****,,****,,****,NCRO,5.70387294,Sonoma,V    **** **** ****,V,,0.009715413771967555,2.390568952799492e-06,VYD_01321,2.306448779749886,0.0509740449488163,327.51323003575703,252.3754425048828,13.066184997558594
4913163,r,V,S,**,**,*,*,*,**,V,**,*,*,*,00,**,**,*,*,*,**,**,**,*,*,*,**,S********* V*****00******************,****,,V,,****,,****,,****,NCRO,4.60876633,Sonoma,V    **** **** ****,V,,0.007164988199474251,1.929791097013007e-06,VYD_01325,1.8636296466430637,0.027835041284561157,511.2651884700666,75.33968353271484,16.559635162353516
4913159,r,V,S,**,**,*,*,*,**,V,**,*,*,*,00,**,**,*,*,*,**,**,**,*,*,*,**,S********* V*****00******************,****,,V,,****,,****,,****,NCRO,1.57413551,Sonoma,V    **** **** ****,V,,0.0036773669227160217,6.598458903113604e-07,VYD_01327,0.6365257699029042,0.029378606006503105,361.2295296167248,332.62786865234375,7.186494827270508
4913148,r,V,S,**,**,*,*,*,**,V,**,*,*,*,00,**,**,*,*,*,**,**,**,*,*,*,**,S********* V*****00******************,****,,V,,****,,****,,****,NCRO,12.62430088,Sonoma,V    **** **** ****,V,,0.010649304984059962,5.285605751404777e-06,VYD_01328,5.104834980660142,0.22199033200740814,489.2162921348314,88.67291259765625,5.01538610458374
4913126,r,V,S,**,**,*,*,*,**,V,**,*,*,*,00,**,**,*,*,*,**,**,**,*,*,*,**,S********* V*****00******************,****,,V,,****,,****,,****,NCRO,6.19143629,Sonoma,V    **** **** ****,V,,0.007879140857427816,2.5897890428030724e-06,VYD_01332,2.503605545428751,0.09130065143108368,514.0364376926465,102.38188934326172,6.305173873901367
4913098,r,V,S,**,**,*,*,*,**,V,**,*,*,*,00,**,**,*,*,*,**,**,**,*,*,*,**,S********* V*****00******************,****,,V,,****,,****,,****,NCRO,21.16673982,Sonoma,V    **** **** ****,V,,0.011854888100874084,8.86258558291153e-06,VYD_01337,8.55918158794303,0.1649925410747528,486.5517950695853,138.3226776123047,1.7438489198684692
4913061,r,V,S,**,**,*,*,*,**,V,**,*,*,*,00,**,**,*,*,*,**,**,**,*,*,*,**,S********* V*****00******************,****,,V,,****,,****,,****,NCRO,12.65351463,Sonoma,V    **** **** ****,V,,0.013216892912834004,5.299405937564848e-06,VYD_01344,5.116642127670417,0.08061877638101578,368.4382905430861,67.28084564208984,4.111108779907227
4913043,r,V,S,**,**,*,*,*,**,V,**,*,*,*,00,**,**,*,*,*,**,**,**,*,*,*,**,S********* V*****00******************,****,,V,,****,,****,,****,NCRO,3.14751696,Sonoma,V    **** **** ****,V,,0.005185459821619968,1.318831056256146e-06,VYD_01348,1.2727409101447575,0.15048913657665253,560.0231251350767,78.35272216796875,8.406798362731934
4913041,r,V,S,**,**,*,*,*,**,V,**,*,*,*,00,**,**,*,*,*,**,**,**,*,*,*,**,S********* V*****00******************,****,,V,,****,,****,,****,NCRO,3.49789062,Sonoma,V    **** **** ****,V,,0.0072221360657991574,1.4645247765332278e-06,VYD_01349,1.4144315632985605,0.18440186977386475,540.0979742890535,204.17210388183594,9.563986778259277
4913011,r,V,S,**,**,*,*,*,**,V,**,*,*,*,00,X,**,*,n,*,00,**,**,*,*,*,**,S********* V*****00 X***n*00*********,****,,V,,X,,****,,****,NCRO,2.43831448,Sonoma,V    X    **** ****,V,,0.004270999707084529,1.0208514912222154e-06,VYD_01354,0.9859691141411157,-0.13354308903217316,371.5175977653631,83.02273559570312,13.47186279296875
4913006,r,V,S,**,**,*,*,*,**,V,**,*,*,*,00,**,**,*,*,*,**,**,**,*,*,*,**,S********* V*****00******************,****,,V,,****,,****,,****,NCRO,3.27990725,Sonoma,V    **** **** ****,V,,0.004836618580132224,1.3733620512405859e-06,VYD_01355,1.3262829733293777,0.09894596040248871,589.662308011623,65.4543685913086,1.8485088348388672
4912995,r,V,S,**,**,*,*,*,**,V,**,*,*,*,00,**,**,*,*,*,**,**,**,*,*,*,**,S********* V*****00******************,****,,V,,****,,****,,****,NCRO,3.52643309,Sonoma,V    **** **** ****,V,,0.005530273485012591,1.477977060250857e-06,VYD_01356,1.42595980029432,0.030126173049211502,485.2507716049382,102.53031921386719,13.738018989562988
4912991,r,V,S,**,**,*,*,*,**,V,**,*,*,*,00,**,**,*,*,*,**,**,**,*,*,*,**,S********* V*****00******************,****,,V,,****,,****,,****,NCRO,1.98706429,Sonoma,V    **** **** ****,V,,0.0048279754513956665,8.311127984368573e-07,VYD_01357,0.8035016648824583,0.06199450418353081,600.5437026841021,139.7881317138672,9.347591400146484
4912990,r,V,S,**,**,*,*,*,**,V,**,*,*,*,00,**,**,*,*,*,**,**,**,*,*,*,**,S********* V*****00******************,****,,V,,****,,****,,****,NCRO,14.37640922,Sonoma,V    **** **** ****,V,,0.01008848603879097,6.014466744683834e-06,VYD_01358,5.813311059423261,0.28377479314804077,446.9103827207275,79.2814712524414,4.285593032836914
4912975,r,V,S,**,**,*,*,*,**,V,**,*,*,*,00,**,**,*,*,*,**,**,**,*,*,*,**,S********* V*****00******************,****,,V,,****,,****,,****,NCRO,40.49632471,Sonoma,V    **** **** ****,V,,0.02096392390282763,1.6953076900803733e-05,VYD_01365,16.375478139379744,0.00941125862300396,428.60754133620117,138.78961181640625,0.788460373878479
4912966,r,V,S,**,**,*,*,*,**,V,**,*,*,*,00,**,**,*,*,*,**,**,**,*,*,*,**,S********* V*****00******************,****,,V,,****,,****,,****,NCRO,1.7093013,Sonoma,V    **** **** ****,V,,0.0036907651817269004,7.160086257225902e-07,VYD_01366,0.6911903245076524,0.12578949332237244,484.4062998405103,651.171142578125,11.094963073730469
4912931,r,V,S,**,**,*,*,*,**,V,**,*,*,*,00,**,**,*,*,*,**,**,**,*,*,*,**,S********* V*****00******************,****,,V,,****,,****,,****,NCRO,1.60998204,Sonoma,V    **** **** ****,V,,0.003734701743614981,6.74020206199801e-07,VYD_01374,0.6510220039798638,0.09494694322347641,474.8774820447825,74.57540893554688,12.163105010986328
4912930,r,V,S,**,**,*,*,*,**,V,**,*,*,*,00,**,**,*,*,*,**,**,**,*,*,*,**,S********* V*****00******************,****,,V,,****,,****,,****,NCRO,2.72357556,Sonoma,V    **** **** ****,V,,0.005064748539746227,1.141627521897908e-06,VYD_01375,1.1013202971343454,0.10944755375385284,502.75381154711323,326.75982666015625,11.789603233337402
4912929,r,V,S,**,**,*,*,*,**,V,**,*,*,*,00,**,**,*,*,*,**,**,**,*,*,*,**,S********* V*****00******************,****,,V,,****,,****,,****,NCRO,9.69925246,Sonoma,V    **** **** ****,V,,0.008690344890012225,4.061201593816969e-06,VYD_01376,3.922072370146246,0.14854665100574493,466.16507646976294,111.29981231689453,0.5595638751983643
4912915,r,V,S,**,**,*,*,*,**,V,**,*,*,*,00,**,**,*,*,*,**,**,**,*,*,*,**,S********* V*****00******************,****,,V,,****,,****,,****,NCRO,7.57960947,Sonoma,V    **** **** ****,V,,0.009291302827947169,3.174306049494678e-06,VYD_01381,3.064933028736508,0.11817856878042221,422.3407075682937,67.4791488647461,4.9526686668396
4912910,r,V,S,**,**,*,*,*,**,V,**,*,*,*,00,**,**,*,*,*,**,**,**,*,*,*,**,S********* V*****00******************,****,,V,,****,,****,,****,NCRO,3.6408113,Sonoma,V    **** **** ****,V,,0.006490826660803901,1.5243541572090698e-06,VYD_01382,1.4722211375786252,0.09588310122489929,430.51121914734483,90.91600799560547,2.8453845977783203
4912909,r,V,S,**,**,*,*,*,**,V,**,*,*,*,00,**,**,*,*,*,**,**,**,*,*,*,**,S********* V*****00******************,****,,V,,****,,****,,****,NCRO,3.41889967,Sonoma,V    **** **** ****,V,,0.005145585189055005,1.4301940296583292e-06,VYD_01383,1.3824868513474395,0.0432388000190258,595.1054306743583,126.54859924316406,13.989065170288086
4912902,r,V,S,**,**,*,*,*,**,V,**,*,*,*,00,**,**,*,*,*,**,**,**,*,*,*,**,S********* V*****00******************,****,,V,,****,,****,,****,NCRO,6.56302581,Sonoma,V    **** **** ****,V,,0.007536760098292612,2.7501665210025334e-06,VYD_01387,2.6538540571190374,0.12256871163845062,468.58038401660605,96.71977233886719,8.012505531311035
4912890,r,V,S,**,**,*,*,*,**,V,**,*,*,*,00,**,**,*,*,*,**,**,**,*,*,*,**,S********* V*****00******************,****,,V,,****,,****,,****,NCRO,6.26378913,Sonoma,V    **** **** ****,V,,0.01005401374587901,2.622244007613342e-06,VYD_01389,2.5328596453167602,0.12642164528369904,583.6249864086114,56.4023323059082,5.477590084075928
4912888,r,V,S,**,**,*,*,*,**,V,**,*,*,*,00,**,**,*,*,*,**,**,**,*,*,*,**,S********* V*****00******************,****,,V,,****,,****,,****,NCRO,3.27157062,Sonoma,V    **** **** ****,V,,0.0047389643341754,1.3708368018218187e-06,VYD_01390,1.3229050035955863,0.12276972085237503,531.7149688149689,80.5411376953125,9.818289756774902
4912871,r,V,S,**,**,*,*,*,**,V,**,*,*,*,00,**,**,*,*,*,**,**,**,*,*,*,**,S********* V*****00******************,****,,V,,****,,****,,****,NCRO,4.16486937,Sonoma,V    **** **** ****,V,,0.005614857816819685,1.7457510829337317e-06,VYD_01392,1.6841200932689087,0.22321653366088867,382.9358576791252,206.94285583496094,10.791555404663086
4912867,r,V,S,**,**,*,*,*,**,V,**,*,*,*,00,**,**,*,*,*,**,**,**,*,*,*,**,S********* V*****00******************,****,,V,,****,,****,,****,NCRO,3.85419002,Sonoma,V    **** **** ****,V,,0.005318760087373621,1.6143310204663994e-06,VYD_01393,1.5585014012863498,0.15034514665603638,500.6105598866052,184.28077697753906,9.476265907287598
4912853,r,V,S,**,**,*,*,*,**,V,**,*,*,*,00,**,**,*,*,*,**,**,**,*,*,*,**,S********* V*****00******************,****,,V,,****,,****,,****,NCRO,3.17022686,Sonoma,V    **** **** ****,V,,0.006514165091737446,1.3271678648351047e-06,VYD_01395,1.2819355809458752,0.2126760631799698,588.3468121523323,344.47052001953125,22.32919692993164
4912839,r,V,S,**,**,*,*,*,**,V,**,*,*,*,00,**,**,*,*,*,**,**,**,*,*,*,**,S********* V*****00******************,****,,V,,****,,****,,****,NCRO,3.62241362,Sonoma,V    **** **** ****,V,,0.005183016258020691,1.5165259554275395e-06,VYD_01396,1.4647801711974213,0.07684608548879623,461.6673557601955,56.65829849243164,4.462087154388428
4912831,r,V,S,**,**,*,*,*,**,V,**,*,*,*,00,**,**,*,*,*,**,**,**,*,*,*,**,S********* V*****00******************,****,,V,,****,,****,,****,NCRO,2.89963236,Sonoma,V    **** **** ****,V,,0.004461957067500954,1.215325523385475e-06,VYD_01399,1.172506400479571,0.1815493255853653,486.1153575615475,282.3213806152344,15.424736022949219
4912824,r,V,S,**,**,*,*,*,**,V,**,*,*,*,00,**,**,*,*,*,**,**,**,*,*,*,**,S********* V*****00******************,****,,V,,****,,****,,****,NCRO,1.92939212,Sonoma,V    **** **** ****,V,,0.004099546576667844,8.086908310278253e-07,VYD_01400,0.7801764189950686,0.17768612504005432,534.0751057827927,260.7621154785156,7.704774379730225
4912820,r,V,S,**,**,*,*,*,**,V,**,*,*,*,00,**,**,*,*,*,**,**,**,*,*,*,**,S********* V*****00******************,****,,V,,****,,****,,****,NCRO,1.63099078,Sonoma,V    **** **** ****,V,,0.003924120393840314,6.828365496742215e-07,VYD_01401,0.6595167130346085,0.0724567174911499,512.3086574654956,54.752254486083984,0.7995649576187134
4912806,r,V,S,**,**,*,*,*,**,V,**,*,*,*,00,**,**,*,*,*,**,**,**,*,*,*,**,S********* V*****00******************,****,,V,,****,,****,,****,NCRO,2.55697076,Sonoma,V    **** **** ****,V,,0.004206640933580935,1.0698410142324657e-06,VYD_01405,1.0339505089909458,0.1635824292898178,470.11639649216033,127.88304138183594,7.312917232513428
4912799,r,V,S,**,**,*,*,*,**,V,**,*,*,*,00,**,**,*,*,*,**,**,**,*,*,*,**,S********* V*****00******************,****,,V,,****,,****,,****,NCRO,13.17480602,Sonoma,V    **** **** ****,V,,0.010590470161754626,5.520819339854351e-06,VYD_01408,5.327417760133251,0.10117391496896744,519.6302690931715,79.18865203857422,0.9284660220146179
4912781,r,V,S,**,**,*,*,*,**,V,**,*,*,*,00,**,**,*,*,*,**,**,**,*,*,*,**,S********* V*****00******************,****,,V,,****,,****,,****,NCRO,4.17931189,Sonoma,V    **** **** ****,V,,0.007597064704510817,1.7520107381198205e-06,VYD_01410,1.6899639735763532,0.15010063350200653,402.6303780964798,513.9066772460938,14.205889701843262
4912754,r,V,S,**,**,*,*,*,**,V,**,*,*,*,00,**,**,*,*,*,**,**,**,*,*,*,**,S********* V*****00******************,****,,V,,****,,****,,****,NCRO,6.61365892,Sonoma,V    **** **** ****,V,,0.007817804466378536,2.768757404365413e-06,VYD_01418,2.67435556558017,0.15763866901397705,495.43029242174623,137.4430694580078,10.246288299560547
4912719,r,V,S,**,**,*,*,*,**,V,**,*,*,*,00,**,**,*,*,*,**,**,**,*,*,*,**,S********* V*****00******************,****,,V,,****,,****,,****,NCRO,6.05554047,Sonoma,V    **** **** ****,V,,0.007882136574096678,2.537757799576807e-06,VYD_01425,2.448647511332928,0.1597967892885208,410.010564171724,256.1002502441406,11.265813827514648
4912718,r,V,S,**,**,*,*,*,**,V,**,*,*,*,00,**,**,*,*,*,**,**,**,*,*,*,**,S********* V*****00******************,****,,V,,****,,****,,****,NCRO,2.78987367,Sonoma,V    **** **** ****,V,,0.005183767132803544,1.1674067872238492e-06,VYD_01426,1.128124840777388,0.010653125122189522,476.3437271619976,65.95250701904297,6.540386199951172
4912713,r,V,S,**,**,*,*,*,**,V,**,*,*,*,00,**,**,*,*,*,**,**,**,*,*,*,**,S********* V*****00******************,****,,V,,****,,****,,****,NCRO,13.0957485,Sonoma,V    **** **** ****,V,,0.010489057844098494,5.489690835841677e-06,VYD_01427,5.295435620840719,0.234914168715477,505.03862126245843,76.62360382080078,0.9993287324905396
4912703,r,V,S,**,**,*,*,*,**,V,**,*,*,*,00,**,**,*,*,*,**,**,**,*,*,*,**,S********* V*****00******************,****,,V,,****,,****,,****,NCRO,2.80874636,Sonoma,V    **** **** ****,V,,0.004971858154798606,1.1758018337316872e-06,VYD_01430,1.1357618321416219,0.0623420774936676,433.5074119076549,87.65670013427734,10.69262981414795
4912676,r,V,S,**,**,*,*,*,**,V,**,*,*,*,00,**,**,*,*,*,**,**,**,*,*,*,**,S********* V*****00******************,****,,V,,****,,****,,****,NCRO,2.35182454,Sonoma,V    **** **** ****,V,,0.005580656706327036,9.849321749427904e-07,VYD_01436,0.9509963745954885,0.03994576260447502,471.9666570020295,72.06779479980469,4.680718421936035
4912643,r,V,S,**,**,*,*,*,**,V,**,*,*,*,00,**,**,*,*,*,**,**,**,*,*,*,**,S********* V*****00******************,****,,V,,****,,****,,****,NCRO,5.08410886,Sonoma,V    **** **** ****,V,,0.00666483151066739,2.1289773423980284e-06,VYD_01444,2.055851928298267,0.10831291228532791,424.28705315303256,109.65484619140625,0.8960863947868347
4912628,r,V,S,**,**,*,*,*,**,V,**,*,*,*,00,**,**,*,*,*,**,**,**,*,*,*,**,S********* V*****00******************,****,,V,,****,,****,,****,NCRO,2.64196507,Sonoma,V    **** **** ****,V,,0.005134739238844863,1.1062347874017979e-06,VYD_01447,1.0683210664680485,0.09855107218027115,500.23403154900444,93.30486297607422,10.261170387268066
4912609,r,V,S,**,**,*,*,*,**,V,**,*,*,*,00,**,**,*,*,*,**,**,**,*,*,*,**,S********* V*****00******************,****,,V,,****,,****,,****,NCRO,3.10717553,Sonoma,V    **** **** ****,V,,0.006974744026707518,1.3021874240440859e-06,VYD_01452,1.2564292167478506,0.2101878672838211,565.2789934354485,192.42332458496094,9.008271217346191
4912598,r,V,S,**,**,*,*,*,**,V,**,*,*,*,00,**,**,*,*,*,**,**,**,*,*,*,**,S********* V*****00******************,****,,V,,****,,****,,****,NCRO,2.03365821,Sonoma,V    **** **** ****,V,,0.00400017080560967,8.515115494887398e-07,VYD_01455,0.8223421225905966,0.10831514000892639,389.3350083752094,84.3915786743164,2.0707411766052246
4912595,r,V,S,**,**,*,*,*,**,V,**,*,*,*,00,**,**,*,*,*,**,**,**,*,*,*,**,S********* V*****00******************,****,,V,,****,,****,,****,NCRO,6.63509007,Sonoma,V    **** **** ****,V,,0.006733868019275547,2.778114799637485e-06,VYD_01458,2.6830038732399943,0.25039908289909363,488.86304883052935,85.24003601074219,2.2358179092407227
4912578,r,V,S,**,**,*,*,*,**,V,**,*,*,*,00,**,**,*,*,*,**,**,**,*,*,*,**,S********* V*****00******************,****,,V,,****,,****,,****,NCRO,6.02866421,Sonoma,V    **** **** ****,V,,0.009665657918631042,2.5241024576772605e-06,VYD_01463,2.4377918370687985,0.18077464401721954,525.0654883299343,213.08740234375,7.816701889038086
4912561,r,V,S,**,**,*,*,*,**,V,**,*,*,*,00,**,**,*,*,*,**,**,**,*,*,*,**,S********* V*****00******************,****,,V,,****,,****,,****,NCRO,2.87251032,Sonoma,V    **** **** ****,V,,0.0047587351129526854,1.2016220267096579e-06,VYD_01468,1.1615443071298392,0.09381572157144547,434.1297386390393,100.6627197265625,4.589409351348877
4912558,r,V,S,**,**,*,*,*,**,V,**,*,*,*,00,**,**,*,*,*,**,**,**,*,*,*,**,S********* V*****00******************,****,,V,,****,,****,,****,NCRO,1.87248804,Sonoma,V    **** **** ****,V,,0.004470201541221544,7.833934101780031e-07,VYD_01469,0.7571698435075224,0.17518357932567596,509.75736631502366,182.1873779296875,4.337924003601074
4912557,r,V,S,**,**,*,*,*,**,V,**,*,*,*,00,**,**,*,*,*,**,**,**,*,*,*,**,S********* V*****00******************,****,,V,,****,,****,,****,NCRO,8.62343051,Sonoma,V    **** **** ****,V,,0.008384597853224046,3.607606977045091e-06,VYD_01470,3.4870084175834664,0.2125052511692047,582.7741170893578,61.195228576660156,4.006032466888428
4912555,r,V,S,**,**,*,*,*,**,V,**,*,*,*,00,**,**,*,*,*,**,**,**,*,*,*,**,S********* V*****00******************,****,,V,,****,,****,,****,NCRO,1.98499169,Sonoma,V    **** **** ****,V,,0.004399554750425638,8.309451416977792e-07,VYD_01471,0.8026622361788903,0.1488286554813385,499.47793103448294,70.58595275878906,9.950069427490234
4912553,r,V,S,**,**,*,*,*,**,V,**,*,*,*,00,**,**,*,*,*,**,**,**,*,*,*,**,S********* V*****00******************,****,,V,,****,,****,,****,NCRO,3.51406996,Sonoma,V    **** **** ****,V,,0.006966921186605325,1.470117440771616e-06,VYD_01473,1.4209694343678674,0.2792648375034332,660.498351115422,184.01193237304688,4.9587907791137695
4912536,r,V,S,**,**,*,*,*,**,V,**,*,*,*,00,**,**,*,*,*,**,**,**,*,*,*,**,S********* V*****00******************,****,,V,,****,,****,,****,NCRO,4.17718405,Sonoma,V    **** **** ****,V,,0.007023789957367002,1.7509223906765254e-06,VYD_01476,1.689100778430498,0.16399003565311432,680.7045528455283,245.0966339111328,10.652714729309082
4912532,r,V,S,**,**,*,*,*,**,V,**,*,*,*,00,**,**,*,*,*,**,**,**,*,*,*,**,S********* V*****00******************,****,,V,,****,,****,,****,NCRO,2.85792719,Sonoma,V    **** **** ****,V,,0.005192203268681901,1.1979204515497667e-06,VYD_01478,1.1556458161101517,0.17110887169837952,433.4636991192573,255.48374938964844,16.190885543823242
4912483,r,V,S,**,**,*,*,*,**,V,**,*,*,*,00,**,**,*,*,*,**,**,**,*,*,*,**,S********* V*****00******************,****,,V,,****,,****,,****,NCRO,2.15742867,Sonoma,V    **** **** ****,V,,0.004167017845216651,9.042358395185964e-07,VYD_01491,0.8723865714366879,0.20039023458957672,660.0022068095839,281.5639953613281,11.121450424194336
4912463,r,V,S,**,**,*,*,*,**,V,**,*,*,*,00,**,**,*,*,*,**,**,**,*,*,*,**,S********* V*****00******************,****,,V,,****,,****,,****,NCRO,1.56763411,Sonoma,V    **** **** ****,V,,0.0035459247498209573,6.560204734017779e-07,VYD_01496,0.6338984188981487,0.1516377478837967,522.6689865158766,128.29913330078125,15.54051685333252
4912454,r,V,S,**,**,*,*,*,**,V,**,*,*,*,00,**,**,*,*,*,**,**,**,*,*,*,**,S********* V*****00******************,****,,V,,****,,****,,****,NCRO,8.23970221,Sonoma,V    **** **** ****,V,,0.007660414142912011,3.448250663438921e-06,VYD_01498,3.3318573553507007,0.17238153517246246,550.1915860814945,129.935546875,4.85783052444458
4912453,r,V,S,**,**,*,*,*,**,V,**,*,*,*,00,**,**,*,*,*,**,**,**,*,*,*,**,S********* V*****00******************,****,,V,,****,,****,,****,NCRO,1.44797192,Sonoma,V    **** **** ****,V,,0.003260575960638095,6.069142781313068e-07,VYD_01499,0.5855098839601286,0.1052546501159668,477.3150492264417,314.34814453125,5.782441139221191
4912446,r,V,S,**,**,*,*,*,**,V,**,*,*,*,00,**,**,*,*,*,**,**,**,*,*,*,**,S********* V*****00******************,****,,V,,****,,****,,****,NCRO,2.62389906,Sonoma,V    **** **** ****,V,,0.00485277176727432,1.0989042096431014e-06,VYD_01500,1.061027966994325,0.13891518115997314,280.6817946058091,447.40313720703125,22.25807762145996
4912437,r,V,S,**,**,*,*,*,**,V,**,*,*,*,00,**,**,*,*,*,**,**,**,*,*,*,**,S********* V*****00******************,****,,V,,****,,****,,****,NCRO,8.16209634,Sonoma,V    **** **** ****,V,,0.009016701372553539,3.418153066867311e-06,VYD_01505,3.3004648150117735,0.2714528441429138,607.0027509169721,49.530391693115234,0.567895233631134
4912391,r,V,S,**,**,*,*,*,**,V,**,*,*,*,00,**,**,*,*,*,**,**,**,*,*,*,**,S********* V*****00******************,****,,V,,****,,****,,****,NCRO,5.49832291,Sonoma,V    **** **** ****,V,,0.00832898717682783,2.301931372867626e-06,VYD_01521,2.2233501177571755,0.1654656082391739,488.7545860188398,146.1443328857422,10.28909969329834
4912386,r,V,S,**,**,*,*,*,**,V,**,*,*,*,00,**,**,*,*,*,**,**,**,*,*,*,**,S********* V*****00******************,****,,V,,****,,****,,****,NCRO,2.8352673,Sonoma,V    **** **** ****,V,,0.0056931603613971414,1.1883504596864214e-06,VYD_01523,1.1464830479011168,0.08330699056386948,361.4387313791447,310.1284484863281,4.383625507354736
4912383,r,V,S,**,**,*,*,*,**,V,**,*,*,*,00,**,**,*,*,*,**,**,**,*,*,*,**,S********* V*****00******************,****,,V,,****,,****,,****,NCRO,6.41150927,Sonoma,V    **** **** ****,V,,0.00683936476238587,2.6850447959036542e-06,VYD_01525,2.5926276127749093,0.07039688527584076,350.96285289747397,348.3603820800781,4.519376754760742
4912347,r,V,S,**,**,*,*,*,**,V,**,*,*,*,00,**,**,*,*,*,**,**,**,*,*,*,**,S********* V*****00******************,****,,V,,****,,****,,****,NCRO,2.54938638,Sonoma,V    **** **** ****,V,,0.004379901175073324,1.0673455989268325e-06,VYD_01537,1.0308861451968994,0.10028272867202759,530.2702991452992,105.90132141113281,4.593103408813477
4912336,r,V,S,**,**,*,*,*,**,V,**,*,*,*,00,**,**,*,*,*,**,**,**,*,*,*,**,S********* V*****00******************,****,,V,,****,,****,,****,NCRO,2.54232295,Sonoma,V    **** **** ****,V,,0.004836015848769452,1.064380288124653e-06,VYD_01541,1.0280317266707393,0.15601418912410736,531.5429259160203,275.24273681640625,6.181134223937988
4912334,r,V,S,**,**,*,*,*,**,V,**,*,*,*,00,**,**,*,*,*,**,**,**,*,*,*,**,S********* V*****00******************,****,,V,,****,,****,,****,NCRO,3.74501266,Sonoma,V    **** **** ****,V,,0.005919439244111902,1.5675507273325332e-06,VYD_01542,1.514353994591481,0.12458036839962006,532.783700200109,45.840309143066406,6.7530341148376465
4912332,r,V,S,**,**,*,*,*,**,V,**,*,*,*,00,**,**,*,*,*,**,**,**,*,*,*,**,S********* V*****00******************,****,,V,,****,,****,,****,NCRO,1.65842106,Sonoma,V    **** **** ****,V,,0.0047985388983755855,6.950261608704071e-07,VYD_01543,0.670605710633793,0.022102611139416695,438.015625,159.54669189453125,28.07052993774414
4912329,r,V,S,**,**,*,*,*,**,V,**,*,*,*,00,**,**,*,*,*,**,**,**,*,*,*,**,S********* V*****00******************,****,,V,,****,,****,,****,NCRO,7.39818255,Sonoma,V    **** **** ****,V,,0.009913871859243922,3.100968492844119e-06,VYD_01545,2.9915667013076224,0.09636271744966507,414.9047837664125,242.48605346679688,15.167021751403809
4912313,r,V,S,**,**,*,*,*,**,V,**,*,*,*,00,**,**,*,*,*,**,**,**,*,*,*,**,S********* V*****00******************,****,,V,,****,,****,,****,NCRO,11.01040534,Sonoma,V    **** **** ****,V,,0.010186595975907918,4.6147132079525735e-06,VYD_01548,4.452220471137868,0.14286711812019348,417.84233261339097,344.00164794921875,9.370408058166504
4912299,r,V,S,**,**,*,*,*,**,V,**,*,*,*,00,X,**,*,n,*,00,**,**,*,*,*,**,S********* V*****00 X***n*00*********,****,,V,,X,,****,,****,NCRO,2.4812301,Sonoma,V    X    **** ****,V,,0.0056869022479209,1.038612470142264e-06,VYD_01552,1.0033238411380845,-0.24400214850902557,368.3899560922063,84.74870300292969,12.157868385314941
4912298,r,V,S,**,**,*,*,*,**,V,**,*,*,*,00,**,**,*,*,*,**,**,**,*,*,*,**,S********* V*****00******************,****,,V,,****,,****,,****,NCRO,8.7811356,Sonoma,V    **** **** ****,V,,0.007954089052966776,3.6804888491075e-06,VYD_01553,3.5507714481014694,0.14475218951702118,523.6896925578873,290.47149658203125,6.574730396270752
4912289,r,V,S,**,**,*,*,*,**,V,**,*,*,*,00,**,**,*,*,*,**,**,**,*,*,*,**,S********* V*****00******************,****,,V,,****,,****,,****,NCRO,2.32779142,Sonoma,V    **** **** ****,V,,0.004509258057989228,9.740301904365141e-07,VYD_01555,0.9412752827266899,0.21310308575630188,419.1284080914687,127.80317687988281,14.05186653137207
4912287,r,V,S,**,**,*,*,*,**,V,**,*,*,*,00,**,**,*,*,*,**,**,**,*,*,*,**,S********* V*****00******************,****,,V,,****,,****,,****,NCRO,3.45492456,Sonoma,V    **** **** ****,V,,0.005384197936952104,1.4477132959302535e-06,VYD_01556,1.397047013445665,0.03741911053657532,485.2396140972633,82.76312255859375,6.270370960235596
4912284,r,V,S,**,**,*,*,*,**,V,**,*,*,*,00,**,**,*,*,*,**,**,**,*,*,*,**,S********* V*****00******************,****,,V,,****,,****,,****,NCRO,8.76087027,Sonoma,V    **** **** ****,V,,0.008222224163302053,3.6674367691451832e-06,VYD_01557,3.5425950185164803,0.170725017786026,526.3845675654673,64.93509674072266,3.1460862159729004
4912275,r,V,S,**,**,*,*,*,**,V,**,*,*,*,00,**,**,*,*,*,**,**,**,*,*,*,**,S********* V*****00******************,****,,V,,****,,****,,****,NCRO,3.36407384,Sonoma,V    **** **** ****,V,,0.004793914093672413,1.4089659338514828e-06,VYD_01559,1.3603224870998625,0.07428109645843506,413.3069064160197,108.9300308227539,3.753932237625122
4912254,r,V,S,**,**,*,*,*,**,V,**,*,*,*,00,**,**,*,*,*,**,**,**,*,*,*,**,S********* V*****00******************,****,,V,,****,,****,,****,NCRO,8.26907766,Sonoma,V    **** **** ****,V,,0.010527287834171645,3.462398601041047e-06,VYD_01564,3.3437530751874736,0.06721338629722595,466.2124156100774,109.04965209960938,0.5303882956504822
4912248,r,V,S,**,**,*,*,*,**,V,**,*,*,*,00,**,**,*,*,*,**,**,**,*,*,*,**,S********* V*****00******************,****,,V,,****,,****,,****,NCRO,2.31823669,Sonoma,V    **** **** ****,V,,0.00465052896384135,9.705308438877107e-07,VYD_01567,0.9374185480330236,0.10893869400024414,514.8598707403057,287.6919250488281,10.89468765258789
4912204,r,V,S,**,**,*,*,*,**,V,**,*,*,*,00,**,**,*,*,*,**,**,**,*,*,*,**,S********* V*****00******************,****,,V,,****,,****,,****,NCRO,5.57594297,Sonoma,V    **** **** ****,V,,0.00624355179890855,2.3338810110277336e-06,VYD_01579,2.2547220713646925,0.04718824848532677,510.4766731802638,53.82257843017578,0.6544011831283569
4912184,r,V,S,**,**,*,*,*,**,V,**,*,*,*,00,**,**,*,*,*,**,**,**,*,*,*,**,S********* V*****00******************,****,,V,,****,,****,,****,NCRO,4.11581973,Sonoma,V    **** **** ****,V,,0.005854429103782104,1.7215620486035096e-06,VYD_01586,1.6642975312803916,0.15254732966423035,567.2792056074767,109.01517486572266,8.708621978759766
4912171,r,V,S,**,**,*,*,*,**,V,**,*,*,*,00,**,**,*,*,*,**,**,**,*,*,*,**,S********* V*****00******************,****,,V,,****,,****,,****,NCRO,17.09060296,Sonoma,V    **** **** ****,V,,0.0121091366836002,7.156406798723651e-06,VYD_01590,6.910895010359259,0.01658748835325241,372.55070674895495,108.22657775878906,0.519677460193634
4912150,r,V,S,**,**,*,*,*,**,V,**,*,*,*,00,**,**,*,*,*,**,**,**,*,*,*,**,S********* V*****00******************,****,,V,,****,,****,,****,NCRO,19.54975777,Sonoma,V    **** **** ****,V,,0.013520228938888587,8.185894906202474e-06,VYD_01594,7.90531301000674,0.21677865087985992,403.4886288440777,117.89680480957031,0.8140162229537964
4912143,r,V,S,**,**,*,*,*,**,V,**,*,*,*,00,**,**,*,*,*,**,**,**,*,*,*,**,S********* V*****00******************,****,,V,,****,,****,,****,NCRO,2.32472829,Sonoma,V    **** **** ****,V,,0.004046058691921772,9.73541741605214e-07,VYD_01595,0.9400389181726466,0.3856927156448364,646.2703097603741,49.105533599853516,0.4311431646347046
4912136,r,V,S,**,**,*,*,*,**,V,**,*,*,*,00,**,**,*,*,*,**,**,**,*,*,*,**,S********* V*****00******************,****,,V,,****,,****,,****,NCRO,15.27135585,Sonoma,V    **** **** ****,V,,0.01050082110552392,6.393635762836256e-06,VYD_01597,6.1752622249520135,0.35975319147109985,530.1744595498104,130.4237823486328,0.5470960736274719
4912093,r,V,S,**,**,*,*,*,**,V,**,*,*,*,00,**,**,*,*,*,**,**,**,*,*,*,**,S********* V*****00******************,****,,V,,****,,****,,****,NCRO,1.52081556,Sonoma,V    **** **** ****,V,,0.0032511822803313823,6.374315700443664e-07,VYD_01605,0.6149617796410706,0.09061302244663239,411.3856121537088,117.5868911743164,16.251880645751953
4912083,r,V,S,**,**,*,*,*,**,V,**,*,*,*,00,**,**,*,*,*,**,**,**,*,*,*,**,S********* V*****00******************,****,,V,,****,,****,,****,NCRO,3.38946347,Sonoma,V    **** **** ****,V,,0.00550433911173445,1.420769970741656e-06,VYD_01608,1.370581859968592,0.049726452678442,381.31036560867824,329.0631408691406,13.467214584350586
4912061,r,V,S,**,**,*,*,*,**,V,**,*,*,*,00,**,**,*,*,*,**,**,**,*,*,*,**,S********* V*****00******************,****,,V,,****,,****,,****,NCRO,13.05149754,Sonoma,V    **** **** ****,V,,0.010378901172214587,5.460295509577607e-06,VYD_01613,5.277565967463204,0.23529401421546936,446.2851917650746,90.60919189453125,9.261624336242676
4912026,r,V,S,**,**,*,*,*,**,V,**,*,*,*,00,**,**,*,*,*,**,**,**,*,*,*,**,S********* V*****00******************,****,,V,,****,,****,,****,NCRO,3.48230791,Sonoma,V    **** **** ****,V,,0.005507375177151169,1.4579430484739009e-06,VYD_01626,1.4081210270315851,-0.00036430981708690524,396.17322372284195,42.75116729736328,1.8665103912353516
4912024,r,V,S,**,**,*,*,*,**,V,**,*,*,*,00,**,**,*,*,*,**,**,**,*,*,*,**,S********* V*****00******************,****,,V,,****,,****,,****,NCRO,1.55979227,Sonoma,V    **** **** ****,V,,0.003154496985998727,6.537830943142578e-07,VYD_01628,0.6307236516636194,0.14717890322208405,536.9454148471616,278.02301025390625,11.280332565307617
4912018,r,V,S,**,**,*,*,*,**,V,**,*,*,*,00,**,**,*,*,*,**,**,**,*,*,*,**,S********* V*****00******************,****,,V,,****,,****,,****,NCRO,3.60726553,Sonoma,V    **** **** ****,V,,0.005454041116143894,1.5117441025502372e-06,VYD_01631,1.4586491203941778,0.04604465514421463,509.17304429783235,160.18101501464844,26.236570358276367
4912017,r,V,S,**,**,*,*,*,**,V,**,*,*,*,00,**,**,*,*,*,**,**,**,*,*,*,**,S********* V*****00******************,****,,V,,****,,****,,****,NCRO,2.2652014,Sonoma,V    **** **** ****,V,,0.004845277878159589,9.483938135842647e-07,VYD_01632,0.9159759935609035,0.25609394907951355,575.4607549430796,119.63956451416016,3.1080963611602783
4911972,r,V,S,**,**,*,*,*,**,V,**,*,*,*,00,**,**,*,*,*,**,**,**,*,*,*,**,S********* V*****00******************,****,,V,,****,,****,,****,NCRO,12.10969283,Sonoma,V    **** **** ****,V,,0.009789079783303912,5.070590481867815e-06,VYD_01644,4.896742961279344,0.17206242680549622,605.8254958143717,77.03392791748047,7.084145545959473
4911959,r,V,S,**,**,*,*,*,**,V,**,*,*,*,00,**,**,*,*,*,**,**,**,*,*,*,**,S********* V*****00******************,****,,V,,****,,****,,****,NCRO,9.11961474,Sonoma,V    **** **** ****,V,,0.009951200030985369,3.8146384507337323e-06,VYD_01648,3.6876603214785644,0.05424219369888306,564.5358346439001,109.4827651977539,7.078764915466309
4911947,r,V,S,**,**,*,*,*,**,V,**,*,*,*,00,**,**,*,*,*,**,**,**,*,*,*,**,S********* V*****00******************,****,,V,,****,,****,,****,NCRO,3.44490892,Sonoma,V    **** **** ****,V,,0.006984975619095253,1.4438929737831915e-06,VYD_01651,1.3929993955788447,0.08457566797733307,380.58275657504464,365.0384521484375,14.390705108642578
4911936,r,V,S,**,**,*,*,*,**,V,**,*,*,*,00,**,**,*,*,*,**,**,**,*,*,*,**,S********* V*****00******************,****,,V,,****,,****,,****,NCRO,1.90912362,Sonoma,V    **** **** ****,V,,0.0036472291735367215,7.992961998382322e-07,VYD_01655,0.7719863149417879,0.11392165720462799,550.5449037776194,260.2994689941406,5.8452887535095215
4911930,r,V,S,**,**,*,*,*,**,V,**,*,*,*,00,**,**,*,*,*,**,**,**,*,*,*,**,S********* V*****00******************,****,,V,,****,,****,,****,NCRO,6.84643288,Sonoma,V    **** **** ****,V,,0.006578389724639938,2.8689251411906584e-06,VYD_01656,2.7684507232891984,0.11561866849660873,487.9870852374328,87.90071105957031,8.353074073791504
4911926,r,V,S,**,**,*,*,*,**,V,**,*,*,*,00,**,**,*,*,*,**,**,**,*,*,*,**,S********* V*****00******************,****,,V,,****,,****,,****,NCRO,7.17169889,Sonoma,V    **** **** ****,V,,0.0072647868219389775,3.0002341213449225e-06,VYD_01657,2.899993237920695,0.2662283480167389,638.6075059382423,139.56004333496094,12.175761222839355
4911910,r,V,S,**,**,*,*,*,**,V,**,*,*,*,00,**,**,*,*,*,**,**,**,*,*,*,**,S********* V*****00******************,****,,V,,****,,****,,****,NCRO,2.80787899,Sonoma,V    **** **** ****,V,,0.00633446117535347,1.175482306097756e-06,VYD_01661,1.1354129693878028,-0.026921574026346207,475.5818578704826,170.37266540527344,8.896321296691895
4911904,r,V,S,**,**,*,*,*,**,V,**,*,*,*,00,**,**,*,*,*,**,**,**,*,*,*,**,S********* V*****00******************,****,,V,,****,,****,,****,NCRO,7.55885124,Sonoma,V    **** **** ****,V,,0.0077577050003203255,3.165821745502002e-06,VYD_01663,3.056554463074008,0.13941273093223572,469.97395223073477,109.59062957763672,1.9658578634262085
4911888,r,V,S,**,**,*,*,*,**,V,**,*,*,*,00,**,**,*,*,*,**,**,**,*,*,*,**,S********* V*****00******************,****,,V,,****,,****,,****,NCRO,3.74246267,Sonoma,V    **** **** ****,V,,0.006370236337013436,1.566986084579091e-06,VYD_01670,1.513323758915385,0.11529821157455444,414.35426906972515,86.13580322265625,0.9657158851623535
4911813,r,V,S,**,**,*,*,*,**,V,**,*,*,*,00,**,**,*,*,*,**,**,**,*,*,*,**,S********* V*****00******************,****,,V,,****,,****,,****,NCRO,4.034217,Sonoma,V    **** **** ****,V,,0.006340269179911068,1.6875660860963404e-06,VYD_01687,1.6313004207326007,0.0978638082742691,606.7810970464135,113.56558227539062,5.159670829772949
4911790,r,V,S,**,**,*,*,*,**,V,**,*,*,*,00,**,**,*,*,*,**,**,**,*,*,*,**,S********* V*****00******************,****,,V,,****,,****,,****,NCRO,1.51430088,Sonoma,V    **** **** ****,V,,0.004024069852868358,6.335104910101935e-07,VYD_01690,0.612330995690189,0.09610610455274582,556.4155024785941,90.21128845214844,5.939150333404541
4911772,r,V,S,**,**,*,*,*,**,V,**,*,*,*,00,**,**,*,*,*,**,**,**,*,*,*,**,S********* V*****00******************,****,,V,,****,,****,,****,NCRO,5.93705105,Sonoma,V    **** **** ****,V,,0.00723771394881275,2.488446072517529e-06,VYD_01694,2.4007292610312785,0.19984647631645203,481.58753573470557,293.79486083984375,9.453707695007324
4911750,r,V,S,**,**,*,*,*,**,V,**,*,*,*,00,**,**,*,*,*,**,**,**,*,*,*,**,S********* V*****00******************,****,,V,,****,,****,,****,NCRO,2.76476032,Sonoma,V    **** **** ****,V,,0.004799835323911859,1.1587870017441004e-06,VYD_01700,1.1179722635868419,0.07705221325159073,357.0453313624045,330.107177734375,14.540289878845215
4911743,r,V,S,**,**,*,*,*,**,V,**,*,*,*,00,**,**,*,*,*,**,**,**,*,*,*,**,S********* V*****00******************,****,,V,,****,,****,,****,NCRO,5.00896992,Sonoma,V    **** **** ****,V,,0.00581018396549152,2.0990685134561467e-06,VYD_01703,2.025445932288169,-0.06961222738027573,308.6217060581364,87.19839477539062,1.3663469552993774
4911742,r,V,S,**,**,*,*,*,**,V,**,*,*,*,00,**,**,*,*,*,**,**,**,*,*,*,**,S********* V*****00******************,****,,V,,****,,****,,****,NCRO,2.42402302,Sonoma,V    **** **** ****,V,,0.0048026435871736895,1.0161044983344718e-06,VYD_01704,0.9801895779284546,0.11963843554258347,349.22902048835255,487.4974060058594,6.665651321411133
4911727,r,V,S,**,**,*,*,*,**,V,**,*,*,*,00,**,**,*,*,*,**,**,**,*,*,*,**,S********* V*****00******************,****,,V,,****,,****,,****,NCRO,1.74540615,Sonoma,V    **** **** ****,V,,0.004043194493231886,7.309544720085639e-07,VYD_01709,0.705782045907285,0.1686515063047409,474.16387046429975,91.27989959716797,3.621933698654175
4911701,r,V,S,**,**,*,*,*,**,V,**,*,*,*,00,**,**,*,*,*,**,**,**,*,*,*,**,S********* V*****00******************,****,,V,,****,,****,,****,NCRO,4.20678274,Sonoma,V    **** **** ****,V,,0.008220956586607266,1.7611381977396092e-06,VYD_01714,1.7010840980098114,0.0246097631752491,429.9848043970257,263.43170166015625,19.27939224243164
4911697,r,V,S,**,**,*,*,*,**,V,**,*,*,*,00,**,**,*,*,*,**,**,**,*,*,*,**,S********* V*****00******************,****,,V,,****,,****,,****,NCRO,29.63269463,Sonoma,V    **** **** ****,V,,0.018990321878546323,1.2405858098354348e-05,VYD_01716,11.982462649080434,0.12102613598108292,439.5291334604166,125.84477996826172,3.285102128982544
4911696,r,V,S,**,**,*,*,*,**,V,**,*,*,*,00,**,**,*,*,*,**,**,**,*,*,*,**,S********* V*****00******************,****,,V,,****,,****,,****,NCRO,1.54939509,Sonoma,V    **** **** ****,V,,0.004701524515699442,6.486300055737394e-07,VYD_01717,0.6265245203731667,0.15689267218112946,385.20466549295776,353.9180603027344,18.3696231842041
4911674,r,V,S,**,**,*,*,*,**,V,**,*,*,*,00,**,**,*,*,*,**,**,**,*,*,*,**,S********* V*****00******************,****,,V,,****,,****,,****,NCRO,3.8857062,Sonoma,V    **** **** ****,V,,0.005611926188736107,1.6290023001191452e-06,VYD_01722,1.5712411918001727,0.1987018883228302,347.15773809523796,543.3814697265625,15.084278106689453
4911669,r,V,S,**,**,*,*,*,**,V,**,*,*,*,00,**,**,*,*,*,**,**,**,*,*,*,**,S********* V*****00******************,****,,V,,****,,****,,****,NCRO,7.6059736,Sonoma,V    **** **** ****,V,,0.008659575393935266,3.1879535895635042e-06,VYD_01723,3.0755757722147608,0.10074043273925781,474.29224030037557,123.75408935546875,8.810820579528809
4911661,r,V,S,**,**,*,*,*,**,V,**,*,*,*,00,**,**,*,*,*,**,**,**,*,*,*,**,S********* V*****00******************,****,,V,,****,,****,,****,NCRO,3.26131271,Sonoma,V    **** **** ****,V,,0.005885915835244495,1.3667901922681907e-06,VYD_01724,1.3187575298491299,0.20660395920276642,502.2353923205344,167.42430114746094,10.799970626831055
4911635,r,V,S,**,**,*,*,*,**,V,**,*,*,*,00,**,**,*,*,*,**,**,**,*,*,*,**,S********* V*****00******************,****,,V,,****,,****,,****,NCRO,10.00462611,Sonoma,V    **** **** ****,V,,0.009516210832127414,4.1920138743716535e-06,VYD_01729,4.045511087975802,0.1480758935213089,520.010130541202,83.86356353759766,6.482068061828613
4911602,r,V,S,**,**,*,*,*,**,V,**,*,*,*,00,**,**,*,*,*,**,**,**,*,*,*,**,S********* V*****00******************,****,,V,,****,,****,,****,NCRO,7.60386048,Sonoma,V    **** **** ****,V,,0.008853191523932978,3.1882913768550112e-06,VYD_01742,3.074728217374876,0.13870662450790405,451.47371244635184,669.537841796875,12.554597854614258
4911598,r,V,S,**,**,*,*,*,**,V,**,*,*,*,00,**,**,*,*,*,**,**,**,*,*,*,**,S********* V*****00******************,****,,V,,****,,****,,****,NCRO,10.23513407,Sonoma,V    **** **** ****,V,,0.009748002816111708,4.289848589114567e-06,VYD_01743,4.138714691366702,0.06804408878087997,526.8613749584855,287.1003112792969,7.271104335784912
4911542,r,V,S,**,**,*,*,*,**,V,**,*,*,*,00,X,**,*,n,*,00,**,**,*,*,*,**,S********* V*****00 X***n*00*********,****,,V,,X,,****,,****,NCRO,1.56000447,Sonoma,V    X    **** ****,V,,0.0032467220031013955,6.52911516477056e-07,VYD_01753,0.6308119703077915,-0.25572478771209717,490.81049436253244,55.565773010253906,5.524628162384033
4911516,r,V,S,**,**,*,*,*,**,V,**,*,*,*,00,**,**,*,*,*,**,**,**,*,*,*,**,S********* V*****00******************,****,,V,,****,,****,,****,NCRO,2.97661762,Sonoma,V    **** **** ****,V,,0.006186931228118642,1.247619752079616e-06,VYD_01758,1.203636648492936,0.16295816004276276,605.5307762976573,261.0511779785156,13.189634323120117
4911508,r,V,S,**,**,*,*,*,**,V,**,*,*,*,00,**,**,*,*,*,**,**,**,*,*,*,**,S********* V*****00******************,****,,V,,****,,****,,****,NCRO,2.7704985,Sonoma,V    **** **** ****,V,,0.00439499835999997,1.1610068587910323e-06,VYD_01759,1.1202899347412496,0.1548377424478531,504.97097884899165,93.96420288085938,4.880898475646973
4911500,r,V,S,**,**,*,*,*,**,V,**,*,*,*,00,**,**,*,*,*,**,**,**,*,*,*,**,S********* V*****00******************,****,,V,,****,,****,,****,NCRO,2.19914326,Sonoma,V    **** **** ****,V,,0.004476974790884061,9.207503927223337e-07,VYD_01763,0.8892643946065227,0.06213242933154106,576.4522489217497,116.41297149658203,2.978215217590332
4911498,r,V,S,**,**,*,*,*,**,V,**,*,*,*,00,**,**,*,*,*,**,**,**,*,*,*,**,S********* V*****00******************,****,,V,,****,,****,,****,NCRO,2.92743478,Sonoma,V    **** **** ****,V,,0.005339907937475322,1.2256239633937187e-06,VYD_01765,1.1837574603767471,0.06478554755449295,549.8894822382172,221.59783935546875,12.4314603805542
4911480,r,V,S,**,**,*,*,*,**,V,**,*,*,*,00,**,**,*,*,*,**,**,**,*,*,*,**,S********* V*****00******************,****,,V,,****,,****,,****,NCRO,6.11549587,Sonoma,V    **** **** ****,V,,0.006895144852892446,2.561220182613755e-06,VYD_01771,2.4728922732334846,0.24261213839054108,481.743378588916,55.850189208984375,0.7482275366783142
4911474,r,V,S,**,**,*,*,*,**,V,**,*,*,*,00,**,**,*,*,*,**,**,**,*,*,*,**,S********* V*****00******************,****,,V,,****,,****,,****,NCRO,2.33321249,Sonoma,V    **** **** ****,V,,0.00464402851986314,9.762742268935374e-07,VYD_01774,0.9434717126070372,0.15586520731449127,627.5302013422818,116.37797546386719,16.7653865814209
4911464,r,V,S,**,**,*,*,*,**,V,**,*,*,*,00,**,**,*,*,*,**,**,**,*,*,*,**,S********* V*****00******************,****,,V,,****,,****,,****,NCRO,8.72936474,Sonoma,V    **** **** ****,V,,0.010614129992601664,3.6589772167406413e-06,VYD_01776,3.529847644369805,0.16212069988250732,412.9421371908539,384.1473388671875,11.844725608825684
4911459,r,V,S,**,**,*,*,*,**,V,**,*,*,*,00,**,**,*,*,*,**,**,**,*,*,*,**,S********* V*****00******************,****,,V,,****,,****,,****,NCRO,2.63955796,Sonoma,V    **** **** ****,V,,0.0045790232905073445,1.1062543519469638e-06,VYD_01779,1.0673419321963318,0.08913644403219223,524.5319422977846,200.8904571533203,5.451940536499023
4911451,r,V,S,**,**,*,*,*,**,V,**,*,*,*,00,**,**,*,*,*,**,**,**,*,*,*,**,S********* V*****00******************,****,,V,,****,,****,,****,NCRO,5.72231184,Sonoma,V    **** **** ****,V,,0.0084874223688502,2.3985920583134725e-06,VYD_01782,2.3138921488927373,0.07475943863391876,455.9603089720736,84.77288818359375,18.021230697631836
4911450,r,V,S,**,**,*,*,*,**,V,**,*,*,*,00,**,**,*,*,*,**,**,**,*,*,*,**,S********* V*****00******************,****,,V,,****,,****,,****,NCRO,6.92927139,Sonoma,V    **** **** ****,V,,0.007022472599497475,2.8987547891999623e-06,VYD_01783,2.8019629343525887,0.29875051975250244,635.3532998918068,169.81344604492188,18.453153610229492
4911446,r,V,S,**,**,*,*,*,**,V,**,*,*,*,00,**,**,*,*,*,**,**,**,*,*,*,**,S********* V*****00******************,****,,V,,****,,****,,****,NCRO,5.74409108,Sonoma,V    **** **** ****,V,,0.008093951109838312,2.404833425497548e-06,VYD_01785,2.3227165006382156,0.10635997354984283,565.4331436699855,117.61723327636719,4.47032356262207
4911416,r,V,S,**,**,*,*,*,**,V,**,*,*,*,00,**,**,*,*,*,**,**,**,*,*,*,**,S********* V*****00******************,****,,V,,****,,****,,****,NCRO,11.06673974,Sonoma,V    **** **** ****,V,,0.009954740223667794,4.635591807131795e-06,VYD_01796,4.475002193270828,-0.009534187614917755,400.31610044313135,89.396240234375,2.1851792335510254
4911408,r,V,S,**,**,*,*,*,**,V,**,*,*,*,00,**,**,*,*,*,**,**,**,*,*,*,**,S********* V*****00******************,****,,V,,****,,****,,****,NCRO,3.28804527,Sonoma,V    **** **** ****,V,,0.008459264005892883,1.3780367368330455e-06,VYD_01798,1.329572360244652,0.06628287583589554,297.5249740932643,244.6613006591797,13.210442543029785
4911387,r,V,S,**,**,*,*,*,**,V,**,*,*,*,00,**,**,*,*,*,**,**,**,*,*,*,**,S********* V*****00******************,****,,V,,****,,****,,****,NCRO,6.15068806,Sonoma,V    **** **** ****,V,,0.006343877054060943,2.575312261671545e-06,VYD_01803,2.4871284576734856,0.11495344340801239,488.9973433694932,80.40791320800781,1.9571236371994019
4911375,r,V,S,**,**,*,*,*,**,V,**,*,*,*,00,**,**,*,*,*,**,**,**,*,*,*,**,S********* V*****00******************,****,,V,,****,,****,,****,NCRO,6.86924213,Sonoma,V    **** **** ****,V,,0.007181349224051655,2.879157437930902e-06,VYD_01805,2.7776715625677117,0.12494465708732605,506.2550222662049,326.0528564453125,9.428295135498047
4911370,r,V,S,**,**,*,*,*,**,V,**,*,*,*,00,**,**,*,*,*,**,**,**,*,*,*,**,S********* V*****00******************,****,,V,,****,,****,,****,NCRO,1.65387437,Sonoma,V    **** **** ****,V,,0.0032976415934196897,6.932706250910384e-07,VYD_01808,0.6687659760772864,0.264149934053421,418.71334431630976,155.0170135498047,15.856475830078125
4911330,r,V,S,**,**,*,*,*,**,V,**,*,*,*,00,**,**,*,*,*,**,**,**,*,*,*,**,S********* V*****00******************,****,,V,,****,,****,,****,NCRO,3.23377267,Sonoma,V    **** **** ****,V,,0.006222240192250352,1.353320174990538e-06,VYD_01819,1.3076300268532153,0.2313401699066162,502.4096563356525,127.04764556884766,14.289424896240234
4911318,r,V,S,**,**,*,*,*,**,V,**,*,*,*,00,**,**,*,*,*,**,**,**,*,*,*,**,S********* V*****00******************,****,,V,,****,,****,,****,NCRO,2.05675181,Sonoma,V    **** **** ****,V,,0.0038264291139760665,8.620518867016129e-07,VYD_01824,0.8316749960588299,0.09241367876529694,404.0228401191658,120.12083435058594,10.740036964416504
4911317,r,V,S,**,**,*,*,*,**,V,**,*,*,*,00,**,**,*,*,*,**,**,**,*,*,*,**,S********* V*****00******************,****,,V,,****,,****,,****,NCRO,7.59023734,Sonoma,V    **** **** ****,V,,0.007370001912514515,3.1778093257296525e-06,VYD_01825,3.069233983592698,0.10381900519132614,614.4922414566328,56.474063873291016,1.174813985824585
4911307,r,V,S,**,**,*,*,*,**,V,**,*,*,*,00,**,**,*,*,*,**,**,**,*,*,*,**,S********* V*****00******************,****,,V,,****,,****,,****,NCRO,1.97974027,Sonoma,V    **** **** ****,V,,0.003741810331480522,8.28247125388705e-07,VYD_01828,0.8005362709494284,0.12469223886728287,520.4660929432013,68.20735168457031,6.815296173095703
4911292,r,V,S,**,**,*,*,*,**,V,**,*,*,*,00,**,**,*,*,*,**,**,**,*,*,*,**,S********* V*****00******************,****,,V,,****,,****,,****,NCRO,3.21178666,Sonoma,V    **** **** ****,V,,0.005953563753294216,1.344588742412232e-06,VYD_01832,1.2987418052026964,0.09660465270280838,534.1421008047438,342.43011474609375,16.538524627685547
4911286,r,V,S,**,**,*,*,*,**,V,**,*,*,*,00,**,**,*,*,*,**,**,**,*,*,*,**,S********* V*****00******************,****,,V,,****,,****,,****,NCRO,3.08077596,Sonoma,V    **** **** ****,V,,0.006482800353988794,1.2912841362028723e-06,VYD_01835,1.2457524019101238,0.25804582238197327,397.6611405835543,144.38185119628906,7.858582496643066
4911265,r,V,S,**,**,*,*,*,**,V,**,*,*,*,00,**,**,*,*,*,**,**,**,*,*,*,**,S********* V*****00******************,****,,V,,****,,****,,****,NCRO,3.17953195,Sonoma,V    **** **** ****,V,,0.005440322216317073,1.3311653244717277e-06,VYD_01843,1.2856939536148044,0.15296649932861328,563.8427255196058,89.93311309814453,4.171354293823242
4911264,r,V,S,**,**,*,*,*,**,V,**,*,*,*,00,**,**,*,*,*,**,**,**,*,*,*,**,S********* V*****00******************,****,,V,,****,,****,,****,NCRO,1.79772802,Sonoma,V    **** **** ****,V,,0.004220438084350976,7.526636408328672e-07,VYD_01844,0.7269417772618311,0.04040692374110222,506.3554193795481,231.2471923828125,19.21624183654785
4911260,r,V,S,**,**,*,*,*,**,V,**,*,*,*,00,**,**,*,*,*,**,**,**,*,*,*,**,S********* V*****00******************,****,,V,,****,,****,,****,NCRO,6.60055446,Sonoma,V    **** **** ****,V,,0.007367449249783395,2.761040734850817e-06,VYD_01845,2.6690418279535626,0.2021542340517044,561.6937996492312,185.0258331298828,2.385395050048828
4911230,r,V,S,**,**,*,*,*,**,V,**,*,*,*,00,**,**,*,*,*,**,**,**,*,*,*,**,S********* V*****00******************,****,,V,,****,,****,,****,NCRO,3.52873631,Sonoma,V    **** **** ****,V,,0.005198547896081632,1.477340487106377e-06,VYD_01850,1.4269132889294043,0.10762258619070053,330.80077220077226,137.3696746826172,0.7399134039878845
4911197,r,V,S,**,**,*,*,*,**,V,**,*,*,*,00,**,**,*,*,*,**,**,**,*,*,*,**,S********* V*****00******************,****,,V,,****,,****,,****,NCRO,2.26556568,Sonoma,V    **** **** ****,V,,0.005567125837922145,9.499160753603044e-07,VYD_01856,0.9161122330217509,0.426960825920105,432.42595373986177,550.453125,7.953293323516846
4911188,r,V,S,**,**,*,*,*,**,V,**,*,*,*,00,**,**,*,*,*,**,**,**,*,*,*,**,S********* V*****00******************,****,,V,,****,,****,,****,NCRO,2.38870011,Sonoma,V    **** **** ****,V,,0.0045133769907979016,1.0013108174612029e-06,VYD_01858,0.9659067783813494,0.14603197574615479,481.1557517084284,334.7151794433594,16.052156448364258
4911171,r,V,S,**,**,*,*,*,**,V,**,*,*,*,00,**,**,*,*,*,**,**,**,*,*,*,**,S********* V*****00******************,****,,V,,****,,****,,****,NCRO,3.36009162,Sonoma,V    **** **** ****,V,,0.005315327740160321,1.4067142558928898e-06,VYD_01864,1.358711269085075,0.050065889954566956,480.25673758865247,284.458251953125,10.479998588562012
4911133,r,V,S,**,**,*,*,*,**,V,**,*,*,*,00,**,**,*,*,*,**,**,**,*,*,*,**,S********* V*****00******************,****,,V,,****,,****,,****,NCRO,1.99422923,Sonoma,V    **** **** ****,V,,0.0043447820378032425,8.357576447296018e-07,VYD_01871,0.806395102716526,0.10880614817142487,582.7361063757245,157.92996215820312,23.727985382080078
4911112,r,V,S,**,**,*,*,*,**,V,**,*,*,*,00,**,**,*,*,*,**,**,**,*,*,*,**,S********* V*****00******************,****,,V,,****,,****,,****,NCRO,6.5734951,Sonoma,V    **** **** ****,V,,0.008042701701649085,2.7505805409300724e-06,VYD_01876,2.658098225793345,0.16014909744262695,493.80207253886005,61.582027435302734,3.498213529586792
4911101,r,V,S,**,**,*,*,*,**,V,**,*,*,*,00,**,**,*,*,*,**,**,**,*,*,*,**,S********* V*****00******************,****,,V,,****,,****,,****,NCRO,7.36869776,Sonoma,V    **** **** ****,V,,0.008495668056394649,3.0877716028750537e-06,VYD_01879,2.9796340391142926,0.11644113808870316,490.145073413981,123.59528350830078,10.227580070495605
4911093,r,V,S,**,**,*,*,*,**,V,**,*,*,*,00,**,**,*,*,*,**,**,**,*,*,*,**,S********* V*****00******************,****,,V,,****,,****,,****,NCRO,7.37326404,Sonoma,V    **** **** ****,V,,0.011726554183742388,3.08738198803322e-06,VYD_01880,2.9814973206078266,0.19475789368152618,559.6206577974871,120.5184097290039,4.633262634277344
4911085,r,V,S,**,**,*,*,*,**,V,**,*,*,*,00,**,**,*,*,*,**,**,**,*,*,*,**,S********* V*****00******************,****,,V,,****,,****,,****,NCRO,5.68708971,Sonoma,V    **** **** ****,V,,0.006686318170000234,2.3834551237481436e-06,VYD_01883,2.299662390647779,0.05319815129041672,262.8693672099712,215.32113647460938,12.323480606079102
4911071,r,V,S,**,**,*,*,*,**,V,**,*,*,*,00,X,**,*,n,*,00,**,**,*,*,*,**,S********* V*****00 X***n*00*********,****,,V,,X,,****,,****,NCRO,4.38614092,Sonoma,V    X    **** ****,V,,0.005857376130652819,1.8380098043079778e-06,VYD_01887,1.7735981226540338,-0.294714093208313,313.5242748565224,82.29840850830078,1.1981878280639648
4911067,r,V,S,**,**,*,*,*,**,V,**,*,*,*,00,**,**,*,*,*,**,**,**,*,*,*,**,S********* V*****00******************,****,,V,,****,,****,,****,NCRO,12.9006003,Sonoma,V    **** **** ****,V,,0.010534768213905636,5.396963132614887e-06,VYD_01888,5.216543673826605,0.1807575225830078,498.26451681453534,67.0640869140625,0.749933123588562
4911061,r,V,S,**,**,*,*,*,**,V,**,*,*,*,00,**,**,*,*,*,**,**,**,*,*,*,**,S********* V*****00******************,****,,V,,****,,****,,****,NCRO,1.98603469,Sonoma,V    **** **** ****,V,,0.0037600663610581776,8.314686011358315e-07,VYD_01890,0.8030870822652905,0.17793601751327515,549.6513383665065,277.4522705078125,16.136449813842773
4911060,r,V,S,**,**,*,*,*,**,V,**,*,*,*,00,**,**,*,*,*,**,**,**,*,*,*,**,S********* V*****00******************,****,,V,,****,,****,,****,NCRO,1.55619725,Sonoma,V    **** **** ****,V,,0.004176523371514493,6.516953492653136e-07,VYD_01891,0.6292731070417863,0.36478617787361145,630.9400699912511,193.82611083984375,11.764644622802734
4911038,r,V,S,**,**,*,*,*,**,V,**,*,*,*,00,**,**,*,*,*,**,**,**,*,*,*,**,S********* V*****00******************,****,,V,,****,,****,,****,NCRO,5.27989342,Sonoma,V    **** **** ****,V,,0.006882208608795119,2.213142954000371e-06,VYD_01896,2.134995066218575,0.06561025232076645,412.6385775028992,179.37338256835938,11.987053871154785
4911037,r,V,S,**,**,*,*,*,**,V,**,*,*,*,00,**,**,*,*,*,**,**,**,*,*,*,**,S********* V*****00******************,****,,V,,****,,****,,****,NCRO,1.91287784,Sonoma,V    **** **** ****,V,,0.00357282283193298,8.007191675577172e-07,VYD_01897,0.7735016797995082,0.020140135660767555,506.5751866334875,62.58551788330078,14.627413749694824
4911035,r,V,S,**,**,*,*,*,**,V,**,*,*,*,00,**,**,*,*,*,**,**,**,*,*,*,**,S********* V*****00******************,****,,V,,****,,****,,****,NCRO,4.73643127,Sonoma,V    **** **** ****,V,,0.006065403328439184,1.9803615271675283e-06,VYD_01898,1.9152521033826742,0.10420489311218262,467.94623035894494,58.42521286010742,1.586107611656189
4910990,r,V,S,**,**,*,*,*,**,V,**,*,*,*,00,**,**,*,*,*,**,**,**,*,*,*,**,S********* V*****00******************,****,,V,,****,,****,,****,NCRO,8.69243799,Sonoma,V    **** **** ****,V,,0.008602791465759279,3.6436352126912695e-06,VYD_01912,3.514901603288386,0.19408543407917023,508.5167984963584,158.75592041015625,14.526041984558105
4910987,r,V,S,**,**,*,*,*,**,V,**,*,*,*,00,**,**,*,*,*,**,**,**,*,*,*,**,S********* V*****00******************,****,,V,,****,,****,,****,NCRO,4.59548992,Sonoma,V    **** **** ****,V,,0.006025179157840343,1.9225321691041795e-06,VYD_01913,1.8582512721108035,0.18416337668895721,462.54054453980467,56.360897064208984,7.363099098205566
4910979,r,V,S,**,**,*,*,*,**,V,**,*,*,*,00,**,**,*,*,*,**,**,**,*,*,*,**,S********* V*****00******************,****,,V,,****,,****,,****,NCRO,22.69426531,Sonoma,V    **** **** ****,V,,0.012690742746004794,9.502979309545242e-06,VYD_01915,9.176854245360708,0.22039765119552612,402.9122859627552,121.60639190673828,2.388026237487793
4910969,r,V,S,**,**,*,*,*,**,V,**,*,*,*,00,**,**,*,*,*,**,**,**,*,*,*,**,S********* V*****00******************,****,,V,,****,,****,,****,NCRO,5.94804813,Sonoma,V    **** **** ****,V,,0.00964378500697516,2.489353203070203e-06,VYD_01917,2.4051873631660667,0.061378076672554016,493.06540664375706,81.95929718017578,3.713923454284668
4910963,r,V,S,**,**,*,*,*,**,V,**,*,*,*,00,**,**,*,*,*,**,**,**,*,*,*,**,S********* V*****00******************,****,,V,,****,,****,,****,NCRO,7.46597736,Sonoma,V    **** **** ****,V,,0.007478484093475895,3.1242953371531468e-06,VYD_01918,3.0189732774886826,0.10528337955474854,442.49660356851734,172.6029510498047,7.837958812713623
4910941,r,V,S,**,**,*,*,*,**,V,**,*,*,*,00,**,**,*,*,*,**,**,**,*,*,*,**,S********* V*****00******************,****,,V,,****,,****,,****,NCRO,2.77605542,Sonoma,V    **** **** ****,V,,0.005198879355409732,1.1632491584146958e-06,VYD_01922,1.1225367486194253,0.08790650963783264,530.1513513513513,119.69548797607422,12.528660774230957
4910939,r,V,S,**,**,*,*,*,**,V,**,*,*,*,00,**,**,*,*,*,**,**,**,*,*,*,**,S********* V*****00******************,****,,V,,****,,****,,****,NCRO,4.79532169,Sonoma,V    **** **** ****,V,,0.006465771152892357,2.0073457527401545e-06,VYD_01923,1.9390683649304632,0.024003781378269196,445.5488775220233,79.63899230957031,13.0538969039917
4910921,r,V,S,**,**,*,*,*,**,V,**,*,*,*,00,**,**,*,*,*,**,**,**,*,*,*,**,S********* V*****00******************,****,,V,,****,,****,,****,NCRO,33.86741763,Sonoma,V    **** **** ****,V,,0.017719007794556714,1.4179424303598168e-05,VYD_01925,13.694941345111936,0.13182726502418518,363.62352822985736,132.2573699951172,1.6053013801574707
4910917,r,V,S,**,**,*,*,*,**,V,**,*,*,*,00,**,**,*,*,*,**,**,**,*,*,*,**,S********* V*****00******************,****,,V,,****,,****,,****,NCRO,2.9392027,Sonoma,V    **** **** ****,V,,0.005338467039563397,1.23207747610902e-06,VYD_01927,1.188505375256677,0.17554938793182373,486.18794901506374,118.0097427368164,12.038078308105469
4910902,r,V,S,**,**,*,*,*,**,V,**,*,*,*,00,**,**,*,*,*,**,**,**,*,*,*,**,S********* V*****00******************,****,,V,,****,,****,,****,NCRO,11.21137011,Sonoma,V    **** **** ****,V,,0.008618789817974391,4.697643142959912e-06,VYD_01931,4.533483881247205,0.11131764203310013,550.9054177030881,139.04812622070312,10.532633781433105
4910900,r,V,S,**,**,*,*,*,**,V,**,*,*,*,00,**,**,*,*,*,**,**,**,*,*,*,**,S********* V*****00******************,****,,V,,****,,****,,****,NCRO,5.0440847,Sonoma,V    **** **** ****,V,,0.006814324635398081,2.1117813238255233e-06,VYD_01932,2.039658974231268,0.08159705996513367,444.8095109429883,109.11544036865234,4.6184587478637695
4910886,r,V,S,**,**,*,*,*,**,V,**,*,*,*,00,**,**,*,*,*,**,**,**,*,*,*,**,S********* V*****00******************,****,,V,,****,,****,,****,NCRO,3.26626728,Sonoma,V    **** **** ****,V,,0.006045062887913669,1.3678048291060573e-06,VYD_01934,1.3207661888120905,0.16499125957489014,565.9937395659434,92.30121612548828,10.690332412719727
4910866,r,V,S,**,**,*,*,*,**,V,**,*,*,*,00,**,**,*,*,*,**,**,**,*,*,*,**,S********* V*****00******************,****,,V,,****,,****,,****,NCRO,2.33569373,Sonoma,V    **** **** ****,V,,0.004540750842809737,9.77756601101017e-07,VYD_01939,0.9444786824495168,0.3088325560092926,466.2554616953103,328.2142333984375,9.539651870727539
4910851,r,V,S,**,**,*,*,*,**,V,**,*,*,*,00,**,**,*,*,*,**,**,**,*,*,*,**,S********* V*****00******************,****,,V,,****,,****,,****,NCRO,2.59497677,Sonoma,V    **** **** ****,V,,0.00516680573558455,1.0863195026319447e-06,VYD_01941,1.0493246711719253,0.17616961896419525,449.6840450615667,334.6308898925781,15.886149406433105
4910828,r,V,S,**,**,*,*,*,**,V,**,*,*,*,00,X,**,*,n,*,00,**,**,*,*,*,**,S********* V*****00 X***n*00*********,****,,V,,X,,****,,****,NCRO,2.30089953,Sonoma,V    X    **** ****,V,,0.007895058189701782,9.627705965556366e-07,VYD_01949,0.9304021152740739,-0.2501548230648041,468.6185449358061,59.2982063293457,5.409465789794922
4910823,r,V,S,**,**,*,*,*,**,V,**,*,*,*,00,**,**,*,*,*,**,**,**,*,*,*,**,S********* V*****00******************,****,,V,,****,,****,,****,NCRO,33.50585142,Sonoma,V    **** **** ****,V,,0.02028417225437729,1.4028351652773132e-05,VYD_01950,13.5487370794362,0.061621349304914474,388.3968750634943,135.33349609375,0.8951087594032288
4910803,r,V,S,**,**,*,*,*,**,V,**,*,*,*,00,**,**,*,*,*,**,**,**,*,*,*,**,S********* V*****00******************,****,,V,,****,,****,,****,NCRO,2.55792042,Sonoma,V    **** **** ****,V,,0.004227185675773735,1.0719732622275887e-06,VYD_01956,1.0343344934304928,0.10361100733280182,308.1028434759501,144.91990661621094,14.226317405700684
4910790,r,V,S,**,**,*,*,*,**,V,**,*,*,*,00,**,**,*,*,*,**,**,**,*,*,*,**,S********* V*****00******************,****,,V,,****,,****,,****,NCRO,2.08496521,Sonoma,V    **** **** ****,V,,0.00409359350083539,8.739205641890924e-07,VYD_01958,0.84308840242405,0.15797558426856995,327.58461036843823,362.6037292480469,7.230099201202393
4910779,r,V,S,**,**,*,*,*,**,V,**,*,*,*,00,**,**,*,*,*,**,**,**,*,*,*,**,S********* V*****00******************,****,,V,,****,,****,,****,NCRO,7.00870674,Sonoma,V    **** **** ****,V,,0.0077037769377387225,2.9367632671352405e-06,VYD_01962,2.8340666682209705,0.08314650505781174,470.3428460493108,78.70429992675781,5.118998050689697
4910770,r,V,S,**,**,*,*,*,**,V,**,*,*,*,00,**,**,*,*,*,**,**,**,*,*,*,**,S********* V*****00******************,****,,V,,****,,****,,****,NCRO,25.14336588,Sonoma,V    **** **** ****,V,,0.017607566980111757,1.0530270998822613e-05,VYD_01965,10.167168272333052,0.07775534689426422,338.83873062251433,107.2749252319336,0.8967162370681763
4910760,r,V,S,**,**,*,*,*,**,V,**,*,*,*,00,**,**,*,*,*,**,**,**,*,*,*,**,S********* V*****00******************,****,,V,,****,,****,,****,NCRO,2.79034117,Sonoma,V    **** **** ****,V,,0.005110349079883294,1.1693102559174413e-06,VYD_01970,1.128311606226297,0.14291642606258392,532.1688153733885,139.78216552734375,6.409114360809326
4910746,r,V,S,**,**,*,*,*,**,V,**,*,*,*,00,**,**,*,*,*,**,**,**,*,*,*,**,S********* V*****00******************,****,,V,,****,,****,,****,NCRO,4.16311005,Sonoma,V    **** **** ****,V,,0.007674683817359954,1.744942761845167e-06,VYD_01976,1.6834098889927391,0.18220321834087372,624.8121429737229,223.05230712890625,12.124265670776367
4910740,r,V,S,**,**,*,*,*,**,V,**,*,*,*,00,**,**,*,*,*,**,**,**,*,*,*,**,S********* V*****00******************,****,,V,,****,,****,,****,NCRO,3.53925079,Sonoma,V    **** **** ****,V,,0.00872177079907634,1.4833551062951315e-06,VYD_01977,1.431144680057358,0.159431591629982,391.5116413315373,284.08026123046875,7.327768802642822
4910736,r,V,S,**,**,*,*,*,**,V,**,*,*,*,00,**,**,*,*,*,**,**,**,*,*,*,**,S********* V*****00******************,****,,V,,****,,****,,****,NCRO,11.98005673,Sonoma,V    **** **** ****,V,,0.01032167227594898,5.011559945535567e-06,VYD_01980,4.8443221279511866,0.06255916506052017,432.48384527872594,118.37207794189453,11.471598625183105
4910728,r,V,S,**,**,*,*,*,**,V,**,*,*,*,00,**,**,*,*,*,**,**,**,*,*,*,**,S********* V*****00******************,****,,V,,****,,****,,****,NCRO,3.53376863,Sonoma,V    **** **** ****,V,,0.005350106734624717,1.4798569057167337e-06,VYD_01983,1.4289347180562146,0.09698547422885895,559.0749373916393,98.25492858886719,9.485871315002441
4910705,r,V,S,**,**,*,*,*,**,V,**,*,*,*,00,**,**,*,*,*,**,**,**,*,*,*,**,S********* V*****00******************,****,,V,,****,,****,,****,NCRO,1.84333287,Sonoma,V    **** **** ****,V,,0.003905789365072636,7.712082801264508e-07,VYD_01988,0.7453807297584042,0.14670073986053467,517.0993719985222,141.78244018554688,14.64505672454834
4910679,r,V,S,**,**,*,*,*,**,V,**,*,*,*,00,**,**,*,*,*,**,**,**,*,*,*,**,S********* V*****00******************,****,,V,,****,,****,,****,NCRO,5.80018579,Sonoma,V    **** **** ****,V,,0.007250234369290187,2.4286330302326246e-06,VYD_01993,2.345397283028146,0.14691053330898285,567.0303919267777,79.30236053466797,2.8221890926361084
4910659,r,V,S,**,**,*,*,*,**,V,**,*,*,*,00,**,**,*,*,*,**,**,**,*,*,*,**,S********* V*****00******************,****,,V,,****,,****,,****,NCRO,18.25142121,Sonoma,V    **** **** ****,V,,0.01705012898789556,7.641870314722684e-06,VYD_01996,7.380302489182704,0.2925446331501007,489.08795346929634,118.9465560913086,1.0478205680847168
4910658,r,V,S,**,**,*,*,*,**,V,**,*,*,*,00,**,**,*,*,*,**,**,**,*,*,*,**,S********* V*****00******************,****,,V,,****,,****,,****,NCRO,1.91181384,Sonoma,V    **** **** ****,V,,0.00451537859568601,7.998067470581575e-07,VYD_01997,0.7730723436645732,0.055235158652067184,588.9686386315038,172.59747314453125,8.005373001098633
4910646,r,V,S,**,**,*,*,*,**,V,**,*,*,*,00,**,**,*,*,*,**,**,**,*,*,*,**,S********* V*****00******************,****,,V,,****,,****,,****,NCRO,9.69619371,Sonoma,V    **** **** ****,V,,0.012656011081486089,4.057497322604411e-06,VYD_01999,3.9208208207455675,0.19048790633678436,532.9105485232067,123.46048736572266,5.394587993621826
4910636,r,V,S,**,**,*,*,*,**,V,**,*,*,*,00,**,**,*,*,*,**,**,**,*,*,*,**,S********* V*****00******************,****,,V,,****,,****,,****,NCRO,3.26202696,Sonoma,V    **** **** ****,V,,0.006227086877943409,1.3675770276536645e-06,VYD_02002,1.3190473739462125,0.11644187569618225,412.35265901981245,515.5512084960938,13.350457191467285
4910628,r,V,S,**,**,*,*,*,**,V,**,*,*,*,00,**,**,*,*,*,**,**,**,*,*,*,**,S********* V*****00******************,****,,V,,****,,****,,****,NCRO,5.49831098,Sonoma,V    **** **** ****,V,,0.006421110945247671,2.304988021101613e-06,VYD_02004,2.2233219746557604,0.10585922747850418,387.0537128712871,490.4442138671875,9.91742992401123
4910626,r,V,S,**,**,*,*,*,**,V,**,*,*,*,00,**,**,*,*,*,**,**,**,*,*,*,**,S********* V*****00******************,****,,V,,****,,****,,****,NCRO,3.84422927,Sonoma,V    **** **** ****,V,,0.0059505055601078065,1.6108459326997857e-06,VYD_02005,1.5544694642059846,0.1632997691631317,516.3791335101681,108.08448028564453,9.460208892822266
4910623,r,V,S,**,**,*,*,*,**,V,**,*,*,*,00,**,**,*,*,*,**,**,**,*,*,*,**,S********* V*****00******************,****,,V,,****,,****,,****,NCRO,5.96226595,Sonoma,V    **** **** ****,V,,0.007061025465812263,2.494978687081718e-06,VYD_02006,2.410924932530044,-0.00019449226965662092,477.3253257790369,60.454490661621094,11.534685134887695
4910588,r,V,S,**,**,*,*,*,**,V,**,*,*,*,00,**,**,*,*,*,**,**,**,*,*,*,**,S********* V*****00******************,****,,V,,****,,****,,****,NCRO,4.42029924,Sonoma,V    **** **** ****,V,,0.005627090627199346,1.8513126860938714e-06,VYD_02019,1.7874254971106431,0.07535229623317719,426.0525668613587,103.95755004882812,4.776796817779541
4910584,r,V,S,**,**,*,*,*,**,V,**,*,*,*,00,**,**,*,*,*,**,**,**,*,*,*,**,S********* V*****00******************,****,,V,,****,,****,,****,NCRO,2.8310132,Sonoma,V    **** **** ****,V,,0.0046186027558799535,1.1849867725515489e-06,VYD_02020,1.1447645962483892,0.02447284199297428,547.5544578313252,44.25423049926758,0.7098690271377563
4910573,r,V,S,**,**,*,*,*,**,V,**,*,*,*,00,**,**,*,*,*,**,**,**,*,*,*,**,S********* V*****00******************,****,,V,,****,,****,,****,NCRO,7.07089966,Sonoma,V    **** **** ****,V,,0.008003806995592052,2.9604720353075875e-06,VYD_02025,2.8592334430250244,0.07590842247009277,451.0191696368365,56.83048629760742,0.42779505252838135
4910570,r,V,S,**,**,*,*,*,**,V,**,*,*,*,00,**,**,*,*,*,**,**,**,*,*,*,**,S********* V*****00******************,****,,V,,****,,****,,****,NCRO,4.42688613,Sonoma,V    **** **** ****,V,,0.005999104171115919,1.853604554466204e-06,VYD_02026,1.7900825495074746,0.10583066940307617,492.1552518427519,63.76963424682617,2.416552782058716
4910566,r,V,S,**,**,*,*,*,**,V,**,*,*,*,00,**,**,*,*,*,**,**,**,*,*,*,**,S********* V*****00******************,****,,V,,****,,****,,****,NCRO,14.11635917,Sonoma,V    **** **** ****,V,,0.013686474651345554,5.9018053214586795e-06,VYD_02027,5.708176954068403,0.09271419793367386,556.1971919328381,50.45392990112305,0.3271905481815338
4910564,r,V,S,**,**,*,*,*,**,V,**,*,*,*,00,**,**,*,*,*,**,**,**,*,*,*,**,S********* V*****00******************,****,,V,,****,,****,,****,NCRO,4.06341499,Sonoma,V    **** **** ****,V,,0.005798679201775946,1.699840875265446e-06,VYD_02028,1.6431067691949899,0.08794444799423218,528.5005891264097,127.59757995605469,14.88080883026123
4910558,r,V,S,**,**,*,*,*,**,V,**,*,*,*,00,**,**,*,*,*,**,**,**,*,*,*,**,S********* V*****00******************,****,,V,,****,,****,,****,NCRO,4.15219795,Sonoma,V    **** **** ****,V,,0.006958628025917765,1.738744833900495e-06,VYD_02031,1.6790061550965514,0.0439453162252903,442.3160825417623,80.35746765136719,4.144535064697266
4910541,r,V,S,**,**,*,*,*,**,V,**,*,*,*,00,**,**,*,*,*,**,**,**,*,*,*,**,S********* V*****00******************,****,,V,,****,,****,,****,NCRO,5.32850159,Sonoma,V    **** **** ****,V,,0.005961589424976303,2.2328689607033286e-06,VYD_02036,2.1546549517955675,0.12293566763401031,431.9396144516787,78.63223266601562,1.0558826923370361
4910539,r,V,S,**,**,*,*,*,**,V,**,*,*,*,00,**,**,*,*,*,**,**,**,*,*,*,**,S********* V*****00******************,****,,V,,****,,****,,****,NCRO,1.9638276,Sonoma,V    **** **** ****,V,,0.005194076853350821,8.227249651516947e-07,VYD_02038,0.7941030805510447,0.061971236020326614,590.8800417246175,80.02423858642578,17.63502311706543
4910533,r,V,S,**,**,*,*,*,**,V,**,*,*,*,00,**,**,*,*,*,**,**,**,*,*,*,**,S********* V*****00******************,****,,V,,****,,****,,****,NCRO,15.17553964,Sonoma,V    **** **** ****,V,,0.010755611812668582,6.3464924330984855e-06,VYD_02039,6.13646659534735,0.10073903203010559,494.77046239404393,63.97281265258789,3.5108842849731445
4910522,r,V,S,**,**,*,*,*,**,V,**,*,*,*,00,**,**,*,*,*,**,**,**,*,*,*,**,S********* V*****00******************,****,,V,,****,,****,,****,NCRO,8.77970864,Sonoma,V    **** **** ****,V,,0.008203695356272564,3.6791887005728797e-06,VYD_02042,3.550198664111342,0.026739822700619698,382.78301301921886,84.67143249511719,1.4739161729812622
4910516,r,V,S,**,**,*,*,*,**,V,**,*,*,*,00,**,**,*,*,*,**,**,**,*,*,*,**,S********* V*****00******************,****,,V,,****,,****,,****,NCRO,4.00362513,Sonoma,V    **** **** ****,V,,0.005488907596252539,1.6769328171693766e-06,VYD_02045,1.618947467348148,0.09200180321931839,379.09254542367125,528.5203857421875,20.096248626708984
4910503,r,V,S,**,**,*,*,*,**,V,**,*,*,*,00,**,**,*,*,*,**,**,**,*,*,*,**,S********* V*****00******************,****,,V,,****,,****,,****,NCRO,3.53629773,Sonoma,V    **** **** ****,V,,0.005030291374340389,1.4819492884634717e-06,VYD_02047,1.4299512859498495,0.11905193328857422,420.77893317927976,95.83588409423828,10.02943229675293
4910491,r,V,S,**,**,*,*,*,**,V,**,*,*,*,00,**,**,*,*,*,**,**,**,*,*,*,**,S********* V*****00******************,****,,V,,****,,****,,****,NCRO,5.01371689,Sonoma,V    **** **** ****,V,,0.006269645324246641,2.101388047751523e-06,VYD_02048,2.0273658051110153,0.17593353986740112,464.29860263193603,275.7442932128906,4.003044128417969
4910478,r,V,S,**,**,*,*,*,**,V,**,*,*,*,00,**,**,*,*,*,**,**,**,*,*,*,**,S********* V*****00******************,****,,V,,****,,****,,****,NCRO,2.9028646,Sonoma,V    **** **** ****,V,,0.005064865838590872,1.2143146470486727e-06,VYD_02050,1.1738204320884862,0.25908389687538147,615.8390427029565,178.69590759277344,2.685060977935791
4910454,r,V,S,**,**,*,*,*,**,V,**,*,*,*,00,**,**,*,*,*,**,**,**,*,*,*,**,S********* V*****00******************,****,,V,,****,,****,,****,NCRO,2.88100955,Sonoma,V    **** **** ****,V,,0.004841646895462752,1.2076562491249968e-06,VYD_02056,1.164974426357407,0.22870679199695587,627.5753424657535,141.00721740722656,15.013360977172852
4910445,r,V,S,**,**,*,*,*,**,V,**,*,*,*,00,**,**,*,*,*,**,**,**,*,*,*,**,S********* V*****00******************,****,,V,,****,,****,,****,NCRO,2.30976578,Sonoma,V    **** **** ****,V,,0.003938642795574164,9.680659539571404e-07,VYD_02059,0.933987934864447,0.1499006301164627,404.7971572401541,317.760986328125,11.851842880249023
4910423,r,V,S,**,**,*,*,*,**,V,**,*,*,*,00,**,**,*,*,*,**,**,**,*,*,*,**,S********* V*****00******************,****,,V,,****,,****,,****,NCRO,4.36270347,Sonoma,V    **** **** ****,V,,0.005852091523941847,1.8285453717326647e-06,VYD_02066,1.7641173746794179,0.1815807968378067,459.70821000155786,281.25103759765625,5.645843029022217
4910407,r,V,S,**,**,*,*,*,**,V,**,*,*,*,00,**,**,*,*,*,**,**,**,*,*,*,**,S********* V*****00******************,****,,V,,****,,****,,****,NCRO,4.4984213,Sonoma,V    **** **** ****,V,,0.005829444305928293,1.8852850885810996e-06,VYD_02074,1.8190026014072176,0.13000746071338654,423.5959152798789,306.8006591796875,9.32341480255127
4910405,r,V,S,**,**,*,*,*,**,V,**,*,*,*,00,**,**,*,*,*,**,**,**,*,*,*,**,S********* V*****00******************,****,,V,,****,,****,,****,NCRO,2.31829663,Sonoma,V    **** **** ****,V,,0.004833747674983377,9.716995209836154e-07,VYD_02075,0.937433417925291,0.16939304769039154,481.0406719717065,110.59566497802734,7.990268230438232
4910399,r,V,S,**,**,*,*,*,**,V,**,*,*,*,00,**,**,*,*,*,**,**,**,*,*,*,**,S********* V*****00******************,****,,V,,****,,****,,****,NCRO,3.83428446,Sonoma,V    **** **** ****,V,,0.007313066344314669,1.6050486320760133e-06,VYD_02077,1.5504559089247767,0.18692351877689362,687.9187222715175,74.60247802734375,3.830836296081543
4910361,r,V,S,**,**,*,*,*,**,V,**,*,*,*,00,**,**,*,*,*,**,**,**,*,*,*,**,S********* V*****00******************,****,,V,,****,,****,,****,NCRO,4.02042947,Sonoma,V    **** **** ****,V,,0.0060476787838945195,1.6824303564571847e-06,VYD_02085,1.6257289971618656,0.2188170850276947,553.242830476837,118.79767608642578,3.487905263900757
4910344,r,V,S,**,**,*,*,*,**,V,**,*,*,*,00,**,**,*,*,*,**,**,**,*,*,*,**,S********* V*****00******************,****,,V,,****,,****,,****,NCRO,1.57973473,Sonoma,V    **** **** ****,V,,0.004520243321694908,6.621791364769858e-07,VYD_02087,0.6387857187369869,0.20433349907398224,504.32514014661496,81.42007446289062,8.36434268951416
4910340,r,V,S,**,**,*,*,*,**,V,**,*,*,*,00,**,**,*,*,*,**,**,**,*,*,*,**,S********* V*****00******************,****,,V,,****,,****,,****,NCRO,2.88745251,Sonoma,V    **** **** ****,V,,0.004806571051473008,1.2088866147917447e-06,VYD_02088,1.1675900455922963,0.26997601985931396,616.4252710985386,252.4433135986328,9.967911720275879
4910339,r,V,S,**,**,*,*,*,**,V,**,*,*,*,00,**,**,*,*,*,**,**,**,*,*,*,**,S********* V*****00******************,****,,V,,****,,****,,****,NCRO,7.326106,Sonoma,V    **** **** ****,V,,0.008284937133883178,3.0672755516719027e-06,VYD_02089,2.962420070565301,0.08295317739248276,485.2420044626255,71.48567199707031,1.4204895496368408
4910325,r,V,S,**,**,*,*,*,**,V,**,*,*,*,00,**,**,*,*,*,**,**,**,*,*,*,**,S********* V*****00******************,****,,V,,****,,****,,****,NCRO,2.06151977,Sonoma,V    **** **** ****,V,,0.004586362749159502,8.638267538021251e-07,VYD_02093,0.8336060579827932,0.07082343846559525,443.0357734349122,141.99952697753906,6.218796253204346
4910318,r,V,S,**,**,*,*,*,**,V,**,*,*,*,00,**,**,*,*,*,**,**,**,*,*,*,**,S********* V*****00******************,****,,V,,****,,****,,****,NCRO,3.7462366,Sonoma,V    **** **** ****,V,,0.0063044196105309985,1.5707610651582943e-06,VYD_02096,1.5148434727969027,0.11315217614173889,438.6613756613756,691.5167846679688,7.702726364135742
4910295,r,V,S,**,**,*,*,*,**,V,**,*,*,*,00,**,**,*,*,*,**,**,**,*,*,*,**,S********* V*****00******************,****,,V,,****,,****,,****,NCRO,3.71447336,Sonoma,V    **** **** ****,V,,0.00812893068947654,1.5569055435942266e-06,VYD_02103,1.5019971488894157,0.1273362636566162,375.206669109564,75.25067138671875,15.341814994812012
4910260,r,V,S,**,**,*,*,*,**,V,**,*,*,*,00,**,**,*,*,*,**,**,**,*,*,*,**,S********* V*****00******************,****,,V,,****,,****,,****,NCRO,5.96721225,Sonoma,V    **** **** ****,V,,0.009263245212571587,2.498181557570947e-06,VYD_02113,2.4129427204689904,0.01595284603536129,575.8717948717949,242.16787719726562,23.48662757873535
4910242,r,V,S,**,**,*,*,*,**,V,**,*,*,*,00,**,**,*,*,*,**,**,**,*,*,*,**,S********* V*****00******************,****,,V,,****,,****,,****,NCRO,6.8419433,Sonoma,V    **** **** ****,V,,0.008064313633496335,2.864664412263005e-06,VYD_02119,2.7666747804077167,0.07241743057966232,366.40859678867065,149.20376586914062,1.6579005718231201
4910240,r,V,S,**,**,*,*,*,**,V,**,*,*,*,00,**,**,*,*,*,**,**,**,*,*,*,**,S********* V*****00******************,****,,V,,****,,****,,****,NCRO,14.04483045,Sonoma,V    **** **** ****,V,,0.012700395089692817,5.880496312995988e-06,VYD_02121,5.67929395882689,0.09299293905496597,372.9992237531534,125.90799713134766,1.5639206171035767
4910231,r,V,S,**,**,*,*,*,**,V,**,*,*,*,00,**,**,*,*,*,**,**,**,*,*,*,**,S********* V*****00******************,****,,V,,****,,****,,****,NCRO,5.74590612,Sonoma,V    **** **** ****,V,,0.008016595194380208,2.4041457076888545e-06,VYD_02125,2.3234433454015417,0.17841865122318268,531.9038461538462,142.07135009765625,2.659719944000244
4910226,r,V,S,**,**,*,*,*,**,V,**,*,*,*,00,**,**,*,*,*,**,**,**,*,*,*,**,S********* V*****00******************,****,,V,,****,,****,,****,NCRO,2.14410761,Sonoma,V    **** **** ****,V,,0.003798478250214419,8.969213047395596e-07,VYD_02127,0.8670033986609,0.11756981164216995,468.41226954863316,95.18508911132812,8.533390998840332
4910211,r,V,S,**,**,*,*,*,**,V,**,*,*,*,00,**,**,*,*,*,**,**,**,*,*,*,**,S********* V*****00******************,****,,V,,****,,****,,****,NCRO,10.47206361,Sonoma,V    **** **** ****,V,,0.00887126159948215,4.3886833826707155e-06,VYD_02133,4.234528432901787,0.12078878283500671,419.70242888686835,133.62930297851562,2.237246513366699
4910210,r,V,S,**,**,*,*,*,**,V,**,*,*,*,00,**,**,*,*,*,**,**,**,*,*,*,**,S********* V*****00******************,****,,V,,****,,****,,****,NCRO,3.76166973,Sonoma,V    **** **** ****,V,,0.006082506638198662,1.5749028763741791e-06,VYD_02134,1.5211004274467215,0.15047593414783478,422.93473531544583,145.49114990234375,10.027932167053223
4910197,r,V,S,**,**,*,*,*,**,V,**,*,*,*,00,**,**,*,*,*,**,**,**,*,*,*,**,S********* V*****00******************,****,,V,,****,,****,,****,NCRO,2.99832755,Sonoma,V    **** **** ****,V,,0.007693253959002823,1.2551865517152394e-06,VYD_02139,1.212423551621159,0.05994117632508278,541.1954441913439,136.88246154785156,6.80507755279541
4910187,r,V,S,**,**,*,*,*,**,V,**,*,*,*,00,**,**,*,*,*,**,**,**,*,*,*,**,S********* V*****00******************,****,,V,,****,,****,,****,NCRO,23.67270298,Sonoma,V    **** **** ****,V,,0.014081960819344312,9.908997354211795e-06,VYD_02144,9.572436704784488,0.050606392323970795,431.36707587039655,59.37824630737305,1.8184255361557007
4910183,r,V,S,**,**,*,*,*,**,V,**,*,*,*,00,**,**,*,*,*,**,**,**,*,*,*,**,S********* V*****00******************,****,,V,,****,,****,,****,NCRO,4.67481242,Sonoma,V    **** **** ****,V,,0.006824624281712687,1.956428894786571e-06,VYD_02145,1.8903346411515336,0.12840181589126587,537.7860783457112,98.32636260986328,18.521217346191406
4910174,r,V,S,**,**,*,*,*,**,V,**,*,*,*,00,**,**,*,*,*,**,**,**,*,*,*,**,S********* V*****00******************,****,,V,,****,,****,,****,NCRO,10.01735362,Sonoma,V    **** **** ****,V,,0.009149849290726559,4.19821163951492e-06,VYD_02147,4.050671357008198,0.04324808716773987,271.8829519994568,203.2476348876953,14.947697639465332
4910172,r,V,S,**,**,*,*,*,**,V,**,*,*,*,00,**,**,*,*,*,**,**,**,*,*,*,**,S********* V*****00******************,****,,V,,****,,****,,****,NCRO,6.51810035,Sonoma,V    **** **** ****,V,,0.00883137484954765,2.7322090811100754e-06,VYD_02148,2.63569560065558,-0.009824329055845737,407.6215821331663,385.26239013671875,12.717473030090332
4910171,r,V,S,**,**,*,*,*,**,V,**,*,*,*,00,**,**,*,*,*,**,**,**,*,*,*,**,S********* V*****00******************,****,,V,,****,,****,,****,NCRO,9.47941192,Sonoma,V    **** **** ****,V,,0.016004062802193283,3.96855771978961e-06,VYD_02149,3.833179394650303,0.06753864884376526,520.7016447604681,130.36520385742188,5.930745601654053
4910163,r,V,S,**,**,*,*,*,**,V,**,*,*,*,00,**,**,*,*,*,**,**,**,*,*,*,**,S********* V*****00******************,****,,V,,****,,****,,****,NCRO,10.51842314,Sonoma,V    **** **** ****,V,,0.00983760262698665,4.408656424533874e-06,VYD_02150,4.253268907705622,0.08165164291858673,518.7942868222062,325.4376220703125,4.422455787658691
4910157,r,V,S,**,**,*,*,*,**,V,**,*,*,*,00,**,**,*,*,*,**,**,**,*,*,*,**,S********* V*****00******************,****,,V,,****,,****,,****,NCRO,2.60440422,Sonoma,V    **** **** ****,V,,0.004894111066086093,1.0895673873729428e-06,VYD_02153,1.0531298489382719,0.11526910215616226,542.6864451476791,69.3526840209961,5.871894836425781
4910151,r,V,S,**,**,*,*,*,**,V,**,*,*,*,00,**,**,*,*,*,**,**,**,*,*,*,**,S********* V*****00******************,****,,V,,****,,****,,****,NCRO,7.35260152,Sonoma,V    **** **** ****,V,,0.00847256041324062,3.0757179158872945e-06,VYD_02157,2.973142683439155,0.12689486145973206,587.5856838990103,137.3089141845703,12.1489896774292
4910148,r,V,S,**,**,*,*,*,**,V,**,*,*,*,00,**,**,*,*,*,**,**,**,*,*,*,**,S********* V*****00******************,****,,V,,****,,****,,****,NCRO,1.99023686,Sonoma,V    **** **** ****,V,,0.005287672070617177,8.33150941040628e-07,VYD_02159,0.8047848002538001,0.10643532127141953,484.42381606039805,86.41271209716797,6.2767558097839355
4910120,r,V,S,**,**,*,*,*,**,V,**,*,*,*,00,**,**,*,*,*,**,**,**,*,*,*,**,S********* V*****00******************,****,,V,,****,,****,,****,NCRO,2.86877535,Sonoma,V    **** **** ****,V,,0.006483693434040754,1.2028062491831629e-06,VYD_02163,1.1600294969500589,0.14615680277347565,407.3533033388587,616.8892211914062,14.697625160217285
4910104,r,V,S,**,**,*,*,*,**,V,**,*,*,*,00,**,**,*,*,*,**,**,**,*,*,*,**,S********* V*****00******************,****,,V,,****,,****,,****,NCRO,3.23184352,Sonoma,V    **** **** ****,V,,0.0050230459811424185,1.3546814416650998e-06,VYD_02167,1.306842233310498,0.03478752821683884,320.2900105152472,476.1050720214844,6.053281784057617
4910090,r,V,S,**,**,*,*,*,**,V,**,*,*,*,00,**,**,*,*,*,**,**,**,*,*,*,**,S********* V*****00******************,****,,V,,****,,****,,****,NCRO,2.64225961,Sonoma,V    **** **** ****,V,,0.0046784458766460655,1.1054817990866157e-06,VYD_02170,1.0684390705199092,0.3341030180454254,508.827710533093,172.39700317382812,3.16677188873291
4910086,r,V,S,**,**,*,*,*,**,V,**,*,*,*,00,**,**,*,*,*,**,**,**,*,*,*,**,S********* V*****00******************,****,,V,,****,,****,,****,NCRO,2.90120414,Sonoma,V    **** **** ****,V,,0.006755094785668357,1.216227357382086e-06,VYD_02172,1.173144207589926,0.16697704792022705,463.450800376648,431.19482421875,11.849385261535645
4910053,r,V,S,**,**,*,*,*,**,V,**,*,*,*,00,**,**,*,*,*,**,**,**,*,*,*,**,S********* V*****00******************,****,,V,,****,,****,,****,NCRO,3.16539123,Sonoma,V    **** **** ****,V,,0.005598776817302232,1.3247846187400403e-06,VYD_02182,1.2799749909711575,0.1746729612350464,562.3126481361776,70.52497100830078,11.885643005371094
4910047,r,V,S,**,**,*,*,*,**,V,**,*,*,*,00,**,**,*,*,*,**,**,**,*,*,*,**,S********* V*****00******************,****,,V,,****,,****,,****,NCRO,1.71370571,Sonoma,V    **** **** ****,V,,0.0034395732123016997,7.171785001469294e-07,VYD_02183,0.6929654708586919,0.1807951182126999,618.6423473433786,105.73016357421875,1.2153043746948242
4910046,r,V,S,**,**,*,*,*,**,V,**,*,*,*,00,**,**,*,*,*,**,**,**,*,*,*,**,S********* V*****00******************,****,,V,,****,,****,,****,NCRO,7.55141827,Sonoma,V    **** **** ****,V,,0.008264545451025123,3.158640001534905e-06,VYD_02184,3.053534541517065,0.14631380140781403,517.3526121086348,92.89398956298828,0.6527381539344788
4910045,r,V,S,**,**,*,*,*,**,V,**,*,*,*,00,**,**,*,*,*,**,**,**,*,*,*,**,S********* V*****00******************,****,,V,,****,,****,,****,NCRO,2.0856298,Sonoma,V    **** **** ****,V,,0.0043770435151315405,8.742753824006038e-07,VYD_02185,0.8433543720487451,0.10805575549602509,418.15024549918166,452.4057922363281,12.494905471801758
4910037,r,V,S,**,**,*,*,*,**,V,**,*,*,*,00,**,**,*,*,*,**,**,**,*,*,*,**,S********* V*****00******************,****,,V,,****,,****,,****,NCRO,1.61585977,Sonoma,V    **** **** ****,V,,0.0033674281092526846,6.757482363670434e-07,VYD_02187,0.6533999472763875,0.07902917265892029,566.4810446503791,158.30661010742188,9.651765823364258
4910008,r,V,S,**,**,*,*,*,**,V,**,*,*,*,00,**,**,*,*,*,**,**,**,*,*,*,**,S********* V*****00******************,****,,V,,****,,****,,****,NCRO,5.03758702,Sonoma,V    **** **** ****,V,,0.0069523705837834975,2.1074482283004303e-06,VYD_02192,2.037025930287617,0.22632232308387756,651.5474709223695,141.6624298095703,9.342910766601562
4910003,r,V,S,**,**,*,*,*,**,V,**,*,*,*,00,**,**,*,*,*,**,**,**,*,*,*,**,S********* V*****00******************,****,,V,,****,,****,,****,NCRO,6.10082916,Sonoma,V    **** **** ****,V,,0.006808419076500661,2.554542982133054e-06,VYD_02195,2.466987243917966,0.11969513446092606,410.5573788792141,131.84739685058594,1.3434257507324219
4909968,r,V,S,**,**,*,*,*,**,V,**,*,*,*,00,**,**,*,*,*,**,**,**,*,*,*,**,S********* V*****00******************,****,,V,,****,,****,,****,NCRO,6.45585642,Sonoma,V    **** **** ****,V,,0.006460068054874715,2.704021728235994e-06,VYD_02199,2.6105231785267504,0.11600972712039948,386.71532462057337,66.59224700927734,0.8994521498680115
4909966,r,V,S,**,**,*,*,*,**,V,**,*,*,*,00,**,**,*,*,*,**,**,**,*,*,*,**,S********* V*****00******************,****,,V,,****,,****,,****,NCRO,4.04606199,Sonoma,V    **** **** ****,V,,0.005937218750883919,1.6917017943874218e-06,VYD_02200,1.6360902345441115,0.13167321681976318,513.5891080762096,59.279659271240234,4.025619983673096
4909961,r,V,S,**,**,*,*,*,**,V,**,*,*,*,00,**,**,*,*,*,**,**,**,*,*,*,**,S********* V*****00******************,****,,V,,****,,****,,****,NCRO,3.09230719,Sonoma,V    **** **** ****,V,,0.004751071005565483,1.2937179031035428e-06,VYD_02202,1.2504194877534125,0.16346018016338348,489.06277533039656,93.43805694580078,5.853498935699463
4909951,r,V,S,**,**,*,*,*,**,V,**,*,*,*,00,**,**,*,*,*,**,**,**,*,*,*,**,S********* V*****00******************,****,,V,,****,,****,,****,NCRO,3.06350252,Sonoma,V    **** **** ****,V,,0.00444728996555978,1.2840860504434892e-06,VYD_02204,1.2387749358216649,0.14791183173656464,355.399288572699,370.0505065917969,12.710542678833008
4909949,r,V,S,**,**,*,*,*,**,V,**,*,*,*,00,X,**,*,n,*,00,**,**,*,*,*,**,S********* V*****00 X***n*00*********,****,,V,,X,,****,,****,NCRO,3.08303258,Sonoma,V    X    **** ****,V,,0.004608167636385081,1.292013149426647e-06,VYD_02205,1.2466674644585416,-0.2822169363498688,346.42992926613624,108.72213745117188,7.750741958618164
4909948,r,V,S,**,**,*,*,*,**,V,**,*,*,*,00,**,**,*,*,*,**,**,**,*,*,*,**,S********* V*****00******************,****,,V,,****,,****,,****,NCRO,13.06464567,Sonoma,V    **** **** ****,V,,0.009979451295751684,5.468665707690131e-06,VYD_02206,5.282908600149174,0.07695921510457993,455.1854670558798,60.44266128540039,6.397399425506592
4909947,r,V,S,**,**,*,*,*,**,V,**,*,*,*,00,**,**,*,*,*,**,**,**,*,*,*,**,S********* V*****00******************,****,,V,,****,,****,,****,NCRO,4.23427627,Sonoma,V    **** **** ****,V,,0.006075947162143395,1.774838079102617e-06,VYD_02207,1.712195600845155,0.025649841874837875,373.87538189419524,373.98822021484375,18.22176742553711
4909937,r,V,S,**,**,*,*,*,**,V,**,*,*,*,00,**,**,*,*,*,**,**,**,*,*,*,**,S********* V*****00******************,****,,V,,****,,****,,****,NCRO,5.89871025,Sonoma,V    **** **** ****,V,,0.006319031478870986,2.4696215644266318e-06,VYD_02209,2.3852401702617314,0.16823376715183258,458.6085651621841,103.29113006591797,3.5201332569122314
4909905,r,V,S,**,**,*,*,*,**,V,**,*,*,*,00,**,**,*,*,*,**,**,**,*,*,*,**,S********* V*****00******************,****,,V,,****,,****,,****,NCRO,8.65114243,Sonoma,V    **** **** ****,V,,0.010033307763440191,3.6212234839259827e-06,VYD_02217,3.4982338813698743,-0.06818171590566635,338.91265962478315,72.96576690673828,7.324488162994385
4909866,r,V,S,**,**,*,*,*,**,V,**,*,*,*,00,**,**,*,*,*,**,**,**,*,*,*,**,S********* V*****00******************,****,,V,,****,,****,,****,NCRO,1.64221315,Sonoma,V    **** **** ****,V,,0.0034219579886212922,6.877276215355318e-07,VYD_02232,0.6640632125716378,0.031001679599285126,373.31788079470203,328.0667724609375,17.12102699279785
4909841,r,V,S,**,**,*,*,*,**,V,**,*,*,*,00,**,**,*,*,*,**,**,**,*,*,*,**,S********* V*****00******************,****,,V,,****,,****,,****,NCRO,6.34317612,Sonoma,V    **** **** ****,V,,0.006940429081427458,2.654522976001987e-06,VYD_02239,2.56496371350014,0.08192247897386551,553.7953418158293,82.02952575683594,7.825103282928467
4909835,r,V,S,**,**,*,*,*,**,V,**,*,*,*,00,**,**,*,*,*,**,**,**,*,*,*,**,S********* V*****00******************,****,,V,,****,,****,,****,NCRO,3.18928268,Sonoma,V    **** **** ****,V,,0.005729886227552742,1.3364307582425921e-06,VYD_02242,1.289632958263235,0.04506579786539078,334.9535928143713,130.12631225585938,11.435857772827148
4909813,r,V,S,**,**,*,*,*,**,V,**,*,*,*,00,**,**,*,*,*,**,**,**,*,*,*,**,S********* V*****00******************,****,,V,,****,,****,,****,NCRO,1.87606974,Sonoma,V    **** **** ****,V,,0.003825997040574144,7.851152066571406e-07,VYD_02252,0.7586189704352913,0.20684558153152466,589.6891060441549,74.11149597167969,8.931734085083008
4909790,r,V,S,**,**,*,*,*,**,V,**,*,*,*,00,**,**,*,*,*,**,**,**,*,*,*,**,S********* V*****00******************,****,,V,,****,,****,,****,NCRO,3.55525662,Sonoma,V    **** **** ****,V,,0.005160999654151963,1.4901592802729918e-06,VYD_02258,1.4376199156135199,0.13287433981895447,401.9877488514549,361.8865051269531,17.16539764404297
4909785,r,V,S,**,**,*,*,*,**,V,**,*,*,*,00,**,**,*,*,*,**,**,**,*,*,*,**,S********* V*****00******************,****,,V,,****,,****,,****,NCRO,2.6759245,Sonoma,V    **** **** ****,V,,0.004666942752063515,1.119886399758659e-06,VYD_02260,1.0820550383642389,0.14693178236484528,510.4685510567863,112.38446044921875,14.279251098632812
4909772,r,V,S,**,**,*,*,*,**,V,**,*,*,*,00,**,**,*,*,*,**,**,**,*,*,*,**,S********* V*****00******************,****,,V,,****,,****,,****,NCRO,3.24655782,Sonoma,V    **** **** ****,V,,0.006356379404979228,1.3590028013213202e-06,VYD_02265,1.3127975867133652,0.03222392126917839,504.3692728036991,56.83869552612305,3.4320921897888184
4909736,r,V,S,**,**,*,*,*,**,V,**,*,*,*,00,**,**,*,*,*,**,**,**,*,*,*,**,S********* V*****00******************,****,,V,,****,,****,,****,NCRO,5.02113891,Sonoma,V    **** **** ****,V,,0.0066783421195780596,2.1050866417047773e-06,VYD_02272,2.0303623580245387,0.1962338089942932,584.703182125931,223.8839569091797,6.079971790313721
4909726,r,V,S,**,**,*,*,*,**,V,**,*,*,*,00,**,**,*,*,*,**,**,**,*,*,*,**,S********* V*****00******************,****,,V,,****,,****,,****,NCRO,7.57045055,Sonoma,V    **** **** ****,V,,0.008715505231946101,3.1679213250457067e-06,VYD_02274,3.0612174003876853,0.04036595672369003,431.47116850506666,69.65835571289062,8.885164260864258
4909712,r,V,S,**,**,*,*,*,**,V,**,*,*,*,00,**,**,*,*,*,**,**,**,*,*,*,**,S********* V*****00******************,****,,V,,****,,****,,****,NCRO,11.87109644,Sonoma,V    **** **** ****,V,,0.01027104317256027,4.975732172830387e-06,VYD_02279,4.800240636695662,0.18557488918304443,571.1624641833811,331.6437683105469,13.375269889831543
4909688,r,V,S,**,**,*,*,*,**,V,**,*,*,*,00,**,**,*,*,*,**,**,**,*,*,*,**,S********* V*****00******************,****,,V,,****,,****,,****,NCRO,2.82820224,Sonoma,V    **** **** ****,V,,0.006205165147707802,1.1834067112277696e-06,VYD_02287,1.1436284812444604,0.13803361356258392,502.47422928709074,94.35453796386719,6.690084457397461
4909669,r,V,S,**,**,*,*,*,**,V,**,*,*,*,00,**,**,*,*,*,**,**,**,*,*,*,**,S********* V*****00******************,****,,V,,****,,****,,****,NCRO,2.48895988,Sonoma,V    **** **** ****,V,,0.00415443490665357,1.041232840002393e-06,VYD_02293,1.006446223680955,0.035815656185150146,337.7602082762401,52.41800308227539,4.338400363922119
4909646,r,V,S,**,**,*,*,*,**,V,**,*,*,*,00,**,**,*,*,*,**,**,**,*,*,*,**,S********* V*****00******************,****,,V,,****,,****,,****,NCRO,2.09044329,Sonoma,V    **** **** ****,V,,0.006390774886001446,8.754395020963524e-07,VYD_02299,0.8453042311666846,0.34703874588012695,664.2297650130549,200.22442626953125,10.491902351379395
4909621,r,V,S,**,**,*,*,*,**,V,**,*,*,*,00,**,**,*,*,*,**,**,**,*,*,*,**,S********* V*****00******************,****,,V,,****,,****,,****,NCRO,9.05205425,Sonoma,V    **** **** ****,V,,0.008277515963108072,3.7943468712270786e-06,VYD_02305,3.6603160498698877,0.1445506364107132,374.63874699519215,68.5968017578125,0.27194011211395264
4909609,r,V,S,**,**,*,*,*,**,V,**,*,*,*,00,**,**,*,*,*,**,**,**,*,*,*,**,S********* V*****00******************,****,,V,,****,,****,,****,NCRO,2.30222805,Sonoma,V    **** **** ****,V,,0.004543654253195432,9.638218811926643e-07,VYD_02309,0.9309431895295602,0.040941789746284485,523.5310650887575,59.141361236572266,4.650084972381592
4909606,r,V,S,**,**,*,*,*,**,V,**,*,*,*,00,**,**,*,*,*,**,**,**,*,*,*,**,S********* V*****00******************,****,,V,,****,,****,,****,NCRO,7.21320961,Sonoma,V    **** **** ****,V,,0.008785204079863449,3.0209579779442388e-06,VYD_02310,2.916769419271714,0.061786577105522156,393.6321003963011,57.48141098022461,0.8562770485877991
4909602,r,V,S,**,**,*,*,*,**,V,**,*,*,*,00,**,**,*,*,*,**,**,**,*,*,*,**,S********* V*****00******************,****,,V,,****,,****,,****,NCRO,5.911492,Sonoma,V    **** **** ****,V,,0.009671608049988196,2.4768698217773247e-06,VYD_02311,2.3903979349140814,0.08996455371379852,492.5395948434622,82.56494140625,3.250430107116699
4909594,r,V,S,**,**,*,*,*,**,V,**,*,*,*,00,**,**,*,*,*,**,**,**,*,*,*,**,S********* V*****00******************,****,,V,,****,,****,,****,NCRO,8.53451696,Sonoma,V    **** **** ****,V,,0.008088537681679074,3.5703093902293108e-06,VYD_02312,3.451063556115163,0.16442237794399261,462.70617816091954,151.60060119628906,5.204659938812256
4909589,r,V,S,**,**,*,*,*,**,V,**,*,*,*,00,**,**,*,*,*,**,**,**,*,*,*,**,S********* V*****00******************,****,,V,,****,,****,,****,NCRO,43.64531,Sonoma,V    **** **** ****,V,,0.023981957826986793,1.8274767254371766e-05,VYD_02315,17.648814501064532,0.09379349648952484,450.7820149044309,128.30010986328125,1.0646487474441528
4909577,r,V,S,**,**,*,*,*,**,V,**,*,*,*,00,**,**,*,*,*,**,**,**,*,*,*,**,S********* V*****00******************,****,,V,,****,,****,,****,NCRO,3.29346747,Sonoma,V    **** **** ****,V,,0.005506813455486879,1.377871291911353e-06,VYD_02319,1.3317663622104015,0.27352750301361084,522.6156554151996,150.31954956054688,21.057695388793945
4909574,r,V,S,**,**,*,*,*,**,V,**,*,*,*,00,**,**,*,*,*,**,**,**,*,*,*,**,S********* V*****00******************,****,,V,,****,,****,,****,NCRO,2.69325236,Sonoma,V    **** **** ****,V,,0.006539178342845599,1.1273512614992579e-06,VYD_02320,1.089059911999817,0.05216115340590477,365.03189066059224,73.86709594726562,15.747650146484375
4909555,r,V,S,**,**,*,*,*,**,V,**,*,*,*,00,**,**,*,*,*,**,**,**,*,*,*,**,S********* V*****00******************,****,,V,,****,,****,,****,NCRO,4.79353644,Sonoma,V    **** **** ****,V,,0.00835132590770137,2.0090628543475585e-06,VYD_02324,1.9383384379868007,0.22949832677841187,400.6299346776483,333.978759765625,9.854516983032227
4909545,r,V,S,**,**,*,*,*,**,V,**,*,*,*,00,**,**,*,*,*,**,**,**,*,*,*,**,S********* V*****00******************,****,,V,,****,,****,,****,NCRO,11.50038218,Sonoma,V    **** **** ****,V,,0.011613467414318313,4.8146976284818306e-06,VYD_02329,4.650391614042276,0.23044437170028687,479.5692043570921,141.7144317626953,6.518279552459717
4909511,r,V,S,**,**,*,*,*,**,V,**,*,*,*,00,**,**,*,*,*,**,**,**,*,*,*,**,S********* V*****00******************,****,,V,,****,,****,,****,NCRO,6.69948874,Sonoma,V    **** **** ****,V,,0.007338301256609961,2.807617840275309e-06,VYD_02339,2.7090410918122303,0.14542046189308167,329.6292613636363,155.00189208984375,14.991100311279297
4909491,r,V,S,**,**,*,*,*,**,V,**,*,*,*,00,**,**,*,*,*,**,**,**,*,*,*,**,S********* V*****00******************,****,,V,,****,,****,,****,NCRO,1.81551319,Sonoma,V    **** **** ****,V,,0.0035470445298833916,7.601723438350744e-07,VYD_02345,0.7341322753214213,0.11105450987815857,488.9650638617581,82.39885711669922,3.2379326820373535
4909482,r,V,S,**,**,*,*,*,**,V,**,*,*,*,00,**,**,*,*,*,**,**,**,*,*,*,**,S********* V*****00******************,****,,V,,****,,****,,****,NCRO,2.68323332,Sonoma,V    **** **** ****,V,,0.0063373238148698545,1.1235717563449323e-06,VYD_02349,1.0850080510134201,0.04718249291181564,477.7582361885454,140.6611785888672,10.61501407623291
4909464,r,V,S,**,**,*,*,*,**,V,**,*,*,*,00,**,**,*,*,*,**,**,**,*,*,*,**,S********* V*****00******************,****,,V,,****,,****,,****,NCRO,22.15668349,Sonoma,V    **** **** ****,V,,0.014487684468086157,9.27671821789809e-06,VYD_02352,8.959475041218129,0.2433270514011383,454.3234860582238,125.01704406738281,1.456335186958313
4909437,r,V,S,**,**,*,*,*,**,V,**,*,*,*,00,**,**,*,*,*,**,**,**,*,*,*,**,S********* V*****00******************,****,,V,,****,,****,,****,NCRO,1.91160141,Sonoma,V    **** **** ****,V,,0.004827612016159372,8.011317221486958e-07,VYD_02357,0.7729860327668298,0.2275172621011734,355.9007117437723,170.0320587158203,12.702828407287598
4909434,r,V,S,**,**,*,*,*,**,V,**,*,*,*,00,**,**,*,*,*,**,**,**,*,*,*,**,S********* V*****00******************,****,,V,,****,,****,,****,NCRO,4.14631842,Sonoma,V    **** **** ****,V,,0.007340383515320226,1.7382172466527933e-06,VYD_02358,1.6766232483394152,0.0688105896115303,379.7247781794281,505.039794921875,13.869948387145996
4909411,r,V,S,**,**,*,*,*,**,V,**,*,*,*,00,**,**,*,*,*,**,**,**,*,*,*,**,S********* V*****00******************,****,,V,,****,,****,,****,NCRO,2.28967933,Sonoma,V    **** **** ****,V,,0.00421676990144605,9.58514715116094e-07,VYD_02368,0.9258710321400521,0.1866021752357483,435.49925439904564,285.2655029296875,18.428752899169922
4909369,r,V,S,**,**,*,*,*,**,V,**,*,*,*,00,**,**,*,*,*,**,**,**,*,*,*,**,S********* V*****00******************,****,,V,,****,,****,,****,NCRO,1.77196117,Sonoma,V    **** **** ****,V,,0.004697462612720547,7.419963209011274e-07,VYD_02375,0.7165212098474836,0.07623898237943649,449.33436174315466,149.21279907226562,5.9405131340026855
4909356,r,V,S,**,**,*,*,*,**,V,**,*,*,*,00,**,**,*,*,*,**,**,**,*,*,*,**,S********* V*****00******************,****,,V,,****,,****,,****,NCRO,3.17693514,Sonoma,V    **** **** ****,V,,0.004847390565020253,1.3317061928477293e-06,VYD_02379,1.2846347534206077,0.12841400504112244,393.37606837606836,76.21328735351562,0.719383955001831
4909347,r,V,S,**,**,*,*,*,**,V,**,*,*,*,00,**,**,*,*,*,**,**,**,*,*,*,**,S********* V*****00******************,****,,V,,****,,****,,****,NCRO,4.42519944,Sonoma,V    **** **** ****,V,,0.008231617581366372,1.8519272820926905e-06,VYD_02382,1.7894030505342908,0.06151113659143448,550.1177647783252,95.1676254272461,2.9713737964630127
4909346,r,V,S,**,**,*,*,*,**,V,**,*,*,*,00,**,**,*,*,*,**,**,**,*,*,*,**,S********* V*****00******************,****,,V,,****,,****,,****,NCRO,4.80865139,Sonoma,V    **** **** ****,V,,0.006081890649631557,2.011485599985309e-06,VYD_02383,1.9444554056510108,0.11549249291419983,638.4834605597964,117.87649536132812,11.313289642333984
4909324,r,V,S,**,**,*,*,*,**,V,**,*,*,*,00,**,**,*,*,*,**,**,**,*,*,*,**,S********* V*****00******************,****,,V,,****,,****,,****,NCRO,12.02806813,Sonoma,V    **** **** ****,V,,0.009693967364825787,5.036068238921928e-06,VYD_02388,4.863739325162545,0.2130056917667389,615.5648483476687,88.52157592773438,2.62390398979187
4909308,r,V,S,**,**,*,*,*,**,V,**,*,*,*,00,**,**,*,*,*,**,**,**,*,*,*,**,S********* V*****00******************,****,,V,,****,,****,,****,NCRO,4.73120172,Sonoma,V    **** **** ****,V,,0.0063195319630603465,1.9837951087687624e-06,VYD_02391,1.9131284016615728,0.21851104497909546,527.0870253164557,697.1953735351562,7.868277072906494
4909291,r,V,S,**,**,*,*,*,**,V,**,*,*,*,00,X,**,*,n,*,00,**,**,*,*,*,**,S********* V*****00 X***n*00*********,****,,V,,X,,****,,****,NCRO,4.41108733,Sonoma,V    X    **** ****,V,,0.005707116035127866,1.8461424851973776e-06,VYD_02395,1.7836927820013382,-0.39498865604400635,393.2560975609756,71.03407287597656,4.176005840301514
4909265,r,V,S,**,**,*,*,*,**,V,**,*,*,*,00,**,**,*,*,*,**,**,**,*,*,*,**,S********* V*****00******************,****,,V,,****,,****,,****,NCRO,5.54661321,Sonoma,V    **** **** ****,V,,0.0061968413258635365,2.322246815564375e-06,VYD_02402,2.2428648244384943,0.1384853571653366,504.975442043222,93.03917694091797,4.340527534484863
4909247,r,V,S,**,**,*,*,*,**,V,**,*,*,*,00,**,**,*,*,*,**,**,**,*,*,*,**,S********* V*****00******************,****,,V,,****,,****,,****,NCRO,8.23270785,Sonoma,V    **** **** ****,V,,0.010960923013537129,3.450853628386043e-06,VYD_02409,3.3290233293403895,0.093808114528656,429.53373015873,383.037353515625,15.129165649414062
4909246,r,V,S,**,**,*,*,*,**,V,**,*,*,*,00,**,**,*,*,*,**,**,**,*,*,*,**,S********* V*****00******************,****,,V,,****,,****,,****,NCRO,4.95840034,Sonoma,V    **** **** ****,V,,0.005450812332765972,2.078337296003029e-06,VYD_02410,2.0049979085059575,0.24838125705718994,564.9424578709413,336.5082702636719,5.7311553955078125
4909220,r,V,S,**,**,*,*,*,**,V,**,*,*,*,00,**,**,*,*,*,**,**,**,*,*,*,**,S********* V*****00******************,****,,V,,****,,****,,****,NCRO,6.56713918,Sonoma,V    **** **** ****,V,,0.00748698475350578,2.748221076940657e-06,VYD_02418,2.6555141531124358,0.0853445753455162,469.310441267868,93.22722625732422,14.25229549407959
4909216,r,V,S,**,**,*,*,*,**,V,**,*,*,*,00,**,**,*,*,*,**,**,**,*,*,*,**,S********* V*****00******************,****,,V,,****,,****,,****,NCRO,11.20754584,Sonoma,V    **** **** ****,V,,0.009562134931322833,4.689967016366269e-06,VYD_02420,4.531960955990288,0.10631375759840012,497.5805530233973,113.26753997802734,3.823852777481079
4909212,r,V,S,**,**,*,*,*,**,V,**,*,*,*,00,**,**,*,*,*,**,**,**,*,*,*,**,S********* V*****00******************,****,,V,,****,,****,,****,NCRO,4.64792814,Sonoma,V    **** **** ****,V,,0.007109244378515742,1.9476178682241484e-06,VYD_02423,1.8794570804092967,0.1696290671825409,457.1255868544601,94.3884048461914,11.37327766418457
4909197,r,V,S,**,**,*,*,*,**,V,**,*,*,*,00,**,**,*,*,*,**,**,**,*,*,*,**,S********* V*****00******************,****,,V,,****,,****,,****,NCRO,1.84176169,Sonoma,V    **** **** ****,V,,0.0037196898477430415,7.710475692002543e-07,VYD_02427,0.7447455044704024,0.1289146989583969,482.4814814814815,60.9382209777832,2.020505905151367
4909193,r,V,S,**,**,*,*,*,**,V,**,*,*,*,00,**,**,*,*,*,**,**,**,*,*,*,**,S********* V*****00******************,****,,V,,****,,****,,****,NCRO,1.92315071,Sonoma,V    **** **** ****,V,,0.003929440408364284,8.044175466791755e-07,VYD_02428,0.77765663271928,0.07413478940725327,542.4665718349929,135.22592163085938,7.473708629608154
4909189,r,V,S,**,**,*,*,*,**,V,**,*,*,*,00,**,**,*,*,*,**,**,**,*,*,*,**,S********* V*****00******************,****,,V,,****,,****,,****,NCRO,3.95373423,Sonoma,V    **** **** ****,V,,0.005177173427172075,1.657773281746865e-06,VYD_02429,1.5987486933240012,0.05631520226597786,386.4511252362138,704.3818969726562,9.708358764648438
4909169,r,V,S,**,**,*,*,*,**,V,**,*,*,*,00,**,**,*,*,*,**,**,**,*,*,*,**,S********* V*****00******************,****,,V,,****,,****,,****,NCRO,2.10818392,Sonoma,V    **** **** ****,V,,0.0050870462319594955,8.828155397870981e-07,VYD_02438,0.8524774419632378,0.13811153173446655,555.9256865912762,116.56983947753906,11.375673294067383
4909155,r,V,S,**,**,*,*,*,**,V,**,*,*,*,00,**,**,*,*,*,**,**,**,*,*,*,**,S********* V*****00******************,****,,V,,****,,****,,****,NCRO,4.56628441,Sonoma,V    **** **** ****,V,,0.005471707710474692,1.911545198943511e-06,VYD_02441,1.846449679606959,0.17208155989646912,523.829006266786,56.86250686645508,4.7462358474731445
4909137,r,V,S,**,**,*,*,*,**,V,**,*,*,*,00,X,**,*,n,*,00,**,**,*,*,*,**,S********* V*****00 X***n*00*********,****,,V,,X,,****,,****,NCRO,7.14120935,Sonoma,V    X    **** ****,V,,0.011366979673996611,2.987169773720621e-06,VYD_02444,2.8876612305002283,-0.17299914360046387,462.37751886161766,85.91736602783203,0.7056178450584412
4909132,r,V,S,**,**,*,*,*,**,V,**,*,*,*,00,**,**,*,*,*,**,**,**,*,*,*,**,S********* V*****00******************,****,,V,,****,,****,,****,NCRO,10.08067852,Sonoma,V    **** **** ****,V,,0.009026558811901737,4.217958768547946e-06,VYD_02445,4.076270557965165,0.15539336204528809,539.4814363968351,123.08049011230469,10.556802749633789
4909131,r,V,S,**,**,*,*,*,**,V,**,*,*,*,00,**,**,*,*,*,**,**,**,*,*,*,**,S********* V*****00******************,****,,V,,****,,****,,****,NCRO,1.62130074,Sonoma,V    **** **** ****,V,,0.003360877566211627,6.783556245097458e-07,VYD_02446,0.6555956429061233,0.1942225843667984,522.6689390711546,66.55429077148438,11.14844799041748
4909123,r,V,S,**,**,*,*,*,**,V,**,*,*,*,00,**,**,*,*,*,**,**,**,*,*,*,**,S********* V*****00******************,****,,V,,****,,****,,****,NCRO,6.28792159,Sonoma,V    **** **** ****,V,,0.008333655252180473,2.632621364695734e-06,VYD_02448,2.542628053877024,0.1575060784816742,529.9180381117368,230.2480010986328,8.510978698730469
4909099,r,V,S,**,**,*,*,*,**,V,**,*,*,*,00,**,**,*,*,*,**,**,**,*,*,*,**,S********* V*****00******************,****,,V,,****,,****,,****,NCRO,1.87593003,Sonoma,V    **** **** ****,V,,0.003553626579111703,7.84803179519155e-07,VYD_02453,0.7585626117252975,0.2724692225456238,740.5246957766643,168.3331298828125,13.293188095092773
4909079,r,V,S,**,**,*,*,*,**,V,**,*,*,*,00,**,**,*,*,*,**,**,**,*,*,*,**,S********* V*****00******************,****,,V,,****,,****,,****,NCRO,3.17962464,Sonoma,V    **** **** ****,V,,0.00632728695427025,1.33272560105264e-06,VYD_02459,1.2857307725473548,0.0572853609919548,403.16873396065023,320.0951232910156,11.708837509155273
4909078,r,V,S,**,**,*,*,*,**,V,**,*,*,*,00,**,**,*,*,*,**,**,**,*,*,*,**,S********* V*****00******************,****,,V,,****,,****,,****,NCRO,6.36727958,Sonoma,V    **** **** ****,V,,0.006925326098136334,2.6655947705845622e-06,VYD_02460,2.5747100505897036,0.08096253871917725,453.5117722602739,74.36866760253906,9.836418151855469
4909076,r,V,S,**,**,*,*,*,**,V,**,*,*,*,00,**,**,*,*,*,**,**,**,*,*,*,**,S********* V*****00******************,****,,V,,****,,****,,****,NCRO,3.8447688,Sonoma,V    **** **** ****,V,,0.005975752786609911,1.6081544192710347e-06,VYD_02461,1.5546941977938822,0.1873612403869629,663.222860218913,102.63634490966797,1.4668313264846802
4909073,r,V,S,**,**,*,*,*,**,V,**,*,*,*,00,**,**,*,*,*,**,**,**,*,*,*,**,S********* V*****00******************,****,,V,,****,,****,,****,NCRO,3.35609984,Sonoma,V    **** **** ****,V,,0.004981389881920479,1.403842606802076e-06,VYD_02463,1.3570916523304655,0.11050088703632355,608.3282797655146,95.09412384033203,3.1255948543548584
4909021,r,V,S,**,**,*,*,*,**,V,**,*,*,*,00,**,**,*,*,*,**,**,**,*,*,*,**,S********* V*****00******************,****,,V,,****,,****,,****,NCRO,3.78969651,Sonoma,V    **** **** ****,V,,0.008206748783163154,1.5869473407571164e-06,VYD_02476,1.5324246226439182,0.22308973968029022,544.5143420580852,185.3858642578125,12.775936126708984
4908975,r,V,S,**,**,*,*,*,**,V,**,*,*,*,00,**,**,*,*,*,**,**,**,*,*,*,**,S********* V*****00******************,****,,V,,****,,****,,****,NCRO,13.29839904,Sonoma,V    **** **** ****,V,,0.009998124771007998,5.5659831759485365e-06,VYD_02488,5.3774141323437945,0.11167699843645096,490.0279885175311,59.80445098876953,0.7451203465461731
4908939,r,V,S,**,**,*,*,*,**,V,**,*,*,*,00,**,**,*,*,*,**,**,**,*,*,*,**,S********* V*****00******************,****,,V,,****,,****,,****,NCRO,1.75048242,Sonoma,V    **** **** ****,V,,0.004084788772763351,7.335746265899361e-07,VYD_02498,0.7078318918262873,0.14588159322738647,347.3495713172253,121.58341217041016,20.5908145904541
4908933,r,V,S,**,**,*,*,*,**,V,**,*,*,*,00,**,**,*,*,*,**,**,**,*,*,*,**,S********* V*****00******************,****,,V,,****,,****,,****,NCRO,4.08016373,Sonoma,V    **** **** ****,V,,0.005758363571547617,1.710726159954811e-06,VYD_02499,1.6498713426977385,0.23896490037441254,498.1141476420597,667.7219848632812,7.055541038513184
4908920,r,V,S,**,**,*,*,*,**,V,**,*,*,*,00,**,**,*,*,*,**,**,**,*,*,*,**,S********* V*****00******************,****,,V,,****,,****,,****,NCRO,1.34994043,Sonoma,V    **** **** ****,V,,0.0032353628638012344,5.652724384035208e-07,VYD_02500,0.5458702146082905,0.22045719623565674,599.5517415446744,128.53054809570312,5.466099739074707
4908916,r,V,S,**,**,*,*,*,**,V,**,*,*,*,00,**,**,*,*,*,**,**,**,*,*,*,**,S********* V*****00******************,****,,V,,****,,****,,****,NCRO,5.48102803,Sonoma,V    **** **** ****,V,,0.006183628762274056,2.295363797881256e-06,VYD_02502,2.216335099429243,0.4672790765762329,609.5182563338303,49.10533142089844,0.38871997594833374
4908901,r,V,S,**,**,*,*,*,**,V,**,*,*,*,00,**,**,*,*,*,**,**,**,*,*,*,**,S********* V*****00******************,****,,V,,****,,****,,****,NCRO,3.29840896,Sonoma,V    **** **** ****,V,,0.007788128228334984,1.382742458178338e-06,VYD_02505,1.3337546658854562,0.15720635652542114,585.6338729763387,146.91766357421875,16.876434326171875
4908889,r,V,S,**,**,*,*,*,**,V,**,*,*,*,00,**,**,*,*,*,**,**,**,*,*,*,**,S********* V*****00******************,****,,V,,****,,****,,****,NCRO,3.38314886,Sonoma,V    **** **** ****,V,,0.005968960742708512,1.4175821819591238e-06,VYD_02507,1.3680254358475543,0.005889937747269869,427.867229933615,114.26565551757812,14.347789764404297
4908888,r,V,S,**,**,*,*,*,**,V,**,*,*,*,00,**,**,*,*,*,**,**,**,*,*,*,**,S********* V*****00******************,****,,V,,****,,****,,****,NCRO,1.54154244,Sonoma,V    **** **** ****,V,,0.0033592114596158427,6.457207272703776e-07,VYD_02508,0.6233457616676674,0.05042063817381859,408.92752982766245,91.92474365234375,9.560781478881836
4908863,r,V,S,**,**,*,*,*,**,V,**,*,*,*,00,**,**,*,*,*,**,**,**,*,*,*,**,S********* V*****00******************,****,,V,,****,,****,,****,NCRO,3.60904449,Sonoma,V    **** **** ****,V,,0.0049514341819062325,1.5099821761377683e-06,VYD_02518,1.4593742264668916,0.28974196314811707,520.6477358490567,154.99258422851562,10.17632007598877
4908861,r,V,S,**,**,*,*,*,**,V,**,*,*,*,00,**,**,*,*,*,**,**,**,*,*,*,**,S********* V*****00******************,****,,V,,****,,****,,****,NCRO,6.12228062,Sonoma,V    **** **** ****,V,,0.006821110498509155,2.5655355100108786e-06,VYD_02519,2.4756288372144613,0.09334588795900345,363.6120862030659,128.40802001953125,13.20674991607666
4908856,r,V,S,**,**,*,*,*,**,V,**,*,*,*,00,**,**,*,*,*,**,**,**,*,*,*,**,S********* V*****00******************,****,,V,,****,,****,,****,NCRO,15.23033874,Sonoma,V    **** **** ****,V,,0.010862556451452345,6.37798303018636e-06,VYD_02521,6.158669378098251,0.2348870187997818,406.67556449809973,118.97659301757812,1.773685097694397
4908837,r,V,S,**,**,*,*,*,**,V,**,*,*,*,00,**,**,*,*,*,**,**,**,*,*,*,**,S********* V*****00******************,****,,V,,****,,****,,****,NCRO,7.6561451,Sonoma,V    **** **** ****,V,,0.008734730618936795,3.2055762826556035e-06,VYD_02524,3.0958905968519637,0.20370841026306152,546.9108919687278,198.76834106445312,13.457777976989746
4908830,r,V,S,**,**,*,*,*,**,V,**,*,*,*,00,**,**,*,*,*,**,**,**,*,*,*,**,S********* V*****00******************,****,,V,,****,,****,,****,NCRO,2.3551573,Sonoma,V    **** **** ****,V,,0.004036774099316378,9.87202805421421e-07,VYD_02526,0.9523405565441891,0.13463084399700165,579.905299739357,307.8088073730469,13.587636947631836
4908810,r,V,S,**,**,*,*,*,**,V,**,*,*,*,00,**,**,*,*,*,**,**,**,*,*,*,**,S********* V*****00******************,****,,V,,****,,****,,****,NCRO,3.83101183,Sonoma,V    **** **** ****,V,,0.005573493492289421,1.604020509720597e-06,VYD_02530,1.5491318021427471,0.1981930285692215,593.75106685633,79.93624114990234,2.1219334602355957
4908808,r,V,S,**,**,*,*,*,**,V,**,*,*,*,00,**,**,*,*,*,**,**,**,*,*,*,**,S********* V*****00******************,****,,V,,****,,****,,****,NCRO,2.94285506,Sonoma,V    **** **** ****,V,,0.006656295317509521,1.2321536169655357e-06,VYD_02531,1.1899981755241806,0.1946055293083191,533.6132468735527,113.49662780761719,9.514041900634766
4908795,r,V,S,**,**,*,*,*,**,V,**,*,*,*,00,**,**,*,*,*,**,**,**,*,*,*,**,S********* V*****00******************,****,,V,,****,,****,,****,NCRO,8.09632941,Sonoma,V    **** **** ****,V,,0.00998966449121719,3.386940258340977e-06,VYD_02536,3.2738694471485315,0.017823245376348495,355.49894754567646,68.74491882324219,8.223831176757812
4908791,r,V,S,**,**,*,*,*,**,V,**,*,*,*,00,**,**,*,*,*,**,**,**,*,*,*,**,S********* V*****00******************,****,,V,,****,,****,,****,NCRO,2.98456703,Sonoma,V    **** **** ****,V,,0.0048215232069724594,1.2493622106589014e-06,VYD_02538,1.2068645870244135,0.26942798495292664,497.6005478201324,119.06076049804688,12.85293197631836
4908784,r,V,S,**,**,*,*,*,**,V,**,*,*,*,00,**,**,*,*,*,**,**,**,*,*,*,**,S********* V*****00******************,****,,V,,****,,****,,****,NCRO,10.81627174,Sonoma,V    **** **** ****,V,,0.014987742745793835,4.534141028985454e-06,VYD_02540,4.37371551908846,0.02251744270324707,297.40896815926635,463.0942077636719,12.03210163116455
4908783,r,V,S,**,**,*,*,*,**,V,**,*,*,*,00,**,**,*,*,*,**,**,**,*,*,*,**,S********* V*****00******************,****,,V,,****,,****,,****,NCRO,1.99595131,Sonoma,V    **** **** ****,V,,0.0039943434575370395,8.363941699496247e-07,VYD_02541,0.8070940538653948,0.006158378906548023,427.56631435390375,116.945068359375,10.13680362701416
4908772,r,V,S,**,**,*,*,*,**,V,**,*,*,*,00,**,**,*,*,*,**,**,**,*,*,*,**,S********* V*****00******************,****,,V,,****,,****,,****,NCRO,4.80940308,Sonoma,V    **** **** ****,V,,0.0065473193522057015,2.014236857702241e-06,VYD_02542,1.9447676695275713,0.10850601643323898,492.7042114188806,105.55167388916016,2.393930673599243
4908767,r,V,S,**,**,*,*,*,**,V,**,*,*,*,00,X,**,*,n,*,00,**,**,*,*,*,**,S********* V*****00 X***n*00*********,****,,V,,X,,****,,****,NCRO,7.44670656,Sonoma,V    X    **** ****,V,,0.008660331482928703,3.116648009558669e-06,VYD_02543,3.011195054040894,-0.23292961716651917,318.6994330651062,112.04281616210938,8.972350120544434
4908742,r,V,S,**,**,*,*,*,**,V,**,*,*,*,00,**,**,*,*,*,**,**,**,*,*,*,**,S********* V*****00******************,****,,V,,****,,****,,****,NCRO,5.16443223,Sonoma,V    **** **** ****,V,,0.006006602672145285,2.162102918341819e-06,VYD_02549,2.088321169491828,0.13386285305023193,530.8860759493671,129.43263244628906,6.060939788818359
4908740,r,V,S,**,**,*,*,*,**,V,**,*,*,*,00,**,**,*,*,*,**,**,**,*,*,*,**,S********* V*****00******************,****,,V,,****,,****,,****,NCRO,2.51900907,Sonoma,V    **** **** ****,V,,0.004767601006338601,1.0558440385638019e-06,VYD_02550,1.0186006050842598,0.14953899383544922,365.15972972972986,345.1666564941406,16.698453903198242
4908715,r,V,S,**,**,*,*,*,**,V,**,*,*,*,00,**,**,*,*,*,**,**,**,*,*,*,**,S********* V*****00******************,****,,V,,****,,****,,****,NCRO,2.14541926,Sonoma,V    **** **** ****,V,,0.004108101115624551,8.976154801284537e-07,VYD_02555,0.8675319856955884,0.1601908653974533,544.3846397968897,79.94754791259766,11.370824813842773
4908714,r,V,S,**,**,*,*,*,**,V,**,*,*,*,00,**,**,*,*,*,**,**,**,*,*,*,**,S********* V*****00******************,****,,V,,****,,****,,****,NCRO,3.95980974,Sonoma,V    **** **** ****,V,,0.006036164284167706,1.656876886277918e-06,VYD_02556,1.6012082185587764,0.13226908445358276,514.8582269748188,169.4253387451172,9.803821563720703
4908710,r,V,S,**,**,*,*,*,**,V,**,*,*,*,00,**,**,*,*,*,**,**,**,*,*,*,**,S********* V*****00******************,****,,V,,****,,****,,****,NCRO,7.96981689,Sonoma,V    **** **** ****,V,,0.007872802354822843,3.3368993629827664e-06,VYD_02558,3.222723185357006,0.19517922401428223,462.4048005466813,73.02647399902344,1.9228618144989014
4908687,r,V,S,**,**,*,*,*,**,V,**,*,*,*,00,**,**,*,*,*,**,**,**,*,*,*,**,S********* V*****00******************,****,,V,,****,,****,,****,NCRO,4.31656719,Sonoma,V    **** **** ****,V,,0.006296079577090477,1.8093603807398857e-06,VYD_02562,1.7454649100415154,0.12834756076335907,370.43181102362206,335.6866149902344,16.564716339111328
4908675,r,V,S,**,**,*,*,*,**,V,**,*,*,*,00,**,**,*,*,*,**,**,**,*,*,*,**,S********* V*****00******************,****,,V,,****,,****,,****,NCRO,3.88915152,Sonoma,V    **** **** ****,V,,0.00652893538272902,1.6297911309922502e-06,VYD_02565,1.5726370291178762,0.24281778931617737,536.6080111946826,277.68048095703125,11.964059829711914
4908674,r,V,S,**,**,*,*,*,**,V,**,*,*,*,00,**,**,*,*,*,**,**,**,*,*,*,**,S********* V*****00******************,****,,V,,****,,****,,****,NCRO,3.81396479,Sonoma,V    **** **** ****,V,,0.0052171848685993545,1.596706742179544e-06,VYD_02566,1.5422382464857127,0.1015370637178421,553.3544009998215,132.285400390625,5.0320329666137695
4908653,r,V,S,**,**,*,*,*,**,V,**,*,*,*,00,**,**,*,*,*,**,**,**,*,*,*,**,S********* V*****00******************,****,,V,,****,,****,,****,NCRO,3.45753204,Sonoma,V    **** **** ****,V,,0.004879090105492592,1.4476523615182774e-06,VYD_02572,1.398106956693366,0.22576315701007843,492.75310344827597,87.36511993408203,1.1113250255584717
4908652,r,V,S,**,**,*,*,*,**,V,**,*,*,*,00,**,**,*,*,*,**,**,**,*,*,*,**,S********* V*****00******************,****,,V,,****,,****,,****,NCRO,3.02369889,Sonoma,V    **** **** ****,V,,0.004905160520229713,1.2669321142765123e-06,VYD_02573,1.2226750902423995,0.22517423331737518,483.8530933633297,71.88937377929688,6.519027233123779
4908639,r,V,S,**,**,*,*,*,**,V,**,*,*,*,00,**,**,*,*,*,**,**,**,*,*,*,**,S********* V*****00******************,****,,V,,****,,****,,****,NCRO,15.02650462,Sonoma,V    **** **** ****,V,,0.01260911511848801,6.299550224510041e-06,VYD_02575,6.076185479442077,0.31158411502838135,514.0155642023344,461.74822998046875,6.6792778968811035
4908637,r,V,S,**,**,*,*,*,**,V,**,*,*,*,00,**,**,*,*,*,**,**,**,*,*,*,**,S********* V*****00******************,****,,V,,****,,****,,****,NCRO,5.85363343,Sonoma,V    **** **** ****,V,,0.0075207101532681455,2.4537467779959562e-06,VYD_02577,2.366992249737025,0.14142169058322906,296.08207569073596,74.52225494384766,1.3826576471328735
4908635,r,V,S,**,**,*,*,*,**,V,**,*,*,*,00,**,**,*,*,*,**,**,**,*,*,*,**,S********* V*****00******************,****,,V,,****,,****,,****,NCRO,6.67236004,Sonoma,V    **** **** ****,V,,0.00964590236963612,2.796794312466138e-06,VYD_02578,2.6980555242443542,0.2644938826560974,416.6543084131188,79.93775177001953,15.987552642822266
4908610,r,V,S,**,**,*,*,*,**,V,**,*,*,*,00,**,**,*,*,*,**,**,**,*,*,*,**,S********* V*****00******************,****,,V,,****,,****,,****,NCRO,2.74352973,Sonoma,V    **** **** ****,V,,0.004138433652000195,1.1497344332379507e-06,VYD_02583,1.1093843256581781,0.0856083482503891,405.07953419226953,131.69908142089844,9.046307563781738
4908603,r,V,S,**,**,*,*,*,**,V,**,*,*,*,00,**,**,*,*,*,**,**,**,*,*,*,**,S********* V*****00******************,****,,V,,****,,****,,****,NCRO,3.48551275,Sonoma,V    **** **** ****,V,,0.005139559893954116,1.4594719482000044e-06,VYD_02586,1.4094220062249243,0.13044284284114838,518.5292163376978,77.0721664428711,0.2937428653240204
4908598,r,V,S,**,**,*,*,*,**,V,**,*,*,*,00,**,**,*,*,*,**,**,**,*,*,*,**,S********* V*****00******************,****,,V,,****,,****,,****,NCRO,6.17664449,Sonoma,V    **** **** ****,V,,0.00695068325317144,2.5851278486701227e-06,VYD_02589,2.4976234802539725,0.1760086715221405,528.7083287369003,73.43021392822266,1.777036190032959
4908552,r,V,S,**,**,*,*,*,**,V,**,*,*,*,00,**,**,*,*,*,**,**,**,*,*,*,**,S********* V*****00******************,****,,V,,****,,****,,****,NCRO,10.41560547,Sonoma,V    **** **** ****,V,,0.009991903616634884,4.361718252731e-06,VYD_02597,4.211717302205949,0.4102385938167572,683.8958415064731,182.62664794921875,4.001747131347656
4908537,r,V,S,**,**,*,*,*,**,V,**,*,*,*,00,**,**,*,*,*,**,**,**,*,*,*,**,S********* V*****00******************,****,,V,,****,,****,,****,NCRO,5.92421148,Sonoma,V    **** **** ****,V,,0.009367352555274265,2.480423143410476e-06,VYD_02602,2.3955688271847486,-0.007802723906934261,320.6539565866544,132.68814086914062,1.0758534669876099
4908533,r,V,S,**,**,*,*,*,**,V,**,*,*,*,00,**,**,*,*,*,**,**,**,*,*,*,**,S********* V*****00******************,****,,V,,****,,****,,****,NCRO,8.0904812,Sonoma,V    **** **** ****,V,,0.008477583364592202,3.3910324204609525e-06,VYD_02604,3.2714931824040656,0.20068992674350739,488.70966658268253,135.11964416503906,10.131921768188477
4908514,r,V,S,**,**,*,*,*,**,V,**,*,*,*,00,**,**,*,*,*,**,**,**,*,*,*,**,S********* V*****00******************,****,,V,,****,,****,,****,NCRO,8.6482112,Sonoma,V    **** **** ****,V,,0.011343948939919751,3.6207897243916e-06,VYD_02612,3.497065465802465,0.14426635205745697,486.27312081857525,124.93767547607422,6.465035915374756
4908513,r,V,S,**,**,*,*,*,**,V,**,*,*,*,00,**,**,*,*,*,**,**,**,*,*,*,**,S********* V*****00******************,****,,V,,****,,****,,****,NCRO,5.18950633,Sonoma,V    **** **** ****,V,,0.0069930392160655035,2.1724748121742703e-06,VYD_02613,2.098472402519001,0.12516382336616516,463.5129554123372,120.80249786376953,3.037001132965088
4908509,r,V,S,**,**,*,*,*,**,V,**,*,*,*,00,**,**,*,*,*,**,**,**,*,*,*,**,S********* V*****00******************,****,,V,,****,,****,,****,NCRO,6.09053899,Sonoma,V    **** **** ****,V,,0.012087906145686104,2.5534425108542347e-06,VYD_02614,2.462796697627483,0.1339946687221527,399.15937011391566,547.0962524414062,7.607568740844727
4908504,r,V,S,**,**,*,*,*,**,V,**,*,*,*,00,**,**,*,*,*,**,**,**,*,*,*,**,S********* V*****00******************,****,,V,,****,,****,,****,NCRO,4.18557501,Sonoma,V    **** **** ****,V,,0.0057768814750530275,1.752421365930829e-06,VYD_02618,1.6924971244810076,0.07119418680667877,398.48397592321464,44.581233978271484,1.748226284980774
4908494,r,V,S,**,**,*,*,*,**,V,**,*,*,*,00,**,**,*,*,*,**,**,**,*,*,*,**,S********* V*****00******************,****,,V,,****,,****,,****,NCRO,2.68175133,Sonoma,V    **** **** ****,V,,0.004252638158977828,1.1226884955685488e-06,VYD_02621,1.0844132216461961,0.18222534656524658,439.53734756097566,349.90142822265625,11.215168952941895
4908468,r,V,S,**,**,*,*,*,**,V,**,*,*,*,00,**,**,*,*,*,**,**,**,*,*,*,**,S********* V*****00******************,****,,V,,****,,****,,****,NCRO,2.13497506,Sonoma,V    **** **** ****,V,,0.00468630521845333,8.931948772067313e-07,VYD_02625,0.8633107106463828,0.15396690368652344,479.796556122449,163.34393310546875,12.334894180297852
4908462,r,V,S,**,**,*,*,*,**,V,**,*,*,*,00,**,**,*,*,*,**,**,**,*,*,*,**,S********* V*****00******************,****,,V,,****,,****,,****,NCRO,12.07300487,Sonoma,V    **** **** ****,V,,0.009121987306834,5.053139376025512e-06,VYD_02626,4.881908981014435,0.06904139369726181,468.2924437933172,55.600364685058594,1.120775818824768
4908458,r,V,S,**,**,*,*,*,**,V,**,*,*,*,00,**,**,*,*,*,**,**,**,*,*,*,**,S********* V*****00******************,****,,V,,****,,****,,****,NCRO,2.27876669,Sonoma,V    **** **** ****,V,,0.004878207260117205,9.552556386477115e-07,VYD_02629,0.921449266048372,0.19268786907196045,396.1985074626867,132.07884216308594,7.955282688140869
4908450,r,V,S,**,**,*,*,*,**,V,**,*,*,*,00,**,**,*,*,*,**,**,**,*,*,*,**,S********* V*****00******************,****,,V,,****,,****,,****,NCRO,4.89747923,Sonoma,V    **** **** ****,V,,0.007367282627783625,2.0487572576987548e-06,VYD_02632,1.9803676498715554,0.22172050178050995,407.0973808860407,75.20093536376953,3.6904022693634033
4908441,r,V,S,**,**,*,*,*,**,V,**,*,*,*,00,**,**,*,*,*,**,**,**,*,*,*,**,S********* V*****00******************,****,,V,,****,,****,,****,NCRO,5.91053564,Sonoma,V    **** **** ****,V,,0.007094701742051449,2.473499733122235e-06,VYD_02635,2.3900242037635255,0.09804613143205643,499.4427436989297,107.09123992919922,7.172196865081787
4908406,r,V,S,**,**,*,*,*,**,V,**,*,*,*,00,**,**,*,*,*,**,**,**,*,*,*,**,S********* V*****00******************,****,,V,,****,,****,,****,NCRO,2.00756442,Sonoma,V    **** **** ****,V,,0.00451320937050067,8.393663956547668e-07,VYD_02640,0.8117906444826272,0.12673017382621765,564.169387755102,56.55958557128906,1.0791867971420288
4908392,r,V,S,**,**,*,*,*,**,V,**,*,*,*,00,**,**,*,*,*,**,**,**,*,*,*,**,S********* V*****00******************,****,,V,,****,,****,,****,NCRO,5.48216772,Sonoma,V    **** **** ****,V,,0.006709315946171287,2.2941572922796717e-06,VYD_02646,2.2168072944050166,0.20018312335014343,511.72343070229954,111.99175262451172,10.296846389770508
4908360,r,V,S,**,**,*,*,*,**,V,**,*,*,*,00,**,**,*,*,*,**,**,**,*,*,*,**,S********* V*****00******************,****,,V,,****,,****,,****,NCRO,3.14772613,Sonoma,V    **** **** ****,V,,0.006097118727573288,1.3177913504879035e-06,VYD_02650,1.2728318296098293,0.06910137832164764,507.8936078006501,52.42155456542969,0.8440987467765808
4908340,r,V,S,**,**,*,*,*,**,V,**,*,*,*,00,**,**,*,*,*,**,**,**,*,*,*,**,S********* V*****00******************,****,,V,,****,,****,,****,NCRO,10.53142894,Sonoma,V    **** **** ****,V,,0.013325537862494198,4.408174988072974e-06,VYD_02655,4.258552523015751,0.05660684034228325,421.6718446601942,56.19873809814453,0.8706388473510742
4908334,r,V,S,**,**,*,*,*,**,V,**,*,*,*,00,**,**,*,*,*,**,**,**,*,*,*,**,S********* V*****00******************,****,,V,,****,,****,,****,NCRO,2.56391121,Sonoma,V    **** **** ****,V,,0.004212893122417095,1.0746172241119787e-06,VYD_02657,1.0367518072086856,0.13476288318634033,538.5984105960265,225.28404235839844,10.390612602233887
4908323,r,V,S,**,**,*,*,*,**,V,**,*,*,*,00,**,**,*,*,*,**,**,**,*,*,*,**,S********* V*****00******************,****,,V,,****,,****,,****,NCRO,2.85446686,Sonoma,V    **** **** ****,V,,0.004427318628420985,1.1962391482167547e-06,VYD_02660,1.1542444303658457,0.17411059141159058,463.32284215546025,137.1790008544922,7.524982452392578
4908312,r,V,S,**,**,*,*,*,**,V,**,*,*,*,00,**,**,*,*,*,**,**,**,*,*,*,**,S********* V*****00******************,****,,V,,****,,****,,****,NCRO,35.9731731,Sonoma,V    **** **** ****,V,,0.023169882698130702,1.5077488279574505e-05,VYD_02663,14.546219214239184,0.021839333698153496,299.6483263084281,62.65040588378906,0.4697607457637787
4908296,r,V,S,**,**,*,*,*,**,V,**,*,*,*,00,**,**,*,*,*,**,**,**,*,*,*,**,S********* V*****00******************,****,,V,,****,,****,,****,NCRO,2.30013885,Sonoma,V    **** **** ****,V,,0.0057647619734416695,9.63384093872287e-07,VYD_02665,0.9300959920255911,0.0412822924554348,427.41402781888127,73.0938720703125,5.719175815582275
4908289,r,V,S,**,**,*,*,*,**,V,**,*,*,*,00,**,**,*,*,*,**,**,**,*,*,*,**,S********* V*****00******************,****,,V,,****,,****,,****,NCRO,2.96383656,Sonoma,V    **** **** ****,V,,0.0049912698581285695,1.2399138918443412e-06,VYD_02666,1.198472996688397,0.1145620048046112,520.0993087557603,99.03121948242188,7.774408340454102
4908266,r,V,S,**,**,*,*,*,**,V,**,*,*,*,00,**,**,*,*,*,**,**,**,*,*,*,**,S********* V*****00******************,****,,V,,****,,****,,****,NCRO,3.45063151,Sonoma,V    **** **** ****,V,,0.005099931893176172,1.4466033998869657e-06,VYD_02669,1.3953125528163475,0.10983047634363174,398.39424403705897,518.2669677734375,10.126501083374023
4908265,r,V,S,**,**,*,*,*,**,V,**,*,*,*,00,**,**,*,*,*,**,**,**,*,*,*,**,S********* V*****00******************,****,,V,,****,,****,,****,NCRO,3.22897028,Sonoma,V    **** **** ****,V,,0.006021519128424145,1.3526793790152039e-06,VYD_02670,1.3056822980338534,0.022947002202272415,455.7293074324325,110.09635162353516,9.80239200592041
4908259,r,V,S,**,**,*,*,*,**,V,**,*,*,*,00,X,**,*,n,*,00,**,**,*,*,*,**,S********* V*****00 X***n*00*********,****,,V,,X,,****,,****,NCRO,3.48250586,Sonoma,V    X    **** ****,V,,0.008076674485649605,1.4575137756667751e-06,VYD_02673,1.4082051526267783,-0.2336355298757553,458.9344807353805,71.33792877197266,4.214795112609863
4908258,r,V,S,**,**,*,*,*,**,V,**,*,*,*,00,**,**,*,*,*,**,**,**,*,*,*,**,S********* V*****00******************,****,,V,,****,,****,,****,NCRO,2.81917018,Sonoma,V    **** **** ****,V,,0.006403626967842742,1.1816682150989043e-06,VYD_02674,1.1399706105097533,0.13629072904586792,473.51352003862877,305.4811096191406,14.220666885375977
4908249,r,V,S,**,**,*,*,*,**,V,**,*,*,*,00,**,**,*,*,*,**,**,**,*,*,*,**,S********* V*****00******************,****,,V,,****,,****,,****,NCRO,21.90665968,Sonoma,V    **** **** ****,V,,0.014895907806943502,9.172876486828676e-06,VYD_02678,8.858360615417707,0.15670181810855865,471.7825263223282,110.76929473876953,0.8389626741409302
4908247,r,V,S,**,**,*,*,*,**,V,**,*,*,*,00,**,**,*,*,*,**,**,**,*,*,*,**,S********* V*****00******************,****,,V,,****,,****,,****,NCRO,7.96894572,Sonoma,V    **** **** ****,V,,0.0074854054058271936,3.34014221816317e-06,VYD_02679,3.2223528033335485,0.09088818728923798,433.6253093267344,323.3774108886719,2.0813512802124023
4908242,r,V,S,**,**,*,*,*,**,V,**,*,*,*,00,**,**,*,*,*,**,**,**,*,*,*,**,S********* V*****00******************,****,,V,,****,,****,,****,NCRO,4.73773626,Sonoma,V    **** **** ****,V,,0.007173378642432359,1.9852685518801725e-06,VYD_02680,1.9157696982396053,0.24231068789958954,657.3603331897173,75.61373138427734,1.1555601358413696
4908235,r,V,S,**,**,*,*,*,**,V,**,*,*,*,00,**,**,*,*,*,**,**,**,*,*,*,**,S********* V*****00******************,****,,V,,****,,****,,****,NCRO,1.79086885,Sonoma,V    **** **** ****,V,,0.004522067100530943,7.505076159715107e-07,VYD_02681,0.7241656560571957,0.08376123756170273,322.0658295281584,132.30447387695312,13.596546173095703
4908230,r,V,S,**,**,*,*,*,**,V,**,*,*,*,00,**,**,*,*,*,**,**,**,*,*,*,**,S********* V*****00******************,****,,V,,****,,****,,****,NCRO,12.31972413,Sonoma,V    **** **** ****,V,,0.010238099168190034,5.157737852702531e-06,VYD_02683,4.981675493450417,0.06366655975580215,466.03325783105885,63.11481475830078,3.7557990550994873
4908229,r,V,S,**,**,*,*,*,**,V,**,*,*,*,00,**,**,*,*,*,**,**,**,*,*,*,**,S********* V*****00******************,****,,V,,****,,****,,****,NCRO,5.41602927,Sonoma,V    **** **** ****,V,,0.007141418392520421,2.2702345413109603e-06,VYD_02684,2.1900430824834554,0.1987639218568802,503.58401202856805,181.2350616455078,16.03854751586914
4908223,r,V,S,**,**,*,*,*,**,V,**,*,*,*,00,**,**,*,*,*,**,**,**,*,*,*,**,S********* V*****00******************,****,,V,,****,,****,,****,NCRO,3.01599941,Sonoma,V    **** **** ****,V,,0.004643594950948288,1.2630323118959853e-06,VYD_02688,1.2195820114541878,0.15671434998512268,442.4194714253445,318.5952453613281,3.890390157699585
4908221,r,V,S,**,**,*,*,*,**,V,**,*,*,*,00,**,**,*,*,*,**,**,**,*,*,*,**,S********* V*****00******************,****,,V,,****,,****,,****,NCRO,5.00936779,Sonoma,V    **** **** ****,V,,0.005911394095073943,2.0995289066923516e-06,VYD_02689,2.025602466502265,0.03147215023636818,411.83681781156656,64.095458984375,0.5522266626358032
4908215,r,V,S,**,**,*,*,*,**,V,**,*,*,*,00,**,**,*,*,*,**,**,**,*,*,*,**,S********* V*****00******************,****,,V,,****,,****,,****,NCRO,1.54652131,Sonoma,V    **** **** ****,V,,0.0050169225059546255,6.481669184652897e-07,VYD_02691,0.6253584032243934,0.11016333103179932,394.50264783759934,313.06951904296875,18.64862632751465
4908205,r,V,S,**,**,*,*,*,**,V,**,*,*,*,00,**,**,*,*,*,**,**,**,*,*,*,**,S********* V*****00******************,****,,V,,****,,****,,****,NCRO,1.56430798,Sonoma,V    **** **** ****,V,,0.003126510283604435,6.556951543212948e-07,VYD_02693,0.632548245991899,0.15237346291542053,431.59895833333337,193.544921875,8.978285789489746
4908194,r,V,S,**,**,*,*,*,**,V,**,*,*,*,00,**,**,*,*,*,**,**,**,*,*,*,**,S********* V*****00******************,****,,V,,****,,****,,****,NCRO,4.30136204,Sonoma,V    **** **** ****,V,,0.006473837266763882,1.8022694653474772e-06,VYD_02694,1.739315549895376,0.20743697881698608,449.2287612719507,80.38121032714844,8.006627082824707
4908185,r,V,S,**,**,*,*,*,**,V,**,*,*,*,00,**,**,*,*,*,**,**,**,*,*,*,**,S********* V*****00******************,****,,V,,****,,****,,****,NCRO,7.87483511,Sonoma,V    **** **** ****,V,,0.007765370936478787,3.2958622257437836e-06,VYD_02697,3.184312651160914,0.08408882468938828,517.9803819894564,81.70624542236328,3.3564400672912598
4908166,r,V,S,**,**,*,*,*,**,V,**,*,*,*,00,**,**,*,*,*,**,**,**,*,*,*,**,S********* V*****00******************,****,,V,,****,,****,,****,NCRO,7.49879305,Sonoma,V    **** **** ****,V,,0.010824468474315195,3.140934955668437e-06,VYD_02699,3.0322497377420756,0.12165035307407379,496.60252566548553,86.62580108642578,5.524308681488037
4908152,r,V,S,**,**,*,*,*,**,V,**,*,*,*,00,**,**,*,*,*,**,**,**,*,*,*,**,S********* V*****00******************,****,,V,,****,,****,,****,NCRO,2.11595252,Sonoma,V    **** **** ****,V,,0.004534626953081224,8.867846689427125e-07,VYD_02704,0.8556151037285492,-0.0072257942520082,467.5724404378623,156.03150939941406,27.326217651367188
4908144,r,V,S,**,**,*,*,*,**,V,**,*,*,*,00,**,**,*,*,*,**,**,**,*,*,*,**,S********* V*****00******************,****,,V,,****,,****,,****,NCRO,3.51500775,Sonoma,V    **** **** ****,V,,0.005256066566006979,1.4703704666434394e-06,VYD_02705,1.4213487409351542,0.10086815059185028,545.0122425184608,94.24292755126953,0.9167269468307495
4908086,r,V,S,**,**,*,*,*,**,V,**,*,*,*,00,**,**,*,*,*,**,**,**,*,*,*,**,S********* V*****00******************,****,,V,,****,,****,,****,NCRO,9.78140934,Sonoma,V    **** **** ****,V,,0.010576076716416295,4.095479597533147e-06,VYD_02718,3.9552656585447563,0.14232097566127777,570.34625826662,83.11360931396484,3.001918315887451
4908062,r,V,S,**,**,*,*,*,**,V,**,*,*,*,00,**,**,*,*,*,**,**,**,*,*,*,**,S********* V*****00******************,****,,V,,****,,****,,****,NCRO,18.03001619,Sonoma,V    **** **** ****,V,,0.012816995655954505,7.5550104719787975e-06,VYD_02722,7.29068782239348,0.1291111409664154,405.0436028968014,71.75352478027344,0.932310938835144
4908039,r,V,S,**,**,*,*,*,**,V,**,*,*,*,00,**,**,*,*,*,**,**,**,*,*,*,**,S********* V*****00******************,****,,V,,****,,****,,****,NCRO,3.68047129,Sonoma,V    **** **** ****,V,,0.005239124216849213,1.5414355465879825e-06,VYD_02727,1.4882748174384257,0.14355400204658508,402.7366962305988,467.3998718261719,9.589202880859375
4908025,r,V,S,**,**,*,*,*,**,V,**,*,*,*,00,**,**,*,*,*,**,**,**,*,*,*,**,S********* V*****00******************,****,,V,,****,,****,,****,NCRO,1.80384974,Sonoma,V    **** **** ****,V,,0.0036036958507262235,7.550753073766228e-07,VYD_02729,0.7294150404265484,0.03976181149482727,527.053544494721,51.136924743652344,1.9057505130767822
4908018,r,V,S,**,**,*,*,*,**,V,**,*,*,*,00,**,**,*,*,*,**,**,**,*,*,*,**,S********* V*****00******************,****,,V,,****,,****,,****,NCRO,11.3151248,Sonoma,V    **** **** ****,V,,0.009030580415116857,4.738272637203126e-06,VYD_02732,4.575478849703936,0.15406031906604767,469.54059417849413,117.04180145263672,0.5299556255340576
4908014,r,V,S,**,**,*,*,*,**,V,**,*,*,*,00,**,**,*,*,*,**,**,**,*,*,*,**,S********* V*****00******************,****,,V,,****,,****,,****,NCRO,2.50192482,Sonoma,V    **** **** ****,V,,0.005560578512462827,1.0468323910970329e-06,VYD_02733,1.0116897882556661,0.18844591081142426,463.81011969532096,102.53324127197266,20.323339462280273
4916938,r,V,S,**,**,*,*,*,**,V,**,*,*,*,00,**,**,*,*,*,**,**,**,*,*,*,**,S********* V*****00******************,****,,V,,****,,****,,****,NCRO,2.96206328,Sonoma,V    **** **** ****,V,,0.0070162615748520524,1.239598618152175e-06,VYD_02735,1.1977588330529725,-0.13582481443881989,402.953204241586,123.64030456542969,11.612499237060547
4908007,r,V,S,**,**,*,*,*,**,V,**,*,*,*,00,**,**,*,*,*,**,**,**,*,*,*,**,S********* V*****00******************,****,,V,,****,,****,,****,NCRO,4.20755546,Sonoma,V    **** **** ****,V,,0.005637853542491227,1.7614411581464158e-06,VYD_02736,1.701390632456127,0.06713513284921646,516.5318976683939,72.25362396240234,6.632090091705322
4908004,r,V,S,**,**,*,*,*,**,V,**,*,*,*,00,**,**,*,*,*,**,**,**,*,*,*,**,S********* V*****00******************,****,,V,,****,,****,,****,NCRO,5.36298467,Sonoma,V    **** **** ****,V,,0.012470804146457678,2.245887993676599e-06,VYD_02738,2.1686096970022133,0.3148660361766815,537.9227544149411,191.98521423339844,20.535324096679688
4907988,r,V,S,**,**,*,*,*,**,V,**,*,*,*,00,**,**,*,*,*,**,**,**,*,*,*,**,S********* V*****00******************,****,,V,,****,,****,,****,NCRO,6.6599719,Sonoma,V    **** **** ****,V,,0.007510082009489841,2.788371689736927e-06,VYD_02741,2.693054562987262,0.0222765002399683,387.83808939347443,45.78749084472656,3.645390033721924
4907981,r,V,S,**,**,*,*,*,**,V,**,*,*,*,00,**,**,*,*,*,**,**,**,*,*,*,**,S********* V*****00******************,****,,V,,****,,****,,****,NCRO,4.67531277,Sonoma,V    **** **** ****,V,,0.0055520594094749945,1.956060328346381e-06,VYD_02743,1.8905366367047463,0.2580396234989166,509.7466491841491,152.59149169921875,5.539416313171387
4907965,r,V,S,**,**,*,*,*,**,V,**,*,*,*,00,X,**,*,n,*,00,**,**,*,*,*,**,S********* V*****00 X***n*00*********,****,,V,,X,,****,,****,NCRO,9.99492896,Sonoma,V    X    **** ****,V,,0.011293664602775344,4.180848117894627e-06,VYD_02746,4.041606700545724,-0.12450282275676727,398.6962241003271,86.30174255371094,1.2082198858261108
4907959,r,V,S,**,**,*,*,*,**,V,**,*,*,*,00,**,**,*,*,*,**,**,**,*,*,*,**,S********* V*****00******************,****,,V,,****,,****,,****,NCRO,4.65911906,Sonoma,V    **** **** ****,V,,0.005931146603639671,1.9506355861812914e-06,VYD_02749,1.8839928403710233,0.048321980983018875,517.0029197080291,212.76699829101562,14.868414878845215
4907954,r,V,S,**,**,*,*,*,**,V,**,*,*,*,00,**,**,*,*,*,**,**,**,*,*,*,**,S********* V*****00******************,****,,V,,****,,****,,****,NCRO,7.04098949,Sonoma,V    **** **** ****,V,,0.006757087998214117,2.950417262356445e-06,VYD_02750,2.8471224176504495,0.1054191067814827,412.45174379287016,87.53511047363281,9.20280933380127
4907949,r,V,S,**,**,*,*,*,**,V,**,*,*,*,00,**,**,*,*,*,**,**,**,*,*,*,**,S********* V*****00******************,****,,V,,****,,****,,****,NCRO,2.37931867,Sonoma,V    **** **** ****,V,,0.00451496076802325,9.96040365484165e-07,VYD_02751,0.9621139589362214,0.11254029721021652,519.6011461318052,68.13143920898438,4.15679931640625
4907945,r,V,S,**,**,*,*,*,**,V,**,*,*,*,00,**,**,*,*,*,**,**,**,*,*,*,**,S********* V*****00******************,****,,V,,****,,****,,****,NCRO,1.58437623,Sonoma,V    **** **** ****,V,,0.0032340447705050705,6.634027835904308e-07,VYD_02752,0.6406688647202037,0.20873230695724487,674.0154506437771,148.4624481201172,13.928890228271484
4907941,r,V,S,**,**,*,*,*,**,V,**,*,*,*,00,**,**,*,*,*,**,**,**,*,*,*,**,S********* V*****00******************,****,,V,,****,,****,,****,NCRO,7.8706917,Sonoma,V    **** **** ****,V,,0.009203300163581753,3.298576326404297e-06,VYD_02753,3.182635170496125,0.07680623233318329,349.15655780196994,196.2657012939453,15.679119110107422
4907929,r,V,S,**,**,*,*,*,**,V,**,*,*,*,00,**,**,*,*,*,**,**,**,*,*,*,**,S********* V*****00******************,****,,V,,****,,****,,****,NCRO,2.91445849,Sonoma,V    **** **** ****,V,,0.005137926418630188,1.221465028733304e-06,VYD_02755,1.1785014855530016,0.1211661770939827,579.2921926133708,192.2430877685547,9.42976188659668
4907905,r,V,S,**,**,*,*,*,**,V,**,*,*,*,00,**,**,*,*,*,**,**,**,*,*,*,**,S********* V*****00******************,****,,V,,****,,****,,****,NCRO,3.43773459,Sonoma,V    **** **** ****,V,,0.006080569047907526,1.4409557466342354e-06,VYD_02762,1.390098867195802,0.15102314949035645,437.310570071259,311.5399475097656,14.556928634643555
4907901,r,V,S,**,**,*,*,*,**,V,**,*,*,*,00,**,**,*,*,*,**,**,**,*,*,*,**,S********* V*****00******************,****,,V,,****,,****,,****,NCRO,2.14993906,Sonoma,V    **** **** ****,V,,0.003968657660695056,9.008598974311649e-07,VYD_02763,0.8693571182114709,0.1277913898229599,494.59987397605545,97.3102035522461,16.311737060546875
4907885,r,V,S,**,**,*,*,*,**,V,**,*,*,*,00,**,**,*,*,*,**,**,**,*,*,*,**,S********* V*****00******************,****,,V,,****,,****,,****,NCRO,5.2555603,Sonoma,V    **** **** ****,V,,0.0073673330982966315,2.201004282761631e-06,VYD_02768,2.1251681935749946,0.07138923555612564,486.08423913043475,81.26374816894531,6.753149509429932
4907873,r,V,S,**,**,*,*,*,**,V,**,*,*,*,00,**,**,*,*,*,**,**,**,*,*,*,**,S********* V*****00******************,****,,V,,****,,****,,****,NCRO,5.00514267,Sonoma,V    **** **** ****,V,,0.007251483279779457,2.0982379799951874e-06,VYD_02771,2.023902165969746,0.08080609142780304,399.9552603036877,459.9822998046875,12.985899925231934
4907872,r,V,S,**,**,*,*,*,**,V,**,*,*,*,00,**,**,*,*,*,**,**,**,*,*,*,**,S********* V*****00******************,****,,V,,****,,****,,****,NCRO,1.26481061,Sonoma,V    **** **** ****,V,,0.003304818079912204,5.294249370990116e-07,VYD_02772,0.511446248846053,-0.03180740028619766,482.88359501894956,72.08554077148438,8.611628532409668
4907870,r,V,S,**,**,*,*,*,**,V,**,*,*,*,00,**,**,*,*,*,**,**,**,*,*,*,**,S********* V*****00******************,****,,V,,****,,****,,****,NCRO,4.86377392,Sonoma,V    **** **** ****,V,,0.006100663074402552,2.035801676259314e-06,VYD_02773,1.9667447773854172,0.07725439220666885,434.03990478857463,53.976402282714844,0.942086398601532
4907844,r,V,S,**,**,*,*,*,**,V,**,*,*,*,00,**,**,*,*,*,**,**,**,*,*,*,**,S********* V*****00******************,****,,V,,****,,****,,****,NCRO,9.31087814,Sonoma,V    **** **** ****,V,,0.008857368243918933,3.901542919904545e-06,VYD_02783,3.7649855373931698,0.03871144354343414,471.20983318700615,79.15193939208984,4.66156530380249
4907810,r,V,S,**,**,*,*,*,**,V,**,*,*,*,00,**,**,*,*,*,**,**,**,*,*,*,**,S********* V*****00******************,****,,V,,****,,****,,****,NCRO,4.76246706,Sonoma,V    **** **** ****,V,,0.006027730549181348,1.9960765774766816e-06,VYD_02788,1.9257742133780542,0.16129903495311737,426.9266199399228,319.26885986328125,14.729621887207031
4907807,r,V,S,**,**,*,*,*,**,V,**,*,*,*,00,**,**,*,*,*,**,**,**,*,*,*,**,S********* V*****00******************,****,,V,,****,,****,,****,NCRO,8.6229138,Sonoma,V    **** **** ****,V,,0.008752343513215912,3.614333642738594e-06,VYD_02789,3.486792890416872,0.1987856924533844,583.7295056073291,304.5027160644531,7.170334339141846
4907793,r,V,S,**,**,*,*,*,**,V,**,*,*,*,00,**,**,*,*,*,**,**,**,*,*,*,**,S********* V*****00******************,****,,V,,****,,****,,****,NCRO,3.42173941,Sonoma,V    **** **** ****,V,,0.00600174843561087,1.4332829189067365e-06,VYD_02794,1.3836318254739395,0.17821767926216125,552.8353901273885,84.44649505615234,3.464185953140259
4907764,r,V,S,**,**,*,*,*,**,V,**,*,*,*,00,**,**,*,*,*,**,**,**,*,*,*,**,S********* V*****00******************,****,,V,,****,,****,,****,NCRO,1.94536238,Sonoma,V    **** **** ****,V,,0.0038649095633352484,8.153498568918659e-07,VYD_02802,0.7866357546391397,0.07457731664180756,335.3299474605954,342.4825744628906,10.133512496948242
4907761,r,V,S,**,**,*,*,*,**,V,**,*,*,*,00,**,**,*,*,*,**,**,**,*,*,*,**,S********* V*****00******************,****,,V,,****,,****,,****,NCRO,4.00071837,Sonoma,V    **** **** ****,V,,0.007491895136640002,1.6772467277461126e-06,VYD_02805,1.6177414112290889,0.12348506599664688,562.0860050890585,158.26580810546875,5.355790615081787
4907760,r,V,S,**,**,*,*,*,**,V,**,*,*,*,00,**,**,*,*,*,**,**,**,*,*,*,**,S********* V*****00******************,****,,V,,****,,****,,****,NCRO,23.90648565,Sonoma,V    **** **** ****,V,,0.013454523575200423,1.0010676349731142e-05,VYD_02806,9.667035449385592,0.20344416797161102,398.17514317463025,119.32128143310547,1.1272661685943604
4907758,r,V,S,**,**,*,*,*,**,V,**,*,*,*,00,**,**,*,*,*,**,**,**,*,*,*,**,S********* V*****00******************,****,,V,,****,,****,,****,NCRO,2.91928586,Sonoma,V    **** **** ****,V,,0.004949164742950424,1.2223055526292548e-06,VYD_02807,1.1804557946756458,0.20930328965187073,449.8894589552239,150.67816162109375,5.901648044586182
4907756,r,V,S,**,**,*,*,*,**,V,**,*,*,*,00,**,**,*,*,*,**,**,**,*,*,*,**,S********* V*****00******************,****,,V,,****,,****,,****,NCRO,3.29287497,Sonoma,V    **** **** ****,V,,0.00543910427334102,1.3801324095041403e-06,VYD_02808,1.3315231477878529,0.1855483055114746,525.4916477624253,265.6815185546875,11.28470516204834
4907718,r,V,S,**,**,*,*,*,**,V,**,*,*,*,00,**,**,*,*,*,**,**,**,*,*,*,**,S********* V*****00******************,****,,V,,****,,****,,****,NCRO,2.65991277,Sonoma,V    **** **** ****,V,,0.004353371487660106,1.1149215203025365e-06,VYD_02818,1.0755754984102042,0.16456176340579987,437.6907928388747,294.6523742675781,13.93448257446289
4907689,r,V,S,**,**,*,*,*,**,V,**,*,*,*,00,**,**,*,*,*,**,**,**,*,*,*,**,S********* V*****00******************,****,,V,,****,,****,,****,NCRO,1.9981211,Sonoma,V    **** **** ****,V,,0.003797626328990703,8.366139501769443e-07,VYD_02826,0.8079725636537233,0.0873614028096199,365.4434604904632,64.12311553955078,4.698022365570068
4907662,r,V,S,**,**,*,*,*,**,V,**,*,*,*,00,**,**,*,*,*,**,**,**,*,*,*,**,S********* V*****00******************,****,,V,,****,,****,,****,NCRO,4.48547402,Sonoma,V    **** **** ****,V,,0.007548674966937055,1.8764455554810257e-06,VYD_02837,1.8137703433276584,0.05643007904291153,549.9768006065202,97.59069061279297,4.2262091636657715
4907659,r,V,S,**,**,*,*,*,**,V,**,*,*,*,00,**,**,*,*,*,**,**,**,*,*,*,**,S********* V*****00******************,****,,V,,****,,****,,****,NCRO,7.87030879,Sonoma,V    **** **** ****,V,,0.007215181775623723,3.2982140817930924e-06,VYD_02838,3.182471994968615,0.11396356672048569,308.7498703543647,137.98162841796875,3.3008408546447754
4907657,r,V,S,**,**,*,*,*,**,V,**,*,*,*,00,**,**,*,*,*,**,**,**,*,*,*,**,S********* V*****00******************,****,,V,,****,,****,,****,NCRO,6.44886623,Sonoma,V    **** **** ****,V,,0.007328349497379051,2.698356335488958e-06,VYD_02839,2.607704091669488,0.02891465649008751,530.6220197096535,93.15706634521484,6.308115005493164
4907656,r,V,S,**,**,*,*,*,**,V,**,*,*,*,00,**,**,*,*,*,**,**,**,*,*,*,**,S********* V*****00******************,****,,V,,****,,****,,****,NCRO,6.10061908,Sonoma,V    **** **** ****,V,,0.008904762051222804,2.553965130297511e-06,VYD_02840,2.466884021608183,0.12856605648994446,486.66998211890905,140.14488220214844,7.601530075073242
4907655,r,V,S,**,**,*,*,*,**,V,**,*,*,*,00,**,**,*,*,*,**,**,**,*,*,*,**,S********* V*****00******************,****,,V,,****,,****,,****,NCRO,2.17220489,Sonoma,V    **** **** ****,V,,0.003936923763545264,9.10521305582372e-07,VYD_02841,0.8783624791977607,0.18169452250003815,406.22291797119607,452.71917724609375,13.373534202575684
4907654,r,V,S,**,**,*,*,*,**,V,**,*,*,*,00,**,**,*,*,*,**,**,**,*,*,*,**,S********* V*****00******************,****,,V,,****,,****,,****,NCRO,2.40666298,Sonoma,V    **** **** ****,V,,0.004778195701822136,1.0087531037057644e-06,VYD_02842,0.9731698900709632,0.08313099294900894,390.32872070036706,326.2503967285156,9.756312370300293
4907650,r,V,S,**,**,*,*,*,**,V,**,*,*,*,00,**,**,*,*,*,**,**,**,*,*,*,**,S********* V*****00******************,****,,V,,****,,****,,****,NCRO,1.24843476,Sonoma,V    **** **** ****,V,,0.003397232610838506,5.226303903597495e-07,VYD_02843,0.5048253881722563,0.08128563314676285,513.2875746066195,142.16392517089844,2.2291154861450195
4907647,r,V,S,**,**,*,*,*,**,V,**,*,*,*,00,**,**,*,*,*,**,**,**,*,*,*,**,S********* V*****00******************,****,,V,,****,,****,,****,NCRO,8.35500328,Sonoma,V    **** **** ****,V,,0.008280432314689012,3.49927544358777e-06,VYD_02845,3.378475984197521,0.10201884061098099,402.1841205211726,157.83676147460938,7.197545051574707
4907639,r,V,S,**,**,*,*,*,**,V,**,*,*,*,00,**,**,*,*,*,**,**,**,*,*,*,**,S********* V*****00******************,****,,V,,****,,****,,****,NCRO,2.13316228,Sonoma,V    **** **** ****,V,,0.005701717942603494,8.940382944323534e-07,VYD_02849,0.862572753347604,0.14948202669620514,671.4193032917864,169.59991455078125,16.6436824798584
4907582,r,V,S,**,**,*,*,*,**,V,**,*,*,*,00,**,**,*,*,*,**,**,**,*,*,*,**,S********* V*****00******************,****,,V,,****,,****,,****,NCRO,6.10065447,Sonoma,V    **** **** ****,V,,0.008176335333093676,2.553141288292748e-06,VYD_02859,2.466899977934642,0.0984002947807312,512.444146559428,88.20881652832031,5.021162509918213
4907562,r,V,S,**,**,*,*,*,**,V,**,*,*,*,00,**,**,*,*,*,**,**,**,*,*,*,**,S********* V*****00******************,****,,V,,****,,****,,****,NCRO,5.11622197,Sonoma,V    **** **** ****,V,,0.007880972899293421,2.1422028889138582e-06,VYD_02867,2.068829508690611,0.2918926477432251,561.246768820786,157.96072387695312,18.452817916870117
4907551,r,V,S,**,**,*,*,*,**,V,**,*,*,*,00,**,**,*,*,*,**,**,**,*,*,*,**,S********* V*****00******************,****,,V,,****,,****,,****,NCRO,19.35274381,Sonoma,V    **** **** ****,V,,0.012214512753352792,8.109022633865868e-06,VYD_02869,7.825554543637394,0.11383818835020065,386.2306448778775,69.99535369873047,0.9008128046989441
4907550,r,V,S,**,**,*,*,*,**,V,**,*,*,*,00,**,**,*,*,*,**,**,**,*,*,*,**,S********* V*****00******************,****,,V,,****,,****,,****,NCRO,4.06238798,Sonoma,V    **** **** ****,V,,0.008560454812752314,1.7024950967444058e-06,VYD_02870,1.6426901293196052,0.16226066648960114,340.5604065989003,187.63980102539062,13.780097007751465
4907545,r,V,S,**,**,*,*,*,**,V,**,*,*,*,00,**,**,*,*,*,**,**,**,*,*,*,**,S********* V*****00******************,****,,V,,****,,****,,****,NCRO,3.00667534,Sonoma,V    **** **** ****,V,,0.004493127522911726,1.2587827043005909e-06,VYD_02872,1.2157985898633754,0.10319020599126816,477.1275487086541,114.4412612915039,3.7754900455474854
4907542,r,V,S,**,**,*,*,*,**,V,**,*,*,*,00,**,**,*,*,*,**,**,**,*,*,*,**,S********* V*****00******************,****,,V,,****,,****,,****,NCRO,4.88975478,Sonoma,V    **** **** ****,V,,0.006410467333916186,2.0493353858181664e-06,VYD_02873,1.9772403031424892,0.10944395512342453,516.0109752709086,238.72254943847656,8.564249992370605
4907536,r,V,S,**,**,*,*,*,**,V,**,*,*,*,00,**,**,*,*,*,**,**,**,*,*,*,**,S********* V*****00******************,****,,V,,****,,****,,****,NCRO,2.25787873,Sonoma,V    **** **** ****,V,,0.004937930778388646,9.463406532928246e-07,VYD_02876,0.9130041335575976,0.17177695035934448,415.49940298507465,293.2557067871094,9.329856872558594
4907508,r,V,S,**,**,*,*,*,**,V,**,*,*,*,00,**,**,*,*,*,**,**,**,*,*,*,**,S********* V*****00******************,****,,V,,****,,****,,****,NCRO,3.57302504,Sonoma,V    **** **** ****,V,,0.006241190089285703,1.4953659656306395e-06,VYD_02881,1.4448083440943393,0.10844995826482773,530.5226753048781,69.92497253417969,6.878133296966553
4907503,r,V,S,**,**,*,*,*,**,V,**,*,*,*,00,**,**,*,*,*,**,**,**,*,*,*,**,S********* V*****00******************,****,,V,,****,,****,,****,NCRO,3.68346044,Sonoma,V    **** **** ****,V,,0.0067590705000917526,1.5437161375152145e-06,VYD_02883,1.4894648937240282,0.07286841422319412,294.929520295203,212.2042694091797,5.344036102294922
4907469,r,V,S,**,**,*,*,*,**,V,**,*,*,*,00,**,**,*,*,*,**,**,**,*,*,*,**,S********* V*****00******************,****,,V,,****,,****,,****,NCRO,3.38578496,Sonoma,V    **** **** ****,V,,0.0054486379429561005,1.4173919117718429e-06,VYD_02893,1.3690951183145252,0.02698325179517269,446.14340228961635,70.43968963623047,8.454854965209961
4907459,r,V,S,**,**,*,*,*,**,V,**,*,*,*,00,**,**,*,*,*,**,**,**,*,*,*,**,S********* V*****00******************,****,,V,,****,,****,,****,NCRO,11.35056989,Sonoma,V    **** **** ****,V,,0.00925503828762587,4.757685767730757e-06,VYD_02894,4.589758043082011,0.04638592526316643,474.7360603701263,327.40234375,11.424220085144043
4907455,r,V,S,**,**,*,*,*,**,V,**,*,*,*,00,**,**,*,*,*,**,**,**,*,*,*,**,S********* V*****00******************,****,,V,,****,,****,,****,NCRO,1.65457499,Sonoma,V    **** **** ****,V,,0.004065893570222906,6.935568175321835e-07,VYD_02895,0.6690511215562251,0.19907866418361664,453.17132292522604,435.2408142089844,12.371309280395508
4907449,r,V,S,**,**,*,*,*,**,V,**,*,*,*,00,**,**,*,*,*,**,**,**,*,*,*,**,S********* V*****00******************,****,,V,,****,,****,,****,NCRO,5.82282393,Sonoma,V    **** **** ****,V,,0.008665457974716658,2.440782590728452e-06,VYD_02896,2.3545463774457667,0.11916163563728333,380.6161757830762,284.9217224121094,13.529402732849121
4907447,r,V,S,**,**,*,*,*,**,V,**,*,*,*,00,**,**,*,*,*,**,**,**,*,*,*,**,S********* V*****00******************,****,,V,,****,,****,,****,NCRO,18.1505901,Sonoma,V    **** **** ****,V,,0.01817298852358177,7.599304262971599e-06,VYD_02897,7.339540214274006,0.23137199878692627,510.81128112811274,117.31888580322266,1.15353524684906
4907445,r,V,S,**,**,*,*,*,**,V,**,*,*,*,00,**,**,*,*,*,**,**,**,*,*,*,**,S********* V*****00******************,****,,V,,****,,****,,****,NCRO,1.61355157,Sonoma,V    **** **** ****,V,,0.0038444987008069273,6.755683749684808e-07,VYD_02899,0.6524668910148972,0.10401857644319534,618.5141529362063,207.2510223388672,11.932055473327637
4907434,r,V,S,**,**,*,*,*,**,V,**,*,*,*,00,**,**,*,*,*,**,**,**,*,*,*,**,S********* V*****00******************,****,,V,,****,,****,,****,NCRO,1.79191573,Sonoma,V    **** **** ****,V,,0.003504094802392026,7.512369770967923e-07,VYD_02904,0.7245867075828244,0.15520663559436798,321.8861047835991,563.2935791015625,12.931412696838379
4907423,r,V,S,**,**,*,*,*,**,V,**,*,*,*,00,**,**,*,*,*,**,**,**,*,*,*,**,S********* V*****00******************,****,,V,,****,,****,,****,NCRO,1.95808744,Sonoma,V    **** **** ****,V,,0.004500502418379291,8.1947546782104e-07,VYD_02907,0.791784162847793,0.14864209294319153,489.8433147632311,145.87710571289062,12.590500831604004
4907421,r,V,S,**,**,*,*,*,**,V,**,*,*,*,00,**,**,*,*,*,**,**,**,*,*,*,**,S********* V*****00******************,****,,V,,****,,****,,****,NCRO,18.83248043,Sonoma,V    **** **** ****,V,,0.012086914830108533,7.8935013392575e-06,VYD_02908,7.615159275096822,0.09601391106843948,433.96429988099953,75.36483001708984,3.2265257835388184
4907388,r,V,S,**,**,*,*,*,**,V,**,*,*,*,00,**,**,*,*,*,**,**,**,*,*,*,**,S********* V*****00******************,****,,V,,****,,****,,****,NCRO,4.59462774,Sonoma,V    **** **** ****,V,,0.005956508904600098,1.9214468243398143e-06,VYD_02916,1.857913882536393,0.09691334515810013,530.6024042742654,133.0733642578125,8.277548789978027
4907373,r,V,S,**,**,*,*,*,**,V,**,*,*,*,00,**,**,*,*,*,**,**,**,*,*,*,**,S********* V*****00******************,****,,V,,****,,****,,****,NCRO,2.57315468,Sonoma,V    **** **** ****,V,,0.00429277472098117,1.0778644012502474e-06,VYD_02924,1.0404937717199434,0.06248707324266434,325.8960592435864,92.20310974121094,2.5177576541900635
4907365,r,V,S,**,**,*,*,*,**,V,**,*,*,*,00,**,**,*,*,*,**,**,**,*,*,*,**,S********* V*****00******************,****,,V,,****,,****,,****,NCRO,1.86724619,Sonoma,V    **** **** ****,V,,0.003965564962098056,7.824468827790167e-07,VYD_02927,0.7550471745097844,0.15572014451026917,559.9129008746356,77.41169738769531,1.0092400312423706
4907360,r,V,S,**,**,*,*,*,**,V,**,*,*,*,00,**,**,*,*,*,**,**,**,*,*,*,**,S********* V*****00******************,****,,V,,****,,****,,****,NCRO,6.33874898,Sonoma,V    **** **** ****,V,,0.008329104547860873,2.6571064940283705e-06,VYD_02930,2.5631665190585053,0.12974852323532104,442.27395643309376,401.5356750488281,10.511125564575195
4907351,r,V,S,**,**,*,*,*,**,V,**,*,*,*,00,**,**,*,*,*,**,**,**,*,*,*,**,S********* V*****00******************,****,,V,,****,,****,,****,NCRO,7.58905701,Sonoma,V    **** **** ****,V,,0.009664411559019393,3.1779339200316938e-06,VYD_02932,3.0687747993496006,0.26779934763908386,497.1734098860678,114.89399719238281,1.0845897197723389
4907336,r,V,S,**,**,*,*,*,**,V,**,*,*,*,00,**,**,*,*,*,**,**,**,*,*,*,**,S********* V*****00******************,****,,V,,****,,****,,****,NCRO,7.28097987,Sonoma,V    **** **** ****,V,,0.00791444402521111,3.0450832686773097e-06,VYD_02936,2.9441774418324007,-0.0014907786389812827,405.41758035797955,70.72826385498047,4.713548183441162
4907332,r,V,S,**,**,*,*,*,**,V,**,*,*,*,00,**,**,*,*,*,**,**,**,*,*,*,**,S********* V*****00******************,****,,V,,****,,****,,****,NCRO,7.12519644,Sonoma,V    **** **** ****,V,,0.010386450308512124,2.9863095457264907e-06,VYD_02937,2.8811693720730136,0.17518921196460724,501.8830599008012,298.76593017578125,10.652718544006348
4907328,r,V,S,**,**,*,*,*,**,V,**,*,*,*,00,**,**,*,*,*,**,**,**,*,*,*,**,S********* V*****00******************,****,,V,,****,,****,,****,NCRO,3.67021154,Sonoma,V    **** **** ****,V,,0.0051363798300815095,1.5364987065391132e-06,VYD_02939,1.484108937947158,0.09582497924566269,530.2396586904099,58.74978256225586,4.255529403686523
4907310,r,V,S,**,**,*,*,*,**,V,**,*,*,*,00,**,**,*,*,*,**,**,**,*,*,*,**,S********* V*****00******************,****,,V,,****,,****,,****,NCRO,5.39954027,Sonoma,V    **** **** ****,V,,0.007961513192119823,2.25960525352777e-06,VYD_02942,2.183393712384693,0.08513455092906952,527.2643533123028,95.39173126220703,6.082299709320068
4907294,r,V,S,**,**,*,*,*,**,V,**,*,*,*,00,**,**,*,*,*,**,**,**,*,*,*,**,S********* V*****00******************,****,,V,,****,,****,,****,NCRO,3.01825785,Sonoma,V    **** **** ****,V,,0.005668595322029201,1.263577344984922e-06,VYD_02946,1.220480575233756,0.11544223874807358,480.22550790067703,65.65555572509766,9.44061279296875
4907277,r,V,S,**,**,*,*,*,**,V,**,*,*,*,00,**,**,*,*,*,**,**,**,*,*,*,**,S********* V*****00******************,****,,V,,****,,****,,****,NCRO,4.14550224,Sonoma,V    **** **** ****,V,,0.005402038226140279,1.7348240833123427e-06,VYD_02952,1.676299859887483,0.12033648788928986,524.7809414088215,102.50434112548828,11.408817291259766
4907255,r,V,S,**,**,*,*,*,**,V,**,*,*,*,00,**,**,*,*,*,**,**,**,*,*,*,**,S********* V*****00******************,****,,V,,****,,****,,****,NCRO,2.44675629,Sonoma,V    **** **** ****,V,,0.005185081500466522,1.0246779318785993e-06,VYD_02959,0.9893837842301265,0.14482955634593964,399.796875,82.33051300048828,14.409777641296387
4907240,r,V,S,**,**,*,*,*,**,V,**,*,*,*,00,**,**,*,*,*,**,**,**,*,*,*,**,S********* V*****00******************,****,,V,,****,,****,,****,NCRO,6.01479309,Sonoma,V    **** **** ****,V,,0.007808143553466792,2.5184475009402106e-06,VYD_02965,2.432179530892064,0.048225872218608856,430.79540827867004,84.8199462890625,4.353698253631592
4907231,r,V,S,**,**,*,*,*,**,V,**,*,*,*,00,**,**,*,*,*,**,**,**,*,*,*,**,S********* V*****00******************,****,,V,,****,,****,,****,NCRO,3.11025639,Sonoma,V    **** **** ****,V,,0.005699535323898486,1.3009289832475768e-06,VYD_02969,1.2576819331798677,0.14914093911647797,616.4391265990297,99.64727020263672,1.2859066724777222
4907228,r,V,S,**,**,*,*,*,**,V,**,*,*,*,00,**,**,*,*,*,**,**,**,*,*,*,**,S********* V*****00******************,****,,V,,****,,****,,****,NCRO,9.99172037,Sonoma,V    **** **** ****,V,,0.008482037593557638,4.183138596623152e-06,VYD_02970,4.040312571942861,0.08911260217428207,541.2534414610877,58.1068000793457,2.3516855239868164
4907171,r,V,S,**,**,*,*,*,**,V,**,*,*,*,00,**,**,*,*,*,**,**,**,*,*,*,**,S********* V*****00******************,****,,V,,****,,****,,****,NCRO,5.3363182,Sonoma,V    **** **** ****,V,,0.006626991041295789,2.2345637637441376e-06,VYD_02980,2.1578261145689934,0.15776003897190094,519.64738782255,129.69384765625,7.749223709106445
4907166,r,V,S,**,**,*,*,*,**,V,**,*,*,*,00,**,**,*,*,*,**,**,**,*,*,*,**,S********* V*****00******************,****,,V,,****,,****,,****,NCRO,2.41519073,Sonoma,V    **** **** ****,V,,0.008112015393970856,1.0120727617035869e-06,VYD_02982,0.9766166341724384,0.1266963630914688,491.740062024246,78.47758483886719,1.162197232246399
4907162,r,V,S,**,**,*,*,*,**,V,**,*,*,*,00,**,**,*,*,*,**,**,**,*,*,*,**,S********* V*****00******************,****,,V,,****,,****,,****,NCRO,16.81788334,Sonoma,V    **** **** ****,V,,0.011988324006473207,7.0418301864540225e-06,VYD_02984,6.800624222330581,0.21879546344280243,448.52285783639434,114.46717071533203,0.9319639801979065
4907145,r,V,S,**,**,*,*,*,**,V,**,*,*,*,00,**,**,*,*,*,**,**,**,*,*,*,**,S********* V*****00******************,****,,V,,****,,****,,****,NCRO,1.69409386,Sonoma,V    **** **** ****,V,,0.0033453103356873527,7.093620037740244e-07,VYD_02987,0.685041426072264,0.022664401680231094,411.98873692679,226.11911010742188,15.24400806427002
4907131,r,V,S,**,**,*,*,*,**,V,**,*,*,*,00,**,**,*,*,*,**,**,**,*,*,*,**,S********* V*****00******************,****,,V,,****,,****,,****,NCRO,7.6683233,Sonoma,V    **** **** ****,V,,0.008533211258254614,3.2094071530661462e-06,VYD_02990,3.1008097687021965,0.05992613360285759,494.8389868036489,101.29313659667969,8.857732772827148
4907125,r,V,S,**,**,*,*,*,**,V,**,*,*,*,00,**,**,*,*,*,**,**,**,*,*,*,**,S********* V*****00******************,****,,V,,****,,****,,****,NCRO,2.26719576,Sonoma,V    **** **** ****,V,,0.003875127925592452,9.500990278638104e-07,VYD_02993,0.916773197724579,0.10540356487035751,517.042942942943,87.19389343261719,1.1902081966400146
4907095,r,V,S,**,**,*,*,*,**,V,**,*,*,*,00,**,**,*,*,*,**,**,**,*,*,*,**,S********* V*****00******************,****,,V,,****,,****,,****,NCRO,2.3952784,Sonoma,V    **** **** ****,V,,0.004255345800722923,1.0038769330280733e-06,VYD_02999,0.968564050592031,0.18193204700946808,542.249218527991,236.18417358398438,11.16153621673584
4907057,r,V,S,**,**,*,*,*,**,V,**,*,*,*,00,**,**,*,*,*,**,**,**,*,*,*,**,S********* V*****00******************,****,,V,,****,,****,,****,NCRO,3.73655642,Sonoma,V    **** **** ****,V,,0.006555755783561894,1.5661774699847834e-06,VYD_03007,1.5109317107251339,0.22415634989738464,429.74427064387055,415.3979797363281,13.03643798828125
4907025,r,V,S,**,**,*,*,*,**,V,**,*,*,*,00,**,**,*,*,*,**,**,**,*,*,*,**,S********* V*****00******************,****,,V,,****,,****,,****,NCRO,2.81469198,Sonoma,V    **** **** ****,V,,0.0050999378502321925,1.1774855845044168e-06,VYD_03013,1.1381607353472636,0.12607024610042572,448.75639493186713,44.91268539428711,3.5757341384887695
4907023,r,V,S,**,**,*,*,*,**,V,**,*,*,*,00,**,**,*,*,*,**,**,**,*,*,*,**,S********* V*****00******************,****,,V,,****,,****,,****,NCRO,3.59772067,Sonoma,V    **** **** ****,V,,0.00481667901213866,1.5076860017143047e-06,VYD_03014,1.4547930079957931,0.05854629725217819,370.58831316187593,121.50991821289062,12.0700044631958
4907009,r,V,S,**,**,*,*,*,**,V,**,*,*,*,00,**,**,*,*,*,**,**,**,*,*,*,**,S********* V*****00******************,****,,V,,****,,****,,****,NCRO,3.77178854,Sonoma,V    **** **** ****,V,,0.006719818278153824,1.5808199077894727e-06,VYD_03018,1.5251812859971734,0.12218844890594482,356.2628147074805,245.6671142578125,14.106233596801758
4907004,r,V,S,**,**,*,*,*,**,V,**,*,*,*,00,**,**,*,*,*,**,**,**,*,*,*,**,S********* V*****00******************,****,,V,,****,,****,,****,NCRO,10.07134543,Sonoma,V    **** **** ****,V,,0.008641715942178437,4.2180140291003404e-06,VYD_03021,4.072503046019733,0.09829747676849365,434.2843157112956,66.19847106933594,1.3799965381622314
4907000,r,V,S,**,**,*,*,*,**,V,**,*,*,*,00,**,**,*,*,*,**,**,**,*,*,*,**,S********* V*****00******************,****,,V,,****,,****,,****,NCRO,8.91034709,Sonoma,V    **** **** ****,V,,0.01034476459780407,3.7350339109196857e-06,VYD_03023,3.6030287308353284,0.21387498080730438,438.0725511138237,457.92578125,9.702266693115234
4906974,r,V,S,**,**,*,*,*,**,V,**,*,*,*,00,**,**,*,*,*,**,**,**,*,*,*,**,S********* V*****00******************,****,,V,,****,,****,,****,NCRO,8.80416659,Sonoma,V    **** **** ****,V,,0.008524168472160618,3.6851370506366596e-06,VYD_03029,3.5601034347581684,0.21004144847393036,607.1870164035902,45.74706268310547,0.5508765578269958
4906973,r,V,S,**,**,*,*,*,**,V,**,*,*,*,00,**,**,*,*,*,**,**,**,*,*,*,**,S********* V*****00******************,****,,V,,****,,****,,****,NCRO,2.71207384,Sonoma,V    **** **** ****,V,,0.0046917122619419774,1.135374012814083e-06,VYD_03030,1.0966709718727838,0.0627887099981308,429.8008538422902,143.16452026367188,2.4910888671875
4906948,r,V,S,**,**,*,*,*,**,V,**,*,*,*,00,**,**,*,*,*,**,**,**,*,*,*,**,S********* V*****00******************,****,,V,,****,,****,,****,NCRO,16.68342443,Sonoma,V    **** **** ****,V,,0.012032945879857497,6.976919298110667e-06,VYD_03036,6.746202862876747,0.03573630750179291,473.70447480366465,62.07056427001953,3.281017780303955
4906941,r,V,S,**,**,*,*,*,**,V,**,*,*,*,00,**,**,*,*,*,**,**,**,*,*,*,**,S********* V*****00******************,****,,V,,****,,****,,****,NCRO,3.05769307,Sonoma,V    **** **** ****,V,,0.005113807220721854,1.2815914027323753e-06,VYD_03037,1.2364225146188643,0.1591276228427887,486.25789942145093,377.36419677734375,8.621986389160156
4906935,r,V,S,**,**,*,*,*,**,V,**,*,*,*,00,**,**,*,*,*,**,**,**,*,*,*,**,S********* V*****00******************,****,,V,,****,,****,,****,NCRO,10.75016431,Sonoma,V    **** **** ****,V,,0.010789061087801057,4.5054775556138815e-06,VYD_03038,4.346978265193472,0.31203383207321167,558.1474922522293,204.8966827392578,4.202604293823242
4906913,r,V,S,**,**,*,*,*,**,V,**,*,*,*,00,**,**,*,*,*,**,**,**,*,*,*,**,S********* V*****00******************,****,,V,,****,,****,,****,NCRO,1.31642996,Sonoma,V    **** **** ****,V,,0.0031555760295994516,5.509328203774621e-07,VYD_03041,0.5323192971887727,0.03694266080856323,524.7051813471502,115.18485260009766,22.774961471557617
4906908,r,V,S,**,**,*,*,*,**,V,**,*,*,*,00,**,**,*,*,*,**,**,**,*,*,*,**,S********* V*****00******************,****,,V,,****,,****,,****,NCRO,10.19953483,Sonoma,V    **** **** ****,V,,0.00995215315339789,4.266850014985893e-06,VYD_03043,4.1243306332122,0.1966376006603241,421.4514858096828,86.68829345703125,6.35791540145874
4906904,r,V,S,**,**,*,*,*,**,V,**,*,*,*,00,**,**,*,*,*,**,**,**,*,*,*,**,S********* V*****00******************,****,,V,,****,,****,,****,NCRO,11.41332958,Sonoma,V    **** **** ****,V,,0.009624018019433444,4.778370542164316e-06,VYD_03044,4.615204220748188,-0.046296603977680206,232.94059405940598,145.8291473388672,0.9486411809921265
4906902,r,V,S,**,**,*,*,*,**,V,**,*,*,*,00,**,**,*,*,*,**,**,**,*,*,*,**,S********* V*****00******************,****,,V,,****,,****,,****,NCRO,2.53711467,Sonoma,V    **** **** ****,V,,0.004542614544631032,1.0635068579792097e-06,VYD_03045,1.0259217849057944,0.08178290724754333,434.80426666666665,378.61444091796875,20.916179656982422
4906900,r,V,S,**,**,*,*,*,**,V,**,*,*,*,00,**,**,*,*,*,**,**,**,*,*,*,**,S********* V*****00******************,****,,V,,****,,****,,****,NCRO,2.77979173,Sonoma,V    **** **** ****,V,,0.005339925884479007,1.1651777812887337e-06,VYD_03046,1.1240475308447868,0.06264970451593399,403.7059686888454,321.4403991699219,17.254730224609375
4906891,r,V,S,**,**,*,*,*,**,V,**,*,*,*,00,**,**,*,*,*,**,**,**,*,*,*,**,S********* V*****00******************,****,,V,,****,,****,,****,NCRO,2.74133395,Sonoma,V    **** **** ****,V,,0.0050700513290859,1.1488445196004853e-06,VYD_03050,1.108496750113348,0.22058850526809692,484.0220953326713,132.4676513671875,10.289355278015137
4906887,r,V,S,**,**,*,*,*,**,V,**,*,*,*,00,**,**,*,*,*,**,**,**,*,*,*,**,S********* V*****00******************,****,,V,,****,,****,,****,NCRO,17.61892812,Sonoma,V    **** **** ****,V,,0.013490842597421894,7.377631066067425e-06,VYD_03052,7.1244830026069135,0.10681931674480438,481.74690976514216,50.73218536376953,0.15496253967285156
4906875,r,V,S,**,**,*,*,*,**,V,**,*,*,*,00,**,**,*,*,*,**,**,**,*,*,*,**,S********* V*****00******************,****,,V,,****,,****,,****,NCRO,6.06049488,Sonoma,V    **** **** ****,V,,0.006645251536333564,2.5380382224429547e-06,VYD_03058,2.4506563715646843,0.1501099020242691,537.5232427576913,93.07935333251953,6.0126752853393555
4906862,r,V,S,**,**,*,*,*,**,V,**,*,*,*,00,**,**,*,*,*,**,**,**,*,*,*,**,S********* V*****00******************,****,,V,,****,,****,,****,NCRO,4.23428317,Sonoma,V    **** **** ****,V,,0.005402694352223079,1.7729016893764774e-06,VYD_03062,1.7122007420358407,0.09001559019088745,435.13281878115447,60.73280715942383,0.5344831347465515
4906835,r,V,S,**,**,*,*,*,**,V,**,*,*,*,00,**,**,*,*,*,**,**,**,*,*,*,**,S********* V*****00******************,****,,V,,****,,****,,****,NCRO,7.00771933,Sonoma,V    **** **** ****,V,,0.008851367017663234,2.9371135521867727e-06,VYD_03070,2.8336642633622726,0.13553732633590698,530.5200814901049,218.98516845703125,21.476572036743164
4906831,r,V,S,**,**,*,*,*,**,V,**,*,*,*,00,**,**,*,*,*,**,**,**,*,*,*,**,S********* V*****00******************,****,,V,,****,,****,,****,NCRO,6.22278695,Sonoma,V    **** **** ****,V,,0.006973712937242243,2.605009409554936e-06,VYD_03073,2.5162810492222025,0.14834019541740417,549.5779163930839,50.5434455871582,2.2910258769989014
4906818,r,V,S,**,**,*,*,*,**,V,**,*,*,*,00,**,**,*,*,*,**,**,**,*,*,*,**,S********* V*****00******************,****,,V,,****,,****,,****,NCRO,4.96511889,Sonoma,V    **** **** ****,V,,0.005675523558210779,2.077935266281268e-06,VYD_03076,2.0077262646833245,0.09798772633075714,425.3253194120071,132.48692321777344,8.012385368347168
4906807,r,V,S,**,**,*,*,*,**,V,**,*,*,*,00,**,**,*,*,*,**,**,**,*,*,*,**,S********* V*****00******************,****,,V,,****,,****,,****,NCRO,11.97417864,Sonoma,V    **** **** ****,V,,0.010779820019160747,5.0128620607707194e-06,VYD_03081,4.841943168013576,0.10671962052583694,517.8144611186902,49.04562759399414,2.486649513244629
4906806,r,V,S,**,**,*,*,*,**,V,**,*,*,*,00,**,**,*,*,*,**,**,**,*,*,*,**,S********* V*****00******************,****,,V,,****,,****,,****,NCRO,4.00722548,Sonoma,V    **** **** ****,V,,0.005598467236244468,1.6782054923020552e-06,VYD_03082,1.6204055671185567,0.13275246322155,364.7573029891305,382.75067138671875,12.508149147033691
4906804,r,V,S,**,**,*,*,*,**,V,**,*,*,*,00,**,**,*,*,*,**,**,**,*,*,*,**,S********* V*****00******************,****,,V,,****,,****,,****,NCRO,4.22846612,Sonoma,V    **** **** ****,V,,0.00741965178150451,1.7723470922317523e-06,VYD_03083,1.7098351360517103,0.25706106424331665,476.4486643064049,134.4061737060547,7.748932838439941
4906787,r,V,S,**,**,*,*,*,**,V,**,*,*,*,00,**,**,*,*,*,**,**,**,*,*,*,**,S********* V*****00******************,****,,V,,****,,****,,****,NCRO,1.64086177,Sonoma,V    **** **** ****,V,,0.004291495285620146,6.865406385521526e-07,VYD_03086,0.6635075189149782,0.18864162266254425,577.2185815014518,162.91262817382812,12.364154815673828
4906778,r,V,S,**,**,*,*,*,**,V,**,*,*,*,00,**,**,*,*,*,**,**,**,*,*,*,**,S********* V*****00******************,****,,V,,****,,****,,****,NCRO,1.55283409,Sonoma,V    **** **** ****,V,,0.004142341973023682,6.500706096413879e-07,VYD_03088,0.6279175689033817,0.2019532024860382,563.1330698287222,133.4236297607422,6.5015435218811035
4906749,r,V,S,**,**,*,*,*,**,V,**,*,*,*,00,**,**,*,*,*,**,**,**,*,*,*,**,S********* V*****00******************,****,,V,,****,,****,,****,NCRO,2.92948405,Sonoma,V    **** **** ****,V,,0.005666630771958846,1.2257708157213183e-06,VYD_03098,1.1845784174542062,0.14663322269916534,431.3412532028885,93.3175277709961,17.258102416992188
4906741,r,V,S,**,**,*,*,*,**,V,**,*,*,*,00,**,**,*,*,*,**,**,**,*,*,*,**,S********* V*****00******************,****,,V,,****,,****,,****,NCRO,4.30710139,Sonoma,V    **** **** ****,V,,0.008043394211761092,1.8027947730029357e-06,VYD_03101,1.7416450934350036,0.00690918555483222,454.6653468482738,56.06173324584961,6.206544876098633
4906731,r,V,S,**,**,*,*,*,**,V,**,*,*,*,00,**,**,*,*,*,**,**,**,*,*,*,**,S********* V*****00******************,****,,V,,****,,****,,****,NCRO,4.1516803,Sonoma,V    **** **** ****,V,,0.005290311453332088,1.7387154415035833e-06,VYD_03103,1.6787941594568208,0.29325011372566223,532.0396656285857,53.04037094116211,0.8456753492355347
4906727,r,V,S,**,**,*,*,*,**,V,**,*,*,*,00,**,**,*,*,*,**,**,**,*,*,*,**,S********* V*****00******************,****,,V,,****,,****,,****,NCRO,4.82571955,Sonoma,V    **** **** ****,V,,0.006315400907227761,2.0199516756970906e-06,VYD_03104,1.9513546838581384,0.10042129456996918,478.8593838326741,54.219547271728516,5.141982555389404
4906696,r,V,S,**,**,*,*,*,**,V,**,*,*,*,00,**,**,*,*,*,**,**,**,*,*,*,**,S********* V*****00******************,****,,V,,****,,****,,****,NCRO,4.33548315,Sonoma,V    **** **** ****,V,,0.007252461736793329,1.8175305672730305e-06,VYD_03113,1.7531145073752494,0.08317086100578308,357.67291633842757,518.1138916015625,13.871285438537598
4906692,r,V,S,**,**,*,*,*,**,V,**,*,*,*,00,**,**,*,*,*,**,**,**,*,*,*,**,S********* V*****00******************,****,,V,,****,,****,,****,NCRO,12.18547827,Sonoma,V    **** **** ****,V,,0.011168252377523065,5.102961548640814e-06,VYD_03114,4.927388173841567,0.12743619084358215,537.9452284009147,79.88944244384766,2.7825770378112793
4906675,r,V,S,**,**,*,*,*,**,V,**,*,*,*,00,**,**,*,*,*,**,**,**,*,*,*,**,S********* V*****00******************,****,,V,,****,,****,,****,NCRO,2.70065518,Sonoma,V    **** **** ****,V,,0.00478129699360509,1.1320499378780463e-06,VYD_03115,1.0920510534965657,-0.0004060169158037752,398.027693856999,357.39190673828125,8.73603343963623
4906659,r,V,S,**,**,*,*,*,**,V,**,*,*,*,00,**,**,*,*,*,**,**,**,*,*,*,**,S********* V*****00******************,****,,V,,****,,****,,****,NCRO,2.03534121,Sonoma,V    **** **** ****,V,,0.003987918580318173,8.516886132150229e-07,VYD_03120,0.8230228983067538,0.019548796117305756,488.0748071117074,104.05995178222656,10.533014297485352
4906657,r,V,S,**,**,*,*,*,**,V,**,*,*,*,00,**,**,*,*,*,**,**,**,*,*,*,**,S********* V*****00******************,****,,V,,****,,****,,****,NCRO,4.72387854,Sonoma,V    **** **** ****,V,,0.005513754069596299,1.977871510136475e-06,VYD_03121,1.910176414669411,0.01221147645264864,449.6676263135166,58.56317901611328,0.31498783826828003
4906640,r,V,S,**,**,*,*,*,**,V,**,*,*,*,00,**,**,*,*,*,**,**,**,*,*,*,**,S********* V*****00******************,****,,V,,****,,****,,****,NCRO,6.46024958,Sonoma,V    **** **** ****,V,,0.006600531278293393,2.7045671978305173e-06,VYD_03125,2.6123062803155963,0.15417975187301636,474.5689746021708,135.36529541015625,5.190411567687988
4906618,r,V,S,**,**,*,*,*,**,V,**,*,*,*,00,**,**,*,*,*,**,**,**,*,*,*,**,S********* V*****00******************,****,,V,,****,,****,,****,NCRO,7.57930055,Sonoma,V    **** **** ****,V,,0.006970652832816152,3.1734601204825504e-06,VYD_03133,3.0648081816794845,0.15400223433971405,606.8602478893476,93.60137939453125,6.299923896789551
4906613,r,V,S,**,**,*,*,*,**,V,**,*,*,*,00,**,**,*,*,*,**,**,**,*,*,*,**,S********* V*****00******************,****,,V,,****,,****,,****,NCRO,2.36907736,Sonoma,V    **** **** ****,V,,0.004011672387088748,9.92750461324535e-07,VYD_03135,0.9579688732456805,0.2823154926300049,396.99971247843587,132.67868041992188,18.78520965576172
4906601,r,V,S,**,**,*,*,*,**,V,**,*,*,*,00,**,**,*,*,*,**,**,**,*,*,*,**,S********* V*****00******************,****,,V,,****,,****,,****,NCRO,2.12018407,Sonoma,V    **** **** ****,V,,0.0042096117225054195,8.872768309965956e-07,VYD_03139,0.8573264297171883,0.15401145815849304,489.83636363636367,109.70137023925781,9.343914985656738
4906594,r,V,S,**,**,*,*,*,**,V,**,*,*,*,00,**,**,*,*,*,**,**,**,*,*,*,**,S********* V*****00******************,****,,V,,****,,****,,****,NCRO,7.08612821,Sonoma,V    **** **** ****,V,,0.008313133464803791,2.967120305351891e-06,VYD_03140,2.8653885922583564,0.16127218306064606,485.7115809706871,91.2957763671875,5.291884899139404
4906593,r,V,S,**,**,*,*,*,**,V,**,*,*,*,00,**,**,*,*,*,**,**,**,*,*,*,**,S********* V*****00******************,****,,V,,****,,****,,****,NCRO,5.74431016,Sonoma,V    **** **** ****,V,,0.007882886256157377,2.4077507179649652e-06,VYD_03141,2.3227910961894542,0.14686021208763123,453.025859015232,302.04205322265625,16.355716705322266
4906590,r,V,S,**,**,*,*,*,**,V,**,*,*,*,00,**,**,*,*,*,**,**,**,*,*,*,**,S********* V*****00******************,****,,V,,****,,****,,****,NCRO,20.88085199,Sonoma,V    **** **** ****,V,,0.0160360706665362,8.740359296014733e-06,VYD_03143,8.443498588756453,0.027561400085687637,384.8764297585297,73.52976989746094,4.262962341308594
4906551,r,V,S,**,**,*,*,*,**,V,**,*,*,*,00,**,**,*,*,*,**,**,**,*,*,*,**,S********* V*****00******************,****,,V,,****,,****,,****,NCRO,3.53668043,Sonoma,V    **** **** ****,V,,0.005802091726023581,1.4825852200192086e-06,VYD_03155,1.4301079311372267,0.0843365266919136,291.96114637430276,537.1260986328125,12.527948379516602
4906516,r,V,S,**,**,*,*,*,**,V,**,*,*,*,00,**,**,*,*,*,**,**,**,*,*,*,**,S********* V*****00******************,****,,V,,****,,****,,****,NCRO,4.98165067,Sonoma,V    **** **** ****,V,,0.0056021618800030926,2.0879843648047294e-06,VYD_03161,2.0143959374538603,0.12486687302589417,398.4519033974621,117.73822784423828,12.814167022705078
4906500,r,V,S,**,**,*,*,*,**,V,**,*,*,*,00,**,**,*,*,*,**,**,**,*,*,*,**,S********* V*****00******************,****,,V,,****,,****,,****,NCRO,8.71048026,Sonoma,V    **** **** ****,V,,0.0088412297056582,3.644127792924361e-06,VYD_03164,3.5222102252363663,0.11205289512872696,445.0007021376189,78.44649505615234,4.001924514770508
4906496,r,V,S,**,**,*,*,*,**,V,**,*,*,*,00,**,**,*,*,*,**,**,**,*,*,*,**,S********* V*****00******************,****,,V,,****,,****,,****,NCRO,2.66575799,Sonoma,V    **** **** ****,V,,0.004433776469248149,1.1163678859082695e-06,VYD_03165,1.0779406824180242,0.023994257673621178,421.6044433094994,91.25557708740234,7.349642753601074
4906492,r,V,S,**,**,*,*,*,**,V,**,*,*,*,00,**,**,*,*,*,**,**,**,*,*,*,**,S********* V*****00******************,****,,V,,****,,****,,****,NCRO,1.59735415,Sonoma,V    **** **** ****,V,,0.004158718707538079,6.693143335349625e-07,VYD_03166,0.645912193543119,0.1431008279323578,547.1370038412292,82.23210144042969,12.037819862365723
4906465,r,V,S,**,**,*,*,*,**,V,**,*,*,*,00,**,**,*,*,*,**,**,**,*,*,*,**,S********* V*****00******************,****,,V,,****,,****,,****,NCRO,1.86959118,Sonoma,V    **** **** ****,V,,0.003990789882705837,7.826546817240336e-07,VYD_03169,0.7560017871802954,0.12170229107141495,442.9832848837209,346.3566589355469,18.546546936035156
4906453,r,V,S,**,**,*,*,*,**,V,**,*,*,*,00,**,**,*,*,*,**,**,**,*,*,*,**,S********* V*****00******************,****,,V,,****,,****,,****,NCRO,11.93993841,Sonoma,V    **** **** ****,V,,0.009404141009442842,4.999636792373073e-06,VYD_03172,4.828139309008749,0.1960335373878479,363.7126901817768,123.85480499267578,1.3824188709259033
4906434,r,V,S,**,**,*,*,*,**,V,**,*,*,*,00,**,**,*,*,*,**,**,**,*,*,*,**,S********* V*****00******************,****,,V,,****,,****,,****,NCRO,7.92649413,Sonoma,V    **** **** ****,V,,0.009219214797589434,3.322081850641715e-06,VYD_03178,3.205200561156343,0.09348350763320923,367.36084783732554,231.14474487304688,9.564530372619629
4906423,r,V,S,**,**,*,*,*,**,V,**,*,*,*,00,**,**,*,*,*,**,**,**,*,*,*,**,S********* V*****00******************,****,,V,,****,,****,,****,NCRO,1.83302703,Sonoma,V    **** **** ****,V,,0.004336540313823139,7.671349217169852e-07,VYD_03181,0.7412148879558557,0.1371602714061737,589.6400449943758,89.83466339111328,7.017518043518066
4906411,r,V,S,**,**,*,*,*,**,V,**,*,*,*,00,**,**,*,*,*,**,**,**,*,*,*,**,S********* V*****00******************,****,,V,,****,,****,,****,NCRO,3.80689443,Sonoma,V    **** **** ****,V,,0.005580105320175317,1.5959494401663715e-06,VYD_03187,1.5393717454367544,0.2232876718044281,351.503937007874,531.3829345703125,9.85036849975586
4906409,r,V,S,**,**,*,*,*,**,V,**,*,*,*,00,**,**,*,*,*,**,**,**,*,*,*,**,S********* V*****00******************,****,,V,,****,,****,,****,NCRO,6.9198195,Sonoma,V    **** **** ****,V,,0.011536938840668474,2.8970641212424703e-06,VYD_03188,2.798144109666152,0.08347493410110474,521.6437450670875,196.3602752685547,20.288259506225586
4906403,r,V,S,**,**,*,*,*,**,V,**,*,*,*,00,**,**,*,*,*,**,**,**,*,*,*,**,S********* V*****00******************,****,,V,,****,,****,,****,NCRO,2.38282215,Sonoma,V    **** **** ****,V,,0.005191924084155489,9.986912629115791e-07,VYD_03192,0.96352703324356,0.19534821808338165,534.8657737247078,255.35142517089844,4.579054832458496
4906360,r,V,S,**,**,*,*,*,**,V,**,*,*,*,00,**,**,*,*,*,**,**,**,*,*,*,**,S********* V*****00******************,****,,V,,****,,****,,****,NCRO,18.43934878,Sonoma,V    **** **** ****,V,,0.016940739667835814,7.719526132057326e-06,VYD_03198,7.456295939876375,0.1592618227005005,517.7003026500331,129.2536163330078,2.992100238800049
4906349,r,V,S,**,**,*,*,*,**,V,**,*,*,*,00,**,**,*,*,*,**,**,**,*,*,*,**,S********* V*****00******************,****,,V,,****,,****,,****,NCRO,7.25381465,Sonoma,V    **** **** ****,V,,0.009979170786903484,3.03405500487246e-06,VYD_03201,2.933194968326543,0.08749150484800339,560.8283062645011,96.248779296875,1.0811246633529663
4906340,r,V,S,**,**,*,*,*,**,V,**,*,*,*,00,**,**,*,*,*,**,**,**,*,*,*,**,S********* V*****00******************,****,,V,,****,,****,,****,NCRO,3.4121232,Sonoma,V    **** **** ****,V,,0.005222054817124616,1.430219491769635e-06,VYD_03204,1.379742458938637,0.1464281529188156,438.9335461983636,319.70574951171875,12.438043594360352
4906337,r,V,S,**,**,*,*,*,**,V,**,*,*,*,00,**,**,*,*,*,**,**,**,*,*,*,**,S********* V*****00******************,****,,V,,****,,****,,****,NCRO,6.91897683,Sonoma,V    **** **** ****,V,,0.008187748323487159,2.8942096462691153e-06,VYD_03205,2.7977969871743142,0.23215901851654053,579.7830197971042,91.30986022949219,0.9425787925720215
4906328,r,V,S,**,**,*,*,*,**,V,**,*,*,*,00,**,**,*,*,*,**,**,**,*,*,*,**,S********* V*****00******************,****,,V,,****,,****,,****,NCRO,7.37722144,Sonoma,V    **** **** ****,V,,0.013231876166575696,3.087142665444996e-06,VYD_03209,2.983085049589476,0.04908118024468422,417.461680517082,186.79490661621094,13.968642234802246
4906310,r,V,S,**,**,*,*,*,**,V,**,*,*,*,00,**,**,*,*,*,**,**,**,*,*,*,**,S********* V*****00******************,****,,V,,****,,****,,****,NCRO,2.0456141,Sonoma,V    **** **** ****,V,,0.00450990504782545,8.564399357062315e-07,VYD_03212,0.8271784755468796,0.11283042281866074,559.0486828942983,196.17193603515625,7.786324501037598
4906306,r,V,S,**,**,*,*,*,**,V,**,*,*,*,00,**,**,*,*,*,**,**,**,*,*,*,**,S********* V*****00******************,****,,V,,****,,****,,****,NCRO,26.4658441,Sonoma,V    **** **** ****,V,,0.014723375762371444,1.1080035689149602e-05,VYD_03215,10.701966059064805,0.3148277997970581,573.4797747319154,130.63551330566406,0.8576319217681885
4906293,r,V,S,**,**,*,*,*,**,V,**,*,*,*,00,**,**,*,*,*,**,**,**,*,*,*,**,S********* V*****00******************,****,,V,,****,,****,,****,NCRO,2.00862647,Sonoma,V    **** **** ****,V,,0.004558301858057937,8.408571556194193e-07,VYD_03218,0.8122212779228501,0.04317508265376091,455.2645966925414,122.93831634521484,15.668545722961426
4906291,r,V,S,**,**,*,*,*,**,V,**,*,*,*,00,**,**,*,*,*,**,**,**,*,*,*,**,S********* V*****00******************,****,,V,,****,,****,,****,NCRO,5.64032464,Sonoma,V    **** **** ****,V,,0.006297998393308169,2.3644203247632794e-06,VYD_03219,2.2807384262955956,0.1163046732544899,414.6806074484754,139.27734375,7.167079448699951
4906283,r,V,S,**,**,*,*,*,**,V,**,*,*,*,00,**,**,*,*,*,**,**,**,*,*,*,**,S********* V*****00******************,****,,V,,****,,****,,****,NCRO,1.58100915,Sonoma,V    **** **** ****,V,,0.004562458936027813,6.626865594922189e-07,VYD_03221,0.6393047543631758,0.09610331803560257,373.6506231198968,331.7969665527344,8.191752433776855
4906269,r,V,S,**,**,*,*,*,**,V,**,*,*,*,00,**,**,*,*,*,**,**,**,*,*,*,**,S********* V*****00******************,****,,V,,****,,****,,****,NCRO,2.42374918,Sonoma,V    **** **** ****,V,,0.004367875703877745,1.0160849022025054e-06,VYD_03227,0.980077546859346,0.2148974984884262,351.40056100981775,535.2330322265625,15.831772804260254
4906265,r,V,S,**,**,*,*,*,**,V,**,*,*,*,00,**,**,*,*,*,**,**,**,*,*,*,**,S********* V*****00******************,****,,V,,****,,****,,****,NCRO,17.39949727,Sonoma,V    **** **** ****,V,,0.014079272574725585,7.2811546555293145e-06,VYD_03228,7.035779339238278,0.21606041491031647,527.0609937402191,107.72821044921875,10.151914596557617
4906261,r,V,S,**,**,*,*,*,**,V,**,*,*,*,00,**,**,*,*,*,**,**,**,*,*,*,**,S********* V*****00******************,****,,V,,****,,****,,****,NCRO,7.20282696,Sonoma,V    **** **** ****,V,,0.008975956003559413,3.019242148452657e-06,VYD_03229,2.912573903167979,0.026560261845588684,360.2160453043889,326.3063659667969,10.310759544372559
4906254,r,V,S,**,**,*,*,*,**,V,**,*,*,*,00,**,**,*,*,*,**,**,**,*,*,*,**,S********* V*****00******************,****,,V,,****,,****,,****,NCRO,3.75872221,Sonoma,V    **** **** ****,V,,0.005099205194616059,1.573763994666512e-06,VYD_03232,1.5198998881029033,0.10384470224380493,385.5134939322587,59.71098709106445,0.6380916237831116
4906217,r,V,S,**,**,*,*,*,**,V,**,*,*,*,00,**,**,*,*,*,**,**,**,*,*,*,**,S********* V*****00******************,****,,V,,****,,****,,****,NCRO,7.23660865,Sonoma,V    **** **** ****,V,,0.010063333344779315,3.0332033845320545e-06,VYD_03240,2.92622240134464,0.18780231475830078,498.55425882352927,297.3485107421875,12.77434253692627
4906205,r,V,S,**,**,*,*,*,**,V,**,*,*,*,00,**,**,*,*,*,**,**,**,*,*,*,**,S********* V*****00******************,****,,V,,****,,****,,****,NCRO,13.2870037,Sonoma,V    **** **** ****,V,,0.010365839109086946,5.562249642970968e-06,VYD_03242,5.372855554439278,0.18104180693626404,453.45066311639084,136.88539123535156,1.8327707052230835
4906204,r,V,S,**,**,*,*,*,**,V,**,*,*,*,00,**,**,*,*,*,**,**,**,*,*,*,**,S********* V*****00******************,****,,V,,****,,****,,****,NCRO,2.80633072,Sonoma,V    **** **** ****,V,,0.005218980908314891,1.1762004801137094e-06,VYD_03243,1.1347772534054847,0.1392471343278885,563.9735244109788,141.2396697998047,11.754476547241211
4906203,r,V,S,**,**,*,*,*,**,V,**,*,*,*,00,**,**,*,*,*,**,**,**,*,*,*,**,S********* V*****00******************,****,,V,,****,,****,,****,NCRO,3.7998258,Sonoma,V    **** **** ****,V,,0.010559203169929155,1.5908105176770087e-06,VYD_03244,1.536524162415682,0.08432283252477646,515.5746735825435,261.545166015625,12.997636795043945
4906198,r,V,S,**,**,*,*,*,**,V,**,*,*,*,00,**,**,*,*,*,**,**,**,*,*,*,**,S********* V*****00******************,****,,V,,****,,****,,****,NCRO,2.57530003,Sonoma,V    **** **** ****,V,,0.004130886089042781,1.077602111246482e-06,VYD_03246,1.0413587933357835,0.010983181186020374,459.8433228180862,71.74148559570312,6.087302207946777
4906176,r,V,S,**,**,*,*,*,**,V,**,*,*,*,00,**,**,*,*,*,**,**,**,*,*,*,**,S********* V*****00******************,****,,V,,****,,****,,****,NCRO,1.80745408,Sonoma,V    **** **** ****,V,,0.004129929289847254,7.559911266158779e-07,VYD_03252,0.7308729808555905,-0.005119094159454107,562.854365230652,96.64608764648438,10.465560913085938
4906152,r,V,S,**,**,*,*,*,**,V,**,*,*,*,00,**,**,*,*,*,**,**,**,*,*,*,**,S********* V*****00******************,****,,V,,****,,****,,****,NCRO,2.60535761,Sonoma,V    **** **** ****,V,,0.005020283246985289,1.0907503945767058e-06,VYD_03259,1.0535207900678398,0.2811797261238098,497.6496998172801,283.47784423828125,11.9492769241333
4906145,r,V,S,**,**,*,*,*,**,V,**,*,*,*,00,**,**,*,*,*,**,**,**,*,*,*,**,S********* V*****00******************,****,,V,,****,,****,,****,NCRO,1.87883995,Sonoma,V    **** **** ****,V,,0.004067187281911884,7.866063154170567e-07,VYD_03262,0.7597401420691177,0.25896257162094116,581.9002177068215,194.2729034423828,19.17905616760254
4906139,r,V,S,**,**,*,*,*,**,V,**,*,*,*,00,**,**,*,*,*,**,**,**,*,*,*,**,S********* V*****00******************,****,,V,,****,,****,,****,NCRO,1.50647084,Sonoma,V    **** **** ****,V,,0.00422718993694045,6.313388991454269e-07,VYD_03263,0.6091649632041631,0.25319918990135193,342.0022563176896,155.2156219482422,14.886006355285645
4906126,r,V,S,**,**,*,*,*,**,V,**,*,*,*,00,**,**,*,*,*,**,**,**,*,*,*,**,S********* V*****00******************,****,,V,,****,,****,,****,NCRO,1.88941611,Sonoma,V    **** **** ****,V,,0.003431040059337183,7.919308529831669e-07,VYD_03265,0.7640132522868289,0.03645120933651924,408.69394376351835,397.0653076171875,18.435728073120117
4906113,r,V,S,**,**,*,*,*,**,V,**,*,*,*,00,**,**,*,*,*,**,**,**,*,*,*,**,S********* V*****00******************,****,,V,,****,,****,,****,NCRO,10.61466606,Sonoma,V    **** **** ****,V,,0.010673464801026702,4.4488093734346445e-06,VYD_03270,4.292184734750763,0.24979284405708313,396.5773096869197,299.15899658203125,17.5753173828125
4906105,r,V,S,**,**,*,*,*,**,V,**,*,*,*,00,**,**,*,*,*,**,**,**,*,*,*,**,S********* V*****00******************,****,,V,,****,,****,,****,NCRO,4.98104164,Sonoma,V    **** **** ****,V,,0.008566455905375175,2.087784590513935e-06,VYD_03273,2.014156751247724,0.15634563565254211,435.40328767123293,427.6690368652344,7.228756904602051
4906098,r,V,S,**,**,*,*,*,**,V,**,*,*,*,00,**,**,*,*,*,**,**,**,*,*,*,**,S********* V*****00******************,****,,V,,****,,****,,****,NCRO,16.95448562,Sonoma,V    **** **** ****,V,,0.011271306444894392,7.096638633427848e-06,VYD_03274,6.8558300107420935,0.1282857358455658,527.0548484240111,63.27304458618164,3.6739912033081055
4906090,r,V,S,**,**,*,*,*,**,V,**,*,*,*,00,**,**,*,*,*,**,**,**,*,*,*,**,S********* V*****00******************,****,,V,,****,,****,,****,NCRO,1.53989557,Sonoma,V    **** **** ****,V,,0.003789686576908992,6.442262221225491e-07,VYD_03275,0.6226799039892951,0.12165912240743637,574.3833185448093,71.65158081054688,6.068564414978027
4906086,r,V,S,**,**,*,*,*,**,V,**,*,*,*,00,**,**,*,*,*,**,**,**,*,*,*,**,S********* V*****00******************,****,,V,,****,,****,,****,NCRO,2.77344921,Sonoma,V    **** **** ****,V,,0.0048481766834004795,1.1621132928115319e-06,VYD_03277,1.1214828125220724,0.11413467675447464,549.8565121412803,78.83580017089844,9.495774269104004
4906060,r,V,S,**,**,*,*,*,**,V,**,*,*,*,00,**,**,*,*,*,**,**,**,*,*,*,**,S********* V*****00******************,****,,V,,****,,****,,****,NCRO,10.48297211,Sonoma,V    **** **** ****,V,,0.012920860278388176,4.389454627369956e-06,VYD_03286,4.239005606422464,0.018161563202738762,347.8229295225722,224.14207458496094,7.41950798034668
4906049,r,V,S,**,**,*,*,*,**,V,**,*,*,*,00,**,**,*,*,*,**,**,**,*,*,*,**,S********* V*****00******************,****,,V,,****,,****,,****,NCRO,17.10123894,Sonoma,V    **** **** ****,V,,0.010845624177143383,7.160821548985673e-06,VYD_03289,6.915212131969418,0.22607403993606567,367.3961948734277,128.21783447265625,1.5754483938217163
4906013,r,V,S,**,**,*,*,*,**,V,**,*,*,*,00,**,**,*,*,*,**,**,**,*,*,*,**,S********* V*****00******************,****,,V,,****,,****,,****,NCRO,5.81355095,Sonoma,V    **** **** ****,V,,0.006770988892290242,2.433855362946293e-06,VYD_03295,2.3508092716296427,0.11175213009119034,517.6390449438203,301.7629699707031,17.276351928710938
4906010,r,V,S,**,**,*,*,*,**,V,**,*,*,*,00,**,**,*,*,*,**,**,**,*,*,*,**,S********* V*****00******************,****,,V,,****,,****,,****,NCRO,9.68627955,Sonoma,V    **** **** ****,V,,0.008150121620276675,4.057314873641442e-06,VYD_03296,3.916791907802577,0.10886036604642868,442.22855336190554,72.27659606933594,3.0674118995666504
4906001,r,V,S,**,**,*,*,*,**,V,**,*,*,*,00,**,**,*,*,*,**,**,**,*,*,*,**,S********* V*****00******************,****,,V,,****,,****,,****,NCRO,2.35000289,Sonoma,V    **** **** ****,V,,0.004358165781391509,9.841864769360886e-07,VYD_03298,0.9502721115576436,0.12156965583562851,306.8857971014492,412.6708984375,18.347736358642578
4905984,r,V,S,**,**,*,*,*,**,V,**,*,*,*,00,**,**,*,*,*,**,**,**,*,*,*,**,S********* V*****00******************,****,,V,,****,,****,,****,NCRO,3.45319469,Sonoma,V    **** **** ****,V,,0.007136380603981754,1.4474900197914301e-06,VYD_03301,1.3963502009302315,0.12049918621778488,346.5134922198149,479.697265625,5.388429641723633
4905962,r,V,S,**,**,*,*,*,**,V,**,*,*,*,00,X,**,*,n,*,00,**,**,*,*,*,**,S********* V*****00 X***n*00*********,****,,V,,X,,****,,****,NCRO,3.31848553,Sonoma,V    X    **** ****,V,,0.006318312181089549,1.3881376936907504e-06,VYD_03307,1.3418809640896152,-0.15300028026103973,463.4760049220673,88.51744842529297,1.1161856651306152
4905958,r,V,S,**,**,*,*,*,**,V,**,*,*,*,00,**,**,*,*,*,**,**,**,*,*,*,**,S********* V*****00******************,****,,V,,****,,****,,****,NCRO,10.90716641,Sonoma,V    **** **** ****,V,,0.008887379806891917,4.572115319945143e-06,VYD_03308,4.410474586734073,0.1271308958530426,392.244806567981,314.5443115234375,15.123787879943848
4905955,r,V,S,**,**,*,*,*,**,V,**,*,*,*,00,**,**,*,*,*,**,**,**,*,*,*,**,S********* V*****00******************,****,,V,,****,,****,,****,NCRO,2.74029927,Sonoma,V    **** **** ****,V,,0.004239621942606837,1.1485835461818859e-06,VYD_03309,1.1080771601414425,0.13505074381828308,500.994043186895,269.67926025390625,8.559062957763672
4905944,r,V,S,**,**,*,*,*,**,V,**,*,*,*,00,**,**,*,*,*,**,**,**,*,*,*,**,S********* V*****00******************,****,,V,,****,,****,,****,NCRO,1.93275212,Sonoma,V    **** **** ****,V,,0.005295906190351384,8.083961480247757e-07,VYD_03313,0.7815393406837661,0.026638448238372803,635.3941908713695,122.5390853881836,11.478752136230469
4905938,r,V,S,**,**,*,*,*,**,V,**,*,*,*,00,**,**,*,*,*,**,**,**,*,*,*,**,S********* V*****00******************,****,,V,,****,,****,,****,NCRO,2.86394227,Sonoma,V    **** **** ****,V,,0.004805520366653667,1.1990705791714367e-06,VYD_03314,1.158087634205133,0.15197546780109406,408.06736741519353,128.6303253173828,7.878866672515869
4905922,r,V,S,**,**,*,*,*,**,V,**,*,*,*,00,X,**,*,n,*,00,**,**,*,*,*,**,S********* V*****00 X***n*00*********,****,,V,,X,,****,,****,NCRO,5.55274315,Sonoma,V    X    **** ****,V,,0.006217203700334422,2.3269226909586626e-06,VYD_03321,2.2453298670756388,-0.48710229992866516,329.3774047298125,82.8241958618164,0.7017386555671692
4905911,r,V,S,**,**,*,*,*,**,V,**,*,*,*,00,**,**,*,*,*,**,**,**,*,*,*,**,S********* V*****00******************,****,,V,,****,,****,,****,NCRO,6.36421568,Sonoma,V    **** **** ****,V,,0.007121364566356795,2.663816533420965e-06,VYD_03325,2.573475336814932,0.17892341315746307,510.9826700898587,59.37467575073242,1.6104475259780884
4905903,r,V,S,**,**,*,*,*,**,V,**,*,*,*,00,**,**,*,*,*,**,**,**,*,*,*,**,S********* V*****00******************,****,,V,,****,,****,,****,NCRO,12.02378186,Sonoma,V    **** **** ****,V,,0.011685436517683008,5.039459066902035e-06,VYD_03328,4.862001774535211,0.08646092563867569,341.57289841144205,260.68804931640625,15.061301231384277
4905897,r,V,S,**,**,*,*,*,**,V,**,*,*,*,00,**,**,*,*,*,**,**,**,*,*,*,**,S********* V*****00******************,****,,V,,****,,****,,****,NCRO,4.67967288,Sonoma,V    **** **** ****,V,,0.0077806127765242695,1.9596053759606196e-06,VYD_03331,1.8923004660453215,0.16977179050445557,541.6587278536163,120.83424377441406,6.65745210647583
4905867,r,V,S,**,**,*,*,*,**,V,**,*,*,*,00,**,**,*,*,*,**,**,**,*,*,*,**,S********* V*****00******************,****,,V,,****,,****,,****,NCRO,9.93074454,Sonoma,V    **** **** ****,V,,0.008880494735865128,4.157871835222086e-06,VYD_03337,4.015651245380098,0.032566338777542114,473.167112024666,94.56553649902344,3.7187230587005615
4905828,r,V,S,**,**,*,*,*,**,V,**,*,*,*,00,**,**,*,*,*,**,**,**,*,*,*,**,S********* V*****00******************,****,,V,,****,,****,,****,NCRO,48.24377432,Sonoma,V    **** **** ****,V,,0.022764784086140175,2.0180113758045884e-05,VYD_03348,19.50808212117631,0.10117297619581223,451.7284257156159,56.30756378173828,6.476706027984619
4905827,r,V,S,**,**,*,*,*,**,V,**,*,*,*,00,**,**,*,*,*,**,**,**,*,*,*,**,S********* V*****00******************,****,,V,,****,,****,,****,NCRO,5.17970082,Sonoma,V    **** **** ****,V,,0.006353830941176361,2.1694442299701786e-06,VYD_03349,2.094516934667586,0.11696834862232208,377.52679275019705,510.9151611328125,5.403520107269287
4905823,r,V,S,**,**,*,*,*,**,V,**,*,*,*,00,**,**,*,*,*,**,**,**,*,*,*,**,S********* V*****00******************,****,,V,,****,,****,,****,NCRO,3.02425027,Sonoma,V    **** **** ****,V,,0.006492182236242178,1.2676429350488204e-06,VYD_03351,1.2229002179788775,0.023958930745720863,342.690519187359,476.5064392089844,5.374792575836182
4905819,r,V,S,**,**,*,*,*,**,V,**,*,*,*,00,**,**,*,*,*,**,**,**,*,*,*,**,S********* V*****00******************,****,,V,,****,,****,,****,NCRO,3.77994907,Sonoma,V    **** **** ****,V,,0.007027943506258105,1.5839162760644073e-06,VYD_03352,1.5284740827721648,0.09949147701263428,515.8705946141333,111.7735366821289,2.923466205596924
4905815,r,V,S,**,**,*,*,*,**,V,**,*,*,*,00,**,**,*,*,*,**,**,**,*,*,*,**,S********* V*****00******************,****,,V,,****,,****,,****,NCRO,10.9931752,Sonoma,V    **** **** ****,V,,0.009094431627667413,4.606730437479899e-06,VYD_03353,4.445245399254023,0.16752305626869202,530.4869812604364,87.87603759765625,3.182699680328369
4905792,r,V,S,**,**,*,*,*,**,V,**,*,*,*,00,**,**,*,*,*,**,**,**,*,*,*,**,S********* V*****00******************,****,,V,,****,,****,,****,NCRO,10.5043994,Sonoma,V    **** **** ****,V,,0.008600992330550276,4.395304971493296e-06,VYD_03359,4.247607544300608,0.1692390739917755,577.2779074290161,116.21998596191406,9.190299987792969
4905790,r,V,S,**,**,*,*,*,**,V,**,*,*,*,00,**,**,*,*,*,**,**,**,*,*,*,**,S********* V*****00******************,****,,V,,****,,****,,****,NCRO,3.7716872,Sonoma,V    **** **** ****,V,,0.005678732118390652,1.581079060534434e-06,VYD_03360,1.5251357095490112,0.07425899058580399,299.02272317403066,538.4407348632812,13.942955017089844
4905785,r,V,S,**,**,*,*,*,**,V,**,*,*,*,00,**,**,*,*,*,**,**,**,*,*,*,**,S********* V*****00******************,****,,V,,****,,****,,****,NCRO,3.1122966,Sonoma,V    **** **** ****,V,,0.005891340524706392,1.3028734422227915e-06,VYD_03363,1.2585079259154546,0.06268942356109619,405.9086527929903,79.76004791259766,6.073158264160156
4905779,r,V,S,**,**,*,*,*,**,V,**,*,*,*,00,**,**,*,*,*,**,**,**,*,*,*,**,S********* V*****00******************,****,,V,,****,,****,,****,NCRO,5.95006846,Sonoma,V    **** **** ****,V,,0.0073921366583444455,2.4918588576419137e-06,VYD_03365,2.4060340215767853,0.08345221728086472,348.9452776187751,382.3232116699219,10.807861328125
4905742,r,V,S,**,**,*,*,*,**,V,**,*,*,*,00,**,**,*,*,*,**,**,**,*,*,*,**,S********* V*****00******************,****,,V,,****,,****,,****,NCRO,3.7575909,Sonoma,V    **** **** ****,V,,0.006033154633219857,1.5726242447860883e-06,VYD_03374,1.5194440182402946,0.12600794434547424,615.4378848243389,93.25133514404297,6.944868087768555
4905729,r,V,S,**,**,*,*,*,**,V,**,*,*,*,00,**,**,*,*,*,**,**,**,*,*,*,**,S********* V*****00******************,****,,V,,****,,****,,****,NCRO,14.74816492,Sonoma,V    **** **** ****,V,,0.011044044724181995,6.1714018844113314e-06,VYD_03377,5.963629013631461,0.06435161083936691,422.52024562537537,64.45313262939453,6.73441743850708
4905720,r,V,S,**,**,*,*,*,**,V,**,*,*,*,00,**,**,*,*,*,**,**,**,*,*,*,**,S********* V*****00******************,****,,V,,****,,****,,****,NCRO,11.43730067,Sonoma,V    **** **** ****,V,,0.011612405781287662,4.788298725870647e-06,VYD_03378,4.624858130527766,0.1068810299038887,530.4189841005182,120.01392364501953,6.083425998687744
4905714,r,V,S,**,**,*,*,*,**,V,**,*,*,*,00,**,**,*,*,*,**,**,**,*,*,*,**,S********* V*****00******************,****,,V,,****,,****,,****,NCRO,12.55140142,Sonoma,V    **** **** ****,V,,0.01112096663707548,5.254978971080212e-06,VYD_03379,5.0753554456173005,0.03185654431581497,448.70988725065064,95.33444213867188,3.919875144958496
4905691,r,V,S,**,**,*,*,*,**,V,**,*,*,*,00,**,**,*,*,*,**,**,**,*,*,*,**,S********* V*****00******************,****,,V,,****,,****,,****,NCRO,2.25853012,Sonoma,V    **** **** ****,V,,0.004144854488325708,9.46375364866605e-07,VYD_03386,0.9132682525535056,0.06120363995432854,534.539156626506,72.3130111694336,3.093950033187866
4905683,r,V,S,**,**,*,*,*,**,V,**,*,*,*,00,**,**,*,*,*,**,**,**,*,*,*,**,S********* V*****00******************,****,,V,,****,,****,,****,NCRO,18.09331075,Sonoma,V    **** **** ****,V,,0.011393303737589568,7.584161582507062e-06,VYD_03392,7.3162655111829515,0.22446490824222565,410.44660230644973,69.90257263183594,0.5165597796440125
4905671,r,V,S,**,**,*,*,*,**,V,**,*,*,*,00,**,**,*,*,*,**,**,**,*,*,*,**,S********* V*****00******************,****,,V,,****,,****,,****,NCRO,2.05887764,Sonoma,V    **** **** ****,V,,0.003917690118254658,8.622163585034612e-07,VYD_03395,0.8325398348475374,0.17980340123176575,523.1141628060888,93.47232818603516,7.388674259185791
4905665,r,V,S,**,**,*,*,*,**,V,**,*,*,*,00,**,**,*,*,*,**,**,**,*,*,*,**,S********* V*****00******************,****,,V,,****,,****,,****,NCRO,21.70466979,Sonoma,V    **** **** ****,V,,0.013248242988815549,9.084462152891326e-06,VYD_03397,8.776623363816825,0.07751907408237457,469.09352066737756,56.87163543701172,6.043139457702637
4905620,r,V,S,**,**,*,*,*,**,V,**,*,*,*,00,**,**,*,*,*,**,**,**,*,*,*,**,S********* V*****00******************,****,,V,,****,,****,,****,NCRO,8.4468172,Sonoma,V    **** **** ****,V,,0.00925531831698882,3.540151843830506e-06,VYD_03410,3.41558445483645,0.18661043047904968,578.070343275183,236.94622802734375,9.20978832244873
4905617,r,V,S,**,**,*,*,*,**,V,**,*,*,*,00,**,**,*,*,*,**,**,**,*,*,*,**,S********* V*****00******************,****,,V,,****,,****,,****,NCRO,3.46726047,Sonoma,V    **** **** ****,V,,0.005820774729094399,1.4533128165223905e-06,VYD_03411,1.4020323352787074,0.3404017686843872,439.8464852163696,75.66867065429688,2.817472457885742
4905610,r,V,S,**,**,*,*,*,**,V,**,*,*,*,00,**,**,*,*,*,**,**,**,*,*,*,**,S********* V*****00******************,****,,V,,****,,****,,****,NCRO,3.18894787,Sonoma,V    **** **** ****,V,,0.006619333855914514,1.3368007563446965e-06,VYD_03412,1.289497520810789,0.0734979659318924,322.63450042698565,539.1990356445312,9.459528923034668
4905569,r,V,S,**,**,*,*,*,**,V,**,*,*,*,00,**,**,*,*,*,**,**,**,*,*,*,**,S********* V*****00******************,****,,V,,****,,****,,****,NCRO,3.67904451,Sonoma,V    **** **** ****,V,,0.00669817562180135,1.5420115492608225e-06,VYD_03424,1.4876760365012243,0.08116669207811356,341.38111952706464,360.9406433105469,15.186302185058594
4905563,r,V,S,**,**,*,*,*,**,V,**,*,*,*,00,**,**,*,*,*,**,**,**,*,*,*,**,S********* V*****00******************,****,,V,,****,,****,,****,NCRO,2.90646857,Sonoma,V    **** **** ****,V,,0.0070505007248104195,1.2162827583166622e-06,VYD_03425,1.175278526762419,-0.06353753060102463,467.4744491326771,116.47087860107422,14.469985008239746
4905560,r,V,S,**,**,*,*,*,**,V,**,*,*,*,00,**,**,*,*,*,**,**,**,*,*,*,**,S********* V*****00******************,****,,V,,****,,****,,****,NCRO,2.54005413,Sonoma,V    **** **** ****,V,,0.0041026384753759925,1.0646062583793356e-06,VYD_03426,1.0271041732417525,0.19190557301044464,446.9257770632369,103.74705505371094,8.986533164978027
4905545,r,V,S,**,**,*,*,*,**,V,**,*,*,*,00,**,**,*,*,*,**,**,**,*,*,*,**,S********* V*****00******************,****,,V,,****,,****,,****,NCRO,6.15830005,Sonoma,V    **** **** ****,V,,0.00684221654816929,2.5810432052423356e-06,VYD_03433,2.4901993928487,0.08839113265275955,439.75516061375436,308.9543762207031,4.9970011711120605
4905507,r,V,S,**,**,*,*,*,**,V,**,*,*,*,00,**,**,*,*,*,**,**,**,*,*,*,**,S********* V*****00******************,****,,V,,****,,****,,****,NCRO,2.35676583,Sonoma,V    **** **** ****,V,,0.0062667620277309655,9.87976566263649e-07,VYD_03439,0.9529889409362113,0.11254908889532089,609.4571263035923,103.47952270507812,13.872760772705078
4905505,r,V,S,**,**,*,*,*,**,V,**,*,*,*,00,**,**,*,*,*,**,**,**,*,*,*,**,S********* V*****00******************,****,,V,,****,,****,,****,NCRO,1.89359787,Sonoma,V    **** **** ****,V,,0.0037235056673613,7.928170375107283e-07,VYD_03440,0.7657086163922461,0.1271127164363861,686.8890484739677,209.53778076171875,14.83298110961914
4905502,r,V,S,**,**,*,*,*,**,V,**,*,*,*,00,**,**,*,*,*,**,**,**,*,*,*,**,S********* V*****00******************,****,,V,,****,,****,,****,NCRO,2.24183333,Sonoma,V    **** **** ****,V,,0.004740972774962317,9.396955535037883e-07,VYD_03442,0.9065145393784177,-0.01384776271879673,279.64279183175864,71.71868133544922,0.5891229510307312
4905501,r,V,S,**,**,*,*,*,**,V,**,*,*,*,00,**,**,*,*,*,**,**,**,*,*,*,**,S********* V*****00******************,****,,V,,****,,****,,****,NCRO,5.22953086,Sonoma,V    **** **** ****,V,,0.00817058542417271,2.189287889594455e-06,VYD_03443,2.114651976607156,0.16711586713790894,478.64514449362144,353.0204162597656,4.933385372161865
4905500,r,V,S,**,**,*,*,*,**,V,**,*,*,*,00,**,**,*,*,*,**,**,**,*,*,*,**,S********* V*****00******************,****,,V,,****,,****,,****,NCRO,5.8352548,Sonoma,V    **** **** ****,V,,0.010028633208864615,2.444145795024752e-06,VYD_03444,2.3595748028105166,0.08649663627147675,494.4023578849072,72.79155731201172,3.189969778060913
4905494,r,V,S,**,**,*,*,*,**,V,**,*,*,*,00,**,**,*,*,*,**,**,**,*,*,*,**,S********* V*****00******************,****,,V,,****,,****,,****,NCRO,3.06298099,Sonoma,V    **** **** ****,V,,0.004796510329506223,1.2825176406657307e-06,VYD_03446,1.238574433367097,0.20746131241321564,448.4018234378474,121.11358642578125,1.0804734230041504
4905472,r,V,S,**,**,*,*,*,**,V,**,*,*,*,00,**,**,*,*,*,**,**,**,*,*,*,**,S********* V*****00******************,****,,V,,****,,****,,****,NCRO,7.26680745,Sonoma,V    **** **** ****,V,,0.008153210990358787,3.044845614719206e-06,VYD_03450,2.9384342660043212,0.060930076986551285,398.5407025761124,77.93963623046875,11.796478271484375
4905471,r,V,S,**,**,*,*,*,**,V,**,*,*,*,00,**,**,*,*,*,**,**,**,*,*,*,**,S********* V*****00******************,****,,V,,****,,****,,****,NCRO,3.50062942,Sonoma,V    **** **** ****,V,,0.006806951097816608,1.4673885427463297e-06,VYD_03451,1.4155292717535772,0.03756102919578552,315.69689320388363,434.4397277832031,15.802286148071289
4905466,r,V,S,**,**,*,*,*,**,V,**,*,*,*,00,**,**,*,*,*,**,**,**,*,*,*,**,S********* V*****00******************,****,,V,,****,,****,,****,NCRO,5.02481609,Sonoma,V    **** **** ****,V,,0.007886083991756816,2.1061896951018293e-06,VYD_03452,2.031856595987361,0.0050275386311113834,284.69127789046655,453.5368957519531,13.593513488769531
4905456,r,V,S,**,**,*,*,*,**,V,**,*,*,*,00,**,**,*,*,*,**,**,**,*,*,*,**,S********* V*****00******************,****,,V,,****,,****,,****,NCRO,3.11239626,Sonoma,V    **** **** ****,V,,0.005661348596762728,1.3020850117402053e-06,VYD_03454,1.2585474829334775,0.2190333753824234,651.2007475813543,170.18673706054688,6.485408782958984
4905441,r,V,S,**,**,*,*,*,**,V,**,*,*,*,00,**,**,*,*,*,**,**,**,*,*,*,**,S********* V*****00******************,****,,V,,****,,****,,****,NCRO,3.06601059,Sonoma,V    **** **** ****,V,,0.0074142194310249975,1.2851305078277625e-06,VYD_03458,1.2397811130386287,0.13980872929096222,551.6785237883503,69.9122543334961,0.8078080415725708
4905432,r,V,S,**,**,*,*,*,**,V,**,*,*,*,00,**,**,*,*,*,**,**,**,*,*,*,**,S********* V*****00******************,****,,V,,****,,****,,****,NCRO,16.86143168,Sonoma,V    **** **** ****,V,,0.012211977305310767,7.053547364242536e-06,VYD_03460,6.818167027334109,0.22255916893482208,493.5380698351115,73.0442123413086,5.924560546875
4905412,r,V,S,**,**,*,*,*,**,V,**,*,*,*,00,**,**,*,*,*,**,**,**,*,*,*,**,S********* V*****00******************,****,,V,,****,,****,,****,NCRO,2.13035283,Sonoma,V    **** **** ****,V,,0.006047315955386034,8.918084693988156e-07,VYD_03464,0.8614418607040465,0.006822454743087292,462.1177976952626,58.774749755859375,3.3202974796295166
4905410,r,V,S,**,**,*,*,*,**,V,**,*,*,*,00,**,**,*,*,*,**,**,**,*,*,*,**,S********* V*****00******************,****,,V,,****,,****,,****,NCRO,6.30301998,Sonoma,V    **** **** ****,V,,0.008720591583072944,2.6389927687676254e-06,VYD_03465,2.5487326305620166,0.2281150221824646,550.1481201382884,205.1578369140625,12.71908187866211
4905407,r,V,S,**,**,*,*,*,**,V,**,*,*,*,00,**,**,*,*,*,**,**,**,*,*,*,**,S********* V*****00******************,****,,V,,****,,****,,****,NCRO,5.96068482,Sonoma,V    **** **** ****,V,,0.00938340407617161,2.495222647175501e-06,VYD_03468,2.4103135421590607,0.11015670001506805,478.90769758664084,117.41392517089844,10.041790008544922
4905393,r,V,S,**,**,*,*,*,**,V,**,*,*,*,00,**,**,*,*,*,**,**,**,*,*,*,**,S********* V*****00******************,****,,V,,****,,****,,****,NCRO,4.46480921,Sonoma,V    **** **** ****,V,,0.005684328252831746,1.8696208302852532e-06,VYD_03469,1.805433215263929,0.12847508490085602,451.46232458816365,152.88975524902344,5.047776699066162
4905383,r,V,S,**,**,*,*,*,**,V,**,*,*,*,00,**,**,*,*,*,**,**,**,*,*,*,**,S********* V*****00******************,****,,V,,****,,****,,****,NCRO,1.67627851,Sonoma,V    **** **** ****,V,,0.003422625094801631,7.02681916714928e-07,VYD_03474,0.6778283087104645,0.26501893997192383,444.6981361426257,283.875244140625,13.192798614501953
4905373,r,V,S,**,**,*,*,*,**,V,**,*,*,*,00,**,**,*,*,*,**,**,**,*,*,*,**,S********* V*****00******************,****,,V,,****,,****,,****,NCRO,6.11565804,Sonoma,V    **** **** ****,V,,0.006507850874980746,2.559813388411647e-06,VYD_03479,2.472962640310474,0.1371120661497116,509.7103240895422,45.40422821044922,5.19874382019043
4905372,r,V,S,**,**,*,*,*,**,V,**,*,*,*,00,**,**,*,*,*,**,**,**,*,*,*,**,S********* V*****00******************,****,,V,,****,,****,,****,NCRO,3.01835966,Sonoma,V    **** **** ****,V,,0.005941907219307107,1.2627243016910922e-06,VYD_03480,1.220520338099091,0.15889592468738556,566.4908515925007,116.45723724365234,7.327889442443848
4905366,r,V,S,**,**,*,*,*,**,V,**,*,*,*,00,**,**,*,*,*,**,**,**,*,*,*,**,S********* V*****00******************,****,,V,,****,,****,,****,NCRO,2.35005757,Sonoma,V    **** **** ****,V,,0.004807632090782182,9.848121353440895e-07,VYD_03481,0.9502788112982278,0.1654188483953476,527.2127351664254,101.72578430175781,6.49176549911499
4905361,r,V,S,**,**,*,*,*,**,V,**,*,*,*,00,**,**,*,*,*,**,**,**,*,*,*,**,S********* V*****00******************,****,,V,,****,,****,,****,NCRO,2.09692071,Sonoma,V    **** **** ****,V,,0.006189182158490131,8.787916800340702e-07,VYD_03484,0.8479189918354434,0.2992208003997803,647.6421361120156,190.7840118408203,14.425607681274414
4905352,r,V,S,**,**,*,*,*,**,V,**,*,*,*,00,**,**,*,*,*,**,**,**,*,*,*,**,S********* V*****00******************,****,,V,,****,,****,,****,NCRO,2.36276276,Sonoma,V    **** **** ****,V,,0.004849355738068345,9.89706386319405e-07,VYD_03486,0.9554189970457592,0.13008229434490204,414.23402417962006,103.44682312011719,12.20217514038086
4905338,r,V,S,**,**,*,*,*,**,V,**,*,*,*,00,**,**,*,*,*,**,**,**,*,*,*,**,S********* V*****00******************,****,,V,,****,,****,,****,NCRO,10.2354671,Sonoma,V    **** **** ****,V,,0.013589714386128708,4.285142610036938e-06,VYD_03489,4.138912224114305,0.2064279317855835,468.1249085953599,145.29429626464844,0.6468530893325806
4905296,r,V,S,**,**,*,*,*,**,V,**,*,*,*,00,**,**,*,*,*,**,**,**,*,*,*,**,S********* V*****00******************,****,,V,,****,,****,,****,NCRO,15.09095144,Sonoma,V    **** **** ****,V,,0.01310094958124135,6.3219923908013435e-06,VYD_03499,6.1022511294559925,0.047322265803813934,542.4073957158962,81.01929473876953,7.717994689941406
4905285,r,V,S,**,**,*,*,*,**,V,**,*,*,*,00,**,**,*,*,*,**,**,**,*,*,*,**,S********* V*****00******************,****,,V,,****,,****,,****,NCRO,1.55860388,Sonoma,V    **** **** ****,V,,0.003924249781088087,6.521518434767732e-07,VYD_03502,0.6302448460122884,0.1746380478143692,484.63358111062524,163.42771911621094,14.195271492004395
4905260,r,V,S,**,**,*,*,*,**,V,**,*,*,*,00,**,**,*,*,*,**,**,**,*,*,*,**,S********* V*****00******************,****,,V,,****,,****,,****,NCRO,6.73321722,Sonoma,V    **** **** ****,V,,0.010132233634220307,2.819121933091668e-06,VYD_03508,2.722708082253358,0.04530198872089386,371.77922866686913,138.33218383789062,0.991675615310669
4905239,r,V,S,**,**,*,*,*,**,V,**,*,*,*,00,**,**,*,*,*,**,**,**,*,*,*,**,S********* V*****00******************,****,,V,,****,,****,,****,NCRO,2.79083922,Sonoma,V    **** **** ****,V,,0.005697569644681329,1.1696641440596434e-06,VYD_03511,1.128518793257731,0.09712778776884079,389.395751953125,186.99661254882812,10.715883255004883
4905223,r,V,S,**,**,*,*,*,**,V,**,*,*,*,00,**,**,*,*,*,**,**,**,*,*,*,**,S********* V*****00******************,****,,V,,****,,****,,****,NCRO,5.24113505,Sonoma,V    **** **** ****,V,,0.00756197672814843,2.192495806236803e-06,VYD_03514,2.119336906143177,0.16628582775592804,605.850526863536,154.89442443847656,6.067566394805908
4905217,r,V,S,**,**,*,*,*,**,V,**,*,*,*,00,**,**,*,*,*,**,**,**,*,*,*,**,S********* V*****00******************,****,,V,,****,,****,,****,NCRO,5.90160038,Sonoma,V    **** **** ****,V,,0.007479861467029355,2.4708270278713835e-06,VYD_03515,2.3864071967249365,0.08057684451341629,540.9111880046136,103.67572021484375,5.213998794555664
4905194,r,V,S,**,**,*,*,*,**,V,**,*,*,*,00,**,**,*,*,*,**,**,**,*,*,*,**,S********* V*****00******************,****,,V,,****,,****,,****,NCRO,19.35019228,Sonoma,V    **** **** ****,V,,0.011579173518681722,8.09966594167475e-06,VYD_03518,7.824558104222131,0.054752543568611145,457.55527408345665,54.86887741088867,1.939420223236084
4905178,r,V,S,**,**,*,*,*,**,V,**,*,*,*,00,**,**,*,*,*,**,**,**,*,*,*,**,S********* V*****00******************,****,,V,,****,,****,,****,NCRO,6.21397677,Sonoma,V    **** **** ****,V,,0.007368986583094256,2.5994685409857554e-06,VYD_03524,2.5127223925949393,0.22224539518356323,544.1817683194384,190.33023071289062,3.141737937927246
4905175,r,V,S,**,**,*,*,*,**,V,**,*,*,*,00,**,**,*,*,*,**,**,**,*,*,*,**,S********* V*****00******************,****,,V,,****,,****,,****,NCRO,2.61542947,Sonoma,V    **** **** ****,V,,0.004435521258777226,1.0941246182600342e-06,VYD_03525,1.0575910517090856,0.041593365371227264,525.3951130751235,165.179443359375,13.823487281799316
4905172,r,V,S,**,**,*,*,*,**,V,**,*,*,*,00,**,**,*,*,*,**,**,**,*,*,*,**,S********* V*****00******************,****,,V,,****,,****,,****,NCRO,1.63267899,Sonoma,V    **** **** ****,V,,0.003411369907758145,6.84198667578433e-07,VYD_03527,0.6601964608021349,0.17066967487335205,421.12301918265223,102.16836547851562,15.613714218139648
4905170,r,V,S,**,**,*,*,*,**,V,**,*,*,*,00,**,**,*,*,*,**,**,**,*,*,*,**,S********* V*****00******************,****,,V,,****,,****,,****,NCRO,7.35530396,Sonoma,V    **** **** ****,V,,0.007479929457794654,3.0803434491888815e-06,VYD_03528,2.974225974248031,0.45995932817459106,556.6819317235637,50.73688507080078,0.7579700946807861
4905159,r,V,S,**,**,*,*,*,**,V,**,*,*,*,00,**,**,*,*,*,**,**,**,*,*,*,**,S********* V*****00******************,****,,V,,****,,****,,****,NCRO,2.94363985,Sonoma,V    **** **** ****,V,,0.006685459888800805,1.233897999458448e-06,VYD_03531,1.1903034333990699,0.1054193377494812,434.92204487624343,427.77978515625,6.59618616104126
4905138,r,V,S,**,**,*,*,*,**,V,**,*,*,*,00,**,**,*,*,*,**,**,**,*,*,*,**,S********* V*****00******************,****,,V,,****,,****,,****,NCRO,1.72911373,Sonoma,V    **** **** ****,V,,0.003782747097088492,7.238650063564344e-07,VYD_03537,0.6991951511610117,0.03513053059577942,580.0638549467876,58.372928619384766,2.463477849960327
4905134,r,V,S,**,**,*,*,*,**,V,**,*,*,*,00,**,**,*,*,*,**,**,**,*,*,*,**,S********* V*****00******************,****,,V,,****,,****,,****,NCRO,3.11722203,Sonoma,V    **** **** ****,V,,0.00558975033333305,1.3054821414251016e-06,VYD_03538,1.2605042193715723,0.1926019936800003,509.6351114997814,104.279541015625,0.8800126910209656
4905131,r,V,S,**,**,*,*,*,**,V,**,*,*,*,00,**,**,*,*,*,**,**,**,*,*,*,**,S********* V*****00******************,****,,V,,****,,****,,****,NCRO,1.94116581,Sonoma,V    **** **** ****,V,,0.004325802873519548,8.123261980869819e-07,VYD_03539,0.7849383398263415,0.06216907501220703,350.3762237762237,181.57565307617188,10.863325119018555
4905119,r,V,S,**,**,*,*,*,**,V,**,*,*,*,00,**,**,*,*,*,**,**,**,*,*,*,**,S********* V*****00******************,****,,V,,****,,****,,****,NCRO,1.60159738,Sonoma,V    **** **** ****,V,,0.005442790489913137,6.712279510354009e-07,VYD_03542,0.6476278705066512,0.31704068183898926,577.9418011894649,216.94253540039062,6.404492378234863
4905115,r,V,S,**,**,*,*,*,**,V,**,*,*,*,00,**,**,*,*,*,**,**,**,*,*,*,**,S********* V*****00******************,****,,V,,****,,****,,****,NCRO,11.69560331,Sonoma,V    **** **** ****,V,,0.009888794193118963,4.902466355967542e-06,VYD_03543,4.729267857688655,0.13325382769107819,350.7238632399114,73.1998519897461,0.7330690026283264
4905104,r,V,S,**,**,*,*,*,**,V,**,*,*,*,00,**,**,*,*,*,**,**,**,*,*,*,**,S********* V*****00******************,****,,V,,****,,****,,****,NCRO,1.68598376,Sonoma,V    **** **** ****,V,,0.00336974074061279,7.05884053349972e-07,VYD_03547,0.6817562621502711,-0.0348762646317482,545.635370295427,233.39395141601562,14.929879188537598
4905092,r,V,S,**,**,*,*,*,**,V,**,*,*,*,00,**,**,*,*,*,**,**,**,*,*,*,**,S********* V*****00******************,****,,V,,****,,****,,****,NCRO,2.46751919,Sonoma,V    **** **** ****,V,,0.00553048932518701,1.033012778276164e-06,VYD_03551,0.9977867765047241,0.25710487365722656,495.41615938018816,141.06590270996094,9.952713966369629
4905081,r,V,S,**,**,*,*,*,**,V,**,*,*,*,00,**,**,*,*,*,**,**,**,*,*,*,**,S********* V*****00******************,****,,V,,****,,****,,****,NCRO,2.98185192,Sonoma,V    **** **** ****,V,,0.004511038164122351,1.2482716056036308e-06,VYD_03555,1.2057593933907582,-0.056390032172203064,670.8408005458267,94.13483428955078,18.68029022216797
4905078,r,V,S,**,**,*,*,*,**,V,**,*,*,*,00,**,**,*,*,*,**,**,**,*,*,*,**,S********* V*****00******************,****,,V,,****,,****,,****,NCRO,6.56601764,Sonoma,V    **** **** ****,V,,0.007452601551462775,2.7515778947480776e-06,VYD_03556,2.655064329809827,0.09750775992870331,348.9502539123225,137.84442138671875,1.0563617944717407
4905071,r,V,S,**,**,*,*,*,**,V,**,*,*,*,00,**,**,*,*,*,**,**,**,*,*,*,**,S********* V*****00******************,****,,V,,****,,****,,****,NCRO,5.76680756,Sonoma,V    **** **** ****,V,,0.006558555123623352,2.4123195936413174e-06,VYD_03558,2.3319026883719625,0.1521255373954773,572.2925588548444,188.93646240234375,11.716142654418945
4905032,r,V,S,**,**,*,*,*,**,V,**,*,*,*,00,**,**,*,*,*,**,**,**,*,*,*,**,S********* V*****00******************,****,,V,,****,,****,,****,NCRO,6.30883827,Sonoma,V    **** **** ****,V,,0.006998629827019937,2.6451254427915955e-06,VYD_03570,2.5510695182270373,0.2571859359741211,438.25706275609224,670.7051391601562,13.373043060302734
4905029,r,V,S,**,**,*,*,*,**,V,**,*,*,*,00,**,**,*,*,*,**,**,**,*,*,*,**,S********* V*****00******************,****,,V,,****,,****,,****,NCRO,2.08104744,Sonoma,V    **** **** ****,V,,0.005504917240717288,8.723629635130124e-07,VYD_03571,0.8414984312186076,0.0365251787006855,384.2728463806094,124.97152709960938,9.252570152282715
4905023,r,V,S,**,**,*,*,*,**,V,**,*,*,*,00,**,**,*,*,*,**,**,**,*,*,*,**,S********* V*****00******************,****,,V,,****,,****,,****,NCRO,5.42256023,Sonoma,V    **** **** ****,V,,0.008694990677652217,2.2681871529938036e-06,VYD_03573,2.1926972237764635,0.1736653745174408,528.65522875817,86.64608001708984,1.1642553806304932
4905004,r,V,S,**,**,*,*,*,**,V,**,*,*,*,00,**,**,*,*,*,**,**,**,*,*,*,**,S********* V*****00******************,****,,V,,****,,****,,****,NCRO,2.77096885,Sonoma,V    **** **** ****,V,,0.004666926512703483,1.1600456579145214e-06,VYD_03580,1.1204848623229156,0.11879965662956238,438.4432964329643,53.80107879638672,1.7598196268081665
4904997,r,V,S,**,**,*,*,*,**,V,**,*,*,*,00,**,**,*,*,*,**,**,**,*,*,*,**,S********* V*****00******************,****,,V,,****,,****,,****,NCRO,5.1287095,Sonoma,V    **** **** ****,V,,0.007836431607212533,2.1491255924426873e-06,VYD_03582,2.073864245493714,0.1138068214058876,525.670385126162,116.26587677001953,16.96886444091797
4904974,r,V,S,**,**,*,*,*,**,V,**,*,*,*,00,**,**,*,*,*,**,**,**,*,*,*,**,S********* V*****00******************,****,,V,,****,,****,,****,NCRO,5.56533707,Sonoma,V    **** **** ****,V,,0.007174024980557308,2.329489868743978e-06,VYD_03589,2.2504398308991944,0.06775244325399399,375.1675437522947,139.8570098876953,8.250480651855469
4904956,r,V,S,**,**,*,*,*,**,V,**,*,*,*,00,**,**,*,*,*,**,**,**,*,*,*,**,S********* V*****00******************,****,,V,,****,,****,,****,NCRO,1.64909424,Sonoma,V    **** **** ****,V,,0.004727063233944598,6.912949970467609e-07,VYD_03594,0.6668349909504003,0.09870143234729767,372.461251554082,518.8641967773438,6.8940043449401855
4904947,r,V,S,**,**,*,*,*,**,V,**,*,*,*,00,**,**,*,*,*,**,**,**,*,*,*,**,S********* V*****00******************,****,,V,,****,,****,,****,NCRO,1.95976406,Sonoma,V    **** **** ****,V,,0.005152873765335461,8.214588785026456e-07,VYD_03600,0.792456783954757,0.22747902572155,462.2700729927009,204.2677001953125,20.39093589782715
4904924,r,V,S,**,**,*,*,*,**,V,**,*,*,*,00,**,**,*,*,*,**,**,**,*,*,*,**,S********* V*****00******************,****,,V,,****,,****,,****,NCRO,2.25586272,Sonoma,V    **** **** ****,V,,0.004346327653178953,9.443381444471825e-07,VYD_03606,0.9121956212958233,0.048423394560813904,481.5066425120773,122.94529724121094,12.782304763793945
4904914,r,V,S,**,**,*,*,*,**,V,**,*,*,*,00,**,**,*,*,*,**,**,**,*,*,*,**,S********* V*****00******************,****,,V,,****,,****,,****,NCRO,2.56046209,Sonoma,V    **** **** ****,V,,0.0056408550417879205,1.0719905266600864e-06,VYD_03609,1.0353666246111943,0.13475301861763,543.9742765273313,244.2982635498047,13.141709327697754
4904911,r,V,S,**,**,*,*,*,**,V,**,*,*,*,00,**,**,*,*,*,**,**,**,*,*,*,**,S********* V*****00******************,****,,V,,****,,****,,****,NCRO,5.10686761,Sonoma,V    **** **** ****,V,,0.007605454093570432,2.140046308936293e-06,VYD_03610,2.065033376480456,0.11586245149374008,445.31760629081697,82.01541137695312,1.207044243812561
4904896,r,V,S,**,**,*,*,*,**,V,**,*,*,*,00,**,**,*,*,*,**,**,**,*,*,*,**,S********* V*****00******************,****,,V,,****,,****,,****,NCRO,3.07704045,Sonoma,V    **** **** ****,V,,0.005770070730104957,1.288499176513403e-06,VYD_03613,1.2442494959030015,0.2045496255159378,595.3135518157661,118.38583374023438,10.713897705078125
4904889,r,V,S,**,**,*,*,*,**,V,**,*,*,*,00,**,**,*,*,*,**,**,**,*,*,*,**,S********* V*****00******************,****,,V,,****,,****,,****,NCRO,22.78674451,Sonoma,V    **** **** ****,V,,0.014688664796419169,9.53936609395169e-06,VYD_03615,9.2141968121313,0.16235482692718506,503.39705530999873,136.8146209716797,2.6375627517700195
4904876,r,V,S,**,**,*,*,*,**,V,**,*,*,*,00,**,**,*,*,*,**,**,**,*,*,*,**,S********* V*****00******************,****,,V,,****,,****,,****,NCRO,2.07019608,Sonoma,V    **** **** ****,V,,0.004294308793265505,8.678017796555505e-07,VYD_03619,0.8371107547432943,0.2961404323577881,515.9186429512516,91.43075561523438,13.753875732421875
4904857,r,V,S,**,**,*,*,*,**,V,**,*,*,*,00,**,**,*,*,*,**,**,**,*,*,*,**,S********* V*****00******************,****,,V,,****,,****,,****,NCRO,2.425603,Sonoma,V    **** **** ****,V,,0.004757707613158114,1.0167151926095965e-06,VYD_03622,0.9808262439322442,0.24645332992076874,557.8940582959641,327.2970886230469,9.841924667358398
4904854,r,V,S,**,**,*,*,*,**,V,**,*,*,*,00,**,**,*,*,*,**,**,**,*,*,*,**,S********* V*****00******************,****,,V,,****,,****,,****,NCRO,3.58009807,Sonoma,V    **** **** ****,V,,0.00521696409958416,1.500160089421351e-06,VYD_03623,1.4476648808432493,0.12756478786468506,505.75161412837065,123.14117431640625,9.333751678466797
4904844,r,V,S,**,**,*,*,*,**,V,**,*,*,*,00,**,**,*,*,*,**,**,**,*,*,*,**,S********* V*****00******************,****,,V,,****,,****,,****,NCRO,1.67450779,Sonoma,V    **** **** ****,V,,0.0035992357290098803,7.017814334008069e-07,VYD_03629,0.6771100713665453,0.2395726889371872,473.6795602605863,176.8760986328125,9.652408599853516
4904843,r,V,S,**,**,*,*,*,**,V,**,*,*,*,00,**,**,*,*,*,**,**,**,*,*,*,**,S********* V*****00******************,****,,V,,****,,****,,****,NCRO,11.58479694,Sonoma,V    **** **** ****,V,,0.009238032298836818,4.85103076028321e-06,VYD_03630,4.684524197323787,0.1835205852985382,445.85167773403066,110.89425659179688,0.6291927695274353
4904831,r,V,S,**,**,*,*,*,**,V,**,*,*,*,00,**,**,*,*,*,**,**,**,*,*,*,**,S********* V*****00******************,****,,V,,****,,****,,****,NCRO,3.66701321,Sonoma,V    **** **** ****,V,,0.006658748535685362,1.534499362596631e-06,VYD_03631,1.482817071349532,0.1191273108124733,552.1572700296738,113.1595687866211,10.982426643371582
4904807,r,V,S,**,**,*,*,*,**,V,**,*,*,*,00,**,**,*,*,*,**,**,**,*,*,*,**,S********* V*****00******************,****,,V,,****,,****,,****,NCRO,8.04128053,Sonoma,V    **** **** ****,V,,0.009092566847686202,3.3640822224970523e-06,VYD_03638,3.251605575384997,0.10796960443258286,474.54987689956704,67.05684661865234,10.680156707763672
4904793,r,V,S,**,**,*,*,*,**,V,**,*,*,*,00,**,**,*,*,*,**,**,**,*,*,*,**,S********* V*****00******************,****,,V,,****,,****,,****,NCRO,1.77874862,Sonoma,V    **** **** ****,V,,0.003880014548106636,7.446583682345251e-07,VYD_03641,0.7192671054778705,0.02235586568713188,549.9088820826955,198.3372344970703,20.55718231201172
4904784,r,V,S,**,**,*,*,*,**,V,**,*,*,*,00,**,**,*,*,*,**,**,**,*,*,*,**,S********* V*****00******************,****,,V,,****,,****,,****,NCRO,3.06559957,Sonoma,V    **** **** ****,V,,0.007115112483670727,1.283506216708784e-06,VYD_03646,1.239622548391482,0.007098932284861803,479.75227727171733,101.34264373779297,4.409790515899658
4904776,r,V,S,**,**,*,*,*,**,V,**,*,*,*,00,**,**,*,*,*,**,**,**,*,*,*,**,S********* V*****00******************,****,,V,,****,,****,,****,NCRO,5.52582043,Sonoma,V    **** **** ****,V,,0.011479196155592675,2.3167503072644126e-06,VYD_03648,2.2344429274596855,0.12648025155067444,284.2132380130655,601.3607788085938,14.4617919921875
4904766,r,V,S,**,**,*,*,*,**,V,**,*,*,*,00,**,**,*,*,*,**,**,**,*,*,*,**,S********* V*****00******************,****,,V,,****,,****,,****,NCRO,2.50419232,Sonoma,V    **** **** ****,V,,0.004622222743918942,1.048818906243233e-06,VYD_03654,1.0126220389996334,0.03650675714015961,382.89904761904756,504.23809814453125,5.8892717361450195
4904761,r,V,S,**,**,*,*,*,**,V,**,*,*,*,00,**,**,*,*,*,**,**,**,*,*,*,**,S********* V*****00******************,****,,V,,****,,****,,****,NCRO,3.00371096,Sonoma,V    **** **** ****,V,,0.004909860937716335,1.257349395453971e-06,VYD_03656,1.2145974538490851,0.035689227283000946,452.1563421828909,58.00690841674805,11.341963768005371
4904747,r,V,S,**,**,*,*,*,**,V,**,*,*,*,00,**,**,*,*,*,**,**,**,*,*,*,**,S********* V*****00******************,****,,V,,****,,****,,****,NCRO,9.3165847,Sonoma,V    **** **** ****,V,,0.008235483573599899,3.900924358579627e-06,VYD_03661,3.767306660322481,0.15605269372463226,610.8169528681035,83.25797271728516,3.660694122314453
4904743,r,V,S,**,**,*,*,*,**,V,**,*,*,*,00,**,**,*,*,*,**,**,**,*,*,*,**,S********* V*****00******************,****,,V,,****,,****,,****,NCRO,3.07687248,Sonoma,V    **** **** ****,V,,0.005664671024225647,1.2893746686083053e-06,VYD_03663,1.244176761622895,0.16567829251289368,613.2814159292035,83.05252838134766,0.9614967107772827
4904733,r,V,S,**,**,*,*,*,**,V,**,*,*,*,00,**,**,*,*,*,**,**,**,*,*,*,**,S********* V*****00******************,****,,V,,****,,****,,****,NCRO,1.27203645,Sonoma,V    **** **** ****,V,,0.003204364147740619,5.322671023519019e-07,VYD_03665,0.5143662234843488,0.014581411145627499,544.1001615508885,76.17485046386719,7.524268627166748
4904728,r,V,S,**,**,*,*,*,**,V,**,*,*,*,00,**,**,*,*,*,**,**,**,*,*,*,**,S********* V*****00******************,****,,V,,****,,****,,****,NCRO,2.3430226,Sonoma,V    **** **** ****,V,,0.003985234553835169,9.810023164405217e-07,VYD_03666,0.9474376217110811,0.1219586580991745,449.10316768381284,82.89610290527344,2.782862663269043
4904713,r,V,S,**,**,*,*,*,**,V,**,*,*,*,00,**,**,*,*,*,**,**,**,*,*,*,**,S********* V*****00******************,****,,V,,****,,****,,****,NCRO,2.8486871,Sonoma,V    **** **** ****,V,,0.0053506731494431265,1.1916949286493674e-06,VYD_03672,1.1519121322182013,0.10520704835653305,578.2886548587842,165.90260314941406,7.67684268951416
4904712,r,V,S,**,**,*,*,*,**,V,**,*,*,*,00,**,**,*,*,*,**,**,**,*,*,*,**,S********* V*****00******************,****,,V,,****,,****,,****,NCRO,6.52861645,Sonoma,V    **** **** ****,V,,0.007114718180037631,2.7341921397814633e-06,VYD_03673,2.6399438824480175,0.26202327013015747,518.2981230448383,52.77729034423828,0.5698700547218323
4904674,r,V,S,**,**,*,*,*,**,V,**,*,*,*,00,**,**,*,*,*,**,**,**,*,*,*,**,S********* V*****00******************,****,,V,,****,,****,,****,NCRO,3.54693587,Sonoma,V    **** **** ****,V,,0.007569352668904429,1.484960495257926e-06,VYD_03681,1.4342636074257094,0.12012456357479095,650.4056857472146,253.68389892578125,12.77211856842041
4904668,r,V,S,**,**,*,*,*,**,V,**,*,*,*,00,**,**,*,*,*,**,**,**,*,*,*,**,S********* V*****00******************,****,,V,,****,,****,,****,NCRO,7.85055224,Sonoma,V    **** **** ****,V,,0.007406506838267725,3.2871842855484273e-06,VYD_03683,3.17452634459176,0.15926125645637512,498.1609823830598,150.11143493652344,2.4348928928375244
4904666,r,V,S,**,**,*,*,*,**,V,**,*,*,*,00,**,**,*,*,*,**,**,**,*,*,*,**,S********* V*****00******************,****,,V,,****,,****,,****,NCRO,6.27883853,Sonoma,V    **** **** ****,V,,0.008999843440927753,2.631821990850444e-06,VYD_03684,2.538945546396079,0.08469904959201813,461.9149696707105,324.0491943359375,10.630144119262695
4904665,r,V,S,**,**,*,*,*,**,V,**,*,*,*,00,**,**,*,*,*,**,**,**,*,*,*,**,S********* V*****00******************,****,,V,,****,,****,,****,NCRO,1.99419077,Sonoma,V    **** **** ****,V,,0.003526028660099065,8.356296883159175e-07,VYD_03685,0.8063783759968781,0.1973492056131363,600.5963896457765,116.40379333496094,7.781290054321289
4904659,r,V,S,**,**,*,*,*,**,V,**,*,*,*,00,**,**,*,*,*,**,**,**,*,*,*,**,S********* V*****00******************,****,,V,,****,,****,,****,NCRO,3.7504837,Sonoma,V    **** **** ****,V,,0.005106882466367956,1.570355144312884e-06,VYD_03687,1.5165680639940318,0.12473306059837341,507.3188747731398,77.37097930908203,1.3681994676589966
4904658,r,V,S,**,**,*,*,*,**,V,**,*,*,*,00,**,**,*,*,*,**,**,**,*,*,*,**,S********* V*****00******************,****,,V,,****,,****,,****,NCRO,5.34220996,Sonoma,V    **** **** ****,V,,0.005956880387374557,2.2387256947034004e-06,VYD_03688,2.160201097080989,0.1745627373456955,457.50292919001527,263.5557861328125,5.319717884063721
4904636,r,V,S,**,**,*,*,*,**,V,**,*,*,*,00,**,**,*,*,*,**,**,**,*,*,*,**,S********* V*****00******************,****,,V,,****,,****,,****,NCRO,5.15076,Sonoma,V    **** **** ****,V,,0.008875756694051789,2.159158067854227e-06,VYD_03694,2.0827762969268977,0.1930565983057022,437.2099894011658,74.49461364746094,1.1098687648773193
4904605,r,V,S,**,**,*,*,*,**,V,**,*,*,*,00,**,**,*,*,*,**,**,**,*,*,*,**,S********* V*****00******************,****,,V,,****,,****,,****,NCRO,5.35570956,Sonoma,V    **** **** ****,V,,0.008350044780536744,2.24141191333241e-06,VYD_03702,2.16566633688796,0.07181147485971451,480.6641231082283,98.6679916381836,9.554420471191406
4904602,r,V,S,**,**,*,*,*,**,V,**,*,*,*,00,**,**,*,*,*,**,**,**,*,*,*,**,S********* V*****00******************,****,,V,,****,,****,,****,NCRO,8.81251527,Sonoma,V    **** **** ****,V,,0.008438017465452457,3.6938289493637053e-06,VYD_03704,3.563456203439246,0.3413040041923523,578.0560697208083,75.81988525390625,1.5602754354476929
4904598,r,V,S,**,**,*,*,*,**,V,**,*,*,*,00,**,**,*,*,*,**,**,**,*,*,*,**,S********* V*****00******************,****,,V,,****,,****,,****,NCRO,3.21083485,Sonoma,V    **** **** ****,V,,0.0047126406327501645,1.344349881726332e-06,VYD_03706,1.29835322998315,0.08964694291353226,433.4448451421298,57.419677734375,1.196111798286438
4904585,r,V,S,**,**,*,*,*,**,V,**,*,*,*,00,**,**,*,*,*,**,**,**,*,*,*,**,S********* V*****00******************,****,,V,,****,,****,,****,NCRO,3.71545551,Sonoma,V    **** **** ****,V,,0.007717071000408216,1.5571639442410632e-06,VYD_03711,1.5024000468835752,0.2372724562883377,396.281370214325,278.69805908203125,14.068269729614258
4904546,r,V,S,**,**,*,*,*,**,V,**,*,*,*,00,**,**,*,*,*,**,**,**,*,*,*,**,S********* V*****00******************,****,,V,,****,,****,,****,NCRO,7.69353344,Sonoma,V    **** **** ****,V,,0.008352855278958082,3.2225000284093174e-06,VYD_03725,3.110997148857939,0.10959915071725845,438.47641342756174,88.7205810546875,8.896143913269043
4904533,r,V,S,**,**,*,*,*,**,V,**,*,*,*,00,**,**,*,*,*,**,**,**,*,*,*,**,S********* V*****00******************,****,,V,,****,,****,,****,NCRO,1.7995958,Sonoma,V    **** **** ****,V,,0.0040600431359001455,7.541208589590547e-07,VYD_03732,0.7276941457178867,-0.0035656169056892395,420.480711043873,112.11016845703125,5.553483963012695
4904525,r,V,S,**,**,*,*,*,**,V,**,*,*,*,00,**,**,*,*,*,**,**,**,*,*,*,**,S********* V*****00******************,****,,V,,****,,****,,****,NCRO,1.68964353,Sonoma,V    **** **** ****,V,,0.003997512365946565,7.07088208759131e-07,VYD_03735,0.6832349564789668,0.11829958856105804,442.332799359231,115.77867126464844,11.215160369873047
4904507,r,V,S,**,**,*,*,*,**,V,**,*,*,*,00,**,**,*,*,*,**,**,**,*,*,*,**,S********* V*****00******************,****,,V,,****,,****,,****,NCRO,1.80964807,Sonoma,V    **** **** ****,V,,0.005271319606117159,7.573279438622174e-07,VYD_03738,0.7317615535654077,0.1737164705991745,449.41926985321794,106.33824920654297,18.389570236206055
4904505,r,V,S,**,**,*,*,*,**,V,**,*,*,*,00,**,**,*,*,*,**,**,**,*,*,*,**,S********* V*****00******************,****,,V,,****,,****,,****,NCRO,2.86238295,Sonoma,V    **** **** ****,V,,0.004787898990162421,1.1982668736966774e-06,VYD_03739,1.1574531973847804,0.2313121110200882,514.9579272640835,274.001953125,12.113576889038086
4904503,r,V,S,**,**,*,*,*,**,V,**,*,*,*,00,X,**,*,n,*,00,**,**,*,*,*,**,S********* V*****00 X***n*00*********,****,,V,,X,,****,,****,NCRO,8.4477547,Sonoma,V    X    **** ****,V,,0.007761950604315204,3.5340147219506965e-06,VYD_03740,3.4159735017707775,0.06295347213745117,528.4202290692045,59.24064636230469,2.4830281734466553
4904502,r,V,S,**,**,*,*,*,**,V,**,*,*,*,00,**,**,*,*,*,**,**,**,*,*,*,**,S********* V*****00******************,****,,V,,****,,****,,****,NCRO,1.88032932,Sonoma,V    **** **** ****,V,,0.0034707714495279887,7.88195540800911e-07,VYD_03741,0.7603397110756854,0.18788665533065796,378.81164135936376,254.6023406982422,14.305081367492676
4904501,r,V,S,**,**,*,*,*,**,V,**,*,*,*,00,**,**,*,*,*,**,**,**,*,*,*,**,S********* V*****00******************,****,,V,,****,,****,,****,NCRO,8.31204931,Sonoma,V    **** **** ****,V,,0.011615217980101665,3.478385762646503e-06,VYD_03742,3.361112807282275,0.12899410724639893,568.6343565331581,104.44075775146484,9.321948051452637
4904498,r,V,S,**,**,*,*,*,**,V,**,*,*,*,00,**,**,*,*,*,**,**,**,*,*,*,**,S********* V*****00******************,****,,V,,****,,****,,****,NCRO,3.05436061,Sonoma,V    **** **** ****,V,,0.006239712639775324,1.2783518399354213e-06,VYD_03743,1.2350805415444792,0.13966459035873413,477.96742525658186,87.1805419921875,10.442522048950195
4904491,r,V,S,**,**,*,*,*,**,V,**,*,*,*,00,**,**,*,*,*,**,**,**,*,*,*,**,S********* V*****00******************,****,,V,,****,,****,,****,NCRO,6.72143396,Sonoma,V    **** **** ****,V,,0.007106177870260085,2.8122440196707278e-06,VYD_03746,2.717912249674814,0.18465392291545868,465.9947288393309,148.55914306640625,10.472594261169434
4904487,r,V,S,**,**,*,*,*,**,V,**,*,*,*,00,**,**,*,*,*,**,**,**,*,*,*,**,S********* V*****00******************,****,,V,,****,,****,,****,NCRO,3.28665271,Sonoma,V    **** **** ****,V,,0.004712755024075123,1.3774540946797728e-06,VYD_03747,1.3290065781024047,0.11495979130268097,412.7149358709144,319.9075012207031,9.81202220916748
4904472,r,V,S,**,**,*,*,*,**,V,**,*,*,*,00,**,**,*,*,*,**,**,**,*,*,*,**,S********* V*****00******************,****,,V,,****,,****,,****,NCRO,1.81479089,Sonoma,V    **** **** ****,V,,0.0038714137650687464,7.59946442368028e-07,VYD_03753,0.7338392891768736,0.19702774286270142,593.0116892911009,141.14010620117188,12.104239463806152
4904445,r,V,S,**,**,*,*,*,**,V,**,*,*,*,00,**,**,*,*,*,**,**,**,*,*,*,**,S********* V*****00******************,****,,V,,****,,****,,****,NCRO,3.82944045,Sonoma,V    **** **** ****,V,,0.005365852458313542,1.6021218605133216e-06,VYD_03758,1.5484945917237418,0.25865671038627625,513.4513715710724,141.7763214111328,17.102506637573242
4904443,r,V,S,**,**,*,*,*,**,V,**,*,*,*,00,**,**,*,*,*,**,**,**,*,*,*,**,S********* V*****00******************,****,,V,,****,,****,,****,NCRO,8.15228953,Sonoma,V    **** **** ****,V,,0.007755464185098331,3.417473726707442e-06,VYD_03759,3.296484099649372,0.10940750688314438,372.7047690511923,140.37722778320312,2.3601479530334473
4904440,r,V,S,**,**,*,*,*,**,V,**,*,*,*,00,**,**,*,*,*,**,**,**,*,*,*,**,S********* V*****00******************,****,,V,,****,,****,,****,NCRO,14.76456861,Sonoma,V    **** **** ****,V,,0.01336359918062348,6.182360988191926e-06,VYD_03762,5.970286328322809,0.04847436770796776,545.1236234621941,73.63533782958984,2.407278060913086
4904432,r,V,S,**,**,*,*,*,**,V,**,*,*,*,00,**,**,*,*,*,**,**,**,*,*,*,**,S********* V*****00******************,****,,V,,****,,****,,****,NCRO,2.54823393,Sonoma,V    **** **** ****,V,,0.005246117096902219,1.0670033418329102e-06,VYD_03763,1.030427064978566,0.10106523334980011,438.95621996796586,128.95338439941406,4.092456340789795
4904416,r,V,S,**,**,*,*,*,**,V,**,*,*,*,00,**,**,*,*,*,**,**,**,*,*,*,**,S********* V*****00******************,****,,V,,****,,****,,****,NCRO,7.7130307,Sonoma,V    **** **** ****,V,,0.007357693496643983,3.229139386909779e-06,VYD_03766,3.118911589330801,0.16921113431453705,419.998234307407,132.29205322265625,0.6518142819404602
4904388,r,V,S,**,**,*,*,*,**,V,**,*,*,*,00,**,**,*,*,*,**,**,**,*,*,*,**,S********* V*****00******************,****,,V,,****,,****,,****,NCRO,9.44494793,Sonoma,V    **** **** ****,V,,0.010350381195993238,3.952125954264669e-06,VYD_03773,3.8192037052837353,0.17863653600215912,538.0611363145388,167.15444946289062,5.535461902618408
4904368,r,V,S,**,**,*,*,*,**,V,**,*,*,*,00,**,**,*,*,*,**,**,**,*,*,*,**,S********* V*****00******************,****,,V,,****,,****,,****,NCRO,2.3967198,Sonoma,V    **** **** ****,V,,0.0041415159177303745,1.0044624153953395e-06,VYD_03779,0.969149030317325,0.15112467110157013,409.89894975872835,301.66741943359375,9.850591659545898
4904367,r,V,S,**,**,*,*,*,**,V,**,*,*,*,00,**,**,*,*,*,**,**,**,*,*,*,**,S********* V*****00******************,****,,V,,****,,****,,****,NCRO,4.84763713,Sonoma,V    **** **** ****,V,,0.006274066248279952,2.0297293044475466e-06,VYD_03780,1.9602146650242416,0.2380094677209854,569.9293638533914,72.19734191894531,4.712707042694092
4904358,r,V,S,**,**,*,*,*,**,V,**,*,*,*,00,**,**,*,*,*,**,**,**,*,*,*,**,S********* V*****00******************,****,,V,,****,,****,,****,NCRO,13.44617505,Sonoma,V    **** **** ****,V,,0.01236949524073543,5.624254380652705e-06,VYD_03783,5.437174150561063,0.12737847864627838,549.0533313189303,97.62983703613281,0.5095550417900085
4904344,r,V,S,**,**,*,*,*,**,V,**,*,*,*,00,**,**,*,*,*,**,**,**,*,*,*,**,S********* V*****00******************,****,,V,,****,,****,,****,NCRO,5.1550457,Sonoma,V    **** **** ****,V,,0.007849901150999684,2.1573398865111964e-06,VYD_03790,2.0845253753225492,0.014197682030498981,501.4065716547901,100.36833190917969,15.45405387878418
4904343,r,V,S,**,**,*,*,*,**,V,**,*,*,*,00,**,**,*,*,*,**,**,**,*,*,*,**,S********* V*****00******************,****,,V,,****,,****,,****,NCRO,15.97252794,Sonoma,V    **** **** ****,V,,0.011219673143383107,6.688210839256388e-06,VYD_03791,6.45879794364799,0.02523299865424633,290.0344137314195,132.88587951660156,3.6532158851623535
4904338,r,V,S,**,**,*,*,*,**,V,**,*,*,*,00,**,**,*,*,*,**,**,**,*,*,*,**,S********* V*****00******************,****,,V,,****,,****,,****,NCRO,2.79709839,Sonoma,V    **** **** ****,V,,0.004528997680358484,1.1724689830551487e-06,VYD_03792,1.13104352494645,0.2670498490333557,510.83101682516457,98.5032958984375,13.174208641052246
4904317,r,V,S,**,**,*,*,*,**,V,**,*,*,*,00,**,**,*,*,*,**,**,**,*,*,*,**,S********* V*****00******************,****,,V,,****,,****,,****,NCRO,5.55899964,Sonoma,V    **** **** ****,V,,0.007370979140905106,2.326907910948335e-06,VYD_03796,2.2478764570997294,0.09731478989124298,486.39623103279484,139.82327270507812,12.15279483795166
4904304,r,V,S,**,**,*,*,*,**,V,**,*,*,*,00,**,**,*,*,*,**,**,**,*,*,*,**,S********* V*****00******************,****,,V,,****,,****,,****,NCRO,1.5205058,Sonoma,V    **** **** ****,V,,0.003390811990080228,6.371941268933719e-07,VYD_03800,0.6148375284687997,0.16842533648014069,404.8469113697403,100.89671325683594,20.3643856048584
4904300,r,V,S,**,**,*,*,*,**,V,**,*,*,*,00,**,**,*,*,*,**,**,**,*,*,*,**,S********* V*****00******************,****,,V,,****,,****,,****,NCRO,6.85103173,Sonoma,V    **** **** ****,V,,0.008257123704420487,2.8714606539660346e-06,VYD_03801,2.7703171272399434,0.17330685257911682,479.1953349875929,298.77197265625,15.214798927307129
4904288,r,V,S,**,**,*,*,*,**,V,**,*,*,*,00,**,**,*,*,*,**,**,**,*,*,*,**,S********* V*****00******************,****,,V,,****,,****,,****,NCRO,3.63776953,Sonoma,V    **** **** ****,V,,0.007466012202918028,1.5246179586800719e-06,VYD_03804,1.4709873190106846,0.15511631965637207,436.57172361997755,233.87464904785156,12.696696281433105
4904270,r,V,S,**,**,*,*,*,**,V,**,*,*,*,00,**,**,*,*,*,**,**,**,*,*,*,**,S********* V*****00******************,****,,V,,****,,****,,****,NCRO,4.94181068,Sonoma,V    **** **** ****,V,,0.006426066883870516,2.0691164357700637e-06,VYD_03813,1.9983006550320173,0.08769579976797104,450.0348628910018,77.73246765136719,2.224764347076416
4904239,r,V,S,**,**,*,*,*,**,V,**,*,*,*,00,**,**,*,*,*,**,**,**,*,*,*,**,S********* V*****00******************,****,,V,,****,,****,,****,NCRO,7.18337747,Sonoma,V    **** **** ****,V,,0.008579978694815495,3.0074086732285755e-06,VYD_03821,2.9047301645280394,0.21492856740951538,499.320534698521,144.0535125732422,5.4877824783325195
4904236,r,V,S,**,**,*,*,*,**,V,**,*,*,*,00,**,**,*,*,*,**,**,**,*,*,*,**,S********* V*****00******************,****,,V,,****,,****,,****,NCRO,1.80782588,Sonoma,V    **** **** ****,V,,0.00368708598950461,7.563699980214374e-07,VYD_03823,0.7310220971007495,0.18108005821704865,516.6195324283561,172.27183532714844,13.98814582824707
4904196,r,V,S,**,**,*,*,*,**,V,**,*,*,*,00,**,**,*,*,*,**,**,**,*,*,*,**,S********* V*****00******************,****,,V,,****,,****,,****,NCRO,1.74335968,Sonoma,V    **** **** ****,V,,0.0037609442229821323,7.300711374958866e-07,VYD_03833,0.7049552194711965,0.24232402443885803,594.0254005470887,189.858154296875,10.551769256591797
4904177,r,V,S,**,**,*,*,*,**,V,**,*,*,*,00,**,**,*,*,*,**,**,**,*,*,*,**,S********* V*****00******************,****,,V,,****,,****,,****,NCRO,4.93643354,Sonoma,V    **** **** ****,V,,0.007365882534119286,2.0670688712639824e-06,VYD_03839,1.9961245606288958,0.18006370961666107,504.4935172413794,82.18025207519531,10.560301780700684
4904169,r,V,S,**,**,*,*,*,**,V,**,*,*,*,00,**,**,*,*,*,**,**,**,*,*,*,**,S********* V*****00******************,****,,V,,****,,****,,****,NCRO,3.23699974,Sonoma,V    **** **** ****,V,,0.005023270743007093,1.3534278499180464e-06,VYD_03843,1.3089319284172534,0.07694818079471588,485.395127118644,55.81180191040039,1.6572352647781372
4904157,r,V,S,**,**,*,*,*,**,V,**,*,*,*,00,**,**,*,*,*,**,**,**,*,*,*,**,S********* V*****00******************,****,,V,,****,,****,,****,NCRO,9.52077482,Sonoma,V    **** **** ****,V,,0.009929468687660486,3.9876625429201774e-06,VYD_03848,3.8498715877067298,0.07031156122684479,352.02970791973155,101.05134582519531,9.094186782836914
4904151,r,V,S,**,**,*,*,*,**,V,**,*,*,*,00,**,**,*,*,*,**,**,**,*,*,*,**,S********* V*****00******************,****,,V,,****,,****,,****,NCRO,5.99603989,Sonoma,V    **** **** ****,V,,0.007682057374204542,2.5132558645614873e-06,VYD_03849,2.4245803328915327,0.2374247908592224,674.5697937910718,262.1609802246094,10.826789855957031
4904149,r,V,S,**,**,*,*,*,**,V,**,*,*,*,00,**,**,*,*,*,**,**,**,*,*,*,**,S********* V*****00******************,****,,V,,****,,****,,****,NCRO,5.35289964,Sonoma,V    **** **** ****,V,,0.006353292538518559,2.2411700296945444e-06,VYD_03851,2.16454591486338,0.18468326330184937,494.8785141839462,122.58356475830078,0.8382134437561035
4904138,r,V,S,**,**,*,*,*,**,V,**,*,*,*,00,**,**,*,*,*,**,**,**,*,*,*,**,S********* V*****00******************,****,,V,,****,,****,,****,NCRO,26.21099214,Sonoma,V    **** **** ****,V,,0.013318727435063847,1.0975758943076208e-05,VYD_03852,10.598903522692705,0.07102231681346893,360.7207913594351,118.45970153808594,1.0439444780349731
4904134,r,V,S,**,**,*,*,*,**,V,**,*,*,*,00,**,**,*,*,*,**,**,**,*,*,*,**,S********* V*****00******************,****,,V,,****,,****,,****,NCRO,2.74035741,Sonoma,V    **** **** ****,V,,0.005000714502682432,1.14633842626722e-06,VYD_03853,1.108108612748982,0.08390818536281586,526.5307290370739,185.60165405273438,9.06843090057373
4904121,r,V,S,**,**,*,*,*,**,V,**,*,*,*,00,**,**,*,*,*,**,**,**,*,*,*,**,S********* V*****00******************,****,,V,,****,,****,,****,NCRO,3.55963472,Sonoma,V    **** **** ****,V,,0.00529029508443099,1.4898076340469714e-06,VYD_03856,1.4393977664122142,0.14862988889217377,498.71809122269065,92.62998962402344,6.5131072998046875
4904111,r,V,S,**,**,*,*,*,**,V,**,*,*,*,00,**,**,*,*,*,**,**,**,*,*,*,**,S********* V*****00******************,****,,V,,****,,****,,****,NCRO,12.79804769,Sonoma,V    **** **** ****,V,,0.012054553607445425,5.36361463177791e-06,VYD_03857,5.1750895328165205,0.17021895945072174,338.506723359022,184.7304229736328,13.05954360961914
4904095,r,V,S,**,**,*,*,*,**,V,**,*,*,*,00,**,**,*,*,*,**,**,**,*,*,*,**,S********* V*****00******************,****,,V,,****,,****,,****,NCRO,3.25932973,Sonoma,V    **** **** ****,V,,0.005512417398784902,1.3644544733313518e-06,VYD_03862,1.3179662488443142,0.2718486487865448,560.5815320041972,288.8204345703125,16.439420700073242
4904084,r,V,S,**,**,*,*,*,**,V,**,*,*,*,00,**,**,*,*,*,**,**,**,*,*,*,**,S********* V*****00******************,****,,V,,****,,****,,****,NCRO,10.99978785,Sonoma,V    **** **** ****,V,,0.010893015756294085,4.611651950349733e-06,VYD_03865,4.4479207421135545,0.15496018528938293,250.6132699079508,604.1964721679688,12.987322807312012
4904061,r,V,S,**,**,*,*,*,**,V,**,*,*,*,00,**,**,*,*,*,**,**,**,*,*,*,**,S********* V*****00******************,****,,V,,****,,****,,****,NCRO,1.59968224,Sonoma,V    **** **** ****,V,,0.003402939829103442,6.697978463525827e-07,VYD_03871,0.646858581543875,0.269872784614563,595.9242618741978,168.00791931152344,21.854949951171875
4904042,r,V,S,**,**,*,*,*,**,V,**,*,*,*,00,**,**,*,*,*,**,**,**,*,*,*,**,S********* V*****00******************,****,,V,,****,,****,,****,NCRO,3.67207743,Sonoma,V    **** **** ****,V,,0.006542082085120866,1.5366651852919499e-06,VYD_03874,1.4848641418883168,0.15951815247535706,467.54681164762263,134.40304565429688,14.056414604187012
4904041,r,V,S,**,**,*,*,*,**,V,**,*,*,*,00,**,**,*,*,*,**,**,**,*,*,*,**,S********* V*****00******************,****,,V,,****,,****,,****,NCRO,2.99781595,Sonoma,V    **** **** ****,V,,0.005333370457078017,1.255121916158063e-06,VYD_03875,1.2122146926257913,0.08471201360225677,643.6686363636364,59.110206604003906,4.812440395355225
4904040,r,V,S,**,**,*,*,*,**,V,**,*,*,*,00,**,**,*,*,*,**,**,**,*,*,*,**,S********* V*****00******************,****,,V,,****,,****,,****,NCRO,12.14177767,Sonoma,V    **** **** ****,V,,0.013546497827944424,5.08915262820242e-06,VYD_03876,4.9096927516481825,0.18164081871509552,589.2713908993996,293.1361389160156,9.175737380981445
4904037,r,V,S,**,**,*,*,*,**,V,**,*,*,*,00,**,**,*,*,*,**,**,**,*,*,*,**,S********* V*****00******************,****,,V,,****,,****,,****,NCRO,2.01239784,Sonoma,V    **** **** ****,V,,0.003605484466830559,8.434892775273491e-07,VYD_03878,0.8137445223572116,0.06160125881433487,442.24563758389263,287.35369873046875,12.545610427856445
4904034,r,V,S,**,**,*,*,*,**,V,**,*,*,*,00,**,**,*,*,*,**,**,**,*,*,*,**,S********* V*****00******************,****,,V,,****,,****,,****,NCRO,8.23401918,Sonoma,V    **** **** ****,V,,0.008412908199332027,3.448703947931098e-06,VYD_03880,3.3295517735384514,0.14317135512828827,436.0157141675625,105.30856323242188,10.581147193908691
4904019,r,V,S,**,**,*,*,*,**,V,**,*,*,*,00,**,**,*,*,*,**,**,**,*,*,*,**,S********* V*****00******************,****,,V,,****,,****,,****,NCRO,2.79939177,Sonoma,V    **** **** ****,V,,0.004884839823472797,1.1721486932864584e-06,VYD_03886,1.1319780439545084,0.14050070941448212,487.59343065693423,79.88352966308594,5.236169815063477
4904015,r,V,S,**,**,*,*,*,**,V,**,*,*,*,00,**,**,*,*,*,**,**,**,*,*,*,**,S********* V*****00******************,****,,V,,****,,****,,****,NCRO,2.39437924,Sonoma,V    **** **** ****,V,,0.004096321720189249,1.0025463992236235e-06,VYD_03887,0.968205727282444,0.13780252635478973,487.8903097470873,82.48222351074219,4.566287517547607
4904001,r,V,S,**,**,*,*,*,**,V,**,*,*,*,00,**,**,*,*,*,**,**,**,*,*,*,**,S********* V*****00******************,****,,V,,****,,****,,****,NCRO,2.39249821,Sonoma,V    **** **** ****,V,,0.0052390860433361545,1.0025868394757595e-06,VYD_03891,0.967440131650267,0.01868220418691635,448.1531660011408,84.15740203857422,2.70432186126709
4903891,r,V,S,**,**,*,*,*,**,V,**,*,*,*,00,**,**,*,*,*,**,**,**,*,*,*,**,S********* V*****00******************,****,,V,,****,,****,,****,NCRO,1.69410764,Sonoma,V    **** **** ****,V,,0.003633451151106262,7.096373352509696e-07,VYD_03912,0.6850468087309054,0.13009695708751678,573.3264895330112,641.93408203125,10.629908561706543
4903890,r,V,S,**,**,*,*,*,**,V,**,*,*,*,00,**,**,*,*,*,**,**,**,*,*,*,**,S********* V*****00******************,****,,V,,****,,****,,****,NCRO,2.41662842,Sonoma,V    **** **** ****,V,,0.004300186794438968,1.0129937278232755e-06,VYD_03913,0.9771999764030789,0.10821869969367981,387.32910679064526,347.8882751464844,13.444286346435547
4903867,r,V,S,**,**,*,*,*,**,V,**,*,*,*,00,**,**,*,*,*,**,**,**,*,*,*,**,S********* V*****00******************,****,,V,,****,,****,,****,NCRO,11.23598432,Sonoma,V    **** **** ****,V,,0.008558488293836163,4.7005914023439465e-06,VYD_03917,4.54343173834677,0.19411516189575195,488.5005743999032,67.16752624511719,1.4872103929519653
4903856,r,V,S,**,**,*,*,*,**,V,**,*,*,*,00,**,**,*,*,*,**,**,**,*,*,*,**,S********* V*****00******************,****,,V,,****,,****,,****,NCRO,6.38683923,Sonoma,V    **** **** ****,V,,0.008663355082264557,2.6772671775124003e-06,VYD_03923,2.582611022245185,0.19149374961853027,359.4666524611122,481.41473388671875,8.735806465148926
4903855,r,V,S,**,**,*,*,*,**,V,**,*,*,*,00,**,**,*,*,*,**,**,**,*,*,*,**,S********* V*****00******************,****,,V,,****,,****,,****,NCRO,4.55291847,Sonoma,V    **** **** ****,V,,0.006319609788998187,1.9082535481920207e-06,VYD_03924,1.8410323578152943,0.12061606347560883,429.08385650224216,113.42457580566406,6.653576374053955
4903839,r,V,S,**,**,*,*,*,**,V,**,*,*,*,00,**,**,*,*,*,**,**,**,*,*,*,**,S********* V*****00******************,****,,V,,****,,****,,****,NCRO,3.98814369,Sonoma,V    **** **** ****,V,,0.006341850407476197,1.67156654322259e-06,VYD_03929,1.6126672948003975,0.050817977637052536,314.2488070892979,261.376708984375,14.6604585647583
4903833,r,V,S,**,**,*,*,*,**,V,**,*,*,*,00,**,**,*,*,*,**,**,**,*,*,*,**,S********* V*****00******************,****,,V,,****,,****,,****,NCRO,6.92044666,Sonoma,V    **** **** ****,V,,0.007100504100090438,2.8983685255310415e-06,VYD_03932,2.798403793255897,0.08054544031620026,453.7480696891704,102.138671875,2.7421224117279053
4903817,r,V,S,**,**,*,*,*,**,V,**,*,*,*,00,**,**,*,*,*,**,**,**,*,*,*,**,S********* V*****00******************,****,,V,,****,,****,,****,NCRO,45.08646084,Sonoma,V    **** **** ****,V,,0.024689037116380267,1.8876522575204535e-05,VYD_03936,18.231597477653988,0.169123113155365,402.51078376624343,149.60665893554688,1.1487644910812378
4903808,r,V,S,**,**,*,*,*,**,V,**,*,*,*,00,**,**,*,*,*,**,**,**,*,*,*,**,S********* V*****00******************,****,,V,,****,,****,,****,NCRO,7.94666549,Sonoma,V    **** **** ****,V,,0.00866574259735649,3.326769258110443e-06,VYD_03939,3.213357957740078,0.1682843267917633,551.6110206530122,50.97194290161133,3.41249942779541
4903787,r,V,S,**,**,*,*,*,**,V,**,*,*,*,00,**,**,*,*,*,**,**,**,*,*,*,**,S********* V*****00******************,****,,V,,****,,****,,****,NCRO,2.85238244,Sonoma,V    **** **** ****,V,,0.005496410031844015,1.1944078463230578e-06,VYD_03944,1.1534060962304435,0.1151796206831932,474.99038923594435,135.42214965820312,16.06281852722168
4903786,r,V,S,**,**,*,*,*,**,V,**,*,*,*,00,**,**,*,*,*,**,**,**,*,*,*,**,S********* V*****00******************,****,,V,,****,,****,,****,NCRO,2.03288126,Sonoma,V    **** **** ****,V,,0.004010440639847526,8.507870840256672e-07,VYD_03945,0.8220291132782515,0.05654042586684227,610.7056262558608,94.97620391845703,10.74653434753418
4903761,r,V,S,**,**,*,*,*,**,V,**,*,*,*,00,**,**,*,*,*,**,**,**,*,*,*,**,S********* V*****00******************,****,,V,,****,,****,,****,NCRO,8.42969577,Sonoma,V    **** **** ****,V,,0.009504406405505164,3.5280474950154714e-06,VYD_03947,3.4086861642939854,0.1328277587890625,513.8419862737181,79.11653900146484,4.9066009521484375
4903758,r,V,S,**,**,*,*,*,**,V,**,*,*,*,00,**,**,*,*,*,**,**,**,*,*,*,**,S********* V*****00******************,****,,V,,****,,****,,****,NCRO,17.6488959,Sonoma,V    **** **** ****,V,,0.010498698615272785,7.3838583261861986e-06,VYD_03948,7.136587017972433,0.15745596587657928,443.8962147547315,81.745849609375,4.858035564422607
4903754,r,V,S,**,**,*,*,*,**,V,**,*,*,*,00,**,**,*,*,*,**,**,**,*,*,*,**,S********* V*****00******************,****,,V,,****,,****,,****,NCRO,6.37018027,Sonoma,V    **** **** ****,V,,0.007853372982590296,2.6706592558675517e-06,VYD_03949,2.5758729559398823,0.07436269521713257,313.64830237027536,570.6325073242188,7.690734386444092
4903747,r,V,S,**,**,*,*,*,**,V,**,*,*,*,00,**,**,*,*,*,**,**,**,*,*,*,**,S********* V*****00******************,****,,V,,****,,****,,****,NCRO,14.99921542,Sonoma,V    **** **** ****,V,,0.010921738890391029,6.281135619541272e-06,VYD_03953,6.065211727010312,0.23476628959178925,405.4905403566081,123.42037200927734,1.8662079572677612
4903720,r,V,S,**,**,*,*,*,**,V,**,*,*,*,00,**,**,*,*,*,**,**,**,*,*,*,**,S********* V*****00******************,****,,V,,****,,****,,****,NCRO,2.08985481,Sonoma,V    **** **** ****,V,,0.004179435396386888,8.746048951496291e-07,VYD_03957,0.845066612356671,-0.21722012758255005,417.38975864318337,128.56976318359375,16.48611831665039
4903714,r,V,S,**,**,*,*,*,**,V,**,*,*,*,00,**,**,*,*,*,**,**,**,*,*,*,**,S********* V*****00******************,****,,V,,****,,****,,****,NCRO,8.09931215,Sonoma,V    **** **** ****,V,,0.012521784237359284,3.3946573130673606e-06,VYD_03959,3.2750804334596744,0.11613413691520691,400.9525289867248,249.15097045898438,13.49362564086914
4903707,r,V,S,**,**,*,*,*,**,V,**,*,*,*,00,**,**,*,*,*,**,**,**,*,*,*,**,S********* V*****00******************,****,,V,,****,,****,,****,NCRO,3.70020647,Sonoma,V    **** **** ****,V,,0.005809395109772329,1.5513895980420468e-06,VYD_03960,1.496230403926086,0.09452863037586212,312.9204273346842,630.65869140625,1.8643746376037598
4903695,r,V,S,**,**,*,*,*,**,V,**,*,*,*,00,**,**,*,*,*,**,**,**,*,*,*,**,S********* V*****00******************,****,,V,,****,,****,,****,NCRO,11.61884462,Sonoma,V    **** **** ****,V,,0.012040158599382662,4.870274536166311e-06,VYD_03961,4.698241223382243,-0.22865545749664307,358.499707533926,283.02191162109375,3.2643308639526367
4903681,r,V,S,**,**,*,*,*,**,V,**,*,*,*,00,**,**,*,*,*,**,**,**,*,*,*,**,S********* V*****00******************,****,,V,,****,,****,,****,NCRO,8.4608816,Sonoma,V    **** **** ****,V,,0.007716373156500485,3.543057313216129e-06,VYD_03962,3.421290971973943,0.2852265536785126,569.6818327974278,89.6490249633789,15.766556739807129
4903680,r,V,S,**,**,*,*,*,**,V,**,*,*,*,00,**,**,*,*,*,**,**,**,*,*,*,**,S********* V*****00******************,****,,V,,****,,****,,****,NCRO,11.25118216,Sonoma,V    **** **** ****,V,,0.01030602984561662,4.711442839923843e-06,VYD_03963,4.5496185476243305,0.16987743973731995,465.82384610731333,109.8505630493164,5.230933666229248
4903673,r,V,S,**,**,*,*,*,**,V,**,*,*,*,00,**,**,*,*,*,**,**,**,*,*,*,**,S********* V*****00******************,****,,V,,****,,****,,****,NCRO,4.24550177,Sonoma,V    **** **** ****,V,,0.007057370618509913,1.7797465519665295e-06,VYD_03964,1.7167292764129394,0.10980097949504852,326.6466069142126,554.879638671875,4.02877140045166
4903668,r,V,S,**,**,*,*,*,**,V,**,*,*,*,00,**,**,*,*,*,**,**,**,*,*,*,**,S********* V*****00******************,****,,V,,****,,****,,****,NCRO,2.71688592,Sonoma,V    **** **** ****,V,,0.005187803814296073,1.1388251532335489e-06,VYD_03965,1.0986141291607203,-0.023606233298778534,401.4749624436655,210.73504638671875,8.962838172912598
4903658,r,V,S,**,**,*,*,*,**,V,**,*,*,*,00,**,**,*,*,*,**,**,**,*,*,*,**,S********* V*****00******************,****,,V,,****,,****,,****,NCRO,5.57692137,Sonoma,V    **** **** ****,V,,0.007930033052395901,2.3330377569125837e-06,VYD_03967,2.2551141823050296,0.056630320847034454,622.4910801564027,103.22599029541016,16.170682907104492
4903621,r,V,S,**,**,*,*,*,**,V,**,*,*,*,00,**,**,*,*,*,**,**,**,*,*,*,**,S********* V*****00******************,****,,V,,****,,****,,****,NCRO,11.79021041,Sonoma,V    **** **** ****,V,,0.011317501846767991,4.941421122976957e-06,VYD_03976,4.767546399040839,0.09084413200616837,349.7418368524287,312.1389465332031,14.339898109436035
4903619,r,V,S,**,**,*,*,*,**,V,**,*,*,*,00,**,**,*,*,*,**,**,**,*,*,*,**,S********* V*****00******************,****,,V,,****,,****,,****,NCRO,1.51013263,Sonoma,V    **** **** ****,V,,0.0033599395447927835,6.327789812800623e-07,VYD_03978,0.610643946375078,0.10296688228845596,469.72936400541266,111.76107788085938,4.707650184631348
4903616,r,V,S,**,**,*,*,*,**,V,**,*,*,*,00,**,**,*,*,*,**,**,**,*,*,*,**,S********* V*****00******************,****,,V,,****,,****,,****,NCRO,7.53096554,Sonoma,V    **** **** ****,V,,0.008867190455207459,3.1568573353548396e-06,VYD_03980,3.04525915942309,0.12680713832378387,394.50918753377755,266.4252014160156,13.1089448928833
4903610,r,V,S,**,**,*,*,*,**,V,**,*,*,*,00,**,**,*,*,*,**,**,**,*,*,*,**,S********* V*****00******************,****,,V,,****,,****,,****,NCRO,2.22407902,Sonoma,V    **** **** ****,V,,0.004040637741287029,9.323067045011893e-07,VYD_03985,0.8993354573018667,0.2606971561908722,451.86838905775073,101.5462875366211,18.465105056762695
4903609,r,V,S,**,**,*,*,*,**,V,**,*,*,*,00,**,**,*,*,*,**,**,**,*,*,*,**,S********* V*****00******************,****,,V,,****,,****,,****,NCRO,1.59897964,Sonoma,V    **** **** ****,V,,0.003921881346245723,6.700520153835439e-07,VYD_03986,0.6465695151900733,0.08059974014759064,435.9250317662008,85.67742156982422,4.892507553100586
4903593,r,V,S,**,**,*,*,*,**,V,**,*,*,*,00,**,**,*,*,*,**,**,**,*,*,*,**,S********* V*****00******************,****,,V,,****,,****,,****,NCRO,2.96364688,Sonoma,V    **** **** ****,V,,0.005383748509234929,1.2422632594626146e-06,VYD_03992,1.1983897578201816,0.25780442357063293,586.4973569294417,156.1689910888672,13.042013168334961
4903570,r,V,S,**,**,*,*,*,**,V,**,*,*,*,00,**,**,*,*,*,**,**,**,*,*,*,**,S********* V*****00******************,****,,V,,****,,****,,****,NCRO,2.98397504,Sonoma,V    **** **** ****,V,,0.005309532182322909,1.249214805778062e-06,VYD_03997,1.206618847729231,0.11847313493490219,538.3464962337366,138.02691650390625,5.613809108734131
4903539,r,V,S,**,**,*,*,*,**,V,**,*,*,*,00,**,**,*,*,*,**,**,**,*,*,*,**,S********* V*****00******************,****,,V,,****,,****,,****,NCRO,3.47333343,Sonoma,V    **** **** ****,V,,0.004875529691356681,1.4534949256255055e-06,VYD_04006,1.4044914582253323,0.035963352769613266,586.5072748721981,88.53337097167969,3.2647101879119873
4903534,r,V,S,**,**,*,*,*,**,V,**,*,*,*,00,**,**,*,*,*,**,**,**,*,*,*,**,S********* V*****00******************,****,,V,,****,,****,,****,NCRO,12.82195036,Sonoma,V    **** **** ****,V,,0.010317543850362662,5.3685305931037885e-06,VYD_04009,5.184805242312118,0.04500593617558479,421.2122208667055,143.90794372558594,1.3201489448547363
4903533,r,V,S,**,**,*,*,*,**,V,**,*,*,*,00,**,**,*,*,*,**,**,**,*,*,*,**,S********* V*****00******************,****,,V,,****,,****,,****,NCRO,2.89516312,Sonoma,V    **** **** ****,V,,0.00510331255920604,1.2121631396281035e-06,VYD_04010,1.1707041738667006,0.05394814908504486,531.6195856873824,89.52103424072266,2.5828025341033936
4903498,r,V,S,**,**,*,*,*,**,V,**,*,*,*,00,**,**,*,*,*,**,**,**,*,*,*,**,S********* V*****00******************,****,,V,,****,,****,,****,NCRO,1.98144602,Sonoma,V    **** **** ****,V,,0.003909739542348359,8.296332475319787e-07,VYD_04021,0.8012306691142186,0.26023465394973755,541.977350720659,179.0894317626953,14.748042106628418
4903494,r,V,S,**,**,*,*,*,**,V,**,*,*,*,00,**,**,*,*,*,**,**,**,*,*,*,**,S********* V*****00******************,****,,V,,****,,****,,****,NCRO,5.27213562,Sonoma,V    **** **** ****,V,,0.006006785747450977,2.2076159229976682e-06,VYD_04022,2.1318856754539337,0.06606555730104446,398.7762003097573,113.20909881591797,0.8039067387580872
4903475,r,V,S,**,**,*,*,*,**,V,**,*,*,*,00,**,**,*,*,*,**,**,**,*,*,*,**,S********* V*****00******************,****,,V,,****,,****,,****,NCRO,12.57917066,Sonoma,V    **** **** ****,V,,0.01192052065133212,5.26705723364076e-06,VYD_04027,5.086591894730781,0.23256877064704895,582.7058600725068,58.9743537902832,0.48031720519065857
4903443,r,V,S,**,**,*,*,*,**,V,**,*,*,*,00,**,**,*,*,*,**,**,**,*,*,*,**,S********* V*****00******************,****,,V,,****,,****,,****,NCRO,2.95436457,Sonoma,V    **** **** ****,V,,0.004651054430146705,1.2379601664425347e-06,VYD_04033,1.1946394317768017,0.15296243131160736,477.1003683241252,98.41883850097656,7.278554916381836
4903439,r,V,S,**,**,*,*,*,**,V,**,*,*,*,00,**,**,*,*,*,**,**,**,*,*,*,**,S********* V*****00******************,****,,V,,****,,****,,****,NCRO,4.80390817,Sonoma,V    **** **** ****,V,,0.006385465626870823,2.009654443015975e-06,VYD_04034,1.942528185572018,0.1219247505068779,394.8843373493977,59.393516540527344,7.174657344818115
4903434,r,V,S,**,**,*,*,*,**,V,**,*,*,*,00,**,**,*,*,*,**,**,**,*,*,*,**,S********* V*****00******************,****,,V,,****,,****,,****,NCRO,1.99009111,Sonoma,V    **** **** ****,V,,0.004572063512158376,8.330043202446993e-07,VYD_04036,0.8047274416846512,0.08961029350757599,342.4530292716133,149.9320831298828,11.947684288024902
4903422,r,V,S,**,**,*,*,*,**,V,**,*,*,*,00,**,**,*,*,*,**,**,**,*,*,*,**,S********* V*****00******************,****,,V,,****,,****,,****,NCRO,1.82900879,Sonoma,V    **** **** ****,V,,0.004248978327376841,7.650127598922892e-07,VYD_04041,0.7395885320705851,0.0061582098715007305,598.6140022463496,95.96471405029297,1.7011607885360718
4903419,r,V,S,**,**,*,*,*,**,V,**,*,*,*,00,**,**,*,*,*,**,**,**,*,*,*,**,S********* V*****00******************,****,,V,,****,,****,,****,NCRO,3.38480837,Sonoma,V    **** **** ****,V,,0.005706880983914371,1.4171255991533318e-06,VYD_04042,1.3687047900851699,0.1931888610124588,622.2671356783922,247.12123107910156,19.175086975097656
4903414,r,V,S,**,**,*,*,*,**,V,**,*,*,*,00,**,**,*,*,*,**,**,**,*,*,*,**,S********* V*****00******************,****,,V,,****,,****,,****,NCRO,11.64902492,Sonoma,V    **** **** ****,V,,0.01231986019350273,4.873297129486942e-06,VYD_04044,4.7104710108839285,0.19625985622406006,626.2262279780656,171.7257843017578,6.419338703155518
4903409,r,V,S,**,**,*,*,*,**,V,**,*,*,*,00,**,**,*,*,*,**,**,**,*,*,*,**,S********* V*****00******************,****,,V,,****,,****,,****,NCRO,7.38711801,Sonoma,V    **** **** ****,V,,0.007143344111886351,3.0932206476412077e-06,VYD_04047,2.9871234805849185,0.09326942265033722,312.08750115133097,138.1824493408203,3.2448678016662598
4903406,r,V,S,**,**,*,*,*,**,V,**,*,*,*,00,**,**,*,*,*,**,**,**,*,*,*,**,S********* V*****00******************,****,,V,,****,,****,,****,NCRO,7.66853313,Sonoma,V    **** **** ****,V,,0.007733317700032617,3.210277418060747e-06,VYD_04049,3.100891127444486,0.12990957498550415,484.16891771814466,70.8369140625,3.368839979171753
4903405,r,V,S,**,**,*,*,*,**,V,**,*,*,*,00,**,**,*,*,*,**,**,**,*,*,*,**,S********* V*****00******************,****,,V,,****,,****,,****,NCRO,2.98699598,Sonoma,V    **** **** ****,V,,0.004795054418745415,1.250783889985983e-06,VYD_04050,1.2078387823279322,0.06932772696018219,475.6953053783045,83.65814208984375,8.929943084716797
4903404,r,V,S,**,**,*,*,*,**,V,**,*,*,*,00,**,**,*,*,*,**,**,**,*,*,*,**,S********* V*****00******************,****,,V,,****,,****,,****,NCRO,9.45146407,Sonoma,V    **** **** ****,V,,0.009487192004302538,3.957178765519441e-06,VYD_04051,3.821852325992036,0.09086473286151886,404.94661383285296,57.4105339050293,1.1251940727233887
4903400,r,V,S,**,**,*,*,*,**,V,**,*,*,*,00,**,**,*,*,*,**,**,**,*,*,*,**,S********* V*****00******************,****,,V,,****,,****,,****,NCRO,1.68725499,Sonoma,V    **** **** ****,V,,0.003574090979496601,7.069973760692533e-07,VYD_04053,0.6822645751639066,0.08007591217756271,402.4701130856221,76.53546905517578,11.319965362548828
4903392,r,V,S,**,**,*,*,*,**,V,**,*,*,*,00,**,**,*,*,*,**,**,**,*,*,*,**,S********* V*****00******************,****,,V,,****,,****,,****,NCRO,9.70250459,Sonoma,V    **** **** ****,V,,0.009321539699663968,4.061981419050045e-06,VYD_04056,3.923386175337361,0.14785988628864288,474.3517362329007,139.3268585205078,6.8161702156066895
4903379,r,V,S,**,**,*,*,*,**,V,**,*,*,*,00,**,**,*,*,*,**,**,**,*,*,*,**,S********* V*****00******************,****,,V,,****,,****,,****,NCRO,2.37995722,Sonoma,V    **** **** ****,V,,0.0043989662459732225,9.975129444090287e-07,VYD_04060,0.9623688791306811,0.24252565205097198,502.1808571428572,269.3155212402344,10.749361038208008
4903346,r,V,S,**,**,*,*,*,**,V,**,*,*,*,00,**,**,*,*,*,**,**,**,*,*,*,**,S********* V*****00******************,****,,V,,****,,****,,****,NCRO,1.95823087,Sonoma,V    **** **** ****,V,,0.006973856999870766,8.200100767354924e-07,VYD_04065,0.7918420656603136,0.2573782801628113,562.2499131039277,115.85804748535156,12.954422950744629
4903343,r,V,S,**,**,*,*,*,**,V,**,*,*,*,00,**,**,*,*,*,**,**,**,*,*,*,**,S********* V*****00******************,****,,V,,****,,****,,****,NCRO,2.03681703,Sonoma,V    **** **** ****,V,,0.004253897390736202,8.528134380444862e-07,VYD_04066,0.8236253829185127,0.17366696894168854,381.2693467336683,121.22236633300781,0.9445703625679016
4903338,r,V,S,**,**,*,*,*,**,V,**,*,*,*,00,**,**,*,*,*,**,**,**,*,*,*,**,S********* V*****00******************,****,,V,,****,,****,,****,NCRO,2.01333932,Sonoma,V    **** **** ****,V,,0.004672336092648529,8.436009261323947e-07,VYD_04067,0.81412382169101,0.13334602117538452,614.0874872838251,101.09751892089844,9.873919486999512
4903309,r,V,S,**,**,*,*,*,**,V,**,*,*,*,00,**,**,*,*,*,**,**,**,*,*,*,**,S********* V*****00******************,****,,V,,****,,****,,****,NCRO,3.39020912,Sonoma,V    **** **** ****,V,,0.004939754435260608,1.4187650397840768e-06,VYD_04074,1.3708853348762264,0.10565350204706192,540.6028525512255,96.22161102294922,6.310037612915039
4903306,r,V,S,**,**,*,*,*,**,V,**,*,*,*,00,**,**,*,*,*,**,**,**,*,*,*,**,S********* V*****00******************,****,,V,,****,,****,,****,NCRO,3.4909984,Sonoma,V    **** **** ****,V,,0.006001483211090713,1.4627152616523475e-06,VYD_04076,1.4116338951302043,0.21007001399993896,483.8790243902439,73.5695571899414,4.287924766540527
4903276,r,V,S,**,**,*,*,*,**,V,**,*,*,*,00,**,**,*,*,*,**,**,**,*,*,*,**,S********* V*****00******************,****,,V,,****,,****,,****,NCRO,10.72672813,Sonoma,V    **** **** ****,V,,0.00863927653847868,4.484967129961431e-06,VYD_04085,4.337522809616748,0.11070103943347931,497.00438624372265,52.786705017089844,1.4758977890014648
4903270,r,V,S,**,**,*,*,*,**,V,**,*,*,*,00,**,**,*,*,*,**,**,**,*,*,*,**,S********* V*****00******************,****,,V,,****,,****,,****,NCRO,4.08694734,Sonoma,V    **** **** ****,V,,0.005815181343133535,1.713263253457657e-06,VYD_04087,1.6526171333625106,0.18859417736530304,390.7280745548344,531.6770629882812,12.44787883758545
4903268,r,V,S,**,**,*,*,*,**,V,**,*,*,*,00,**,**,*,*,*,**,**,**,*,*,*,**,S********* V*****00******************,****,,V,,****,,****,,****,NCRO,3.94111882,Sonoma,V    **** **** ****,V,,0.005562098393289172,1.6524861247514632e-06,VYD_04088,1.593647144263093,0.02633480168879032,364.7504745470234,602.103271484375,9.318381309509277
4903255,r,V,S,**,**,*,*,*,**,V,**,*,*,*,00,**,**,*,*,*,**,**,**,*,*,*,**,S********* V*****00******************,****,,V,,****,,****,,****,NCRO,5.91544931,Sonoma,V    **** **** ****,V,,0.007805606114224623,2.4744440947044943e-06,VYD_04091,2.392005323244502,0.012167963199317455,613.4350425385146,101.69206237792969,7.722841262817383
4903253,r,V,S,**,**,*,*,*,**,V,**,*,*,*,00,**,**,*,*,*,**,**,**,*,*,*,**,S********* V*****00******************,****,,V,,****,,****,,****,NCRO,1.5902815,Sonoma,V    **** **** ****,V,,0.0032643105148460485,6.665566714780977e-07,VYD_04092,0.643051259805329,0.24683840572834015,423.67279726261773,142.48753356933594,14.523892402648926
4903242,r,V,S,**,**,*,*,*,**,V,**,*,*,*,00,**,**,*,*,*,**,**,**,*,*,*,**,S********* V*****00******************,****,,V,,****,,****,,****,NCRO,11.99427533,Sonoma,V    **** **** ****,V,,0.00958291663414911,5.0225665716728186e-06,VYD_04093,4.850106623468536,0.11337236315011978,464.8390354609929,115.09134674072266,0.8053972721099854
4903238,r,V,S,**,**,*,*,*,**,V,**,*,*,*,00,**,**,*,*,*,**,**,**,*,*,*,**,S********* V*****00******************,****,,V,,****,,****,,****,NCRO,15.00331635,Sonoma,V    **** **** ****,V,,0.014555523155705205,6.28162980739438e-06,VYD_04094,6.066887184558703,0.19656060636043549,412.28475438118596,148.6154327392578,1.267750859260559
4903237,r,V,S,**,**,*,*,*,**,V,**,*,*,*,00,**,**,*,*,*,**,**,**,*,*,*,**,S********* V*****00******************,****,,V,,****,,****,,****,NCRO,5.18970256,Sonoma,V    **** **** ****,V,,0.006234723935819617,2.1752061512781245e-06,VYD_04095,2.098535765712033,0.06997279822826385,390.2197109067017,249.2783203125,14.748420715332031
4903229,r,V,S,**,**,*,*,*,**,V,**,*,*,*,00,**,**,*,*,*,**,**,**,*,*,*,**,S********* V*****00******************,****,,V,,****,,****,,****,NCRO,7.05677421,Sonoma,V    **** **** ****,V,,0.007121740855172221,2.957725272672827e-06,VYD_04099,2.8535154116217445,0.09330751746892929,329.54912348295125,256.8326110839844,16.713703155517578
4903202,r,V,S,**,**,*,*,*,**,V,**,*,*,*,00,**,**,*,*,*,**,**,**,*,*,*,**,S********* V*****00******************,****,,V,,****,,****,,****,NCRO,1.63062717,Sonoma,V    **** **** ****,V,,0.003854178003738763,6.821906797328456e-07,VYD_04108,0.6593693988222329,0.09976785629987717,457.9870833333335,165.23463439941406,7.281556129455566
4903186,r,V,S,**,**,*,*,*,**,V,**,*,*,*,00,X,**,*,n,*,00,**,**,*,*,*,**,S********* V*****00 X***n*00*********,****,,V,,X,,****,,****,NCRO,3.45818701,Sonoma,V    X    **** ****,V,,0.005679050474662772,1.4484741671346515e-06,VYD_04114,1.3983698257188308,-0.39052414894104004,244.15961424916358,69.6322250366211,1.9204257726669312
4903185,r,V,S,**,**,*,*,*,**,V,**,*,*,*,00,**,**,*,*,*,**,**,**,*,*,*,**,S********* V*****00******************,****,,V,,****,,****,,****,NCRO,4.48136733,Sonoma,V    **** **** ****,V,,0.0055630497165172115,1.876376803869754e-06,VYD_04115,1.812113145991899,0.10457067936658859,435.68975995138265,61.774993896484375,1.2457809448242188
4903181,r,V,S,**,**,*,*,*,**,V,**,*,*,*,00,**,**,*,*,*,**,**,**,*,*,*,**,S********* V*****00******************,****,,V,,****,,****,,****,NCRO,1.99625143,Sonoma,V    **** **** ****,V,,0.004077667734081396,8.367643396164007e-07,VYD_04118,0.8072136155283465,0.10089700669050217,374.7075664621676,460.3710021972656,8.581094741821289
4903171,r,V,S,**,**,*,*,*,**,V,**,*,*,*,00,**,**,*,*,*,**,**,**,*,*,*,**,S********* V*****00******************,****,,V,,****,,****,,****,NCRO,8.19698555,Sonoma,V    **** **** ****,V,,0.01336911852990559,3.4271701003932168e-06,VYD_04120,3.3145846278807816,0.0998229831457138,472.7569299925081,87.8817367553711,6.903880596160889
4903151,r,V,S,**,**,*,*,*,**,V,**,*,*,*,00,**,**,*,*,*,**,**,**,*,*,*,**,S********* V*****00******************,****,,V,,****,,****,,****,NCRO,5.04857209,Sonoma,V    **** **** ****,V,,0.007372000368849694,2.113803508054859e-06,VYD_04126,2.041475546486319,0.27063363790512085,643.7385092330504,204.45974731445312,23.355167388916016
4903147,r,V,S,**,**,*,*,*,**,V,**,*,*,*,00,**,**,*,*,*,**,**,**,*,*,*,**,S********* V*****00******************,****,,V,,****,,****,,****,NCRO,17.65075175,Sonoma,V    **** **** ****,V,,0.014103559860237945,7.392392260759592e-06,VYD_04128,7.13735572670836,0.14631813764572144,420.7138450861702,120.56674194335938,10.83077621459961
4903128,r,V,S,**,**,*,*,*,**,V,**,*,*,*,00,**,**,*,*,*,**,**,**,*,*,*,**,S********* V*****00******************,****,,V,,****,,****,,****,NCRO,13.73803805,Sonoma,V    **** **** ****,V,,0.012476621589274034,5.751549912836042e-06,VYD_04133,5.555212440087138,0.21493831276893616,573.7002329154072,286.3666076660156,17.04994773864746
4903123,r,V,S,**,**,*,*,*,**,V,**,*,*,*,00,**,**,*,*,*,**,**,**,*,*,*,**,S********* V*****00******************,****,,V,,****,,****,,****,NCRO,12.85920157,Sonoma,V    **** **** ****,V,,0.011377722006579702,5.384565135052763e-06,VYD_04134,5.199872142810036,0.11772400885820389,466.94888888888875,148.1290740966797,3.941960096359253
4903116,r,V,S,**,**,*,*,*,**,V,**,*,*,*,00,**,**,*,*,*,**,**,**,*,*,*,**,S********* V*****00******************,****,,V,,****,,****,,****,NCRO,2.368369,Sonoma,V    **** **** ****,V,,0.005200404397804492,9.925495334722404e-07,VYD_04137,0.9576831054827059,0.2523456811904907,394.83486766398164,163.50387573242188,12.255416870117188
4903101,r,V,S,**,**,*,*,*,**,V,**,*,*,*,00,**,**,*,*,*,**,**,**,*,*,*,**,S********* V*****00******************,****,,V,,****,,****,,****,NCRO,6.03131368,Sonoma,V    **** **** ****,V,,0.007942662488556356,2.5273013434333563e-06,VYD_04139,2.438848207035354,0.15286752581596375,488.21211096075774,102.03285217285156,2.836991548538208
4903093,r,V,S,**,**,*,*,*,**,V,**,*,*,*,00,**,**,*,*,*,**,**,**,*,*,*,**,S********* V*****00******************,****,,V,,****,,****,,****,NCRO,3.53292659,Sonoma,V    **** **** ****,V,,0.005783139054212042,1.4778915505712745e-06,VYD_04142,1.4285948746067454,0.11550650745630264,502.29084206441604,94.74868774414062,1.07832932472229
4903092,r,V,S,**,**,*,*,*,**,V,**,*,*,*,00,**,**,*,*,*,**,**,**,*,*,*,**,S********* V*****00******************,****,,V,,****,,****,,****,NCRO,2.23132606,Sonoma,V    **** **** ****,V,,0.0041601600724710626,9.352815447292277e-07,VYD_04143,0.902268960327315,0.16265977919101715,415.17103658536587,459.3900451660156,11.157559394836426
4903057,r,V,S,**,**,*,*,*,**,V,**,*,*,*,00,**,**,*,*,*,**,**,**,*,*,*,**,S********* V*****00******************,****,,V,,****,,****,,****,NCRO,7.82039503,Sonoma,V    **** **** ****,V,,0.007617148265832227,3.2715590971584095e-06,VYD_04152,3.1622979794137374,0.20097018778324127,441.5741547577552,149.8482666015625,8.225934028625488
4903051,r,V,S,**,**,*,*,*,**,V,**,*,*,*,00,**,**,*,*,*,**,**,**,*,*,*,**,S********* V*****00******************,****,,V,,****,,****,,****,NCRO,2.60576894,Sonoma,V    **** **** ****,V,,0.004334282987117788,1.089743144063455e-06,VYD_04153,1.0536849188796886,0.027225784957408905,485.1898535564853,89.61163330078125,4.754574298858643
4903046,r,V,S,**,**,*,*,*,**,V,**,*,*,*,00,**,**,*,*,*,**,**,**,*,*,*,**,S********* V*****00******************,****,,V,,****,,****,,****,NCRO,4.06544954,Sonoma,V    **** **** ****,V,,0.006312755493065314,1.7036105669317573e-06,VYD_04155,1.6439218382887844,-0.015119358897209167,332.8804220398594,80.1921615600586,1.2496871948242188
4903039,r,V,S,**,**,*,*,*,**,V,**,*,*,*,00,**,**,*,*,*,**,**,**,*,*,*,**,S********* V*****00******************,****,,V,,****,,****,,****,NCRO,4.23044593,Sonoma,V    **** **** ****,V,,0.006220728844003677,1.7717288682376298e-06,VYD_04157,1.7106553505063127,0.07720064371824265,482.43845419847315,102.99659729003906,3.031161069869995
4903037,r,V,S,**,**,*,*,*,**,V,**,*,*,*,00,**,**,*,*,*,**,**,**,*,*,*,**,S********* V*****00******************,****,,V,,****,,****,,****,NCRO,4.03252644,Sonoma,V    **** **** ****,V,,0.008178610336483035,1.6881093345698712e-06,VYD_04159,1.630617940268362,0.07027958333492279,396.17719594594587,89.40219116210938,12.539690017700195
4916237,r,V,S,**,**,*,*,*,**,V,**,*,*,*,00,**,**,*,*,*,**,**,**,*,*,*,**,S********* V*****00******************,****,,V,,****,,****,,****,NCRO,1.63199503,Sonoma,V    **** **** ****,V,,0.0033910779588731763,6.836291441781361e-07,VYD_04199,0.6599302867321868,0.09374762326478958,412.4073150457191,664.2882080078125,13.807104110717773
4916236,r,V,S,**,**,*,*,*,**,V,**,*,*,*,00,**,**,*,*,*,**,**,**,*,*,*,**,S********* V*****00******************,****,,V,,****,,****,,****,NCRO,1.36399236,Sonoma,V    **** **** ****,V,,0.0034938482910021875,5.712420290123426e-07,VYD_04200,0.5515580864154389,0.1405300498008728,478.44788029925184,401.4936218261719,11.193076133728027
4916215,r,V,S,**,**,*,*,*,**,V,**,*,*,*,00,**,**,*,*,*,**,**,**,*,*,*,**,S********* V*****00******************,****,,V,,****,,****,,****,NCRO,3.41212483,Sonoma,V    **** **** ****,V,,0.0048125406295984295,1.4265585433306197e-06,VYD_04205,1.3797471296289816,0.04848633334040642,491.8870677593443,65.38439178466797,2.653231620788574
4916196,r,V,S,**,**,*,*,*,**,V,**,*,*,*,00,**,**,*,*,*,**,**,**,*,*,*,**,S********* V*****00******************,****,,V,,****,,****,,****,NCRO,1.74720166,Sonoma,V    **** **** ****,V,,0.004052164599013172,7.30730849480206e-07,VYD_04219,0.7065082546242867,-0.04194635897874832,458.9160063391442,84.80548858642578,11.48869800567627
4916195,r,V,S,**,**,*,*,*,**,V,**,*,*,*,00,**,**,*,*,*,**,**,**,*,*,*,**,S********* V*****00******************,****,,V,,****,,****,,****,NCRO,1.44978911,Sonoma,V    **** **** ****,V,,0.0033840446883828543,6.063257788071998e-07,VYD_04220,0.5862452202254003,-0.09969533234834671,495.8586288416075,77.54161834716797,10.436728477478027
4916194,r,V,S,**,**,*,*,*,**,V,**,*,*,*,00,**,**,*,*,*,**,**,**,*,*,*,**,S********* V*****00******************,****,,V,,****,,****,,****,NCRO,3.54727145,Sonoma,V    **** **** ****,V,,0.004578315799674332,1.4835506328540525e-06,VYD_04221,1.4343949934596845,-0.04149969294667244,489.3010566762729,83.9250717163086,11.108723640441895
4916174,r,V,S,**,**,*,*,*,**,V,**,*,*,*,00,**,**,*,*,*,**,**,**,*,*,*,**,S********* V*****00******************,****,,V,,****,,****,,****,NCRO,13.29110566,Sonoma,V    **** **** ****,V,,0.026633556497744525,5.559663713511119e-06,VYD_04237,5.374484897926203,0.07821542024612427,506.75234627416773,264.42852783203125,16.138717651367188
4916173,r,V,S,**,**,*,*,*,**,V,**,*,*,*,00,**,**,*,*,*,**,**,**,*,*,*,**,S********* V*****00******************,****,,V,,****,,****,,****,NCRO,1.89946995,Sonoma,V    **** **** ****,V,,0.004454085998927983,7.945464123289286e-07,VYD_04238,0.7680824343526614,0.3224720358848572,565.577945402299,249.41099548339844,8.067365646362305
4916172,r,V,S,**,**,*,*,*,**,V,**,*,*,*,00,**,**,*,*,*,**,**,**,*,*,*,**,S********* V*****00******************,****,,V,,****,,****,,****,NCRO,3.59516265,Sonoma,V    **** **** ****,V,,0.008440213664137653,1.5038222249126257e-06,VYD_04239,1.4537639092873214,-0.096079520881176,442.8844553706506,205.4740753173828,17.981977462768555
4916162,r,V,S,**,**,*,*,*,**,V,**,*,*,*,00,**,**,*,*,*,**,**,**,*,*,*,**,S********* V*****00******************,****,,V,,****,,****,,****,NCRO,0.68818257,Sonoma,V    **** **** ****,V,,0.003688095569029007,2.8789564753156264e-07,VYD_04249,0.27827694220861743,0.008292896673083305,443.8359840954274,69.56974792480469,9.617386817932129
4916161,r,V,S,**,**,*,*,*,**,V,**,*,*,*,00,**,**,*,*,*,**,**,**,*,*,*,**,S********* V*****00******************,****,,V,,****,,****,,****,NCRO,0.58443983,Sonoma,V    **** **** ****,V,,0.004079852194743894,2.4450856359837725e-07,VYD_04250,0.23632796962631272,0.035025063902139664,671.5720984759671,168.18234252929688,8.556678771972656
4916146,r,V,S,**,**,*,*,*,**,V,**,*,*,*,00,**,**,*,*,*,**,**,**,*,*,*,**,S********* V*****00******************,****,,V,,****,,****,,****,NCRO,15.23420037,Sonoma,V    **** **** ****,V,,0.01216276999335843,6.377952090133412e-06,VYD_04265,6.160249516273953,0.09686030447483063,346.74547728592495,150.21502685546875,1.183470606803894
4916145,r,V,S,**,**,*,*,*,**,V,**,*,*,*,00,**,**,*,*,*,**,**,**,*,*,*,**,S********* V*****00******************,****,,V,,****,,****,,****,NCRO,10.81083364,Sonoma,V    **** **** ****,V,,0.01148631394086941,4.52616141991418e-06,VYD_04266,4.371570393179398,0.1107172742486,385.82161515704655,140.52911376953125,1.0265107154846191
4916144,r,V,S,**,**,*,*,*,**,V,**,*,*,*,00,**,**,*,*,*,**,**,**,*,*,*,**,S********* V*****00******************,****,,V,,****,,****,,****,NCRO,14.95910163,Sonoma,V    **** **** ****,V,,0.010584617895676433,6.262303078100414e-06,VYD_04267,6.049002951052002,0.08105827122926712,528.032487032487,135.5850830078125,0.4423982501029968
4916143,r,V,S,**,**,*,*,*,**,V,**,*,*,*,00,**,**,*,*,*,**,**,**,*,*,*,**,S********* V*****00******************,****,,V,,****,,****,,****,NCRO,15.10631689,Sonoma,V    **** **** ****,V,,0.011449308337324904,6.324397628865514e-06,VYD_04268,6.108528382335455,-0.017997732385993004,217.3748084722848,134.67112731933594,0.832906186580658
4916142,r,V,S,**,**,*,*,*,**,V,**,*,*,*,00,**,**,*,*,*,**,**,**,*,*,*,**,S********* V*****00******************,****,,V,,****,,****,,****,NCRO,4.69327194,Sonoma,V    **** **** ****,V,,0.006161932650857261,1.965595524961174e-06,VYD_04269,1.8978078418696933,0.30380257964134216,469.1253085523449,105.17538452148438,1.4217491149902344
4916141,r,V,S,**,**,*,*,*,**,V,**,*,*,*,00,**,**,*,*,*,**,**,**,*,*,*,**,S********* V*****00******************,****,,V,,****,,****,,****,NCRO,14.02568111,Sonoma,V    **** **** ****,V,,0.011211313854366552,5.873052135692715e-06,VYD_04270,5.671536412441677,0.18617752194404602,497.1241874454256,109.70442199707031,2.9281482696533203
4916140,r,V,S,**,**,*,*,*,**,V,**,*,*,*,00,**,**,*,*,*,**,**,**,*,*,*,**,S********* V*****00******************,****,,V,,****,,****,,****,NCRO,5.64295693,Sonoma,V    **** **** ****,V,,0.007129798694115741,2.362849595185301e-06,VYD_04271,2.281833170082188,0.11241717636585236,441.93688148684527,108.93295288085938,0.6533474326133728
4916138,r,V,S,**,**,*,*,*,**,V,**,*,*,*,00,**,**,*,*,*,**,**,**,*,*,*,**,S********* V*****00******************,****,,V,,****,,****,,****,NCRO,2.32672223,Sonoma,V    **** **** ****,V,,0.006166699909993469,9.740773156651361e-07,VYD_04273,0.9408510865121666,0.19928069412708282,580.3419430584092,321.9038391113281,8.97578239440918
4916136,r,V,S,**,**,*,*,*,**,V,**,*,*,*,00,**,**,*,*,*,**,**,**,*,*,*,**,S********* V*****00******************,****,,V,,****,,****,,****,NCRO,2.00135724,Sonoma,V    **** **** ****,V,,0.005429212590201347,8.378937327130362e-07,VYD_04275,0.809283133171761,0.13174737989902496,629.941836734694,269.0710144042969,3.682523250579834
4916126,r,V,S,**,**,*,*,*,**,V,**,*,*,*,00,**,**,*,*,*,**,**,**,*,*,*,**,S********* V*****00******************,****,,V,,****,,****,,****,NCRO,1.28250455,Sonoma,V    **** **** ****,V,,0.0036580841234945373,5.36566776996407e-07,VYD_04283,0.5186014814664635,0.24227797985076904,509.1518380394246,144.00726318359375,16.39110565185547
4916105,r,V,S,**,**,*,*,*,**,V,**,*,*,*,00,**,**,*,*,*,**,**,**,*,*,*,**,S********* V*****00******************,****,,V,,****,,****,,****,NCRO,3.22762403,Sonoma,V    **** **** ****,V,,0.005337302900136471,1.3504551940369875e-06,VYD_04297,1.3051383799595053,0.12038244307041168,537.2306717363751,139.8202362060547,3.510389566421509
4916104,r,V,S,**,**,*,*,*,**,V,**,*,*,*,00,**,**,*,*,*,**,**,**,*,*,*,**,S********* V*****00******************,****,,V,,****,,****,,****,NCRO,1.17192959,Sonoma,V    **** **** ****,V,,0.004016038778728069,4.903214416587996e-07,VYD_04298,0.4738877428096039,0.019747909158468246,592.1715456674472,113.90724182128906,6.757850170135498
4916103,r,V,S,**,**,*,*,*,**,V,**,*,*,*,00,**,**,*,*,*,**,**,**,*,*,*,**,S********* V*****00******************,****,,V,,****,,****,,****,NCRO,3.48976634,Sonoma,V    **** **** ****,V,,0.007025270047460735,1.4601042689379037e-06,VYD_04299,1.4111399943691747,-0.12875941395759583,471.76571651698544,148.88189697265625,15.953471183776855
4916102,r,V,S,**,**,*,*,*,**,V,**,*,*,*,00,**,**,*,*,*,**,**,**,*,*,*,**,S********* V*****00******************,****,,V,,****,,****,,****,NCRO,1.52336702,Sonoma,V    **** **** ****,V,,0.003253552431852206,6.373704557809912e-07,VYD_04300,0.6159967933026558,0.054500140249729156,525.0044802867384,115.9359359741211,5.404933452606201
4916091,r,V,S,**,**,*,*,*,**,V,**,*,*,*,00,**,**,*,*,*,**,**,**,*,*,*,**,S********* V*****00******************,****,,V,,****,,****,,****,NCRO,0.62944667,Sonoma,V    **** **** ****,V,,0.0027233205425692907,2.6338092642280427e-07,VYD_04307,0.25452570368043637,0.07734690606594086,480.75734494015234,77.66376495361328,13.776718139648438
4916090,r,V,S,**,**,*,*,*,**,V,**,*,*,*,00,**,**,*,*,*,**,**,**,*,*,*,**,S********* V*****00******************,****,,V,,****,,****,,****,NCRO,4.89776401,Sonoma,V    **** **** ****,V,,0.0065337715845471735,2.0493880624981006e-06,VYD_04308,1.9804841741055819,0.20789898931980133,527.098983711541,192.74383544921875,3.3587300777435303
4916089,r,V,S,**,**,*,*,*,**,V,**,*,*,*,00,**,**,*,*,*,**,**,**,*,*,*,**,S********* V*****00******************,****,,V,,****,,****,,****,NCRO,9.9527366,Sonoma,V    **** **** ****,V,,0.008313618105570667,4.164490583265872e-06,VYD_04309,4.024536307789554,0.13984942436218262,489.1593895428414,136.06520080566406,11.120101928710938
4916087,r,V,S,**,**,*,*,*,**,V,**,*,*,*,00,**,**,*,*,*,**,**,**,*,*,*,**,S********* V*****00******************,****,,V,,****,,****,,****,NCRO,3.0991501,Sonoma,V    **** **** ****,V,,0.005334255842202389,1.2971629525863409e-06,VYD_04311,1.2531933986050618,0.10068510472774506,537.5774802458297,62.849063873291016,4.447619438171387
4916086,r,V,S,**,**,*,*,*,**,V,**,*,*,*,00,**,**,*,*,*,**,**,**,*,*,*,**,S********* V*****00******************,****,,V,,****,,****,,****,NCRO,1.53421488,Sonoma,V    **** **** ****,V,,0.004923472288685261,6.421117955487731e-07,VYD_04312,0.6203852983973519,0.05576856806874275,601.0517164511816,103.49188995361328,13.394963264465332
4916085,r,V,S,**,**,*,*,*,**,V,**,*,*,*,00,**,**,*,*,*,**,**,**,*,*,*,**,S********* V*****00******************,****,,V,,****,,****,,****,NCRO,1.61994996,Sonoma,V    **** **** ****,V,,0.005304393606064493,6.779980843342052e-07,VYD_04313,0.6550533011141323,0.08535046875476837,536.1852631578948,97.92243957519531,7.514387130737305
4916084,r,V,S,**,**,*,*,*,**,V,**,*,*,*,00,**,**,*,*,*,**,**,**,*,*,*,**,S********* V*****00******************,****,,V,,****,,****,,****,NCRO,1.00038522,Sonoma,V    **** **** ****,V,,0.004252882638576093,4.1872767418001755e-07,VYD_04314,0.40452140049808866,0.009314761497080326,399.75633127994524,59.02008819580078,1.418938159942627
4916082,r,V,S,**,**,*,*,*,**,V,**,*,*,*,00,**,**,*,*,*,**,**,**,*,*,*,**,S********* V*****00******************,****,,V,,****,,****,,****,NCRO,1.43332908,Sonoma,V    **** **** ****,V,,0.00480935309480338,6.001529074554281e-07,VYD_04315,0.5795894408974073,0.1041334941983223,485.7248450166906,86.66697692871094,1.3431791067123413
4916081,r,V,S,**,**,*,*,*,**,V,**,*,*,*,00,**,**,*,*,*,**,**,**,*,*,*,**,S********* V*****00******************,****,,V,,****,,****,,****,NCRO,1.74492358,Sonoma,V    **** **** ****,V,,0.003567654379893613,7.306097688177044e-07,VYD_04316,0.7055881989165441,0.09315111488103867,470.3628906250001,80.73538208007812,2.4553964138031006
4916080,r,V,S,**,**,*,*,*,**,V,**,*,*,*,00,**,**,*,*,*,**,**,**,*,*,*,**,S********* V*****00******************,****,,V,,****,,****,,****,NCRO,1.65101701,Sonoma,V    **** **** ****,V,,0.0034622919751991447,6.912994217899922e-07,VYD_04317,0.6676150934721973,0.034972380846738815,498.662396694215,61.6770133972168,4.08981466293335
4916079,r,V,S,**,**,*,*,*,**,V,**,*,*,*,00,**,**,*,*,*,**,**,**,*,*,*,**,S********* V*****00******************,****,,V,,****,,****,,****,NCRO,0.5713061,Sonoma,V    **** **** ****,V,,0.002454129462472116,2.392489425232089e-07,VYD_04318,0.23101698345677088,0.2644764482975006,532.778972520908,195.57371520996094,15.910411834716797
4916078,r,V,S,**,**,*,*,*,**,V,**,*,*,*,00,**,**,*,*,*,**,**,**,*,*,*,**,S********* V*****00******************,****,,V,,****,,****,,****,NCRO,0.7200921,Sonoma,V    **** **** ****,V,,0.00235041229050382,3.01364998056322e-07,VYD_04319,0.29118097428117956,0.06883378326892853,545.6720075400567,116.2889175415039,21.37664031982422
4916077,r,V,S,**,**,*,*,*,**,V,**,*,*,*,00,**,**,*,*,*,**,**,**,*,*,*,**,S********* V*****00******************,****,,V,,****,,****,,****,NCRO,2.86883074,Sonoma,V    **** **** ****,V,,0.005246294696795708,1.2008229811795446e-06,VYD_04320,1.160056315367763,0.05216313898563385,433.25997150997165,49.342750549316406,4.830822467803955
4916076,r,V,S,**,**,*,*,*,**,V,**,*,*,*,00,**,**,*,*,*,**,**,**,*,*,*,**,S********* V*****00******************,****,,V,,****,,****,,****,NCRO,5.69321149,Sonoma,V    **** **** ****,V,,0.006309089463052253,2.383031785321529e-06,VYD_04321,2.3021392099636797,0.042382702231407166,518.7435161945739,58.39379119873047,7.02239465713501
4916075,r,V,S,**,**,*,*,*,**,V,**,*,*,*,00,**,**,*,*,*,**,**,**,*,*,*,**,S********* V*****00******************,****,,V,,****,,****,,****,NCRO,3.41652894,Sonoma,V    **** **** ****,V,,0.005394841042874016,1.4300739682642799e-06,VYD_04322,1.3815278930452344,0.056672535836696625,496.5964143426295,51.311275482177734,5.355871677398682
4916074,r,V,S,**,**,*,*,*,**,V,**,*,*,*,00,**,**,*,*,*,**,**,**,*,*,*,**,S********* V*****00******************,****,,V,,****,,****,,****,NCRO,0.86864761,Sonoma,V    **** **** ****,V,,0.003432112760852223,3.63582550794498e-07,VYD_04323,0.3512513712574236,0.1691952794790268,568.2696540880502,44.838356018066406,0.8206043839454651
4916073,r,V,S,**,**,*,*,*,**,V,**,*,*,*,00,**,**,*,*,*,**,**,**,*,*,*,**,S********* V*****00******************,****,,V,,****,,****,,****,NCRO,2.47644883,Sonoma,V    **** **** ****,V,,0.004141949679918894,1.0365575108496477e-06,VYD_04324,1.001390921607027,0.16684499382972717,572.4443528441878,45.641998291015625,0.8197009563446045
4916071,r,V,S,**,**,*,*,*,**,V,**,*,*,*,00,**,**,*,*,*,**,**,**,*,*,*,**,S********* V*****00******************,****,,V,,****,,****,,****,NCRO,1.58753673,Sonoma,V    **** **** ****,V,,0.0035325901389487596,6.64636599360615e-07,VYD_04326,0.6419460358726492,0.12428034842014313,444.2373172828892,97.28608703613281,5.808759689331055
4916070,r,V,S,**,**,*,*,*,**,V,**,*,*,*,00,**,**,*,*,*,**,**,**,*,*,*,**,S********* V*****00******************,****,,V,,****,,****,,****,NCRO,3.18619732,Sonoma,V    **** **** ****,V,,0.004700374673864668,1.333940733439962e-06,VYD_04327,1.2883902004702885,0.13887931406497955,527.6382887700535,90.5682144165039,4.773003101348877
4916069,r,V,S,**,**,*,*,*,**,V,**,*,*,*,00,**,**,*,*,*,**,**,**,*,*,*,**,S********* V*****00******************,****,,V,,****,,****,,****,NCRO,1.2355179,Sonoma,V    **** **** ****,V,,0.0029582690243781483,5.173138527573728e-07,VYD_04328,0.49960112074347673,0.027324184775352478,389.350248207391,87.53849029541016,1.3218061923980713
4916068,r,V,S,**,**,*,*,*,**,V,**,*,*,*,00,**,**,*,*,*,**,**,**,*,*,*,**,S********* V*****00******************,****,,V,,****,,****,,****,NCRO,1.16993079,Sonoma,V    **** **** ****,V,,0.0041456856908585835,4.898985216435915e-07,VYD_04329,0.4730802072455654,0.15992234647274017,592.3685131195335,132.2975311279297,7.944472312927246
4916058,r,V,S,**,**,*,*,*,**,V,**,*,*,*,00,**,**,*,*,*,**,**,**,*,*,*,**,S********* V*****00******************,****,,V,,****,,****,,****,NCRO,0.7533494,Sonoma,V    **** **** ****,V,,0.002696836499269558,3.1550561380730273e-07,VYD_04338,0.30462808149076936,0.08597627282142639,423.59601449275357,55.12839889526367,0.9357894659042358
4916057,r,V,S,**,**,*,*,*,**,V,**,*,*,*,00,**,**,*,*,*,**,**,**,*,*,*,**,S********* V*****00******************,****,,V,,****,,****,,****,NCRO,2.19325751,Sonoma,V    **** **** ****,V,,0.004422065536776739,9.185416393127692e-07,VYD_04339,0.8868772484803463,0.09949063509702682,478.96615957777084,54.42986297607422,1.0427407026290894
4916055,r,V,S,**,**,*,*,*,**,V,**,*,*,*,00,**,**,*,*,*,**,**,**,*,*,*,**,S********* V*****00******************,****,,V,,****,,****,,****,NCRO,10.72313964,Sonoma,V    **** **** ****,V,,0.009322824598626643,4.4908212188153894e-06,VYD_04341,4.336068211448012,0.09139664471149445,369.0021577711493,65.94927215576172,2.7094810009002686
4916054,r,V,S,**,**,*,*,*,**,V,**,*,*,*,00,**,**,*,*,*,**,**,**,*,*,*,**,S********* V*****00******************,****,,V,,****,,****,,****,NCRO,1.93329933,Sonoma,V    **** **** ****,V,,0.0036659857085772395,8.096831430521892e-07,VYD_04342,0.7817594774784731,0.20912232995033264,449.74453840732906,91.31099700927734,7.874017715454102
4916044,r,V,S,**,**,*,*,*,**,V,**,*,*,*,00,**,**,*,*,*,**,**,**,*,*,*,**,S********* V*****00******************,****,,V,,****,,****,,****,NCRO,5.2631893,Sonoma,V    **** **** ****,V,,0.006771694135431673,2.204852845153576e-06,VYD_04352,2.128248670921987,0.0028099659830331802,410.2105467235363,75.07160949707031,4.835234642028809
4916025,r,V,S,**,**,*,*,*,**,V,**,*,*,*,00,**,**,*,*,*,**,**,**,*,*,*,**,S********* V*****00******************,****,,V,,****,,****,,****,NCRO,1.75596958,Sonoma,V    **** **** ****,V,,0.0031661948849475508,7.358734229078944e-07,VYD_04370,0.7100527859224639,0.18638187646865845,504.09704968944106,260.9773254394531,6.320051670074463
4916024,r,V,S,**,**,*,*,*,**,V,**,*,*,*,00,**,**,*,*,*,**,**,**,*,*,*,**,S********* V*****00******************,****,,V,,****,,****,,****,NCRO,3.18465052,Sonoma,V    **** **** ****,V,,0.004747015461735753,1.3348666399406787e-06,VYD_04371,1.2877595197927247,-0.0318569652736187,239.14786324786326,456.6655578613281,11.778900146484375
4916023,r,V,S,**,**,*,*,*,**,V,**,*,*,*,00,**,**,*,*,*,**,**,**,*,*,*,**,S********* V*****00******************,****,,V,,****,,****,,****,NCRO,1.7414165,Sonoma,V    **** **** ****,V,,0.003451042491669268,7.300005806467501e-07,VYD_04372,0.7041667043280381,0.024596266448497772,238.26533802266513,493.75360107421875,13.407931327819824
4916022,r,V,S,**,**,*,*,*,**,V,**,*,*,*,00,**,**,*,*,*,**,**,**,*,*,*,**,S********* V*****00******************,****,,V,,****,,****,,****,NCRO,3.66048388,Sonoma,V    **** **** ****,V,,0.00574505188878293,1.5344704968903127e-06,VYD_04373,1.4801697259341813,0.0051186541095376015,240.30172894590072,511.2799377441406,3.6918587684631348
4915923,r,V,S,**,**,*,*,*,**,V,**,*,*,*,00,**,**,*,*,*,**,**,**,*,*,*,**,S********* V*****00******************,****,,V,,****,,****,,****,NCRO,2.95899436,Sonoma,V    **** **** ****,V,,0.004864506044251718,1.2404442778325455e-06,VYD_04392,1.1965125518833306,0.250286728143692,432.4897630549805,538.5603637695312,8.96318531036377
4915922,r,V,S,**,**,*,*,*,**,V,**,*,*,*,00,**,**,*,*,*,**,**,**,*,*,*,**,S********* V*****00******************,****,,V,,****,,****,,****,NCRO,4.21541746,Sonoma,V    **** **** ****,V,,0.0070106030288266735,1.7669223446688036e-06,VYD_04393,1.7045579915368387,0.372717022895813,423.9520128824476,84.69660186767578,4.353919506072998
4915911,r,V,S,**,**,*,*,*,**,V,**,*,*,*,00,**,**,*,*,*,**,**,**,*,*,*,**,S********* V*****00******************,****,,V,,****,,****,,****,NCRO,9.44590161,Sonoma,V    **** **** ****,V,,0.010010657043519958,3.959186909171922e-06,VYD_04401,3.8195741112938455,0.20044173300266266,442.3699093394732,102.38644409179688,5.934361457824707
4915906,r,V,S,**,**,*,*,*,**,V,**,*,*,*,00,**,**,*,*,*,**,**,**,*,*,*,**,S********* V*****00******************,****,,V,,****,,****,,****,NCRO,3.79344067,Sonoma,V    **** **** ****,V,,0.005238679554968452,1.5899773166039848e-06,VYD_04406,1.5339294530858,0.08035968989133835,457.58874148440316,299.46197509765625,5.331530570983887
4915899,r,V,S,**,**,*,*,*,**,V,**,*,*,*,00,**,**,*,*,*,**,**,**,*,*,*,**,S********* V*****00******************,****,,V,,****,,****,,****,NCRO,1.94497905,Sonoma,V    **** **** ****,V,,0.0034821295165907377,8.151026570702075e-07,VYD_04413,0.786479986396148,0.02246418409049511,421.21478626489136,124.99674987792969,8.504960060119629
4915894,r,V,S,**,**,*,*,*,**,V,**,*,*,*,00,**,**,*,*,*,**,**,**,*,*,*,**,S********* V*****00******************,****,,V,,****,,****,,****,NCRO,1.31555704,Sonoma,V    **** **** ****,V,,0.002951047132913378,5.513036286404168e-07,VYD_04418,0.5319637995826731,0.19298666715621948,370.7596899224807,125.06537628173828,17.268739700317383
4915893,r,V,S,**,**,*,*,*,**,V,**,*,*,*,00,**,**,*,*,*,**,**,**,*,*,*,**,S********* V*****00******************,****,,V,,****,,****,,****,NCRO,5.19937149,Sonoma,V    **** **** ****,V,,0.006138611646572058,2.1788695782439285e-06,VYD_04419,2.102438607205384,-0.01567091979086399,413.42603008502294,85.3694839477539,1.7704119682312012
4915892,r,V,S,**,**,*,*,*,**,V,**,*,*,*,00,**,**,*,*,*,**,**,**,*,*,*,**,S********* V*****00******************,****,,V,,****,,****,,****,NCRO,4.0084129,Sonoma,V    **** **** ****,V,,0.005177496276299013,1.679734759758744e-06,VYD_04420,1.6208583975549828,0.06645409762859344,467.0705922280672,81.244384765625,0.7865291237831116
4915888,r,V,S,**,**,*,*,*,**,V,**,*,*,*,00,**,**,*,*,*,**,**,**,*,*,*,**,S********* V*****00******************,****,,V,,****,,****,,****,NCRO,0.88552784,Sonoma,V    **** **** ****,V,,0.002748957321749472,3.710646058054124e-07,VYD_04422,0.3580749930855294,0.0828302800655365,380.20445810914686,141.98211669921875,3.728062868118286
4915770,r,V,S,**,**,*,*,*,**,V,**,*,*,*,00,**,**,*,*,*,**,**,**,*,*,*,**,S********* V*****00******************,****,,V,,****,,****,,****,NCRO,1.18114554,Sonoma,V    **** **** ****,V,,0.0034515980479649096,4.942791884237413e-07,VYD_04481,0.4776128879249946,0.030271010473370552,693.8750719631549,94.73209381103516,16.41132926940918
4915660,r,V,S,**,**,*,*,*,**,V,**,*,*,*,00,**,**,*,*,*,**,**,**,*,*,*,**,S********* V*****00******************,****,,V,,****,,****,,****,NCRO,1.33460512,Sonoma,V    **** **** ****,V,,0.0032689662230475265,5.592465964888623e-07,VYD_04515,0.5396661504067369,0.2494221329689026,515.0429009193055,132.1322784423828,11.999492645263672
4915659,r,V,S,**,**,*,*,*,**,V,**,*,*,*,00,**,**,*,*,*,**,**,**,*,*,*,**,S********* V*****00******************,****,,V,,****,,****,,****,NCRO,1.4905199,Sonoma,V    **** **** ****,V,,0.004700026205113968,6.245785888436747e-07,VYD_04516,0.6027125889773617,0.11721126735210419,534.360507246377,127.80335235595703,13.252236366271973
4915642,r,V,S,**,**,*,*,*,**,V,**,*,*,*,00,**,**,*,*,*,**,**,**,*,*,*,**,S********* V*****00******************,****,,V,,****,,****,,****,NCRO,2.3895068,Sonoma,V    **** **** ****,V,,0.004239729850026595,9.99256269602325e-07,VYD_04522,0.9662359872404448,0.07483341544866562,524.4807197943445,108.51923370361328,10.39809513092041
4915595,r,V,S,**,**,*,*,*,**,V,**,*,*,*,00,**,**,*,*,*,**,**,**,*,*,*,**,S********* V*****00******************,****,,V,,****,,****,,****,NCRO,2.97544019,Sonoma,V    **** **** ****,V,,0.00542902175751122,1.2456920147577064e-06,VYD_04530,1.203177509335458,0.34662026166915894,450.5687800411995,140.1236114501953,1.340701937675476
4915588,r,V,S,**,**,*,*,*,**,V,**,*,*,*,00,**,**,*,*,*,**,**,**,*,*,*,**,S********* V*****00******************,****,,V,,****,,****,,****,NCRO,0.60776875,Sonoma,V    **** **** ****,V,,0.002281592070249202,2.543997721922513e-07,VYD_04533,0.2457609597649901,-0.06004003807902336,424.17621145374443,65.19625091552734,11.054471969604492
4915586,r,V,S,**,**,*,*,*,**,V,**,*,*,*,00,X,**,*,n,*,00,**,**,*,*,*,**,S********* V*****00 X***n*00*********,****,,V,,X,,****,,****,NCRO,0.64174073,Sonoma,V    X    **** ****,V,,0.0022513622918436576,2.685902416319256e-07,VYD_04535,0.2594981927620988,-0.32411909103393555,409.144539614561,100.76637268066406,21.608718872070312
4915475,r,V,S,**,**,*,*,*,**,V,**,*,*,*,00,**,**,*,*,*,**,**,**,*,*,*,**,S********* V*****00******************,****,,V,,****,,****,,****,NCRO,1.06638553,Sonoma,V    **** **** ****,V,,0.005032146725041919,4.467197510149063e-07,VYD_04537,0.43120869958125796,0.028835253790020943,424.12890874282067,84.23180389404297,3.4148573875427246
4915470,r,V,S,**,**,*,*,*,**,V,**,*,*,*,00,**,**,*,*,*,**,**,**,*,*,*,**,S********* V*****00******************,****,,V,,****,,****,,****,NCRO,2.96920991,Sonoma,V    **** **** ****,V,,0.005463227302918915,1.243094217929876e-06,VYD_04540,1.2006560713486985,0.17319348454475403,640.6309988518943,125.4492416381836,0.8254175782203674
4917157,r,V,S,**,**,*,*,*,**,V,**,*,*,*,00,X,**,*,n,*,00,**,**,*,*,*,**,S********* V*****00 X***n*00*********,****,,V,,X,,****,,****,NCRO,5.65831414,Sonoma,V    X    **** ****,V,,0.00796872746687144,2.3672940203054008e-06,VYD_04548,2.2880226097691914,-0.11172555387020111,377.0118990384616,83.52294921875,3.7967305183410645
4917158,r,V,S,**,**,*,*,*,**,V,**,*,*,*,00,**,**,*,*,*,**,**,**,*,*,*,**,S********* V*****00******************,****,,V,,****,,****,,****,NCRO,5.99058747,Sonoma,V    **** **** ****,V,,0.007068510867383873,2.5062798724903426e-06,VYD_04549,2.4223805488460104,0.16865961253643036,470.8375056895767,80.28485870361328,3.0180411338806152
4917096,r,V,S,**,**,*,*,*,**,V,**,*,*,*,00,**,**,*,*,*,**,**,**,*,*,*,**,S********* V*****00******************,****,,V,,****,,****,,****,NCRO,0.81718698,Sonoma,V    **** **** ****,V,,0.0031333297929478526,3.424390361848251e-07,VYD_04556,0.3304415018186861,0.09334418922662735,461.15288220551383,79.12972259521484,1.387532114982605
4917070,r,V,S,**,**,*,*,*,**,V,**,*,*,*,00,X,**,*,n,*,00,**,**,*,*,*,**,S********* V*****00 X***n*00*********,****,,V,,X,,****,,****,NCRO,3.70362829,Sonoma,V    X    **** ****,V,,0.005097229346893186,1.549708818781216e-06,VYD_04564,1.4976167308036061,-0.11756429076194763,407.3392758684066,144.71347045898438,5.149661540985107
