vineyard_field_id,smoke_days,smoke_density_weighted_days,max_density_weight,area_ha,ha_smoke_days
VYD_00001,8,15,3,1.8352836746451995,14.682269397161596
VYD_00002,8,16,3,2.4622135129510383,19.697708103608306
VYD_00003,8,15,3,4.60839413801227,36.86715310409816
VYD_00004,8,15,3,1.9344301977609364,15.475441582087491
VYD_00005,8,15,3,1.6916960693566547,13.533568554853238
VYD_00006,8,15,3,0.567219089822362,4.537752718578896
VYD_00007,8,16,3,2.4096853542765633,19.277482834212506
VYD_00008,8,15,3,0.2688418235996939,2.150734588797551
VYD_00009,8,15,3,1.8861235973576553,15.088988778861243
VYD_00010,8,16,3,4.030095119241054,32.24076095392843
VYD_00011,8,16,3,2.322014067453328,18.576112539626624
VYD_00012,8,15,3,2.5549712958838913,20.43977036707113
VYD_00013,8,15,3,0.9914111032401257,7.931288825921006
VYD_00014,8,16,3,2.293538030106458,18.348304240851665
VYD_00015,8,15,3,0.5118041288885397,4.094433031108317
VYD_00016,8,15,3,2.406220811625472,19.249766493003776
VYD_00017,8,15,3,0.1953970893874457,1.5631767150995657
VYD_00018,8,15,3,0.5796589820298786,4.637271856239029
VYD_00019,8,16,3,3.585653534849885,28.68522827879908
VYD_00020,8,16,3,2.272130698828983,18.177045590631863
VYD_00021,7,16,3,0.42428925315348925,2.970024772074425
VYD_00022,7,16,3,0.19451575344343391,1.3616102741040375
VYD_00023,7,16,3,0.06243907574592356,0.43707353022146495
VYD_00024,7,16,3,0.34091962481112176,2.386437373677852
VYD_00025,7,16,3,0.9956941388799043,6.96985897215933
VYD_00026,7,16,3,1.6191402149176364,11.333981504423456
VYD_00027,7,16,3,0.05990978017160636,0.4193684612012445
VYD_00028,7,16,3,0.07771175948594067,0.5439823164015847
VYD_00029,7,16,3,0.26707225685855773,1.8695057980099041
VYD_00030,7,13,3,0.22987430574510873,1.609120140215761
VYD_00031,7,16,3,0.09364593985896348,0.6555215790127443
VYD_00032,7,16,3,0.5529576472046428,3.8707035304324995
VYD_00033,7,16,3,2.8582197596283185,20.00753831739823
VYD_00034,7,16,3,0.2254855200781062,1.5783986405467434
VYD_00035,7,16,3,0.6810150338723354,4.767105237106348
VYD_00036,7,16,3,0.41306120991905454,2.891428469433382
VYD_00037,7,16,3,1.4956503684488072,10.46955257914165
VYD_00038,7,16,3,0.6938460849673619,4.856922594771533
VYD_00039,7,16,3,0.29108085401892997,2.03756597813251
VYD_00040,7,13,3,0.2578040154396805,1.8046281080777635
VYD_00041,7,16,3,0.4241790982042438,2.9692536874297066
VYD_00042,7,16,3,1.6009068381968194,11.206347867377737
VYD_00043,7,16,3,5.221259139084544,36.548813973591805
VYD_00044,7,16,3,0.049746123987645885,0.3482228679135212
VYD_00045,7,16,3,0.5588611038409188,3.9120277268864316
VYD_00046,7,16,3,0.16790412004381888,1.1753288403067321
VYD_00047,7,16,3,0.20441651418480744,1.4309155992936522
VYD_00048,7,16,3,2.34892747437903,16.44249232065321
VYD_00049,7,16,3,0.10029403631069157,0.702058254174841
VYD_00050,7,16,3,2.0676743901336057,14.47372073093524
VYD_00051,7,16,3,1.5102882422032151,10.572017695422506
VYD_00052,7,16,3,0.607020433238956,4.249143032672692
VYD_00053,7,16,3,0.7722027582294497,5.405419307606148
VYD_00054,7,16,3,0.04064047731744923,0.2844833412221446
VYD_00055,7,15,3,0.07926243633153757,0.554837054320763
VYD_00056,7,16,3,0.4791571565473684,3.354100095831579
VYD_00057,7,16,3,0.32968446809876906,2.3077912766913835
VYD_00058,7,16,3,0.12583334158486703,0.8808333910940692
VYD_00059,7,16,3,0.8219288258493122,5.753501780945185
VYD_00060,7,16,3,0.7252498003383564,5.076748602368495
VYD_00061,7,16,3,0.14728463775976566,1.0309924643183597
VYD_00062,7,16,3,2.900628956890575,20.304402698234025
VYD_00063,7,16,3,0.025827657812060336,0.18079360468442235
VYD_00064,7,16,3,0.808686474163665,5.6608053191456555
VYD_00065,7,16,3,0.13455379916264937,0.9418765941385456
VYD_00066,7,16,3,0.7869103996279541,5.508372797395678
VYD_00067,7,16,3,2.5787131148970044,18.05099180427903
VYD_00068,7,16,3,1.3159374065144396,9.211561845601077
VYD_00069,7,15,3,0.1563032567949481,1.0941227975646368
VYD_00070,7,15,3,1.5942566959542241,11.15979687167957
VYD_00071,7,15,3,6.784134881498995,47.488944170492964
VYD_00072,7,15,3,0.3124336805846575,2.1870357640926024
VYD_00073,7,16,3,0.28374895699826463,1.9862426989878523
VYD_00074,7,16,3,0.3061629741187651,2.1431408188313554
VYD_00075,7,19,3,0.0770229066566178,0.5391603465963246
VYD_00076,8,21,3,0.5413378008385623,4.3307024067084985
VYD_00077,8,20,3,0.3676571650886951,2.941257320709561
VYD_00078,8,20,3,0.43831122955961743,3.5064898364769395
VYD_00079,8,18,3,0.46993828689875955,3.7595062951900764
VYD_00080,7,16,3,0.5899253384272877,4.129477368991013
VYD_00081,7,19,3,0.04945489495465841,0.3461842646826089
VYD_00082,8,20,3,0.34872667858596557,2.7898134286877245
VYD_00083,8,21,3,0.12098338706456298,0.9678670965165038
VYD_00084,8,18,3,0.2925007562700153,2.3400060501601225
VYD_00085,8,21,3,0.3691714283879826,2.953371427103861
VYD_00086,8,20,3,0.10735487044946412,0.858838963595713
VYD_00087,8,17,3,0.10973549682015102,0.8778839745612081
VYD_00088,8,17,3,0.291768166952542,2.334145335620336
VYD_00089,8,18,3,0.334267866064757,2.674142928518056
VYD_00090,7,19,3,0.04071878981485793,0.2850315287040055
VYD_00091,8,18,3,0.5639312997720254,4.511450398176203
VYD_00092,7,16,3,0.21768440739440667,1.5237908517608467
VYD_00093,9,21,3,0.347653246852671,3.128879221674039
VYD_00094,7,18,3,0.4265630439068811,2.9859413073481678
VYD_00095,7,19,3,0.11147545738180954,0.7803282016726668
VYD_00096,7,16,3,0.39729225770713805,2.7810458039499664
VYD_00097,8,20,3,0.5970375760285451,4.776300608228361
VYD_00098,8,16,3,0.09775996059938985,0.7820796847951188
VYD_00099,8,21,3,0.5321702873294015,4.257362298635212
VYD_00100,7,15,3,0.17339315644805234,1.2137520951363663
VYD_00101,8,20,3,0.582938466654789,4.663507733238312
VYD_00102,8,20,3,0.515246014838334,4.121968118706672
VYD_00103,8,18,3,0.5382482654919434,4.305986123935547
VYD_00104,7,19,3,6.358813790685534,44.511696534798745
VYD_00105,8,20,3,0.1277956521007162,1.0223652168057296
VYD_00106,8,19,3,0.13979298103778942,1.1183438483023154
VYD_00107,9,19,3,0.09242525242226461,0.8318272718003815
VYD_00108,7,16,3,0.37286886005499975,2.6100820203849984
VYD_00109,8,20,3,0.47329850375608173,3.786388030048654
VYD_00110,7,17,3,0.32736423453144353,2.291549641720105
VYD_00111,8,20,3,0.3717344851097612,2.9738758808780896
VYD_00112,8,21,3,0.05828535605484037,0.466282848438723
VYD_00113,8,20,3,0.49487362795077733,3.9589890236062186
VYD_00114,7,18,3,0.34489628562478614,2.4142739993735027
VYD_00115,8,21,3,0.35760010854615515,2.860800868369241
VYD_00116,8,21,3,0.34276127641800846,2.7420902113440677
VYD_00117,7,17,3,0.06849952084097224,0.47949664588680574
VYD_00118,8,18,3,0.4246617058044461,3.397293646435569
VYD_00119,8,20,3,0.2515829711270279,2.012663769016223
VYD_00120,8,19,3,0.33933065065937834,2.7146452052750267
VYD_00121,8,20,3,0.24596998409125775,1.967759872730062
VYD_00122,8,21,3,0.10290080107923302,0.8232064086338642
VYD_00123,8,21,3,0.43387843742410487,3.471027499392839
VYD_00124,7,17,3,0.4252747738414655,2.9769234168902585
VYD_00125,8,18,3,0.21879007150662738,1.750320572053019
VYD_00126,8,20,3,0.42555126489433276,3.404410119154662
VYD_00127,8,18,3,0.5870935864366298,4.696748691493038
VYD_00128,8,21,3,0.40179104692925943,3.2143283754340755
VYD_00129,8,20,3,0.2923577445883104,2.338861956706483
VYD_00130,9,19,3,0.37664260089918694,3.3897834080926823
VYD_00131,8,19,3,0.3487598320650318,2.7900786565202544
VYD_00132,7,18,3,0.49007665510584636,3.4305365857409247
VYD_00133,8,20,3,0.17390557069311108,1.3912445655448886
VYD_00134,7,19,3,0.07586239039986467,0.5310367327990527
VYD_00135,8,21,3,0.29537118296324816,2.3629694637059853
VYD_00136,8,21,3,0.5351077497319727,4.280861997855782
VYD_00137,7,19,3,0.2923431908320142,2.0464023358240997
VYD_00138,7,17,3,0.26073271179044916,1.825128982533144
VYD_00139,8,20,3,0.35520609840937656,2.8416487872750125
VYD_00140,7,18,3,0.31944343019811483,2.2361040113868036
VYD_00141,8,21,3,0.4869816381428855,3.895853105143084
VYD_00142,9,21,3,0.15682571805197182,1.4114314624677464
VYD_00143,8,18,3,0.4775781689114655,3.820625351291724
VYD_00144,8,19,3,0.3977787479309886,3.182229983447909
VYD_00145,8,21,3,0.14783865842818478,1.1827092674254782
VYD_00146,7,17,3,0.3303579950593123,2.312505965415186
VYD_00147,8,20,3,0.11339705957256276,0.907176476580502
VYD_00148,8,20,3,0.2871444303918361,2.297155443134689
VYD_00149,8,20,3,0.2841178183887883,2.2729425471103064
VYD_00150,8,18,3,0.11901427257706652,0.9521141806165322
VYD_00151,8,20,3,0.23924248129852868,1.9139398503882294
VYD_00152,7,18,3,0.2079535352549274,1.455674746784492
VYD_00153,9,19,3,0.16339777355847313,1.470579962026258
VYD_00154,7,19,3,0.43581040051711323,3.0506728036197925
VYD_00155,7,18,3,0.2681204739258374,1.8768433174808616
VYD_00156,8,20,3,0.3718755084204041,2.975004067363233
VYD_00157,8,20,3,0.3223291333952452,2.5786330671619617
VYD_00158,8,17,3,0.09841631102543212,0.787330488203457
VYD_00159,8,20,3,0.33583059057768794,2.6866447246215035
VYD_00160,7,19,3,0.3970849711458287,2.779594798020801
VYD_00161,8,20,3,0.4181470421514353,3.345176337211482
VYD_00162,7,17,3,0.16996993828807505,1.1897895680165254
VYD_00163,7,16,3,0.4747287190534037,3.323101033373826
VYD_00164,8,20,3,0.2836382752005115,2.269106201604092
VYD_00165,8,17,3,0.16383199262377096,1.3106559409901677
VYD_00166,8,21,3,0.06899243220413384,0.5519394576330707
VYD_00167,8,21,3,0.31411527505621256,2.5129222004497005
VYD_00168,8,21,3,0.09035657168287717,0.7228525734630173
VYD_00169,7,16,3,0.2901558743271424,2.0310911202899966
VYD_00170,8,21,3,0.10457600488438075,0.836608039075046
VYD_00171,8,20,3,0.5595097281298269,4.476077825038615
VYD_00172,8,19,3,0.08971780710364638,0.717742456829171
VYD_00173,8,19,3,0.05252934310475842,0.4202347448380674
VYD_00174,8,21,3,7.118835000542568,56.95068000434054
VYD_00175,8,18,3,0.06973735836237452,0.5578988668989961
VYD_00176,7,18,3,0.2978715098417705,2.085100568892394
VYD_00177,8,18,3,0.34430739625464823,2.754459170037186
VYD_00178,8,18,3,0.4766949736969489,3.8135597895755913
VYD_00179,8,20,3,0.26305600882806524,2.104448070624522
VYD_00180,8,20,3,0.143268649681473,1.146149197451784
VYD_00181,8,20,3,0.09310195435561976,0.744815634844958
VYD_00182,7,17,3,0.4193949994534395,2.9357649961740764
VYD_00183,8,20,3,0.12819421268243986,1.0255537014595189
VYD_00184,8,20,3,0.45444618855450597,3.6355695084360478
VYD_00185,8,20,3,0.5732090637718741,4.585672510174993
VYD_00186,8,20,3,0.42359561148737357,3.3887648918989886
VYD_00187,8,20,3,0.5185579962389312,4.148463969911449
VYD_00188,8,20,3,0.39546128737337083,3.1636902989869666
VYD_00189,7,18,3,0.5405325858669341,3.7837281010685384
VYD_00190,8,18,3,0.21936465412702905,1.7549172330162324
VYD_00191,8,17,3,0.5073026667642403,4.058421334113922
VYD_00192,8,19,3,0.48120749679901526,3.849659974392122
VYD_00193,8,18,3,0.37365623854735047,2.9892499083788038
VYD_00194,8,20,3,0.3391929706032378,2.713543764825902
VYD_00195,7,18,3,0.13181339690454752,0.9226937783318326
VYD_00196,8,21,3,0.21552031202164454,1.7241624961731563
VYD_00197,8,18,3,0.5909185204237746,4.727348163390197
VYD_00198,7,18,3,0.15220315656413502,1.065422095948945
VYD_00199,7,15,3,0.4098308351597216,2.868815846118051
VYD_00200,7,17,3,0.1549598806076042,1.0847191642532295
VYD_00201,9,19,3,0.5325485448138421,4.792936903324579
VYD_00202,8,17,3,0.4212910611637473,3.3703284893099785
VYD_00203,8,20,3,0.0810144645317414,0.6481157162539312
VYD_00204,7,18,3,0.27993144066557396,1.9595200846590177
VYD_00205,8,21,3,0.18419905025231126,1.47359240201849
VYD_00206,8,18,3,0.29438352686033414,2.355068214882673
VYD_00207,8,20,3,0.43769645592361894,3.5015716473889515
VYD_00208,8,21,3,0.3133752982848867,2.5070023862790936
VYD_00209,7,14,3,0.4167591784744309,2.9173142493210165
VYD_00210,8,21,3,0.2360412494663211,1.8883299957305688
VYD_00211,8,21,3,0.36819781158417736,2.945582492673419
VYD_00212,7,19,3,0.3335723418293578,2.3350063928055045
VYD_00213,7,18,3,0.12642942586933034,0.8850059810853124
VYD_00214,8,20,3,0.3464549326556634,2.7716394612453072
VYD_00215,8,21,3,0.25808207342494754,2.0646565873995804
VYD_00216,7,17,3,0.12572541025720055,0.8800778718004039
VYD_00217,8,20,3,0.49276275112971335,3.942102009037707
VYD_00218,8,20,3,0.2975421084076702,2.3803368672613616
VYD_00219,7,18,3,0.19478674664559284,1.36350722651915
VYD_00220,8,21,3,0.3641885228041446,2.913508182433157
VYD_00221,8,20,3,0.4025853813384461,3.220683050707569
VYD_00222,8,20,3,0.04128414622335311,0.33027316978682486
VYD_00223,8,21,3,0.23909785284741478,1.9127828227793182
VYD_00224,8,18,3,0.5269422379710728,4.215537903768582
VYD_00225,8,21,3,0.3420894838512942,2.7367158708103534
VYD_00226,8,17,3,0.978139287803006,7.825114302424048
VYD_00227,7,18,3,0.1578389448589922,1.1048726140129452
VYD_00228,8,21,3,0.5819869662469527,4.655895729975621
VYD_00229,7,18,3,0.2721562750104923,1.905093925073446
VYD_00230,8,18,3,0.09418747210060631,0.7534997768048505
VYD_00231,8,18,3,0.3039175589112879,2.4313404712903033
VYD_00232,8,21,3,0.2538469033364361,2.030775226691489
VYD_00233,8,19,3,0.2639241688874695,2.111393351099756
VYD_00234,7,17,3,0.11519680137060305,0.8063776095942213
VYD_00235,7,17,3,0.055943429151583256,0.3916040040610828
VYD_00236,8,20,3,0.44555227271802067,3.5644181817441654
VYD_00237,7,17,3,0.09417375943230454,0.6592163160261317
VYD_00238,8,20,3,0.11061768072063052,0.8849414457650442
VYD_00239,8,21,3,0.25935007837771507,2.0748006270217205
VYD_00240,8,20,3,0.19320506551476668,1.5456405241181335
VYD_00241,7,17,3,0.18407375978771487,1.288516318514004
VYD_00242,7,17,3,0.2721279897675125,1.9048959283725875
VYD_00243,7,16,3,0.16528724807240186,1.157010736506813
VYD_00244,7,16,3,0.40681160658376475,2.847681246086353
VYD_00245,8,20,3,0.5945375910105462,4.756300728084369
VYD_00246,8,20,3,0.21443823621226357,1.7155058896981086
VYD_00247,9,19,3,0.4691824575178947,4.222642117661053
VYD_00248,8,20,3,0.3634311494186094,2.907449195348875
VYD_00249,8,18,3,0.15249957021719243,1.2199965617375395
VYD_00250,8,20,3,0.5077308834805699,4.0618470678445595
VYD_00251,8,20,3,0.56507808405736,4.52062467245888
VYD_00252,8,20,3,0.5891056992981057,4.712845594384846
VYD_00253,8,20,3,0.39808887516543817,3.1847110013235054
VYD_00254,8,17,3,0.06051335623360085,0.4841068498688068
VYD_00255,8,20,3,0.4246277145406219,3.3970217163249754
VYD_00256,8,20,3,0.6061068830867711,4.848855064694169
VYD_00257,8,16,3,0.16793280050920598,1.3434624040736478
VYD_00258,8,18,3,0.49498208142543026,3.959856651403442
VYD_00259,8,21,3,0.24385613483632193,1.9508490786905754
VYD_00260,8,19,3,0.40502220150255397,3.2401776120204318
VYD_00261,8,20,3,0.36664850569978547,2.9331880455982837
VYD_00262,8,21,3,0.08855330148302605,0.7084264118642084
VYD_00263,8,20,3,0.2574949301700835,2.059959441360668
VYD_00264,8,21,3,0.3036633769225772,2.4293070153806178
VYD_00265,7,18,3,0.5396804528414425,3.7777631698900977
VYD_00266,8,20,3,0.42042875732094565,3.363430058567565
VYD_00267,8,21,3,0.5529823783446455,4.423859026757164
VYD_00268,8,20,3,0.12072448685748932,0.9657958948599146
VYD_00269,8,20,3,0.14186793659031774,1.134943492722542
VYD_00270,8,18,3,0.29193878434786846,2.3355102747829477
VYD_00271,8,21,3,0.4249358348840494,3.399486679072395
VYD_00272,7,16,3,0.43887150919527623,3.0721005643669335
VYD_00273,9,19,3,0.19564184034599058,1.7607765631139152
VYD_00274,8,17,3,0.2163891706905036,1.7311133655240287
VYD_00275,8,20,3,0.5364385564552272,4.291508451641818
VYD_00276,8,19,3,0.5056657621933451,4.045326097546761
VYD_00277,7,18,3,0.5818442134564007,4.072909494194805
VYD_00278,8,20,3,0.17639259133135182,1.4111407306508146
VYD_00279,8,20,3,0.5439528703685694,4.351622962948555
VYD_00280,8,21,3,0.15555746649534805,1.2444597319627844
VYD_00281,8,20,3,0.3406368184146346,2.725094547317077
VYD_00282,7,16,3,0.2758423206897739,1.9308962448284173
VYD_00283,9,21,3,0.5652060605372553,5.0868545448352975
VYD_00284,7,18,3,0.344950920560754,2.414656443925278
VYD_00285,7,18,3,0.255775424483015,1.7904279713811049
VYD_00286,8,18,3,0.4279876479748191,3.4239011837985527
VYD_00287,7,18,3,0.21137476683257422,1.4796233678280195
VYD_00288,7,18,3,0.23624249990747243,1.653697499352307
VYD_00289,8,20,3,0.2527852894984919,2.022282315987935
VYD_00290,8,20,3,0.4552352379718365,3.641881903774692
VYD_00291,8,21,3,0.12200814181432827,0.9760651345146262
VYD_00292,8,17,3,0.5731133149168388,4.5849065193347105
VYD_00293,8,21,3,0.10765278293536691,0.8612222634829353
VYD_00294,8,18,3,0.1858383424869232,1.4867067398953857
VYD_00295,7,17,3,0.373357087177625,2.613499610243375
VYD_00296,8,20,3,0.5965682724787565,4.772546179830052
VYD_00297,8,20,3,0.16579794464634712,1.326383557170777
VYD_00298,8,20,3,0.41062601327812437,3.285008106224995
VYD_00299,8,20,3,0.0626038771986945,0.500831017589556
VYD_00300,8,21,3,0.4214012541777256,3.371210033421805
VYD_00301,7,19,3,0.26458738233454804,1.8521116763418362
VYD_00302,8,21,3,0.2746058181265934,2.1968465450127472
VYD_00303,8,19,3,0.24855529082217795,1.9884423265774236
VYD_00304,8,21,3,0.4517939396549429,3.6143515172395433
VYD_00305,8,20,3,0.05970384890646621,0.4776307912517297
VYD_00306,7,18,3,0.2433910359784566,1.7037372518491962
VYD_00307,7,18,3,0.46170555812464226,3.2319389068724957
VYD_00308,8,17,3,0.5767821521689752,4.614257217351802
VYD_00309,8,18,3,0.463895258322853,3.711162066582824
VYD_00310,8,20,3,0.34662774884562664,2.773021990765013
VYD_00311,7,18,3,0.18793644590795344,1.3155551213556742
VYD_00312,8,17,3,0.20573302332510662,1.645864186600853
VYD_00313,8,20,3,0.12513901880350956,1.0011121504280764
VYD_00314,8,21,3,0.26742438955470726,2.139395116437658
VYD_00315,7,17,3,0.2528710246590724,1.7700971726135069
VYD_00316,7,16,3,0.24915074667504522,1.7440552267253167
VYD_00317,8,20,3,0.5491234801629851,4.3929878413038805
VYD_00318,8,19,3,0.13576663439265532,1.0861330751412426
VYD_00319,8,19,3,0.7966531977356441,6.373225581885153
VYD_00320,7,16,3,0.557154301874575,3.9000801131220255
VYD_00321,8,17,3,0.5857429887524173,4.685943910019338
VYD_00322,7,18,3,0.09248917564018813,0.647424229481317
VYD_00323,8,21,3,0.333501886758815,2.66801509407052
VYD_00324,8,19,3,0.5950327852476482,4.760262281981186
VYD_00325,8,17,3,0.3345452335525244,2.6763618684201953
VYD_00326,8,17,3,0.0840228814835434,0.6721830518683471
VYD_00327,8,20,3,0.4930595090220244,3.944476072176195
VYD_00328,7,19,3,0.2203881815511005,1.5427172708577035
VYD_00329,7,18,3,0.221655348858428,1.551587442008996
VYD_00330,8,20,3,0.19887341732619587,1.590987338609567
VYD_00331,8,20,3,0.2273732244659458,1.8189857957275664
VYD_00332,8,20,3,0.26945612791130574,2.155649023290446
VYD_00333,8,18,3,0.5207473045804286,4.165978436643429
VYD_00334,8,20,3,0.3770449994873826,3.016359995899061
VYD_00335,7,16,3,0.5667277459584351,3.9670942217090457
VYD_00336,7,17,3,0.15922968764879553,1.1146078135415687
VYD_00337,8,21,3,0.15100892838843646,1.2080714271074917
VYD_00338,8,17,3,0.1346397974927831,1.0771183799422648
VYD_00339,7,18,3,0.12109070880685228,0.847634961647966
VYD_00340,8,18,3,0.2704661151050648,2.1637289208405184
VYD_00341,8,21,3,0.5883438139783521,4.706750511826817
VYD_00342,8,17,3,0.5059625416743997,4.0477003333951975
VYD_00343,7,16,3,0.17405872043567164,1.2184110430497015
VYD_00344,8,21,3,0.584425938561172,4.675407508489376
VYD_00345,7,17,3,0.35450996005349755,2.481569720374483
VYD_00346,7,18,3,0.2382642271158016,1.6678495898106114
VYD_00347,8,20,3,0.3395486220399553,2.7163889763196423
VYD_00348,8,20,3,0.23122983255311275,1.849838660424902
VYD_00349,8,20,3,0.06422688892398436,0.5138151113918749
VYD_00350,8,18,3,0.2769343905395888,2.2154751243167103
VYD_00351,8,21,3,0.15394538284119177,1.2315630627295342
VYD_00352,8,19,3,0.47722154560627716,3.8177723648502173
VYD_00353,8,20,3,0.1364319851782388,1.0914558814259103
VYD_00354,8,18,3,0.1096282776084473,0.8770262208675784
VYD_00355,8,20,3,0.4822239994803604,3.857791995842883
VYD_00356,8,20,3,0.2352690201643642,1.8821521613149137
VYD_00357,8,20,3,0.38700642140480807,3.0960513712384645
VYD_00358,8,21,3,0.08574296604816213,0.685943728385297
VYD_00359,8,20,3,0.2837307100934774,2.269845680747819
VYD_00360,8,20,3,0.5234518327550509,4.187614662040407
VYD_00361,8,20,3,0.15736361054919726,1.258908884393578
VYD_00362,8,20,3,0.3756603346681542,3.0052826773452335
VYD_00363,8,21,3,0.32395702706042095,2.5916562164833676
VYD_00364,9,21,3,0.2308260629306762,2.077434566376086
VYD_00365,7,18,3,0.19446667885320615,1.361266751972443
VYD_00366,8,20,3,0.13303081729509114,1.0642465383607291
VYD_00367,8,21,3,0.09923320073997279,0.7938656059197823
VYD_00368,8,20,3,0.1263412622711132,1.0107300981689056
VYD_00369,8,20,3,0.08226535142929371,0.6581228114343497
VYD_00370,7,18,3,0.5509204619432789,3.8564432336029526
VYD_00371,8,21,3,0.19244640605520322,1.5395712484416257
VYD_00372,8,20,3,0.5051327543944736,4.041062035155789
VYD_00373,8,20,3,0.23786146119115947,1.9028916895292758
VYD_00374,8,21,3,0.41480745959099147,3.3184596767279317
VYD_00375,7,17,3,0.14112352107819692,0.9878646475473785
VYD_00376,8,21,3,0.12070779473195571,0.9656623578556457
VYD_00377,8,21,3,0.20423598908125934,1.6338879126500747
VYD_00378,7,17,3,0.35273994390490987,2.469179607334369
VYD_00379,7,18,3,0.5299386920139108,3.7095708440973754
VYD_00380,8,17,3,0.12913989420221292,1.0331191536177033
VYD_00381,8,21,3,0.575277236493865,4.60221789195092
VYD_00382,8,20,3,0.2478398376570938,1.9827187012567504
VYD_00383,8,20,3,0.08927328935527035,0.7141863148421628
VYD_00384,8,21,3,0.18360818749797578,1.4688654999838062
VYD_00385,8,18,3,0.20772495970273294,1.6617996776218635
VYD_00386,8,20,3,0.2372659568680071,1.8981276549440569
VYD_00387,8,20,3,0.5404591392239195,4.323673113791356
VYD_00388,8,20,3,0.17545430884723706,1.4036344707778965
VYD_00389,8,20,3,0.3168641633511716,2.534913306809373
VYD_00390,8,20,3,0.10038764027984282,0.8031011222387425
VYD_00391,8,20,3,0.6128714772942492,4.902971818353993
VYD_00392,7,19,3,0.09278605996173556,0.6495024197321488
VYD_00393,8,20,3,0.3667623441520224,2.9340987532161793
VYD_00394,8,20,3,0.23110391799713617,1.8488313439770894
VYD_00395,7,18,3,0.4100900321178462,2.8706302248249234
VYD_00396,8,18,3,0.383290637545363,3.066325100362904
VYD_00397,8,21,3,0.1269785121773383,1.0158280974187064
VYD_00398,7,18,3,0.2186724425085968,1.5307070975601775
VYD_00399,8,20,3,0.19075540749688918,1.5260432599751135
VYD_00400,7,17,3,0.25533056752400834,1.7873139726680585
VYD_00401,8,20,3,0.12950426679953994,1.0360341343963195
VYD_00402,8,17,3,0.14352748338841206,1.1482198671072965
VYD_00403,8,21,3,0.38847236957615433,3.1077789566092346
VYD_00404,8,18,3,0.4406751397442502,3.5254011179540017
VYD_00405,7,18,3,0.11092904422730784,0.7765033095911549
VYD_00406,8,19,3,0.07614632272938839,0.6091705818351071
VYD_00407,8,21,3,0.1601259789843351,1.2810078318746807
VYD_00408,7,19,3,0.12326106855281087,0.8628274798696761
VYD_00409,8,19,3,0.42508817108466007,3.4007053686772806
VYD_00410,8,19,3,0.38007672648053165,3.040613811844253
VYD_00411,8,18,3,0.5317465885874549,4.2539727086996395
VYD_00412,9,19,3,0.9427152599090374,8.484437339181337
VYD_00413,8,21,3,0.21934799740391345,1.7547839792313076
VYD_00414,7,18,3,0.14701259890558901,1.029088192339123
VYD_00415,8,21,3,0.22377476693919202,1.7901981355135361
VYD_00416,8,20,3,0.062165302121150054,0.49732241696920043
VYD_00417,8,21,3,0.26577174991322916,2.1261739993058333
VYD_00418,8,20,3,0.2656724312690446,2.125379450152357
VYD_00419,7,17,3,0.2857097619335217,1.9999683335346519
VYD_00420,8,21,3,0.3457940944379864,2.7663527555038914
VYD_00421,8,20,3,0.48572819374833914,3.885825549986713
VYD_00422,7,16,3,0.5903524293361812,4.132467005353268
VYD_00423,8,21,3,0.14917818322719226,1.193425465817538
VYD_00424,8,21,3,0.5854293139756775,4.68343451180542
VYD_00425,8,20,3,0.5183501980199507,4.146801584159606
VYD_00426,7,16,3,0.5439959110756954,3.807971377529868
VYD_00427,8,20,3,0.1878910925880551,1.5031287407044407
VYD_00428,7,18,3,0.2375278468597781,1.6626949280184466
VYD_00429,7,18,3,1.1323918642284359,7.926743049599051
VYD_00430,7,19,3,0.18316913420033698,1.2821839394023589
VYD_00431,8,19,3,0.1499885085698285,1.199908068558628
VYD_00432,7,18,3,0.4093136773460706,2.865195741422494
VYD_00433,8,21,3,0.3373791241618473,2.6990329932947783
VYD_00434,8,20,3,0.1870840129647652,1.4966721037181216
VYD_00435,8,20,3,0.46544022927737216,3.7235218342189773
VYD_00436,8,20,3,0.1711764051086815,1.369411240869452
VYD_00437,7,18,3,0.26219252891321165,1.8353477023924816
VYD_00438,8,21,3,0.5629200065682943,4.503360052546355
VYD_00439,8,21,3,0.3148889941322012,2.51911195305761
VYD_00440,8,20,3,0.17613629894082594,1.4090903915266075
VYD_00441,8,19,3,0.34531829142538817,2.7625463314031053
VYD_00442,9,21,3,0.27702753872058783,2.4932478484852902
VYD_00443,8,21,3,0.5182334303625564,4.145867442900451
VYD_00444,7,18,3,0.49139747595534683,3.439782331687428
VYD_00445,9,21,3,0.3077614895790624,2.7698534062115616
VYD_00446,7,18,3,0.17498284565900157,1.2248799196130111
VYD_00447,8,17,3,0.2609597012221022,2.0876776097768177
VYD_00448,8,18,3,0.26317104089196797,2.1053683271357437
VYD_00449,8,20,3,0.31914933502095283,2.5531946801676226
VYD_00450,8,21,3,0.2778778589667718,2.2230228717341745
VYD_00451,7,16,3,0.05564574720771759,0.3895202304540231
VYD_00452,8,21,3,0.25125880895819186,2.010070471665535
VYD_00453,8,20,3,0.882773422913493,7.062187383307944
VYD_00454,8,20,3,0.07044034472190426,0.5635227577752341
VYD_00455,7,18,3,0.5428374112351382,3.7998618786459675
VYD_00456,8,18,3,0.1082813318985734,0.8662506551885872
VYD_00457,7,18,3,0.5035202199519028,3.5246415396633193
VYD_00458,8,18,3,0.009543318764785954,0.07634655011828763
VYD_00459,7,18,3,0.49750167731934053,3.482511741235384
VYD_00460,7,17,3,0.15864452272211713,1.1105116590548199
VYD_00461,7,16,3,0.3779526119388492,2.6456682835719443
VYD_00462,8,20,3,0.45683270309596435,3.654661624767715
VYD_00463,8,20,3,0.5509852581751339,4.407882065401071
VYD_00464,8,20,3,0.05997570511922678,0.4798056409538142
VYD_00465,8,21,3,0.16089756638726127,1.2871805310980902
VYD_00466,7,19,3,0.24578364496343474,1.7204855147440432
VYD_00467,8,18,3,0.5773482183010238,4.61878574640819
VYD_00468,8,19,3,0.33092667367674505,2.6474133894139604
VYD_00469,8,18,3,0.5448542088289403,4.3588336706315225
VYD_00470,7,17,3,0.2374904374322181,1.6624330620255265
VYD_00471,8,21,3,0.35741349545149276,2.859307963611942
VYD_00472,7,18,3,0.3416176860783465,2.391323802548426
VYD_00473,8,20,3,0.16455264280677523,1.3164211424542018
VYD_00474,8,20,3,0.08344791895806591,0.6675833516645273
VYD_00475,8,20,3,0.04403896219176652,0.35231169753413216
VYD_00476,8,18,3,0.4922539742906842,3.9380317943254735
VYD_00477,8,21,3,0.4717306395146142,3.7738451161169135
VYD_00478,8,20,3,0.10700926078568254,0.8560740862854603
VYD_00479,8,19,3,0.5552483759329915,4.441987007463932
VYD_00480,7,19,3,0.049089836849781514,0.3436288579484706
VYD_00481,7,18,3,0.5480359034022164,3.8362513238155147
VYD_00482,8,20,3,0.2625813582840171,2.1006508662721366
VYD_00483,8,20,3,0.6019656940473992,4.8157255523791935
VYD_00484,8,20,3,0.29321556091941986,2.345724487355359
VYD_00485,8,20,3,0.5272427913055631,4.2179423304445045
VYD_00486,8,18,3,0.08585300880145068,0.6868240704116054
VYD_00487,8,17,3,0.3572053061251596,2.857642449001277
VYD_00488,8,21,3,0.15028604183071215,1.2022883346456972
VYD_00489,7,18,3,0.5736544388689233,4.015581072082464
VYD_00490,7,18,3,0.3362359768993664,2.3536518382955647
VYD_00491,8,20,3,0.4533420095644038,3.6267360765152303
VYD_00492,8,20,3,0.10487240367200688,0.8389792293760551
VYD_00493,8,21,3,0.2095852582394663,1.6766820659157304
VYD_00494,7,16,3,0.3802310730401604,2.661617511281123
VYD_00495,8,20,3,0.3732147979724146,2.9857183837793166
VYD_00496,7,16,3,0.4962282796611027,3.473597957627719
VYD_00497,8,18,3,0.3365699181854321,2.6925593454834567
VYD_00498,8,21,3,0.2083871832133719,1.6670974657069753
VYD_00499,8,20,3,0.10323165786761217,0.8258532629408973
VYD_00500,7,19,3,0.0515529377355404,0.3608705641487828
VYD_00501,8,20,3,0.32981144038948057,2.6384915231158446
VYD_00502,8,21,3,0.44628667844101383,3.5702934275281106
VYD_00503,8,16,3,0.05813863345854779,0.46510906766838234
VYD_00504,8,17,3,0.14914456766110498,1.1931565412888399
VYD_00505,8,20,3,0.41123294033865343,3.2898635227092274
VYD_00506,7,17,3,0.2578075925710578,1.8046531479974046
VYD_00507,7,18,3,0.4123463508290478,2.8864244558033345
VYD_00508,7,18,3,0.26984345404362226,1.8889041783053557
VYD_00509,7,18,3,0.4713164148249147,3.299214903774403
VYD_00510,8,20,3,0.47789446260290713,3.823155700823257
VYD_00511,8,18,3,0.10895798425982262,0.8716638740785809
VYD_00512,8,20,3,0.20453638202601424,1.6362910562081139
VYD_00513,8,20,3,0.06400812038788552,0.5120649631030841
VYD_00514,7,18,3,0.22560761278847336,1.5792532895193134
VYD_00515,7,19,3,0.35262874308623554,2.468401201603649
VYD_00516,8,20,3,0.38311235655826376,3.06489885246611
VYD_00517,8,20,3,0.5161250944660791,4.129000755728633
VYD_00518,8,20,3,0.058650279408630136,0.4692022352690411
VYD_00519,8,21,3,0.2083826058117814,1.6670608464942511
VYD_00520,8,20,3,0.4657572085292648,3.726057668234118
VYD_00521,9,19,3,0.6696494460044295,6.026845014039866
VYD_00522,8,18,3,0.09662164911313181,0.7729731929050545
VYD_00523,8,21,3,0.05116472701375774,0.4093178161100619
VYD_00524,8,18,3,0.2774218734898369,2.219374987918695
VYD_00525,8,18,3,0.3022764522122006,2.418211617697605
VYD_00526,7,18,3,1.2392820122249675,8.674974085574773
VYD_00527,8,21,3,0.41429852216926855,3.3143881773541484
VYD_00528,8,21,3,0.34465184152626577,2.757214732210126
VYD_00529,8,20,3,0.19108158203914205,1.5286526563131364
VYD_00530,8,20,3,0.401314133352614,3.210513066820912
VYD_00531,8,20,3,0.11377122760354164,0.9101698208283331
VYD_00532,8,21,3,0.2191646016436848,1.7533168131494783
VYD_00533,8,19,3,0.2419469439246347,1.9355755513970776
VYD_00534,8,20,3,0.5011280276275225,4.00902422102018
VYD_00535,8,18,3,0.2122898310821689,1.6983186486573512
VYD_00536,7,18,3,0.45171539861863613,3.162007790330453
VYD_00537,8,21,3,0.2760991718520895,2.208793374816716
VYD_00538,9,21,3,0.4991012876360168,4.491911588724151
VYD_00539,7,18,3,0.4095639996255601,2.866947997378921
VYD_00540,8,21,3,0.4325778517873425,3.46062281429874
VYD_00541,8,20,3,0.20950597580717512,1.676047806457401
VYD_00542,8,18,3,0.27553541753398153,2.2042833402718522
VYD_00543,8,21,3,0.35431103400244685,2.8344882720195748
VYD_00544,8,21,3,0.5755055493383073,4.604044394706459
VYD_00545,7,16,3,0.5237306504327572,3.666114553029301
VYD_00546,8,20,3,0.16488176950111266,1.3190541560089013
VYD_00547,7,18,3,0.45828187222870637,3.2079731056009444
VYD_00548,7,18,3,0.559183889823608,3.914287228765256
VYD_00549,7,18,3,0.5153803118501383,3.6076621829509685
VYD_00550,8,20,3,0.4535753019048178,3.6286024152385425
VYD_00551,8,21,3,0.518554429100176,4.148435432801408
VYD_00552,8,20,3,0.1683283015209381,1.346626412167505
VYD_00553,8,18,3,0.11622489565322565,0.9297991652258052
VYD_00554,8,20,3,0.4480725765336765,3.584580612269412
VYD_00555,9,19,3,0.5157769612793095,4.641992651513785
VYD_00556,8,20,3,0.15507125897833432,1.2405700718266746
VYD_00557,8,21,3,0.34430289890078786,2.754423191206303
VYD_00558,7,16,3,0.35111338495188055,2.457793694663164
VYD_00559,8,18,3,0.1689267642266798,1.3514141138134383
VYD_00560,7,16,3,0.24481261645937324,1.7136883152156126
VYD_00561,8,18,3,0.2302719147071803,1.8421753176574425
VYD_00562,7,15,3,0.2462482269165982,1.7237375884161874
VYD_00563,7,18,3,0.47705592683214443,3.339391487825011
VYD_00564,8,20,3,0.1676776652451427,1.3414213219611415
VYD_00565,8,18,3,0.5784619204115511,4.627695363292409
VYD_00566,8,20,3,0.22281189189797165,1.7824951351837732
VYD_00567,8,19,3,0.48850257737499814,3.908020618999985
VYD_00568,7,18,3,0.21809990105831376,1.5266993074081963
VYD_00569,8,18,3,0.27972514918528363,2.237801193482269
VYD_00570,7,16,3,0.5107941204891062,3.5755588434237433
VYD_00571,8,20,3,0.21893959474741428,1.7515167579793143
VYD_00572,7,16,3,0.5679656610316222,3.975759627221355
VYD_00573,7,18,3,0.3799902184343551,2.6599315290404855
VYD_00574,8,18,3,0.21247719210286023,1.6998175368228818
VYD_00575,7,16,3,0.47991423221060003,3.3593996254742002
VYD_00576,8,19,3,0.1567650934069077,1.2541207472552616
VYD_00577,8,20,3,0.07345573141367023,0.5876458513093619
VYD_00578,8,19,3,0.24005252893182238,1.920420231454579
VYD_00579,8,21,3,0.1707850500914221,1.366280400731377
VYD_00580,7,17,3,0.19433570594982214,1.360349941648755
VYD_00581,8,21,3,0.4757248557945427,3.8057988463563417
VYD_00582,8,21,3,0.09396378646889263,0.751710291751141
VYD_00583,7,16,3,0.4617207640439997,3.232045348307998
VYD_00584,8,20,3,0.3768157140428842,3.0145257123430738
VYD_00585,7,18,3,0.5108126742611582,3.5756887198281073
VYD_00586,8,20,3,0.5774376386453492,4.619501109162794
VYD_00587,8,18,3,0.5583787174929247,4.467029739943397
VYD_00588,8,17,3,0.2944359599635026,2.3554876797080206
VYD_00589,8,18,3,0.4017294529841831,3.213835623873465
VYD_00590,8,20,3,0.2058001985569591,1.6464015884556729
VYD_00591,8,21,3,0.5325911669183758,4.260729335347007
VYD_00592,9,21,3,0.2512076903786338,2.260869213407704
VYD_00593,7,18,3,0.18320103623341802,1.2824072536339262
VYD_00594,8,20,3,0.049430979097104547,0.39544783277683637
VYD_00595,8,18,3,0.03269538576376689,0.2615630861101351
VYD_00596,7,18,3,0.30015722764865393,2.1011005935405773
VYD_00597,8,20,3,0.5745407267581344,4.596325814065075
VYD_00598,8,20,3,0.4875282111101208,3.9002256888809663
VYD_00599,8,20,3,0.21323279641438006,1.7058623713150405
VYD_00600,7,18,3,0.3675417682852927,2.572792377997049
VYD_00601,8,20,3,0.38667673771508065,3.0934139017206452
VYD_00602,8,20,3,0.43936163732363864,3.514893098589109
VYD_00603,8,18,3,0.17396118700888133,1.3916894960710506
VYD_00604,8,19,3,0.4346516957742385,3.477213566193908
VYD_00605,7,18,3,0.3164384386800136,2.2150690707600953
VYD_00606,7,18,3,0.595150740295436,4.166055182068052
VYD_00607,7,16,3,0.4551561287847122,3.186092901492985
VYD_00608,8,20,3,0.43061684887733026,3.444934791018642
VYD_00609,8,21,3,0.4528711457879502,3.6229691663036014
VYD_00610,8,20,3,0.48925244377882765,3.914019550230621
VYD_00611,7,16,3,0.3173468674479267,2.221428072135487
VYD_00612,8,21,3,0.2425266684917322,1.9402133479338577
VYD_00613,8,20,3,0.4189549106482139,3.351639285185711
VYD_00614,8,21,3,0.4719939377816662,3.7759515022533297
VYD_00615,8,20,3,0.21742552236219248,1.7394041788975398
VYD_00616,8,18,3,0.08815160065286536,0.7052128052229228
VYD_00617,7,19,3,0.1761403467725922,1.2329824274081453
VYD_00618,7,16,3,0.5589991356119898,3.9129939492839285
VYD_00619,8,21,3,0.3551570510868464,2.8412564086947714
VYD_00620,8,18,3,0.3172025054418361,2.5376200435346887
VYD_00621,9,19,3,1.1569416504837033,10.41247485435333
VYD_00622,8,20,3,0.22063924316712297,1.7651139453369837
VYD_00623,7,18,3,0.5635813314420176,3.9450693200941234
VYD_00624,8,20,3,0.4005428095102627,3.2043424760821018
VYD_00625,8,21,3,0.1698434253384713,1.3587474027077704
VYD_00626,8,19,3,0.4766607680510416,3.8132861444083326
VYD_00627,7,16,3,0.5766963823853101,4.03687467669717
VYD_00628,7,17,3,0.054074551516454336,0.37852186061518034
VYD_00629,9,19,3,0.24078747022762373,2.1670872320486136
VYD_00630,8,17,3,0.3913023011028585,3.130418408822868
VYD_00631,9,21,3,0.2096444289211623,1.8867998602904608
VYD_00632,8,18,3,0.27418318542414755,2.1934654833931804
VYD_00633,8,18,3,0.44366576451559414,3.549326116124753
VYD_00634,7,19,3,0.3701165629858271,2.59081594090079
VYD_00635,7,18,3,0.05953815959401927,0.4167671171581349
VYD_00636,8,20,3,0.3794332155514883,3.0354657244119063
VYD_00637,8,20,3,0.16187438235835874,1.29499505886687
VYD_00638,7,16,3,0.3273104813469486,2.2911733694286402
VYD_00639,7,18,3,0.26063678690767217,1.8244575083537051
VYD_00640,8,17,3,0.5406350436297167,4.325080349037734
VYD_00641,8,20,3,0.589746092781281,4.717968742250248
VYD_00642,8,17,3,0.3146781384175885,2.517425107340708
VYD_00643,7,18,3,0.5677268992797746,3.974088294958422
VYD_00644,8,18,3,0.5600471596620867,4.480377277296694
VYD_00645,8,21,3,0.4160276586010858,3.3282212688086865
VYD_00646,8,20,3,0.4914408496007405,3.931526796805924
VYD_00647,7,18,3,0.32002801429732464,2.2401961000812722
VYD_00648,7,18,3,0.15655284703439937,1.0958699292407956
VYD_00649,8,19,3,0.5631556880452165,4.505245504361732
VYD_00650,8,21,3,0.18948717146726216,1.5158973717380972
VYD_00651,8,21,3,0.4237373407021574,3.3898987256172592
VYD_00652,7,19,3,0.4639775308617783,3.247842716032448
VYD_00653,8,20,3,0.17277865917752275,1.382229273420182
VYD_00654,8,19,3,0.28981205294272405,2.3184964235417924
VYD_00655,7,19,3,0.3955986769156012,2.7691907384092085
VYD_00656,7,18,3,0.30898516777024226,2.1628961743916957
VYD_00657,7,19,3,0.6017011768617035,4.211908238031925
VYD_00658,8,21,3,0.29526456807979923,2.362116544638394
VYD_00659,8,20,3,3.9661418956288435,31.729135165030748
VYD_00660,8,21,3,0.19018904742126977,1.5215123793701582
VYD_00661,8,20,3,0.1982993931695018,1.5863951453560143
VYD_00662,7,19,3,0.5781282908684827,4.046898036079379
VYD_00663,7,18,3,0.5848462611226574,4.093923827858601
VYD_00664,8,20,3,0.5938945510663635,4.751156408530908
VYD_00665,8,20,3,0.21641903191684936,1.7313522553347949
VYD_00666,8,16,3,0.24548428051205984,1.9638742440964787
VYD_00667,8,18,3,0.28658004818434546,2.2926403854747637
VYD_00668,8,18,3,0.27549638089494777,2.203971047159582
VYD_00669,8,20,3,0.09032641489454281,0.7226113191563425
VYD_00670,8,19,3,0.05993958998708182,0.47951671989665456
VYD_00671,8,20,3,0.2569861011810782,2.0558888094486254
VYD_00672,8,17,3,0.4307265427034859,3.4458123416278874
VYD_00673,8,17,3,0.1555592911327793,1.2444743290622344
VYD_00674,8,18,3,0.1698728564618048,1.3589828516944384
VYD_00675,7,18,3,0.2502317230734209,1.7516220615139462
VYD_00676,8,21,3,0.33268297804811486,2.661463824384919
VYD_00677,8,20,3,0.5296718956331765,4.237375165065412
VYD_00678,8,19,3,0.3394057192436498,2.7152457539491985
VYD_00679,8,18,3,2.1032570614366723,16.82605649149338
VYD_00680,8,20,3,0.0587235809412589,0.4697886475300712
VYD_00681,8,20,3,0.1395462541127795,1.116370032902236
VYD_00682,8,20,3,0.2116129407229907,1.6929035257839256
VYD_00683,7,16,3,0.4895517129345833,3.426861990542083
VYD_00684,7,18,3,0.35197097437342106,2.4637968206139473
VYD_00685,8,18,3,0.1277816631582717,1.0222533052661735
VYD_00686,8,21,3,0.2165203633164099,1.7321629065312791
VYD_00687,8,20,3,0.1199567650610864,0.9596541204886913
VYD_00688,7,18,3,0.3188627084043269,2.2320389588302882
VYD_00689,7,18,3,0.06265307364614832,0.43857151552303825
VYD_00690,8,20,3,0.17193643015132515,1.3754914412106012
VYD_00691,7,16,3,0.3091505322764902,2.1640537259354313
VYD_00692,8,21,3,0.35102623138678657,2.8082098510942926
VYD_00693,8,17,3,0.0434790512524579,0.3478324100196632
VYD_00694,7,18,3,0.1816533848378018,1.2715736938646125
VYD_00695,8,20,3,0.08716385029209126,0.69731080233673
VYD_00696,8,17,3,0.23440022617399553,1.8752018093919642
VYD_00697,8,18,3,0.536279445991204,4.290235567929632
VYD_00698,7,18,3,0.2100278674254989,1.4701950719784922
VYD_00699,8,18,3,0.08610809672636131,0.6888647738108905
VYD_00700,8,19,3,0.49803373576321736,3.984269886105739
VYD_00701,8,21,3,0.21471137357374104,1.7176909885899283
VYD_00702,8,21,3,0.3221918810057765,2.577535048046212
VYD_00703,8,17,3,0.26328036533491384,2.1062429226793107
VYD_00704,8,20,3,0.24942764810223417,1.9954211848178733
VYD_00705,7,16,3,0.28436282620481856,1.99053978343373
VYD_00706,8,21,3,0.15702940466613383,1.2562352373290706
VYD_00707,8,19,3,0.18055746677728227,1.4444597342182581
VYD_00708,8,18,3,0.4742893824449594,3.794315059559675
VYD_00709,8,19,3,0.2534798070055498,2.0278384560443983
VYD_00710,8,19,3,0.14969416808724556,1.1975533446979645
VYD_00711,8,18,3,0.28510473355660404,2.2808378684528323
VYD_00712,8,21,3,0.5109460367802972,4.087568294242377
VYD_00713,7,16,3,0.432941472108924,3.030590304762468
VYD_00714,8,21,3,0.6017452644145065,4.813962115316052
VYD_00715,7,18,3,0.5317440041957285,3.7222080293701
VYD_00716,8,20,3,0.25995249817649385,2.079619985411951
VYD_00717,8,17,3,0.06996884613980651,0.5597507691184521
VYD_00718,8,21,3,0.14322870782670624,1.14582966261365
VYD_00719,7,18,3,0.1561544770269112,1.0930813391883785
VYD_00720,8,18,3,0.4989796339765666,3.9918370718125327
VYD_00721,8,19,3,0.5561975605337715,4.449580484270172
VYD_00722,8,20,3,0.31112481793123803,2.4889985434499042
VYD_00723,7,16,3,0.47527518267161156,3.326926278701281
VYD_00724,7,17,3,0.09910309063425979,0.6937216344398185
VYD_00725,8,20,3,0.08593219081105596,0.6874575264884477
VYD_00726,7,19,3,0.2710265457911161,1.897185820537813
VYD_00727,8,18,3,0.5461222955658656,4.3689783645269245
VYD_00728,8,18,3,0.19667530688902274,1.573402455112182
VYD_00729,7,19,3,0.3524830152870865,2.4673811070096052
VYD_00730,8,18,3,0.440038675990106,3.520309407920848
VYD_00731,8,18,3,0.2931093820087052,2.3448750560696414
VYD_00732,7,16,3,0.4122296989560701,2.885607892692491
VYD_00733,7,16,3,0.24231549188144832,1.6962084431701383
VYD_00734,8,20,3,0.1066875669764621,0.8535005358116968
VYD_00735,7,18,3,0.580938209784515,4.0665674684916056
VYD_00736,7,16,3,0.42951124326000356,3.006578702820025
VYD_00737,8,20,3,0.3682541068093887,2.9460328544751095
VYD_00738,8,19,3,0.1926427447149056,1.541141957719245
VYD_00739,8,17,3,0.22136850813557607,1.7709480650846086
VYD_00740,7,18,3,0.5678896614499449,3.9752276301496146
VYD_00741,7,18,3,0.5082705230669469,3.5578936614686283
VYD_00742,8,21,3,0.20307390230374003,1.6245912184299203
VYD_00743,7,16,3,0.18645554366528194,1.3051888056569736
VYD_00744,7,18,3,0.3413231521310795,2.3892620649175567
VYD_00745,8,21,3,0.44965818218133097,3.5972654574506477
VYD_00746,8,20,3,0.3700039276980759,2.960031421584607
VYD_00747,8,18,3,0.0801540221141404,0.6412321769131232
VYD_00748,8,18,3,0.33158625518503265,2.652690041480261
VYD_00749,8,21,3,0.4124679931867342,3.2997439454938737
VYD_00750,8,18,3,0.4593704288942504,3.674963431154003
VYD_00751,8,21,3,0.4037592057686057,3.2300736461488455
VYD_00752,7,18,3,0.5335761542261973,3.7350330795833813
VYD_00753,8,21,3,0.2995639155294238,2.3965113242353904
VYD_00754,7,16,3,0.05740044751077053,0.4018031325753937
VYD_00755,8,18,3,0.5444763844723789,4.355811075779031
VYD_00756,7,19,3,0.40472414096227705,2.833068986735939
VYD_00757,8,18,3,0.5751350947004549,4.601080757603639
VYD_00758,8,20,3,0.3930133339872768,3.1441066718982142
VYD_00759,8,18,3,0.4613805924817276,3.6910447398538206
VYD_00760,8,20,3,0.2005568454642323,1.6044547637138584
VYD_00761,7,16,3,0.14756315155118097,1.0329420608582667
VYD_00762,8,20,3,0.4564083070370326,3.651266456296261
VYD_00763,8,21,3,0.17464557073546888,1.397164565883751
VYD_00764,7,19,3,0.4138057157425844,2.896640010198091
VYD_00765,8,18,3,0.44591298418674896,3.5673038734939917
VYD_00766,8,20,3,0.3999508417839266,3.1996067342714127
VYD_00767,8,20,3,0.11180653900354803,0.8944523120283843
VYD_00768,8,21,3,0.20036744270400828,1.6029395416320662
VYD_00769,8,18,3,0.3569267179963459,2.855413743970767
VYD_00770,9,21,3,0.5866363160770562,5.279726844693506
VYD_00771,8,20,3,0.38336979405549415,3.066958352443953
VYD_00772,8,21,3,0.48166220808198207,3.8532976646558565
VYD_00773,8,20,3,1.6074164573403507,12.859331658722805
VYD_00774,8,20,3,0.29502763463399134,2.3602210770719307
VYD_00775,8,21,3,0.11488472551766134,0.9190778041412907
VYD_00776,8,18,3,0.4992023599691068,3.9936188797528542
VYD_00777,8,20,3,0.3568031413195008,2.8544251305560064
VYD_00778,8,21,3,0.2960874644065117,2.3686997152520934
VYD_00779,7,16,3,0.37431693414642303,2.620218539024961
VYD_00780,7,18,3,0.3159398929853662,2.211579250897563
VYD_00781,8,18,3,0.3490584389129123,2.7924675113032986
VYD_00782,8,20,3,0.27699447740038047,2.2159558192030437
VYD_00783,8,18,3,0.42720063355402765,3.4176050684322212
VYD_00784,8,20,3,0.5782282392337493,4.625825913869995
VYD_00785,8,18,3,0.2835929175775987,2.2687433406207895
VYD_00786,8,21,3,0.5030365068140544,4.024292054512435
VYD_00787,8,20,3,0.3244434133831524,2.5955473070652193
VYD_00788,8,20,3,0.35014924054477436,2.801193924358195
VYD_00789,8,20,3,0.09554050700669313,0.764324056053545
VYD_00790,8,21,3,0.2571779675477365,2.057423740381892
VYD_00791,8,20,3,0.2901424657604537,2.3211397260836297
VYD_00792,7,16,3,0.5141676941257609,3.5991738588803264
VYD_00793,7,18,3,0.2704406933916032,1.8930848537412224
VYD_00794,8,21,3,0.49912356729079876,3.99298853832639
VYD_00795,8,20,3,0.09198417007530431,0.7358733606024345
VYD_00796,7,18,3,0.4715135963171737,3.300595174220216
VYD_00797,8,20,3,0.33219869489410864,2.657589559152869
VYD_00798,7,18,3,0.08735038109388792,0.6114526676572154
VYD_00799,8,20,3,0.4519643479808078,3.6157147838464625
VYD_00800,7,16,3,0.49241420199129443,3.446899413939061
VYD_00801,7,16,3,0.43970712463634937,3.0779498724544454
VYD_00802,8,20,3,0.25617024607608607,2.0493619686086886
VYD_00803,7,18,3,0.4341669669572947,3.039168768701063
VYD_00804,8,21,3,0.06512568010507676,0.5210054408406141
VYD_00805,7,19,3,0.5439064665871478,3.8073452661100347
VYD_00806,8,20,3,0.21897667706599905,1.7518134165279924
VYD_00807,8,20,3,0.4689828601561354,3.751862881249083
VYD_00808,7,18,3,0.07706612649014291,0.5394628854310004
VYD_00809,7,18,3,0.6061975006662585,4.24338250466381
VYD_00810,8,18,3,0.1561326097833709,1.2490608782669672
VYD_00811,8,20,3,0.520577615272635,4.16462092218108
VYD_00812,8,17,3,0.0872155408700882,0.6977243269607056
VYD_00813,8,20,3,0.36107854791730276,2.888628383338422
VYD_00814,8,20,3,0.5411992652403467,4.329594121922773
VYD_00815,8,20,3,0.5578905327355278,4.463124261884222
VYD_00816,8,19,3,0.3276996045830855,2.621596836664684
VYD_00817,8,20,3,0.3240025310339902,2.5920202482719215
VYD_00818,8,21,3,0.5060574248179978,4.048459398543982
VYD_00819,8,19,3,0.05301979666175756,0.4241583732940605
VYD_00820,7,17,3,0.29999158497951034,2.099941094856572
VYD_00821,7,18,3,0.5722423950919221,4.005696765643455
VYD_00822,8,21,3,0.26295972725915207,2.1036778180732165
VYD_00823,7,16,3,0.08839916514713483,0.6187941560299438
VYD_00824,7,18,3,0.13308627574739604,0.9316039302317722
VYD_00825,8,21,3,0.3293862435796468,2.6350899486371744
VYD_00826,8,20,3,0.5454743440098753,4.363794752079002
VYD_00827,8,18,3,0.24052505421993348,1.9242004337594678
VYD_00828,8,18,3,0.2909594135110011,2.3276753080880086
VYD_00829,8,17,3,0.06673561676105566,0.5338849340884453
VYD_00830,8,20,3,0.21748472015095896,1.7398777612076717
VYD_00831,7,16,3,0.4559419287320441,3.1915935011243084
VYD_00832,8,21,3,0.5055324945972707,4.044259956778165
VYD_00833,8,21,3,0.17512206401287353,1.4009765121029882
VYD_00834,7,18,3,0.3838754269710686,2.68712798879748
VYD_00835,7,18,3,0.17404590739636808,1.2183213517745766
VYD_00836,8,21,3,0.3956253712646681,3.165002970117345
VYD_00837,7,17,3,0.1531997739466824,1.072398417626777
VYD_00838,8,20,3,0.2707497740905001,2.165998192724001
VYD_00839,8,21,3,0.3041183777693911,2.432947022155129
VYD_00840,7,19,3,0.11925647720655634,0.8347953404458944
VYD_00841,8,18,3,0.500835206538116,4.006681652304928
VYD_00842,7,18,3,0.14943916403840204,1.0460741482688143
VYD_00843,8,21,3,0.5943610137038954,4.754888109631163
VYD_00844,7,16,3,0.17835651617624154,1.2484956132336908
VYD_00845,8,20,3,0.32192834714849194,2.5754267771879356
VYD_00846,8,21,3,0.19751744355805348,1.5801395484644278
VYD_00847,8,18,3,0.3433219004592502,2.7465752036740017
VYD_00848,8,20,3,0.4070154163332145,3.256123330665716
VYD_00849,8,18,3,0.15091492224037187,1.207319377922975
VYD_00850,7,18,3,0.22220857326712612,1.5554600128698828
VYD_00851,8,20,3,0.5595974150919202,4.4767793207353614
VYD_00852,9,19,3,0.4505074152963766,4.05456673766739
VYD_00853,8,21,3,0.13706912283672987,1.096552982693839
VYD_00854,8,21,3,0.33452144710920295,2.6761715768736236
VYD_00855,7,16,3,0.2436787075455225,1.7057509528186576
VYD_00856,7,17,3,0.13122113748877107,0.9185479624213975
VYD_00857,7,19,3,0.3268159717687281,2.287711802381097
VYD_00858,8,21,3,0.04806508400665345,0.3845206720532276
VYD_00859,7,18,3,0.2651156211617329,1.85580934813213
VYD_00860,8,21,3,0.12100187847657654,0.9680150278126123
VYD_00861,8,20,3,0.43717821005885127,3.49742568047081
VYD_00862,8,21,3,0.19972268329324727,1.5977814663459782
VYD_00863,8,18,3,0.19275610076424649,1.5420488061139719
VYD_00864,8,20,3,0.05446363443101635,0.4357090754481308
VYD_00865,8,20,3,0.4654866419071205,3.723893135256964
VYD_00866,8,19,3,0.4553500546996932,3.6428004375975456
VYD_00867,8,21,3,0.2740426859362433,2.1923414874899465
VYD_00868,8,21,3,0.35714312771976775,2.857145021758142
VYD_00869,7,18,3,0.327545978346008,2.292821848422056
VYD_00870,7,19,3,0.06968628448251617,0.48780399137761316
VYD_00871,8,18,3,0.5065498039119245,4.052398431295396
VYD_00872,8,21,3,0.3253786362482594,2.6030290899860753
VYD_00873,7,18,3,0.22741717281713958,1.591920209719977
VYD_00874,8,20,3,0.49391865089221554,3.9513492071377243
VYD_00875,8,20,3,0.23705067714932093,1.8964054171945675
VYD_00876,8,18,3,0.3926548662518907,3.1412389300151258
VYD_00877,7,18,3,0.28185951617811,1.9730166132467701
VYD_00878,7,19,3,0.5062052380940056,3.5434366666580397
VYD_00879,8,17,3,0.16703437017052172,1.3362749613641738
VYD_00880,8,20,3,0.2833615393095309,2.266892314476247
VYD_00881,8,17,3,0.27146995721175515,2.1717596576940412
VYD_00882,8,20,3,0.10455890078746206,0.8364712062996965
VYD_00883,8,20,3,0.4054828046131615,3.243862436905292
VYD_00884,8,21,3,0.6053864833175674,4.843091866540539
VYD_00885,8,20,3,0.5815574491155151,4.652459592924121
VYD_00886,8,21,3,0.2777409017225359,2.2219272137802872
VYD_00887,7,19,3,0.31864981688776867,2.2305487182143806
VYD_00888,8,21,3,0.14940149551045576,1.195211964083646
VYD_00889,8,21,3,0.12332419490455661,0.9865935592364529
VYD_00890,8,20,3,0.2851249276122314,2.2809994208978512
VYD_00891,8,20,3,0.5773047301636997,4.618437841309597
VYD_00892,8,20,3,0.16865885320984117,1.3492708256787294
VYD_00893,7,16,3,0.2757579627316554,1.930305739121588
VYD_00894,7,18,3,0.3367711430743408,2.3573980015203855
VYD_00895,8,20,3,0.5179033711907148,4.143226969525719
VYD_00896,8,21,3,0.5036543552714104,4.029234842171284
VYD_00897,7,18,3,0.2270507199734503,1.589355039814152
VYD_00898,7,19,3,0.584276538600872,4.089935770206104
VYD_00899,7,18,3,0.13146386175821717,0.9202470323075203
VYD_00900,9,21,3,0.31090774840867014,2.798169735678031
VYD_00901,7,17,3,0.3966128677707662,2.7762900743953636
VYD_00902,8,20,3,0.44228397017277277,3.538271761382182
VYD_00903,7,16,3,0.4521207418690477,3.164845193083334
VYD_00904,7,19,3,0.29881116087873616,2.091678126151153
VYD_00905,7,16,3,0.4550578027564183,3.185404619294928
VYD_00906,8,17,3,0.29551030559550884,2.3640824447640707
VYD_00907,8,21,3,0.2218556849217195,1.774845479373756
VYD_00908,8,18,3,0.43505378638614794,3.4804302910891836
VYD_00909,8,17,3,0.507824178963127,4.062593431705016
VYD_00910,8,20,3,0.055552993838283285,0.4444239507062663
VYD_00911,8,20,3,0.5937198851900692,4.749759081520554
VYD_00912,8,20,3,0.5638162971749197,4.510530377399357
VYD_00913,8,20,3,0.19918071168983528,1.5934456935186823
VYD_00914,8,19,3,0.22771118561833292,1.8216894849466634
VYD_00915,8,20,3,0.21727371662559744,1.7381897330047795
VYD_00916,8,20,3,0.15148659812588422,1.2118927850070738
VYD_00917,8,21,3,0.5028175044038701,4.022540035230961
VYD_00918,7,16,3,0.5448543455426877,3.813980418798814
VYD_00919,8,20,3,0.13897305851492917,1.1117844681194333
VYD_00920,7,16,3,0.5433323610014762,3.8033265270103334
VYD_00921,7,17,3,0.41912039220865965,2.9338427454606175
VYD_00922,7,19,3,0.07654861990304707,0.5358403393213295
VYD_00923,7,18,3,0.18377274525011278,1.2864092167507895
VYD_00924,8,21,3,0.19360181961575154,1.5488145569260123
VYD_00925,8,21,3,0.058870313095556355,0.47096250476445084
VYD_00926,8,18,3,0.3770132384566023,3.0161059076528183
VYD_00927,8,18,3,0.16916731418718292,1.3533385134974634
VYD_00928,8,21,3,0.20612761657449086,1.6490209325959269
VYD_00929,8,21,3,0.05251854409024365,0.4201483527219492
VYD_00930,8,21,3,0.23617891343093453,1.8894313074474762
VYD_00931,7,18,3,0.2458701008768253,1.721090706137777
VYD_00932,8,20,3,0.3391885567792586,2.7135084542340686
VYD_00933,7,18,3,0.3322240802201471,2.3255685615410298
VYD_00934,7,18,3,0.55770933212681,3.9039653248876696
VYD_00935,8,17,3,0.5793995162417644,4.635196129934116
VYD_00936,8,20,3,0.14979688561319568,1.1983750849055654
VYD_00937,7,17,3,0.3397902163154126,2.3785315142078884
VYD_00938,8,21,3,0.5637660319076412,4.5101282552611295
VYD_00939,8,21,3,0.1924658864409646,1.5397270915277168
VYD_00940,7,14,3,0.22751694700509092,1.5926186290356366
VYD_00941,8,18,3,0.3341562056975737,2.6732496455805896
VYD_00942,7,17,3,0.4173499554635728,2.9214496882450094
VYD_00943,8,20,3,0.2525551606073269,2.0204412848586153
VYD_00944,8,20,3,0.33648539471313377,2.69188315770507
VYD_00945,8,21,3,0.4526868137752375,3.6214945102019
VYD_00946,8,18,3,0.46808517884027534,3.7446814307222027
VYD_00947,8,17,3,0.07348733939607138,0.5878987151685711
VYD_00948,8,20,3,0.0654736083534187,0.5237888668273496
VYD_00949,8,18,3,0.1497398777273962,1.1979190218191695
VYD_00950,8,21,3,0.18242186988704956,1.4593749590963965
VYD_00951,8,21,3,0.2177384838274821,1.7419078706198567
VYD_00952,8,20,3,0.4736952653854045,3.789562123083236
VYD_00953,7,16,3,0.0060496693522046315,0.04234768546543242
VYD_00954,7,19,3,0.36287489404564177,2.5401242583194925
VYD_00955,7,19,3,0.7140863926524327,4.998604748567029
VYD_00956,8,17,3,0.25873255135743783,2.0698604108595027
VYD_00957,8,21,3,0.3976134163322269,3.1809073306578153
VYD_00958,8,21,3,0.23943175862314392,1.9154540689851514
VYD_00959,8,21,3,0.5080917798872376,4.064734239097901
VYD_00960,8,20,3,0.07392153255759337,0.591372260460747
VYD_00961,8,21,3,0.5255389618323285,4.204311694658628
VYD_00962,8,18,3,0.46791019626144686,3.743281570091575
VYD_00963,8,18,3,0.44431303627710866,3.5545042902168693
VYD_00964,8,20,3,0.2548100055453569,2.038480044362855
VYD_00965,8,19,3,0.37761586191133695,3.0209268952906956
VYD_00966,8,19,3,0.5976870149425202,4.7814961195401615
VYD_00967,8,20,3,0.12782815576582157,1.0226252461265726
VYD_00968,7,19,3,0.24969770896037402,1.7478839627226181
VYD_00969,8,20,3,0.19554223509540195,1.5643378807632156
VYD_00970,7,18,3,0.12245379275425934,0.8571765492798153
VYD_00971,7,18,3,0.14804157905226797,1.0362910533658758
VYD_00972,8,18,3,0.41059171075096484,3.2847336860077188
VYD_00973,7,18,3,0.4866555657588041,3.4065889603116286
VYD_00974,9,21,3,0.312958918207207,2.8166302638648633
VYD_00975,8,20,3,0.5788647534744357,4.630918027795485
VYD_00976,7,18,3,0.34877493020250955,2.441424511417567
VYD_00977,8,18,3,0.27600032435675775,2.208002594854062
VYD_00978,7,18,3,0.2187146796511524,1.531002757558067
VYD_00979,8,20,3,0.58700299461931,4.69602395695448
VYD_00980,8,21,3,0.1343555220079523,1.0748441760636185
VYD_00981,8,20,3,0.41387875089389137,3.311030007151131
VYD_00982,8,21,3,0.1681043583401899,1.3448348667215193
VYD_00983,8,20,3,0.11528810880063936,0.9223048704051149
VYD_00984,8,20,3,0.04836613803019361,0.38692910424154886
VYD_00985,8,20,3,0.18644032481473674,1.491522598517894
VYD_00986,8,21,3,0.5932274590736462,4.745819672589169
VYD_00987,8,21,3,0.5991845780490276,4.793476624392221
VYD_00988,8,20,3,0.08099317114950356,0.6479453691960285
VYD_00989,8,20,3,0.14289334746514779,1.1431467797211823
VYD_00990,8,20,3,0.5962318838992853,4.769855071194282
VYD_00991,8,20,3,0.3558758193852843,2.8470065550822743
VYD_00992,8,20,3,0.21331113464178594,1.7064890771342875
VYD_00993,8,20,3,0.5254181711428945,4.203345369143156
VYD_00994,8,20,3,0.2704348641456427,2.1634789131651417
VYD_00995,7,14,3,0.15979451794477995,1.1185616256134596
VYD_00996,7,19,3,0.5060125086124251,3.5420875602869755
VYD_00997,8,20,3,0.5028983336404275,4.02318666912342
VYD_00998,8,21,3,0.1003904780430132,0.8031238243441056
VYD_00999,7,16,3,0.42695324354387537,2.9886727048071275
VYD_01000,8,21,3,0.0692447022334166,0.5539576178673328
VYD_01001,7,18,3,0.4012614532976095,2.8088301730832663
VYD_01002,8,18,3,0.40521844536042173,3.241747562883374
VYD_01003,8,20,3,0.34252582710859314,2.740206616868745
VYD_01004,7,18,3,0.243611167303263,1.7052781711228409
VYD_01005,8,20,3,0.39043034246536057,3.1234427397228846
VYD_01006,7,17,3,0.15365715423154214,1.075600079620795
VYD_01007,8,21,3,0.4389991238008906,3.511992990407125
VYD_01008,7,16,3,0.4124430912914013,2.887101639039809
VYD_01009,8,18,3,0.259168098569791,2.073344788558328
VYD_01010,8,21,3,0.3482275224345668,2.7858201794765343
VYD_01011,7,18,3,0.3531999277726316,2.472399494408421
VYD_01012,8,21,3,0.3293948193929441,2.635158555143553
VYD_01013,8,21,3,0.2255979399596353,1.8047835196770825
VYD_01014,8,20,3,0.07279805990124477,0.5823844792099582
VYD_01015,8,20,3,0.3022834771024552,2.4182678168196414
VYD_01016,8,21,3,0.44800709709692255,3.5840567767753804
VYD_01017,8,16,3,0.22811055537568617,1.8248844430054894
VYD_01018,8,20,3,0.4503177507524525,3.60254200601962
VYD_01019,8,21,3,0.21395260579075384,1.7116208463260307
VYD_01020,8,21,3,0.18044425970995834,1.4435540776796667
VYD_01021,7,19,3,0.29041643404889833,2.0329150383422885
VYD_01022,8,20,3,0.18470084724592586,1.477606777967407
VYD_01023,8,18,3,0.16536365297292802,1.3229092237834241
VYD_01024,8,20,3,0.2210690332270074,1.7685522658160593
VYD_01025,9,21,3,0.1949169890532683,1.7542529014794146
VYD_01026,8,18,3,0.21587181713092277,1.7269745370473821
VYD_01027,8,20,3,0.36923564457060926,2.953885156564874
VYD_01028,8,21,3,0.13002497363020707,1.0401997890416566
VYD_01029,7,16,3,0.5595781494916077,3.9170470464412537
VYD_01030,8,20,3,0.07720427718394564,0.6176342174715651
VYD_01031,7,19,3,0.132862794552127,0.9300395618648889
VYD_01032,8,21,3,0.2738415893276383,2.1907327146211064
VYD_01033,7,18,3,0.0907243545030958,0.6350704815216706
VYD_01034,7,18,3,0.15234949250616206,1.0664464475431343
VYD_01035,8,21,3,0.19337994434179837,1.547039554734387
VYD_01036,8,20,3,0.48383969959275036,3.870717596742003
VYD_01037,7,19,3,0.17057350052061498,1.1940145036443048
VYD_01038,8,20,3,0.10211364855860716,0.8169091884688573
VYD_01039,8,18,3,0.40101540813939984,3.2081232651151987
VYD_01040,8,20,3,0.05889543120105386,0.4711634496084309
VYD_01041,8,20,3,0.12336634096145799,0.9869307276916639
VYD_01042,7,19,3,9.278421819311557,64.9489527351809
VYD_01043,8,18,3,0.41504596917470765,3.320367753397661
VYD_01044,8,20,3,0.1501966460037854,1.2015731680302832
VYD_01045,8,21,3,0.29216008452640496,2.3372806762112397
VYD_01046,8,21,3,0.1325569934617332,1.0604559476938655
VYD_01047,7,18,3,0.29420186297308293,2.0594130408115805
VYD_01048,7,18,3,0.5691869152542078,3.984308406779455
VYD_01049,8,21,3,0.15278128481640538,1.222250278531243
VYD_01050,8,20,3,0.4961554011452325,3.96924320916186
VYD_01051,7,16,3,0.6204065370588222,4.342845759411755
VYD_01052,8,19,3,0.26817711271798056,2.1454169017438445
VYD_01053,7,18,3,0.3836461734286976,2.685523214000883
VYD_01054,8,21,3,0.20763705257248952,1.6610964205799161
VYD_01055,8,18,3,0.1379489087697457,1.1035912701579655
VYD_01056,8,20,3,0.361219301655796,2.889754413246368
VYD_01057,8,18,3,0.39517670469386657,3.1614136375509325
VYD_01058,7,17,3,0.2699654265104754,1.8897579855733277
VYD_01059,7,19,3,0.39658216298600046,2.7760751409020035
VYD_01060,9,19,3,0.5462599325067752,4.916339392560976
VYD_01061,8,21,3,0.0774710773922645,0.619768619138116
VYD_01062,7,17,3,0.11974600221777143,0.8382220155244
VYD_01063,7,18,3,0.34474772643365476,2.413234085035583
VYD_01064,7,18,3,0.5820699296088372,4.074489507261861
VYD_01065,7,18,3,0.3893681864734326,2.725577305314028
VYD_01066,8,20,3,0.6031607185682429,4.8252857485459435
VYD_01067,7,18,3,0.4932864629128129,3.4530052403896905
VYD_01068,7,18,3,0.25459381194878083,1.7821566836414657
VYD_01069,8,20,3,0.2457724457364926,1.9661795658919408
VYD_01070,7,16,3,0.10966467427801267,0.7676527199460887
VYD_01071,8,20,3,0.6061957359687744,4.849565887750195
VYD_01072,8,21,3,0.3169034767135595,2.535227813708476
VYD_01073,8,20,3,0.6026276189475729,4.821020951580583
VYD_01074,8,17,3,0.11062544725559807,0.8850035780447846
VYD_01075,8,21,3,0.4633944341856786,3.707155473485429
VYD_01076,8,21,3,0.3574399620674399,2.859519696539519
VYD_01077,8,20,3,0.21405981356795736,1.712478508543659
VYD_01078,8,21,3,0.45382587431651883,3.6306069945321506
VYD_01079,7,16,3,0.49251206409868364,3.4475844486907854
VYD_01080,8,19,3,0.2971312649200248,2.3770501193601983
VYD_01081,7,18,3,0.1640943793080943,1.1486606551566603
VYD_01082,8,20,3,0.13275633331919598,1.0620506665535678
VYD_01083,8,20,3,0.43571544111248356,3.4857235288998685
VYD_01084,7,19,3,0.5504859808675193,3.8534018660726352
VYD_01085,8,18,3,0.27776912492087447,2.2221529993669957
VYD_01086,8,18,3,0.3385291354724563,2.70823308377965
VYD_01087,8,20,3,0.4605395934535029,3.6843167476280234
VYD_01088,8,20,3,0.48651527512788345,3.8921222010230676
VYD_01089,7,17,3,0.2403384206162353,1.6823689443136471
VYD_01090,7,19,3,0.17757630914055017,1.2430341639838511
VYD_01091,8,20,3,0.4201291225317791,3.3610329802542327
VYD_01092,8,21,3,0.26323454158220283,2.1058763326576226
VYD_01093,8,21,3,0.6031351503794172,4.825081203035338
VYD_01094,8,20,3,0.4418366237357548,3.534692989886038
VYD_01095,8,20,3,0.13854513649636757,1.1083610919709406
VYD_01096,8,20,3,0.2558180705295329,2.0465445642362634
VYD_01097,8,21,3,0.5834515621087014,4.667612496869611
VYD_01098,8,20,3,0.11557357093037744,0.9245885674430195
VYD_01099,8,20,3,0.46607663256488213,3.728613060519057
VYD_01100,8,21,3,0.2220630506617975,1.77650440529438
VYD_01101,8,20,3,0.34194965335805005,2.7355972268644004
VYD_01102,8,20,3,0.21604234082140902,1.7283387265712722
VYD_01103,8,20,3,0.49812153073763776,3.984972245901102
VYD_01104,9,19,3,0.24902381218058803,2.2412143096252923
VYD_01105,8,17,3,0.3318376597738664,2.6547012781909314
VYD_01106,8,20,3,0.127530647649333,1.020245181194664
VYD_01107,8,21,3,0.5360008035269442,4.288006428215554
VYD_01108,8,20,3,0.5006787868399876,4.0054302947199005
VYD_01109,8,20,3,0.1257152794131228,1.0057222353049824
VYD_01110,8,20,3,0.5067270036387463,4.053816029109971
VYD_01111,8,18,3,0.08267139178187122,0.6613711342549697
VYD_01112,7,18,3,0.427240045325752,2.990680317280264
VYD_01113,9,19,3,0.5410272401030218,4.869245160927196
VYD_01114,8,20,3,0.49501712012615934,3.9601369610092747
VYD_01115,8,18,3,0.551476283628318,4.411810269026544
VYD_01116,8,20,3,0.17762019284666708,1.4209615427733366
VYD_01117,8,21,3,0.21946526102995004,1.7557220882396003
VYD_01118,8,21,3,0.06966300050425013,0.557304004034001
VYD_01119,8,20,3,0.2925380105630768,2.3403040845046146
VYD_01120,8,21,3,0.5639106739707425,4.51128539176594
VYD_01121,7,19,3,0.5962123547303727,4.173486483112609
VYD_01122,8,20,3,0.5939698337155427,4.7517586697243415
VYD_01123,8,21,3,0.2141200057853279,1.712960046282623
VYD_01124,8,20,3,0.22388805476527604,1.7911044381222083
VYD_01125,7,18,3,0.4561553370097946,3.1930873590685622
VYD_01126,8,20,3,0.24164275716642927,1.9331420573314342
VYD_01127,8,19,3,0.34238464006134367,2.7390771204907494
VYD_01128,8,21,3,0.18995972599126434,1.5196778079301148
VYD_01129,7,18,3,0.10718138913279854,0.7502697239295898
VYD_01130,8,21,3,0.1544940272162879,1.2359522177303033
VYD_01131,7,19,3,0.37629741857536797,2.634081930027576
VYD_01132,8,20,3,0.6029713612321834,4.823770889857467
VYD_01133,7,18,3,0.3216273302254671,2.2513913115782698
VYD_01134,8,20,3,0.515481109699598,4.123848877596784
VYD_01135,8,20,3,0.23387058680718847,1.8709646944575078
VYD_01136,8,20,3,0.1859509624140693,1.4876076993125544
VYD_01137,7,16,3,0.18757396574247281,1.3130177601973096
VYD_01138,8,18,3,0.05250538529786751,0.4200430823829401
VYD_01139,8,20,3,0.41762445417960514,3.340995633436841
VYD_01140,7,19,3,0.1283959787325296,0.8987718511277071
VYD_01141,8,21,3,0.08959104155318401,0.7167283324254721
VYD_01142,7,18,3,0.3128281183236365,2.1897968282654556
VYD_01143,7,18,3,0.1732368490181316,1.2126579431269213
VYD_01144,9,21,3,0.5992991983264732,5.393692784938258
VYD_01145,7,19,3,0.3617046466293367,2.531932526405357
VYD_01146,8,21,3,0.5204151795761136,4.163321436608909
VYD_01147,8,20,3,0.5505356799007629,4.404285439206103
VYD_01148,8,20,3,0.40205960899037435,3.216476871922995
VYD_01149,8,21,3,0.4250960733969827,3.4007685871758615
VYD_01150,9,21,3,0.15954556507098966,1.4359100856389069
VYD_01151,8,21,3,0.23602160053444332,1.8881728042755466
VYD_01152,8,17,3,0.07217474002346544,0.5773979201877235
VYD_01153,9,20,3,0.4399007441871708,3.959106697684537
VYD_01154,8,21,3,0.4449119347119302,3.5592954776954415
VYD_01155,8,20,3,0.2739169459522655,2.191335567618124
VYD_01156,8,18,3,0.3186417531771558,2.5491340254172465
VYD_01157,8,20,3,0.5587810575633797,4.470248460507038
VYD_01158,7,19,3,0.31906500760945006,2.2334550532661503
VYD_01159,8,20,3,0.5939486807598467,4.751589446078774
VYD_01160,8,20,3,0.3564337747451034,2.8514701979608272
VYD_01161,8,20,3,0.23736853816505682,1.8989483053204546
VYD_01162,9,19,3,0.5038498100702574,4.534648290632317
VYD_01163,8,19,3,0.14024778923786727,1.1219823139029381
VYD_01164,8,17,3,0.5464100276103362,4.3712802208826895
VYD_01165,8,20,3,0.30401789628905174,2.432143170312414
VYD_01166,8,20,3,0.18061975723160745,1.4449580578528596
VYD_01167,7,18,3,0.056144035965413265,0.39300825175789283
VYD_01168,8,21,3,0.42883894580135556,3.4307115664108445
VYD_01169,8,17,3,0.07604210823246083,0.6083368658596866
VYD_01170,7,19,3,0.06310881068202123,0.4417616747741486
VYD_01171,7,18,3,0.5453433480416715,3.8174034362917006
VYD_01172,7,19,3,0.17834460688603476,1.2484122482022433
VYD_01173,8,18,3,0.5587364302897797,4.469891442318238
VYD_01174,8,20,3,0.2508870253428958,2.0070962027431665
VYD_01175,8,20,3,0.25615114384285864,2.049209150742869
VYD_01176,8,20,3,0.15375690524925256,1.2300552419940205
VYD_01177,8,20,3,0.2970003119781921,2.376002495825537
VYD_01178,8,20,3,0.11460516193275519,0.9168412954620415
VYD_01179,8,20,3,0.32943738112654053,2.6354990490123242
VYD_01180,7,18,3,0.36753565307661046,2.5727495715362734
VYD_01181,8,20,3,0.11901368120958292,0.9521094496766633
VYD_01182,8,21,3,0.07250386249344565,0.5800308999475652
VYD_01183,7,18,3,0.04216552001774705,0.2951586401242294
VYD_01184,8,20,3,0.07727883646874761,0.6182306917499809
VYD_01185,7,16,3,0.4083023483422801,2.8581164383959603
VYD_01186,8,21,3,0.17151482257913953,1.3721185806331162
VYD_01187,8,21,3,0.2697457610317709,2.157966088254167
VYD_01188,8,20,3,0.058726484069942214,0.4698118725595377
VYD_01189,8,17,3,0.3372999388023098,2.6983995104184784
VYD_01190,9,20,3,10.520732794957041,94.68659515461337
VYD_01191,7,19,3,3.049796068222895,21.348572477560264
VYD_01192,8,20,3,1.4758902361110453,11.807121888888362
VYD_01193,8,17,3,1.016811774591574,8.134494196732591
VYD_01194,8,18,3,2.120830311690621,16.96664249352497
VYD_01195,7,19,3,5.167273442141139,36.17091409498797
VYD_01196,8,20,3,1.5423431066148658,12.338744852918927
VYD_01197,7,18,3,2.131570379719208,14.920992658034457
VYD_01198,8,20,3,1.2910826112978941,10.328660890383153
VYD_01199,8,21,3,0.851522591248606,6.812180729988848
VYD_01200,8,20,3,2.953735298608587,23.629882388868698
VYD_01201,8,20,3,1.942671174496671,15.541369395973367
VYD_01202,8,17,3,1.204441499060273,9.635531992482184
VYD_01203,8,20,3,8.247975079096591,65.98380063277273
VYD_01204,8,20,3,3.17004930035501,25.36039440284008
VYD_01205,9,20,3,9.096240278624308,81.86616250761877
VYD_01206,8,20,3,0.6492530359407852,5.194024287526282
VYD_01207,8,17,3,3.0605523836877224,24.48441906950178
VYD_01208,7,18,3,2.0935949114931356,14.65516438045195
VYD_01209,8,21,3,1.504040978770075,12.0323278301606
VYD_01210,7,19,3,2.650524750986136,18.55367325690295
VYD_01211,8,21,3,0.6692044539423255,5.353635631538604
VYD_01212,9,21,3,5.459978964359047,49.139810679231424
VYD_01213,9,19,3,3.4921750424183258,31.42957538176493
VYD_01214,7,18,3,2.6167620438042256,18.31733430662958
VYD_01215,8,18,3,1.401223678429565,11.20978942743652
VYD_01216,8,19,3,0.7100882253862835,5.680705803090268
VYD_01217,7,16,3,9.479622163533888,66.35735514473721
VYD_01218,8,20,3,1.8983383405893735,15.186706724714988
VYD_01219,8,20,3,0.6743718445273863,5.39497475621909
VYD_01220,8,20,3,2.9806831587541867,23.845465270033493
VYD_01221,8,20,3,2.055886243285828,16.447089946286624
VYD_01222,7,18,3,0.9729312558399029,6.81051879087932
VYD_01223,7,16,3,0.7245946624701648,5.072162637291154
VYD_01224,8,18,3,0.854263908611254,6.834111268890032
VYD_01225,9,21,3,2.2436626059664655,20.19296345369819
VYD_01226,8,21,3,0.9549982661828355,7.639986129462684
VYD_01227,8,21,3,4.676726517469666,37.413812139757326
VYD_01228,8,20,3,0.9539731810989796,7.631785448791836
VYD_01229,8,20,3,1.1841499843985293,9.473199875188234
VYD_01230,8,18,3,2.35713194417173,18.85705555337384
VYD_01231,8,18,3,0.973219521544197,7.785756172353576
VYD_01232,8,21,3,3.00385446793187,24.03083574345496
VYD_01233,8,18,3,3.3304470214551998,26.643576171641598
VYD_01234,8,18,3,1.526778944549871,12.214231556398968
VYD_01235,9,23,3,2.100301903590537,18.902717132314834
VYD_01236,7,19,3,1.163187240180359,8.142310681262511
VYD_01237,7,19,3,17.172539257069648,120.20777479948754
VYD_01238,8,18,3,0.9103735426600535,7.282988341280428
VYD_01239,7,18,3,1.3907133166656072,9.73499321665925
VYD_01240,7,19,3,2.273648277606092,15.915537943242644
VYD_01241,7,16,3,0.9676117149104028,6.7732820043728195
VYD_01242,7,19,3,1.8085859142900833,12.660101400030584
VYD_01243,7,19,3,1.6178839197211619,11.325187438048133
VYD_01244,8,21,3,6.497932087713858,51.983456701710864
VYD_01245,8,20,3,2.13693048856853,17.09544390854824
VYD_01246,8,21,3,1.4671001235836776,11.73680098866942
VYD_01247,9,21,3,4.094546244159917,36.850916197439254
VYD_01248,7,16,3,1.8457964630299084,12.92057524120936
VYD_01249,8,20,3,10.110867748939429,80.88694199151543
VYD_01250,8,20,3,0.8469418578092686,6.7755348624741485
VYD_01251,9,21,3,3.626996876052551,32.642971884472956
VYD_01252,8,20,3,0.8027775851398594,6.422220681118875
VYD_01253,8,20,3,0.8267964248816877,6.614371399053502
VYD_01254,8,21,3,3.8094475970484227,30.475580776387382
VYD_01255,7,16,3,2.5394495060796016,17.77614654255721
VYD_01256,8,21,3,5.0882236541713555,40.705789233370844
VYD_01257,7,16,3,0.8436699388479542,5.905689571935679
VYD_01258,8,21,3,4.785575974940644,38.284607799525155
VYD_01259,9,21,3,11.02531984930128,99.22787864371152
VYD_01260,7,18,3,0.5871252676358484,4.109876873450939
VYD_01261,7,18,3,5.064256114872313,35.44979280410619
VYD_01262,8,20,3,2.210249539657203,17.681996317257624
VYD_01263,7,19,3,8.771177330665434,61.39824131465804
VYD_01264,8,20,3,0.9003908174514014,7.203126539611211
VYD_01265,7,18,3,2.542842387286436,17.799896711005054
VYD_01266,8,21,3,1.7511502192047985,14.009201753638388
VYD_01267,8,21,3,1.5322757900567054,12.258206320453644
VYD_01268,7,19,3,5.322778898021076,37.25945228614753
VYD_01269,8,19,3,0.8749117721060081,6.999294176848065
VYD_01270,8,20,3,2.696586733895852,21.572693871166816
VYD_01271,8,19,3,1.789870229538819,14.318961836310551
VYD_01272,8,21,3,0.6824024205661611,5.459219364529289
VYD_01273,8,18,3,2.5298029923520913,20.23842393881673
VYD_01274,8,18,3,5.0948427317957306,40.758741854365844
VYD_01275,8,20,3,1.0002808792392415,8.002247033913932
VYD_01276,8,20,3,0.390444376577755,3.12355501262204
VYD_01277,8,21,3,4.525983907303711,36.20787125842969
VYD_01278,8,21,3,0.9206457143416105,7.365165714732884
VYD_01279,7,18,3,2.8866494573942205,20.206546201759544
VYD_01280,8,18,3,4.1524741541441115,33.21979323315289
VYD_01281,7,19,3,0.8907520667890926,6.235264467523648
VYD_01282,8,20,3,1.150497069627004,9.203976557016032
VYD_01283,8,21,3,2.5266287554010787,20.21303004320863
VYD_01284,8,21,3,3.2837837978505244,26.270270382804195
VYD_01285,8,21,3,5.464274562846149,43.71419650276919
VYD_01286,9,21,3,6.096733893911343,54.87060504520208
VYD_01287,7,18,3,4.870016982589799,34.09011887812859
VYD_01288,7,18,3,1.3129098830292836,9.190369181204986
VYD_01289,8,20,3,3.3093959996640465,26.475167997312372
VYD_01290,8,20,3,1.0193796655636425,8.15503732450914
VYD_01291,8,20,3,6.389597499260836,51.11677999408669
VYD_01292,8,18,3,2.9779015976482466,23.823212781185973
VYD_01293,8,18,3,0.9275521703479545,7.420417362783636
VYD_01294,8,20,3,3.0805671343261585,24.644537074609268
VYD_01295,8,18,3,2.1321093760612055,17.056875008489644
VYD_01296,8,20,3,2.8770217341340527,23.01617387307242
VYD_01297,8,20,3,1.298268122178344,10.386144977426753
VYD_01298,8,21,3,1.315388427506509,10.523107420052073
VYD_01299,8,20,3,0.7324377727416106,5.859502181932885
VYD_01300,7,16,3,6.441607963159855,45.09125574211899
VYD_01301,8,20,3,1.5188251679153597,12.150601343322878
VYD_01302,8,20,3,4.077791663351024,32.622333306808194
VYD_01303,7,17,3,1.2169375866833438,8.518563106783407
VYD_01304,8,20,3,3.469225267429237,27.753802139433898
VYD_01305,7,18,3,3.601434913249135,25.210044392743942
VYD_01306,8,20,3,0.6288287680152589,5.030630144122071
VYD_01307,8,18,3,1.3884964367465404,11.107971493972324
VYD_01308,7,17,3,1.9916714143479264,13.941699900435484
VYD_01309,8,21,3,1.6359371474929072,13.087497179943258
VYD_01310,8,20,3,2.2429132556588094,17.943306045270475
VYD_01311,8,21,3,0.8238819213674998,6.591055370939999
VYD_01312,8,20,3,2.8413653451799616,22.730922761439693
VYD_01313,9,21,3,5.863224582943214,52.76902124648893
VYD_01314,8,18,3,0.6225442334888969,4.980353867911175
VYD_01315,9,19,3,6.623435341314804,59.61091807183323
VYD_01316,8,22,3,2.371037539130583,18.968300313044665
VYD_01317,7,18,3,1.4396127047990823,10.077288933593577
VYD_01318,8,21,3,0.6228083343293734,4.9824666746349875
VYD_01319,7,19,3,1.0946832816787813,7.662782971751469
VYD_01320,8,20,3,1.8562999515358825,14.85039961228706
VYD_01321,8,21,3,2.306448779749886,18.45159023799909
VYD_01322,8,20,3,1.2163171776836177,9.730537421468942
VYD_01323,7,18,3,0.4626347544165242,3.238443280915669
VYD_01324,8,18,3,7.152953387136675,57.2236270970934
VYD_01325,8,21,3,1.8636296466430637,14.90903717314451
VYD_01326,7,19,3,4.073491781906303,28.514442473344122
VYD_01327,8,21,3,0.6365257699029042,5.092206159223234
VYD_01328,8,20,3,5.104834980660142,40.838679845281135
VYD_01329,8,17,3,1.5545942899879899,12.436754319903919
VYD_01330,8,20,3,1.443109431366754,11.544875450934033
VYD_01331,8,21,3,0.9468452334428119,7.574761867542495
VYD_01332,8,18,3,2.503605545428751,20.028844363430007
VYD_01333,8,17,3,1.196223942333659,9.569791538669271
VYD_01334,8,20,3,1.161607925467323,9.292863403738584
VYD_01335,8,18,3,0.975015926727741,7.800127413821928
VYD_01336,7,17,3,1.2883164146881445,9.01821490281701
VYD_01337,9,20,3,8.55918158794303,77.03263429148727
VYD_01338,7,16,3,2.01693503181958,14.11854522273706
VYD_01339,8,18,3,0.5226914561224999,4.181531648979999
VYD_01340,8,20,3,0.715329032391934,5.722632259135472
VYD_01341,7,17,3,2.9745826204492345,20.822078343144643
VYD_01342,7,18,3,1.443016122483872,10.101112857387104
VYD_01343,7,19,3,1.0907737162598752,7.6354160138191265
VYD_01344,8,21,3,5.116642127670417,40.933137021363336
VYD_01345,7,17,3,0.7604346214119255,5.323042349883479
VYD_01346,8,17,3,0.8699460564158091,6.959568451326473
VYD_01347,8,20,3,2.341816306082822,18.734530448662575
VYD_01348,8,20,3,1.2727409101447575,10.18192728115806
VYD_01349,8,21,3,1.4144315632985605,11.315452506388484
VYD_01350,9,19,3,1.0168789326137226,9.151910393523504
VYD_01351,7,18,3,1.0247448633719156,7.1732140436034095
VYD_01352,7,18,3,1.0550295644456922,7.385206951119845
VYD_01353,8,16,3,0.6260444412126349,5.008355529701079
VYD_01354,8,20,3,0.9859691141411157,7.887752913128925
VYD_01355,8,21,3,1.3262829733293777,10.610263786635022
VYD_01356,7,18,3,1.42595980029432,9.981718602060239
VYD_01357,8,18,3,0.8035016648824583,6.428013319059667
VYD_01358,8,20,3,5.813311059423261,46.506488475386085
VYD_01359,7,18,3,0.6847986740052872,4.79359071803701
VYD_01360,8,18,3,0.7173236199735907,5.738588959788726
VYD_01361,8,20,3,1.5487155192733437,12.38972415418675
VYD_01362,8,18,3,2.660950072983882,21.287600583871058
VYD_01363,8,20,3,1.1823962086904563,9.45916966952365
VYD_01364,8,21,3,4.098838044956184,32.790704359649474
VYD_01365,9,19,3,16.375478139379744,147.3793032544177
VYD_01366,9,21,3,0.6911903245076524,6.220712920568872
VYD_01367,8,20,3,0.6188843678001261,4.951074942401009
VYD_01368,8,18,3,0.05202362796336663,0.41618902370693306
VYD_01369,7,18,3,0.8525915039240112,5.968140527468078
VYD_01370,8,20,3,3.594588008968823,28.756704071750583
VYD_01371,8,17,3,8.686836895600427,69.49469516480342
VYD_01372,8,21,3,1.3421883703264248,10.737506962611398
VYD_01373,8,18,3,3.450673505021484,27.60538804017187
VYD_01374,8,20,3,0.6510220039798638,5.20817603183891
VYD_01375,8,21,3,1.1013202971343454,8.810562377074763
VYD_01376,9,21,3,3.922072370146246,35.298651331316215
VYD_01377,7,18,3,2.34225511924521,16.39578583471647
VYD_01378,7,18,3,3.2655485133587017,22.85883959351091
VYD_01379,8,17,3,1.7376580211892645,13.901264169514116
VYD_01380,8,20,3,5.008765077155307,40.07012061724246
VYD_01381,8,21,3,3.064933028736508,24.519464229892066
VYD_01382,8,20,3,1.4722211375786252,11.777769100629001
VYD_01383,8,18,3,1.3824868513474395,11.059894810779516
VYD_01384,8,20,3,1.1017794159578231,8.814235327662585
VYD_01385,9,19,3,12.49714126993333,112.47427142939998
VYD_01386,8,20,3,0.8491992591065844,6.793594072852676
VYD_01387,8,21,3,2.6538540571190374,21.2308324569523
VYD_01388,8,21,3,3.6093737750295993,28.874990200236795
VYD_01389,8,20,3,2.5328596453167602,20.262877162534082
VYD_01390,8,20,3,1.3229050035955863,10.58324002876469
VYD_01391,8,21,3,3.9225686881924005,31.380549505539204
VYD_01392,7,18,3,1.6841200932689087,11.78884065288236
VYD_01393,8,21,3,1.5585014012863498,12.468011210290799
VYD_01394,8,21,3,6.9845484377703615,55.87638750216289
VYD_01395,8,20,3,1.2819355809458752,10.255484647567002
VYD_01396,8,20,3,1.4647801711974213,11.71824136957937
VYD_01397,8,21,3,10.822670222421602,86.58136177937281
VYD_01398,8,20,3,1.731934015104698,13.855472120837584
VYD_01399,7,19,3,1.172506400479571,8.207544803356997
VYD_01400,8,20,3,0.7801764189950686,6.241411351960549
VYD_01401,8,20,3,0.6595167130346085,5.276133704276868
VYD_01402,7,16,3,2.7592579381809528,19.31480556726667
VYD_01403,8,21,3,1.3374180079646227,10.699344063716982
VYD_01404,7,18,3,1.0875722894924365,7.613006026447055
VYD_01405,8,19,3,1.0339505089909458,8.271604071927566
VYD_01406,7,19,3,1.437166930695801,10.060168514870607
VYD_01407,7,19,3,0.779896067892893,5.459272475250251
VYD_01408,8,21,3,5.327417760133251,42.61934208106601
VYD_01409,7,18,3,6.189244561867345,43.32471193307141
VYD_01410,8,20,3,1.6899639735763532,13.519711788610826
VYD_01411,8,20,3,1.2586653117471485,10.069322493977188
VYD_01412,8,17,3,0.6814555827922438,5.451644662337951
VYD_01413,8,20,3,2.9366054817828613,23.49284385426289
VYD_01414,8,20,3,2.219800164845708,17.758401318765664
VYD_01415,7,18,3,1.3506222333946483,9.454355633762537
VYD_01416,7,14,3,2.4986197945162596,17.490338561613818
VYD_01417,8,18,3,0.7107398574828198,5.685918859862558
VYD_01418,9,21,3,2.67435556558017,24.069200090221532
VYD_01419,8,20,3,4.239404552545365,33.91523642036292
VYD_01420,8,20,3,1.7166045453677274,13.73283636294182
VYD_01421,8,18,3,5.766648344197899,46.13318675358319
VYD_01422,8,21,3,2.2151545311963377,17.7212362495707
VYD_01423,8,21,3,2.2410617989834276,17.92849439186742
VYD_01424,8,18,3,3.6402856347411863,29.12228507792949
VYD_01425,8,21,3,2.448647511332928,19.589180090663422
VYD_01426,8,20,3,1.128124840777388,9.024998726219104
VYD_01427,7,18,3,5.295435620840719,37.06804934588503
VYD_01428,7,19,3,3.272542299282705,22.907796094978934
VYD_01429,8,18,3,0.68901026998356,5.51208215986848
VYD_01430,8,20,3,1.1357618321416219,9.086094657132975
VYD_01431,7,19,3,0.6180779676193265,4.326545773335286
VYD_01432,8,20,3,0.6513632612797302,5.210906090237842
VYD_01433,8,21,3,10.21569597652754,81.72556781222032
VYD_01434,8,20,3,1.4720124071239868,11.776099256991895
VYD_01435,8,21,3,6.814383558975512,54.5150684718041
VYD_01436,8,21,3,0.9509963745954885,7.607970996763908
VYD_01437,7,18,3,6.081830505039951,42.57281353527966
VYD_01438,7,16,3,0.843081156204529,5.9015680934317025
VYD_01439,8,21,3,3.8742198973441306,30.993759178753045
VYD_01440,8,21,3,0.9519281397597265,7.615425118077812
VYD_01441,7,19,3,1.1672246040973522,8.170572228681465
VYD_01442,8,20,3,1.9661245689482898,15.728996551586318
VYD_01443,7,18,3,3.4665680534808954,24.265976374366268
VYD_01444,9,22,3,2.055851928298267,18.5026673546844
VYD_01445,7,18,3,1.4469000207611586,10.12830014532811
VYD_01446,7,17,3,0.7434033668087793,5.203823567661455
VYD_01447,8,21,3,1.0683210664680485,8.546568531744388
VYD_01448,7,18,3,0.8782293584631617,6.1476055092421324
VYD_01449,8,21,3,4.8936007110338835,39.14880568827107
VYD_01450,8,20,3,0.33346954576508575,2.667756366120686
VYD_01451,8,20,3,0.7190488109163897,5.752390487331118
VYD_01452,8,20,3,1.2564292167478506,10.051433733982805
VYD_01453,8,21,3,2.40453158814872,19.23625270518976
VYD_01454,7,19,3,1.0193707729411945,7.135595410588362
VYD_01455,8,21,3,0.8223421225905966,6.578736980724773
VYD_01456,8,16,3,1.4096789160144139,11.277431328115311
VYD_01457,8,20,3,2.8346094360435634,22.676875488348507
VYD_01458,8,20,3,2.6830038732399943,21.464030985919955
VYD_01459,8,20,3,2.416048166461846,19.32838533169477
VYD_01460,7,16,3,1.5238223466970073,10.66675642687905
VYD_01461,8,18,3,0.7474254835830693,5.979403868664554
VYD_01462,8,17,3,1.5723008108092105,12.578406486473684
VYD_01463,8,21,3,2.4377918370687985,19.50233469655039
VYD_01464,7,19,3,1.9802450672742427,13.861715470919698
VYD_01465,8,17,3,1.0795026518274689,8.63602121461975
VYD_01466,7,18,3,1.2721941236162733,8.905358865313913
VYD_01467,8,21,3,1.3527121239118347,10.821696991294678
VYD_01468,8,18,3,1.1615443071298392,9.292354457038714
VYD_01469,8,19,3,0.7571698435075224,6.057358748060179
VYD_01470,8,20,3,3.4870084175834664,27.89606734066773
VYD_01471,8,20,3,0.8026622361788903,6.421297889431123
VYD_01472,8,21,3,2.6138352014909096,20.910681611927277
VYD_01473,8,18,3,1.4209694343678674,11.367755474942939
VYD_01474,8,21,3,2.049178974850868,16.393431798806944
VYD_01475,8,20,3,3.760873026330758,30.086984210646065
VYD_01476,7,19,3,1.689100778430498,11.823705449013486
VYD_01477,8,18,3,2.416400004612304,19.331200036898434
VYD_01478,8,21,3,1.1556458161101517,9.245166528881214
VYD_01479,7,19,3,4.087691561336609,28.61384092935626
VYD_01480,8,17,3,2.0052323904097973,16.04185912327838
VYD_01481,8,20,3,1.740434984873371,13.923479878986967
VYD_01482,7,16,3,2.4651622410983802,17.256135687688662
VYD_01483,8,20,3,1.7827360555949112,14.26188844475929
VYD_01484,7,19,3,3.4305444421632636,24.013811095142845
VYD_01485,8,20,3,3.910308041946785,31.28246433557428
VYD_01486,7,18,3,5.835679672090709,40.84975770463497
VYD_01487,8,17,3,2.7777929574751727,22.222343659801382
VYD_01488,8,20,3,0.8847756511045886,7.0782052088367085
VYD_01489,8,17,3,1.0177103395434999,8.141682716347999
VYD_01490,9,19,3,2.8940925744064927,26.046833169658434
VYD_01491,7,19,3,0.8723865714366879,6.106706000056815
VYD_01492,8,20,3,5.108025885770868,40.86420708616694
VYD_01493,7,18,3,0.9840105403531563,6.888073782472094
VYD_01494,8,20,3,0.7147435637078826,5.717948509663061
VYD_01495,7,15,3,2.3658734274814086,16.56111399236986
VYD_01496,8,19,3,0.6338984188981487,5.0711873511851895
VYD_01497,8,18,3,6.490796435984755,51.92637148787804
VYD_01498,8,19,3,3.3318573553507007,26.654858842805606
VYD_01499,8,21,3,0.5855098839601286,4.684079071681029
VYD_01500,9,19,3,1.061027966994325,9.549251702948926
VYD_01501,7,19,3,9.735770021425797,68.15039014998058
VYD_01502,8,21,3,0.8180587412613364,6.544469930090691
VYD_01503,7,18,3,2.857516192264342,20.002613345850396
VYD_01504,8,18,3,3.3721856173292566,26.977484938634053
VYD_01505,8,21,3,3.3004648150117735,26.403718520094188
VYD_01506,8,20,3,1.211096289544689,9.688770316357513
VYD_01507,8,16,3,2.3066598213565754,18.453278570852603
VYD_01508,7,19,3,1.7661883502953788,12.363318452067652
VYD_01509,8,20,3,0.7115606036830096,5.692484829464076
VYD_01510,7,16,3,3.1951838548632097,22.366286984042468
VYD_01511,8,21,3,1.0805731321967975,8.64458505757438
VYD_01512,8,17,3,0.6239772259362908,4.991817807490326
VYD_01513,8,21,3,0.9219810230468338,7.375848184374671
VYD_01514,8,18,3,1.2683207059302972,10.146565647442378
VYD_01515,8,21,3,2.2057153071513724,17.64572245721098
VYD_01516,8,20,3,1.830362998521692,14.642903988173536
VYD_01517,8,18,3,4.282198306709145,34.25758645367316
VYD_01518,7,18,3,2.04224765627237,14.29573359390659
VYD_01519,8,21,3,1.5565326805365227,12.452261444292182
VYD_01520,8,20,3,4.216599785208915,33.73279828167132
VYD_01521,9,21,3,2.2233501177571755,20.01015105981458
VYD_01522,8,20,3,0.8444688061966584,6.755750449573267
VYD_01523,8,21,3,1.1464830479011168,9.171864383208934
VYD_01524,8,18,3,1.7816640645153405,14.253312516122724
VYD_01525,9,19,3,2.5926276127749093,23.333648514974183
VYD_01526,8,20,3,1.479770252582542,11.838162020660336
VYD_01527,7,18,3,2.5272818515720634,17.690972961004444
VYD_01528,8,20,3,2.05492528698928,16.43940229591424
VYD_01529,8,20,3,13.439951165914218,107.51960932731374
VYD_01530,8,19,3,0.7250556692051445,5.800445353641156
VYD_01531,7,19,3,1.6995475682692125,11.896832977884488
VYD_01532,7,19,3,2.8548810667576268,19.984167467303386
VYD_01533,7,18,3,1.500147668144559,10.501033677011913
VYD_01534,8,18,3,1.5878166772311322,12.702533417849057
VYD_01535,8,21,3,1.7971002687502506,14.376802150002005
VYD_01536,7,19,3,3.1428419650114376,21.999893755080063
VYD_01537,8,20,3,1.0308861451968994,8.247089161575195
VYD_01538,8,20,3,1.857882023164548,14.863056185316385
VYD_01539,8,18,3,1.2277025303978022,9.821620243182418
VYD_01540,8,20,3,1.1007212908994173,8.805770327195338
VYD_01541,8,21,3,1.0280317266707393,8.224253813365914
VYD_01542,8,20,3,1.514353994591481,12.114831956731848
VYD_01543,8,21,3,0.670605710633793,5.364845685070344
VYD_01544,8,18,3,1.1963530625299459,9.570824500239567
VYD_01545,8,21,3,2.9915667013076224,23.93253361046098
VYD_01546,7,19,3,2.81140316834022,19.67982217838154
VYD_01547,8,21,3,2.061986801881267,16.495894415050135
VYD_01548,8,21,3,4.452220471137868,35.61776376910294
VYD_01549,8,18,3,1.5455550215945155,12.364440172756124
VYD_01550,8,18,3,1.6032571801241124,12.8260574409929
VYD_01551,8,20,3,0.6850624238077677,5.480499390462142
VYD_01552,8,20,3,1.0033238411380845,8.026590729104676
VYD_01553,7,19,3,3.5507714481014694,24.855400136710287
VYD_01554,8,20,3,3.0664603048823307,24.531682439058645
VYD_01555,8,20,3,0.9412752827266899,7.530202261813519
VYD_01556,8,21,3,1.397047013445665,11.17637610756532
VYD_01557,8,20,3,3.5425950185164803,28.340760148131842
VYD_01558,7,19,3,2.2310714196358292,15.617499937450805
VYD_01559,8,22,3,1.3603224870998625,10.8825798967989
VYD_01560,8,21,3,6.287096622283042,50.296772978264336
VYD_01561,7,18,3,7.481239445443787,52.36867611810651
VYD_01562,8,21,3,0.6452886915643329,5.162309532514663
VYD_01563,8,18,3,3.405468255677792,27.243746045422338
VYD_01564,9,21,3,3.3437530751874736,30.09377767668726
VYD_01565,7,16,3,0.8982290724279053,6.287603506995337
VYD_01566,7,18,3,2.101173229987105,14.708212609909737
VYD_01567,8,20,3,0.9374185480330236,7.499348384264189
VYD_01568,7,18,3,0.8765101200675476,6.135570840472833
VYD_01569,8,18,3,2.0269821791291847,16.215857433033477
VYD_01570,7,18,3,1.0520740506222233,7.364518354355563
VYD_01571,7,19,3,4.924427935225199,34.4709955465764
VYD_01572,7,18,3,4.678595371834979,32.750167602844854
VYD_01573,7,18,3,3.5843340788820273,25.09033855217419
VYD_01574,8,20,3,0.8562123702610343,6.849698962088274
VYD_01575,8,20,3,4.535869666155149,36.28695732924119
VYD_01576,8,16,3,1.776027406042792,14.208219248342337
VYD_01577,8,21,3,1.1509382016085077,9.207505612868061
VYD_01578,8,18,3,1.1440154033344472,9.152123226675577
VYD_01579,8,20,3,2.2547220713646925,18.03777657091754
VYD_01580,8,20,3,10.474326672879563,83.7946133830365
VYD_01581,7,18,3,1.057367317232247,7.40157122062573
VYD_01582,8,20,3,3.405652543140211,27.245220345121687
VYD_01583,9,19,3,1.7582693438235062,15.824424094411556
VYD_01584,8,20,3,1.577385660459202,12.619085283673616
VYD_01585,8,18,3,1.4619699924082221,11.695759939265777
VYD_01586,8,18,3,1.6642975312803916,13.314380250243133
VYD_01587,7,18,3,3.600135995721428,25.200951970049996
VYD_01588,8,20,3,6.125188510041031,49.00150808032825
VYD_01589,7,19,3,5.233641840053814,36.635492880376695
VYD_01590,9,21,3,6.910895010359259,62.198055093233336
VYD_01591,8,20,3,1.232238844754839,9.857910758038711
VYD_01592,8,20,3,0.6918131039507852,5.534504831606282
VYD_01593,7,17,3,1.852908828466929,12.970361799268503
VYD_01594,9,21,3,7.90531301000674,71.14781709006066
VYD_01595,8,21,3,0.9400389181726466,7.520311345381173
VYD_01596,8,18,3,3.063979796975875,24.511838375807
VYD_01597,9,21,3,6.1752622249520135,55.57736002456812
VYD_01598,8,20,3,0.7285163534546197,5.828130827636958
VYD_01599,8,20,3,5.358599107886135,42.86879286308908
VYD_01600,8,18,3,0.9773495842229162,7.818796673783329
VYD_01601,8,20,3,2.136623135591361,17.092985084730888
VYD_01602,7,14,3,4.190849995323608,29.335949967265254
VYD_01603,8,21,3,6.173736689126847,49.389893513014776
VYD_01604,8,21,3,1.919409402916459,15.355275223331672
VYD_01605,7,18,3,0.6149617796410706,4.304732457487494
VYD_01606,8,20,3,1.1949690895981813,9.55975271678545
VYD_01607,8,21,3,0.7372722481847345,5.898177985477876
VYD_01608,8,21,3,1.370581859968592,10.964654879748736
VYD_01609,7,19,3,1.1206982164316386,7.84488751502147
VYD_01610,8,20,3,5.018334431234162,40.14667544987329
VYD_01611,8,21,3,1.3011396154779162,10.40911692382333
VYD_01612,8,20,3,1.0703152601657582,8.562522081326065
VYD_01613,8,20,3,5.277565967463204,42.22052773970563
VYD_01614,8,18,3,2.4510216942769185,19.608173554215348
VYD_01615,7,19,3,0.6976515194464101,4.883560636124871
VYD_01616,7,18,3,3.7352265514935263,26.146585860454685
VYD_01617,8,21,3,5.169079045058065,41.35263236046452
VYD_01618,8,20,3,1.5430398822567255,12.344319058053804
VYD_01619,8,21,3,2.022955478839267,16.183643830714136
VYD_01620,8,21,3,4.27584055236681,34.20672441893448
VYD_01621,8,20,3,0.7681269509446187,6.1450156075569495
VYD_01622,7,14,3,0.9408821575117138,6.586175102581996
VYD_01623,8,20,3,2.9874058891838753,23.899247113471002
VYD_01624,7,19,3,1.3195226388216774,9.236658471751742
VYD_01625,8,18,3,2.626063837146866,21.008510697174927
VYD_01626,8,20,3,1.4081210270315851,11.264968216252681
VYD_01627,9,19,3,0.7067089178669503,6.360380260802553
VYD_01628,8,20,3,0.6307236516636194,5.0457892133089555
VYD_01629,8,18,3,1.832145662472813,14.657165299782504
VYD_01630,8,20,3,3.3742226019051036,26.99378081524083
VYD_01631,8,21,3,1.4586491203941778,11.669192963153423
VYD_01632,9,21,3,0.9159759935609035,8.243783942048132
VYD_01633,8,18,3,2.877299029185768,23.018392233486143
VYD_01634,8,21,3,1.8991706106347326,15.19336488507786
VYD_01635,8,18,3,1.6837319019889276,13.469855215911421
VYD_01636,7,18,3,0.7375772997823689,5.163041098476582
VYD_01637,9,19,3,2.1198694033059176,19.078824629753257
VYD_01638,8,18,3,1.6611555465217702,13.289244372174162
VYD_01639,8,20,3,2.465342996848625,19.722743974789
VYD_01640,8,20,3,1.2956249837160962,10.36499986972877
VYD_01641,8,20,3,6.216493878677516,49.73195102942013
VYD_01642,8,20,3,3.1490789157569705,25.192631326055764
VYD_01643,8,20,3,4.791486744484307,38.331893955874456
VYD_01644,8,21,3,4.896742961279344,39.17394369023475
VYD_01645,7,16,3,0.9244472719066301,6.471130903346411
VYD_01646,8,18,3,1.4997720516229398,11.998176412983518
VYD_01647,7,16,3,0.7031123974945572,4.921786782461901
VYD_01648,8,18,3,3.6876603214785644,29.501282571828515
VYD_01649,8,20,3,2.4285941540568605,19.428753232454884
VYD_01650,8,18,3,1.5580279428212207,12.464223542569766
VYD_01651,8,21,3,1.3929993955788447,11.143995164630757
VYD_01652,8,18,3,1.9996801489606908,15.997441191685526
VYD_01653,8,18,3,3.818896592893775,30.5511727431502
VYD_01654,8,21,3,1.4878320014329547,11.902656011463637
VYD_01655,8,21,3,0.7719863149417879,6.1758905195343035
VYD_01656,8,20,3,2.7684507232891984,22.147605786313587
VYD_01657,8,18,3,2.899993237920695,23.19994590336556
VYD_01658,8,18,3,16.54755664287869,132.3804531430295
VYD_01659,8,18,3,0.9175183095857755,7.340146476686204
VYD_01660,7,19,3,3.2170152560672056,22.51910679247044
VYD_01661,8,21,3,1.1354129693878028,9.083303755102422
VYD_01662,7,18,3,0.9324232312936334,6.526962619055434
VYD_01663,9,23,3,3.056554463074008,27.50899016766607
VYD_01664,7,18,3,4.581044847561607,32.06731393293125
VYD_01665,8,20,3,3.972075864693911,31.776606917551288
VYD_01666,8,21,3,0.9714712668160511,7.771770134528409
VYD_01667,7,16,3,1.9923596583186278,13.946517608230394
VYD_01668,8,20,3,3.5115962374011644,28.092769899209316
VYD_01669,8,21,3,2.6880772618152076,21.50461809452166
VYD_01670,8,21,3,1.513323758915385,12.10659007132308
VYD_01671,8,20,3,1.2507177975085055,10.005742380068044
VYD_01672,7,17,3,2.1352253204647167,14.946577243253017
VYD_01673,7,18,3,5.718822103015776,40.03175472111043
VYD_01674,7,18,3,0.8743092546308248,6.120164782415773
VYD_01675,8,21,3,2.1984289113853643,17.587431291082915
VYD_01676,8,20,3,3.080623997434038,24.644991979472305
VYD_01677,8,18,3,0.8348041414243101,6.678433131394481
VYD_01678,8,21,3,4.262419836674737,34.099358693397896
VYD_01679,8,16,3,3.3834919600666966,27.067935680533573
VYD_01680,8,21,3,5.000499283432848,40.00399426746279
VYD_01681,7,18,3,1.4184024465145102,9.928817125601572
VYD_01682,8,18,3,2.6047740952373224,20.83819276189858
VYD_01683,8,18,3,4.993979646026309,39.951837168210474
VYD_01684,8,20,3,2.169347189975377,17.354777519803015
VYD_01685,8,18,3,3.908905150999379,31.271241207995033
VYD_01686,7,18,3,0.9431360495723787,6.601952347006651
VYD_01687,8,18,3,1.6313004207326007,13.050403365860806
VYD_01688,8,17,3,1.1584456547381963,9.26756523790557
VYD_01689,8,20,3,6.735377785695715,53.88302228556572
VYD_01690,8,19,3,0.612330995690189,4.898647965521512
VYD_01691,8,20,3,0.8866584804798716,7.093267843838973
VYD_01692,8,21,3,0.5381735221275982,4.305388177020785
VYD_01693,7,17,3,2.968944120394445,20.782608842761114
VYD_01694,7,19,3,2.4007292610312785,16.805104827218948
VYD_01695,7,16,3,0.8776862339567367,6.143803637697157
VYD_01696,8,20,3,3.5695636054861084,28.556508843888867
VYD_01697,7,16,3,0.7738836983468855,5.4171858884281985
VYD_01698,7,17,3,0.6302073806984198,4.411451664888938
VYD_01699,8,20,3,3.613490585947218,28.907924687577744
VYD_01700,8,21,3,1.1179722635868419,8.943778108694735
VYD_01701,7,19,3,0.9360373722063196,6.552261605444237
VYD_01702,8,21,3,1.3938061393966112,11.15044911517289
VYD_01703,8,20,3,2.025445932288169,16.20356745830535
VYD_01704,8,20,3,0.9801895779284546,7.841516623427637
VYD_01705,8,21,3,5.328050716119817,42.624405728958536
VYD_01706,8,18,3,2.8258645518341385,22.60691641467311
VYD_01707,8,20,3,3.3594360119958218,26.875488095966574
VYD_01708,7,18,3,4.043623015029,28.305361105202998
VYD_01709,8,21,3,0.705782045907285,5.64625636725828
VYD_01710,8,20,3,1.130748843477487,9.045990747819896
VYD_01711,7,18,3,1.4566252088516933,10.196376461961853
VYD_01712,7,19,3,0.7784822320345931,5.449375624242152
VYD_01713,7,18,3,1.419521440398669,9.936650082790683
VYD_01714,8,20,3,1.7010840980098114,13.608672784078491
VYD_01715,7,16,3,0.7162465565059194,5.013725895541436
VYD_01716,8,21,3,11.982462649080434,95.85970119264347
VYD_01717,8,20,3,0.6265245203731667,5.012196162985334
VYD_01718,7,19,3,8.072441496421789,56.50709047495252
VYD_01719,8,20,3,1.521953127433426,12.175625019467407
VYD_01720,7,16,3,0.6396575421588091,4.477602795111664
VYD_01721,8,18,3,1.2878229829118728,10.302583863294982
VYD_01722,8,20,3,1.5712411918001727,12.569929534401382
VYD_01723,7,18,3,3.0755757722147608,21.529030405503324
VYD_01724,8,20,3,1.3187575298491299,10.550060238793039
VYD_01725,8,21,3,4.182741824372412,33.4619345949793
VYD_01726,8,21,3,3.603776310821972,28.830210486575776
VYD_01727,8,21,3,5.2100183170278,41.6801465362224
VYD_01728,8,17,3,3.1873810466857018,25.499048373485614
VYD_01729,8,21,3,4.045511087975802,32.364088703806416
VYD_01730,8,18,3,6.9082879470442595,55.266303576354076
VYD_01731,8,18,3,2.7998077957697114,22.39846236615769
VYD_01732,8,21,3,3.350796850141634,26.80637480113307
VYD_01733,8,18,3,5.092093075871644,40.736744606973154
VYD_01734,8,20,3,2.253339946930471,18.026719575443767
VYD_01735,8,21,3,1.2868971628441195,10.295177302752956
VYD_01736,8,20,3,2.267234769971952,18.137878159775617
VYD_01737,8,18,3,5.38826711593938,43.10613692751504
VYD_01738,7,16,3,4.6375272789435416,32.46269095260479
VYD_01739,8,18,3,0.09371636023483652,0.7497308818786922
VYD_01740,8,18,3,0.7751554694563478,6.201243755650783
VYD_01741,8,21,3,6.062716119741158,48.50172895792927
VYD_01742,7,18,3,3.074728217374876,21.52309752162413
VYD_01743,7,19,3,4.138714691366702,28.971002839566914
VYD_01744,7,18,3,0.7351055306819052,5.145738714773336
VYD_01745,8,20,3,2.125535182530222,17.004281460241774
VYD_01746,8,20,3,1.0040038332270849,8.032030665816679
VYD_01747,8,20,3,0.867022224834473,6.936177798675784
VYD_01748,8,20,3,1.9540364589924237,15.63229167193939
VYD_01749,8,18,3,1.259351718176066,10.074813745408528
VYD_01750,8,20,3,6.542650836546926,52.34120669237541
VYD_01751,8,20,3,1.8958076543083324,15.16646123446666
VYD_01752,8,20,3,5.602375732153903,44.819005857231225
VYD_01753,8,20,3,0.6308119703077915,5.046495762462332
VYD_01754,8,20,3,3.468345087700436,27.74676070160349
VYD_01755,8,21,3,0.7488172619451314,5.990538095561051
VYD_01756,8,20,3,2.1308366685559164,17.04669334844733
VYD_01757,8,20,3,4.668194852727995,37.34555882182396
VYD_01758,8,20,3,1.203636648492936,9.629093187943488
VYD_01759,8,21,3,1.1202899347412496,8.962319477929997
VYD_01760,7,16,3,0.8680356155499811,6.076249308849867
VYD_01761,9,19,3,3.4604452104752315,31.144006894277084
VYD_01762,8,17,3,3.291757138265035,26.33405710612028
VYD_01763,9,21,3,0.8892643946065227,8.003379551458705
VYD_01764,8,21,3,2.0938180501285037,16.75054440102803
VYD_01765,8,21,3,1.1837574603767471,9.470059683013977
VYD_01766,8,18,3,7.889215791720044,63.113726333760354
VYD_01767,7,17,3,0.7383555396859562,5.168488777801693
VYD_01768,8,20,3,2.182308443981248,17.458467551849985
VYD_01769,7,19,3,1.8758393997097293,13.130875797968105
VYD_01770,7,16,3,1.036168264580414,7.253177852062898
VYD_01771,8,21,3,2.4728922732334846,19.783138185867877
VYD_01772,7,19,3,2.001036481824754,14.007255372773278
VYD_01773,8,18,3,5.243888658982102,41.951109271856815
VYD_01774,8,19,3,0.9434717126070372,7.547773700856298
VYD_01775,8,17,3,2.3495739590920706,18.796591672736565
VYD_01776,8,21,3,3.529847644369805,28.23878115495844
VYD_01777,8,20,3,1.3052455627685466,10.441964502148373
VYD_01778,8,18,3,6.200712523981103,49.605700191848825
VYD_01779,8,20,3,1.0673419321963318,8.538735457570654
VYD_01780,8,18,3,3.1203749373181355,24.962999498545084
VYD_01781,8,21,3,1.1587528114943004,9.270022491954403
VYD_01782,7,18,3,2.3138921488927373,16.19724504224916
VYD_01783,8,18,3,2.8019629343525887,22.41570347482071
VYD_01784,7,18,3,2.271602922776102,15.901220459432713
VYD_01785,8,20,3,2.3227165006382156,18.581732005105724
VYD_01786,8,18,3,5.476635872261556,43.81308697809245
VYD_01787,7,18,3,1.15726353326723,8.10084473287061
VYD_01788,8,20,3,1.368173529720968,10.945388237767744
VYD_01789,8,18,3,0.8964197748110854,7.171358198488683
VYD_01790,7,18,3,0.10939646566156264,0.7657752596309384
VYD_01791,8,21,3,1.46905011853516,11.75240094828128
VYD_01792,7,17,3,2.4376475801953745,17.06353306136762
VYD_01793,8,18,3,3.9535583020954315,31.62846641676345
VYD_01794,8,20,3,3.721860513683522,29.774884109468175
VYD_01795,8,20,3,2.4140081375378135,19.312065100302508
VYD_01796,8,21,3,4.475002193270828,35.80001754616662
VYD_01797,8,21,3,2.6461189481844665,21.16895158547573
VYD_01798,8,21,3,1.329572360244652,10.636578881957217
VYD_01799,8,21,3,3.3012716597290432,26.410173277832346
VYD_01800,7,16,3,0.9641529311268557,6.74907051788799
VYD_01801,8,20,3,0.7266373907734877,5.813099126187901
VYD_01802,7,19,3,0.9570369496606154,6.6992586476243075
VYD_01803,8,20,3,2.4871284576734856,19.897027661387884
VYD_01804,8,20,3,5.068468561579713,40.5477484926377
VYD_01805,7,19,3,2.7776715625677117,19.443700937973983
VYD_01806,7,19,3,0.6117508883469913,4.282256218428939
VYD_01807,8,20,3,2.2593297345403838,18.07463787632307
VYD_01808,7,18,3,0.6687659760772864,4.681361832541005
VYD_01809,8,21,3,5.699870603012171,45.598964824097365
VYD_01810,8,17,3,0.6414305095220261,5.131444076176209
VYD_01811,7,18,3,1.1067625063248496,7.747337544273948
VYD_01812,9,19,3,2.6369812778931117,23.732831501038007
VYD_01813,8,20,3,5.778719018545216,46.229752148361726
VYD_01814,8,17,3,1.883193886629495,15.06555109303596
VYD_01815,7,18,3,3.3522845926331994,23.465992148432395
VYD_01816,8,20,3,0.8302790424046721,6.642232339237377
VYD_01817,7,16,3,2.0618408881718833,14.432886217203183
VYD_01818,8,20,3,0.9819456373699721,7.855565098959777
VYD_01819,8,20,3,1.3076300268532153,10.461040214825722
VYD_01820,8,18,3,0.9623870957400963,7.69909676592077
VYD_01821,8,17,3,2.8786549592158006,23.029239673726405
VYD_01822,8,18,3,1.0090672457050986,8.07253796564079
VYD_01823,8,21,3,4.624210953678341,36.99368762942673
VYD_01824,7,18,3,0.8316749960588299,5.821724972411809
VYD_01825,8,20,3,3.069233983592698,24.553871868741584
VYD_01826,7,16,3,4.209308426517432,29.465158985622026
VYD_01827,8,20,3,7.500296109397059,60.00236887517647
VYD_01828,8,20,3,0.8005362709494284,6.404290167595427
VYD_01829,8,20,3,1.0792358399599804,8.633886719679843
VYD_01830,8,21,3,1.3100790917307983,10.480632733846386
VYD_01831,7,18,3,0.647154835546467,4.530083848825269
VYD_01832,8,20,3,1.2987418052026964,10.389934441621572
VYD_01833,8,21,3,1.8903347749077792,15.122678199262234
VYD_01834,8,18,3,0.6949008547027968,5.559206837622375
VYD_01835,7,18,3,1.2457524019101238,8.720266813370866
VYD_01836,8,20,3,1.1392380050901845,9.113904040721476
VYD_01837,8,18,3,1.3325678925127589,10.660543140102071
VYD_01838,8,18,3,1.318913765907557,10.551310127260455
VYD_01839,7,18,3,3.270692488826973,22.89484742178881
VYD_01840,8,20,3,1.2865300389711163,10.29224031176893
VYD_01841,8,20,3,1.5652031347398239,12.521625077918591
VYD_01842,8,21,3,1.225952116546127,9.807616932369015
VYD_01843,8,20,3,1.2856939536148044,10.285551628918435
VYD_01844,8,21,3,0.7269417772618311,5.8155342180946485
VYD_01845,8,18,3,2.6690418279535626,21.3523346236285
VYD_01846,8,20,3,1.360815009157011,10.886520073256088
VYD_01847,8,18,3,4.905964653668139,39.24771722934511
VYD_01848,8,21,3,2.74706576306243,21.97652610449944
VYD_01849,8,20,3,1.218883427120668,9.751067416965345
VYD_01850,9,19,3,1.4269132889294043,12.842219600364638
VYD_01851,8,20,3,1.2679685223595516,10.143748178876413
VYD_01852,7,18,3,2.4678176421183515,17.27472349482846
VYD_01853,8,21,3,3.8577020816969694,30.861616653575755
VYD_01854,8,21,3,12.52428169990581,100.19425359924648
VYD_01855,8,20,3,1.5979056023876395,12.783244819101116
VYD_01856,7,18,3,0.9161122330217509,6.412785631152256
VYD_01857,7,16,3,1.159153191430317,8.11407234001222
VYD_01858,8,20,3,0.9659067783813494,7.727254227050795
VYD_01859,8,20,3,3.1979617231498527,25.58369378519882
VYD_01860,8,18,3,1.1921074843617612,9.53685987489409
VYD_01861,7,15,3,1.213532531915612,8.494727723409284
VYD_01862,8,20,3,2.910554934081153,23.284439472649225
VYD_01863,7,18,3,1.2375999230027928,8.663199461019548
VYD_01864,8,20,3,1.358711269085075,10.8696901526806
VYD_01865,7,18,3,0.8504456662220011,5.953119663554008
VYD_01866,7,16,3,0.6593029211448186,4.61512044801373
VYD_01867,9,20,3,0.9977015944700003,8.979314350230002
VYD_01868,7,17,3,2.650570300947892,18.553992106635246
VYD_01869,7,16,3,2.4031359712977682,16.821951799084378
VYD_01870,8,18,3,3.1891800676081754,25.513440540865403
VYD_01871,8,21,3,0.806395102716526,6.451160821732208
VYD_01872,8,21,3,6.053653972918094,48.429231783344754
VYD_01873,8,20,3,1.4802959737176113,11.84236778974089
VYD_01874,7,16,3,0.8787941206672487,6.151558844670741
VYD_01875,8,21,3,2.2957856542951562,18.36628523436125
VYD_01876,8,19,3,2.658098225793345,21.26478580634676
VYD_01877,8,21,3,8.959791520919756,71.67833216735805
VYD_01878,8,20,3,5.242337403385925,41.9386992270874
VYD_01879,8,20,3,2.9796340391142926,23.83707231291434
VYD_01880,8,21,3,2.9814973206078266,23.851978564862613
VYD_01881,7,19,3,1.3020635169737387,9.11444461881617
VYD_01882,8,18,3,2.3660944780398667,18.928755824318934
VYD_01883,8,21,3,2.299662390647779,18.397299125182233
VYD_01884,8,18,3,0.9088717225220673,7.270973780176538
VYD_01885,8,20,3,2.123579638372716,16.988637106981727
VYD_01886,8,21,3,1.1326749137814196,9.061399310251357
VYD_01887,8,20,3,1.7735981226540338,14.18878498123227
VYD_01888,8,20,3,5.216543673826605,41.73234939061284
VYD_01889,8,20,3,11.567066198139369,92.53652958511495
VYD_01890,8,20,3,0.8030870822652905,6.424696658122324
VYD_01891,8,21,3,0.6292731070417863,5.03418485633429
VYD_01892,7,19,3,0.8155854545377995,5.709098181764596
VYD_01893,7,19,3,5.027045623105455,35.189319361738185
VYD_01894,7,18,3,5.100562905926999,35.703940341488995
VYD_01895,7,19,3,1.1544909550447988,8.08143668531359
VYD_01896,7,18,3,2.134995066218575,14.944965463530025
VYD_01897,8,20,3,0.7735016797995082,6.188013438396066
VYD_01898,9,19,3,1.9152521033826742,17.237268930444067
VYD_01899,8,20,3,3.0626365477973216,24.501092382378573
VYD_01900,7,18,3,0.8849510026418959,6.194657018493271
VYD_01901,8,17,3,0.7423320837763027,5.938656670210421
VYD_01902,8,20,3,3.5268142613667006,28.214514090933605
VYD_01903,8,21,3,4.614021360434056,36.91217088347245
VYD_01904,8,21,3,2.7088069333186935,21.670455466549548
VYD_01905,7,19,3,1.4197538346393848,9.938276842475693
VYD_01906,8,19,3,1.0057066929160003,8.045653543328003
VYD_01907,7,19,3,0.9069937355076023,6.348956148553216
VYD_01908,8,20,3,1.1010465515021115,8.808372412016892
VYD_01909,8,21,3,1.0932305888535372,8.745844710828298
VYD_01910,8,20,3,4.395681055435317,35.16544844348254
VYD_01911,8,20,3,0.8103666066682544,6.4829328533460355
VYD_01912,7,18,3,3.514901603288386,24.6043112230187
VYD_01913,8,20,3,1.8582512721108035,14.866010176886428
VYD_01914,9,19,3,10.60748612331759,95.46737510985831
VYD_01915,9,21,3,9.176854245360708,82.59168820824638
VYD_01916,8,20,3,2.731752945102814,21.85402356082251
VYD_01917,8,20,3,2.4051873631660667,19.241498905328534
VYD_01918,8,20,3,3.0189732774886826,24.15178621990946
VYD_01919,8,17,3,1.6137564843996366,12.910051875197093
VYD_01920,7,18,3,1.4696377602182584,10.287464321527809
VYD_01921,8,17,3,1.0697829834606243,8.558263867684994
VYD_01922,8,20,3,1.1225367486194253,8.980293988955403
VYD_01923,8,20,3,1.9390683649304632,15.512546919443706
VYD_01924,8,20,3,0.7262084605547822,5.809667684438257
VYD_01925,9,20,3,13.694941345111936,123.25447210600743
VYD_01926,7,19,3,0.6560703542551611,4.592492479786128
VYD_01927,7,18,3,1.188505375256677,8.31953762679674
VYD_01928,8,20,3,0.991035602304648,7.928284818437184
VYD_01929,8,18,3,2.816508959531375,22.532071676251
VYD_01930,8,18,3,0.9926117923497494,7.940894338797995
VYD_01931,8,21,3,4.533483881247205,36.26787104997764
VYD_01932,8,21,3,2.039658974231268,16.317271793850143
VYD_01933,8,21,3,1.112580491197394,8.900643929579152
VYD_01934,8,21,3,1.3207661888120905,10.566129510496724
VYD_01935,8,20,3,0.8964679228188994,7.171743382551195
VYD_01936,8,21,3,0.6249861963265348,4.999889570612279
VYD_01937,8,20,3,0.6296115962624056,5.036892770099245
VYD_01938,8,21,3,2.786032352888388,22.288258823107103
VYD_01939,9,21,3,0.9444786824495168,8.500308142045652
VYD_01940,7,18,3,1.4764996200776561,10.335497340543593
VYD_01941,9,21,3,1.0493246711719253,9.443922040547328
VYD_01942,7,18,3,2.221702309995234,15.551916169966638
VYD_01943,8,18,3,0.9881915394795234,7.905532315836187
VYD_01944,8,18,3,2.256194141430903,18.049553131447222
VYD_01945,8,18,3,2.9920501496915723,23.93640119753258
VYD_01946,8,20,3,0.774822522662033,6.198580181296264
VYD_01947,8,21,3,3.1509472783932817,25.207578227146254
VYD_01948,8,18,3,1.6440066906218294,13.152053524974635
VYD_01949,8,20,3,0.9304021152740739,7.443216922192591
VYD_01950,9,20,3,13.5487370794362,121.9386337149258
VYD_01951,8,20,3,2.226261570981986,17.81009256785589
VYD_01952,8,17,3,0.8102017327999098,6.4816138623992785
VYD_01953,8,20,3,8.77145852910812,70.17166823286496
VYD_01954,8,20,3,2.9775414609119655,23.820331687295724
VYD_01955,8,18,3,3.711363716997884,29.690909735983073
VYD_01956,8,21,3,1.0343344934304928,8.274675947443942
VYD_01957,8,18,3,1.2708593744774723,10.166874995819779
VYD_01958,8,22,3,0.84308840242405,6.7447072193924
VYD_01959,8,20,3,0.9587296729046215,7.669837383236972
VYD_01960,8,18,3,0.9277172827946464,7.421738262357171
VYD_01961,8,20,3,6.0381189881104875,48.3049519048839
VYD_01962,8,20,3,2.8340666682209705,22.672533345767764
VYD_01963,8,20,3,1.7429817104406455,13.943853683525164
VYD_01964,8,21,3,1.4673566956241884,11.738853564993507
VYD_01965,9,23,3,10.167168272333052,91.50451445099748
VYD_01966,8,18,3,3.74454167117569,29.95633336940552
VYD_01967,8,18,3,0.6842981570674413,5.474385256539531
VYD_01968,8,20,3,3.192317494716218,25.538539957729743
VYD_01969,8,21,3,1.2856257184099853,10.285005747279882
VYD_01970,7,19,3,1.128311606226297,7.898181243584079
VYD_01971,8,18,3,0.9020255551266013,7.2162044410128106
VYD_01972,8,20,3,1.2549126632839025,10.03930130627122
VYD_01973,8,20,3,1.7085610729053937,13.66848858324315
VYD_01974,8,18,3,11.711071937811782,93.68857550249426
VYD_01975,8,20,3,1.312650075595981,10.501200604767847
VYD_01976,7,19,3,1.6834098889927391,11.783869222949175
VYD_01977,7,19,3,1.431144680057358,10.018012760401506
VYD_01978,8,18,3,7.918486715602331,63.34789372481865
VYD_01979,8,20,3,1.9403200638135032,15.522560510508026
VYD_01980,8,18,3,4.8443221279511866,38.75457702360949
VYD_01981,7,18,3,0.861131294996927,6.027919064978489
VYD_01982,7,19,3,2.744538972887422,19.211772810211954
VYD_01983,8,21,3,1.4289347180562146,11.431477744449717
VYD_01984,8,21,3,4.561997079465162,36.4959766357213
VYD_01985,8,21,3,0.6678881632001951,5.3431053056015605
VYD_01986,8,20,3,2.067093736318455,16.53674989054764
VYD_01987,8,21,3,2.8415200688565214,22.73216055085217
VYD_01988,8,19,3,0.7453807297584042,5.9630458380672335
VYD_01989,8,21,3,8.633146995707515,69.06517596566012
VYD_01990,7,19,3,4.390988336491201,30.73691835543841
VYD_01991,8,18,3,3.5805450403373777,28.644360322699022
VYD_01992,8,18,3,1.1422949209523914,9.138359367619131
VYD_01993,8,21,3,2.345397283028146,18.763178264225168
VYD_01994,8,17,3,1.664398251034342,13.315186008274736
VYD_01995,7,16,3,2.1066416565817674,14.74649159607237
VYD_01996,9,21,3,7.380302489182704,66.42272240264433
VYD_01997,8,18,3,0.7730723436645732,6.184578749316586
VYD_01998,8,17,3,1.0508682933642408,8.406946346913927
VYD_01999,8,20,3,3.9208208207455675,31.36656656596454
VYD_02000,8,20,3,1.9694530291674757,15.755624233339805
VYD_02001,8,18,3,1.2740362276305404,10.192289821044323
VYD_02002,8,20,3,1.3190473739462125,10.5523789915697
VYD_02003,8,21,3,2.6564154258063106,21.251323406450485
VYD_02004,8,20,3,2.2233219746557604,17.786575797246083
VYD_02005,8,21,3,1.5544694642059846,12.435755713647877
VYD_02006,8,20,3,2.410924932530044,19.28739946024035
VYD_02007,8,21,3,0.9262002324281013,7.409601859424811
VYD_02008,8,20,3,7.517638485068252,60.141107880546016
VYD_02009,8,20,3,5.812346048104741,46.49876838483793
VYD_02010,8,21,3,4.893528089440186,39.148224715521486
VYD_02011,8,18,3,0.8906167217961777,7.124933774369421
VYD_02012,8,21,3,1.7554775975226384,14.043820780181107
VYD_02013,7,19,3,0.518725707521277,3.631079952648939
VYD_02014,8,20,3,3.9766764441742644,31.813411553394115
VYD_02015,8,21,3,2.853828914591472,22.830631316731775
VYD_02016,7,18,3,2.5627480004481558,17.93923600313709
VYD_02017,7,18,3,2.645298962931965,18.517092740523758
VYD_02018,8,21,3,1.4974753805604082,11.979803044483265
VYD_02019,8,22,3,1.7874254971106431,14.299403976885145
VYD_02020,8,20,3,1.1447645962483892,9.158116769987114
VYD_02021,8,18,3,1.1327188388404403,9.061750710723523
VYD_02022,7,17,3,2.101168097945076,14.708176685615532
VYD_02023,8,21,3,0.8636398500808835,6.909118800647068
VYD_02024,8,21,3,6.280499061721705,50.24399249377364
VYD_02025,8,20,3,2.8592334430250244,22.873867544200195
VYD_02026,8,21,3,1.7900825495074746,14.320660396059797
VYD_02027,9,19,3,5.708176954068403,51.37359258661563
VYD_02028,8,18,3,1.6431067691949899,13.144854153559919
VYD_02029,7,19,3,0.8216302543234469,5.751411780264129
VYD_02030,8,20,3,2.8264628935851324,22.61170314868106
VYD_02031,8,21,3,1.6790061550965514,13.432049240772411
VYD_02032,8,20,3,2.259576768150106,18.07661414520085
VYD_02033,8,20,3,1.7007276548095345,13.605821238476276
VYD_02034,8,20,3,2.3355187001766744,18.684149601413395
VYD_02035,7,18,3,1.0058562493940142,7.040993745758099
VYD_02036,8,21,3,2.1546549517955675,17.23723961436454
VYD_02037,8,20,3,1.1201797402122335,8.961437921697868
VYD_02038,8,21,3,0.7941030805510447,6.352824644408358
VYD_02039,8,18,3,6.13646659534735,49.0917327627788
VYD_02040,8,17,3,1.3354324204464731,10.683459363571785
VYD_02041,8,20,3,1.498742681793596,11.989941454348768
VYD_02042,8,20,3,3.550198664111342,28.401589312890735
VYD_02043,8,18,3,0.9268066024050692,7.414452819240553
VYD_02044,7,18,3,1.041947485929288,7.2936324015050165
VYD_02045,9,19,3,1.618947467348148,14.570527206133333
VYD_02046,7,18,3,0.29073484706129676,2.0351439294290774
VYD_02047,8,20,3,1.4299512859498495,11.439610287598796
VYD_02048,7,19,3,2.0273658051110153,14.191560635777106
VYD_02049,7,18,3,9.367454078809395,65.57217855166576
VYD_02050,8,18,3,1.1738204320884862,9.39056345670789
VYD_02051,8,18,3,2.098560045442285,16.78848036353828
VYD_02052,8,20,3,1.5820999391359962,12.65679951308797
VYD_02053,7,18,3,4.1178553558111135,28.824987490677795
VYD_02054,8,18,3,0.5703832495209343,4.563065996167475
VYD_02055,8,18,3,2.4020043925861856,19.216035140689485
VYD_02056,7,18,3,1.164974426357407,8.154820984501848
VYD_02057,7,16,3,7.205643281939105,50.43950297357374
VYD_02058,8,18,3,2.37662614186905,19.0130091349524
VYD_02059,8,21,3,0.933987934864447,7.471903478915576
VYD_02060,8,17,3,2.505323354304753,20.042586834438023
VYD_02061,8,21,3,5.5914545489100025,44.73163639128002
VYD_02062,8,20,3,1.774545171890295,14.19636137512236
VYD_02063,8,18,3,3.448234104313843,27.585872834510745
VYD_02064,8,17,3,3.859824160343394,30.87859328274715
VYD_02065,8,20,3,1.6345051666274797,13.076041333019838
VYD_02066,7,19,3,1.7641173746794179,12.348821622755924
VYD_02067,8,20,3,3.04042776453355,24.3234221162684
VYD_02068,8,19,3,5.85064644613595,46.8051715690876
VYD_02069,8,17,3,3.6344253603956598,29.075402883165278
VYD_02070,8,20,3,1.0592635083371853,8.474108066697482
VYD_02071,8,17,3,1.62845444525027,13.02763556200216
VYD_02072,7,16,3,1.0398618669228086,7.27903306845966
VYD_02073,8,20,3,2.045487442607161,16.36389954085729
VYD_02074,8,21,3,1.8190026014072176,14.55202081125774
VYD_02075,7,18,3,0.937433417925291,6.562033925477037
VYD_02076,8,21,3,5.1446500762556715,41.15720061004537
VYD_02077,8,20,3,1.5504559089247767,12.403647271398214
VYD_02078,8,20,3,1.5720713238354493,12.576570590683595
VYD_02079,7,17,3,0.9981282851553489,6.986897996087443
VYD_02080,7,18,3,1.7334591834874307,12.134214284412014
VYD_02081,8,21,3,3.058301460549197,24.466411684393577
VYD_02082,7,19,3,2.3413290121528383,16.38930308506987
VYD_02083,8,20,3,2.200226152416401,17.60180921933121
VYD_02084,8,18,3,3.7551694637415958,30.041355709932766
VYD_02085,8,20,3,1.6257289971618656,13.005831977294925
VYD_02086,8,18,3,1.796367135221362,14.370937081770895
VYD_02087,7,18,3,0.6387857187369869,4.471500031158908
VYD_02088,8,21,3,1.1675900455922963,9.34072036473837
VYD_02089,8,20,3,2.962420070565301,23.699360564522408
VYD_02090,7,18,3,2.055755082322153,14.39028557625507
VYD_02091,8,20,3,6.143078702619593,49.14462962095674
VYD_02092,7,18,3,6.301191567146938,44.108340970028564
VYD_02093,8,21,3,0.8336060579827932,6.6688484638623455
VYD_02094,8,18,3,1.6022593465879247,12.818074772703397
VYD_02095,8,18,3,1.2684913439171523,10.147930751337219
VYD_02096,7,19,3,1.5148434727969027,10.603904309578319
VYD_02097,7,18,3,2.978768623782211,20.851380366475475
VYD_02098,7,19,3,0.8177214277678977,5.724049994375283
VYD_02099,8,21,3,0.7737729789577601,6.190183831662081
VYD_02100,8,17,3,0.6402713397388721,5.122170717910977
VYD_02101,8,21,3,1.0297240989934051,8.237792791947241
VYD_02102,7,19,3,0.9451839980340241,6.616287986238168
VYD_02103,7,18,3,1.5019971488894157,10.51398004222591
VYD_02104,7,16,3,2.0655842937346462,14.459090056142523
VYD_02105,8,18,3,3.7649996733718845,30.119997386975076
VYD_02106,9,19,3,1.130861788214652,10.177756093931869
VYD_02107,8,21,3,4.618316806709345,36.94653445367476
VYD_02108,8,18,3,5.218586776791644,41.74869421433315
VYD_02109,8,20,3,5.716924808189465,45.73539846551572
VYD_02110,8,20,3,5.3675811008470715,42.94064880677657
VYD_02111,8,21,3,1.931437792775924,15.451502342207393
VYD_02112,9,19,3,1.991489423641365,17.923404812772283
VYD_02113,8,21,3,2.4129427204689904,19.303541763751923
VYD_02114,7,18,3,1.1622830642653108,8.135981449857177
VYD_02115,8,20,3,5.6652991708520775,45.32239336681662
VYD_02116,8,18,3,3.5497808954358856,28.398247163487085
VYD_02117,7,18,3,1.131957677146764,7.9237037400273485
VYD_02118,7,16,3,1.4570405992041706,10.199284194429195
VYD_02119,9,19,3,2.7666747804077167,24.90007302366945
VYD_02120,7,16,3,2.3068410752006847,16.147887526404794
VYD_02121,9,21,3,5.67929395882689,51.11364562944201
VYD_02122,7,19,3,7.192400142203158,50.34680099542211
VYD_02123,7,16,3,2.2493059453801165,15.745141617660815
VYD_02124,8,18,3,2.581384592342538,20.651076738740304
VYD_02125,8,20,3,2.3234433454015417,18.587546763212334
VYD_02126,8,18,3,0.7969659464213477,6.375727571370781
VYD_02127,8,18,3,0.8670033986609,6.9360271892872
VYD_02128,8,18,3,1.2081471472424363,9.66517717793949
VYD_02129,7,18,3,1.097227514909756,7.680592604368291
VYD_02130,8,20,3,1.3528956750892973,10.823165400714378
VYD_02131,8,21,3,1.616882572156642,12.935060577253136
VYD_02132,7,18,3,1.1809747263283172,8.26682308429822
VYD_02133,8,21,3,4.234528432901787,33.8762274632143
VYD_02134,9,21,3,1.5211004274467215,13.689903847020494
VYD_02135,7,16,3,0.9665272759683475,6.765690931778432
VYD_02136,8,18,3,9.70503367465276,77.64026939722208
VYD_02137,8,18,3,1.4900467018585608,11.920373614868486
VYD_02138,8,20,3,1.107852725900351,8.862821807202808
VYD_02139,8,21,3,1.212423551621159,9.699388412969272
VYD_02140,7,19,3,1.3835145604834307,9.684601923384015
VYD_02141,8,21,3,5.8313274861812285,46.65061988944983
VYD_02142,8,20,3,1.9269612250922101,15.415689800737681
VYD_02143,9,19,3,1.2158585520590433,10.942726968531389
VYD_02144,8,20,3,9.572436704784488,76.5794936382759
VYD_02145,8,20,3,1.8903346411515336,15.122677129212269
VYD_02146,7,18,3,1.9942539326509094,13.959777528556366
VYD_02147,8,21,3,4.050671357008198,32.40537085606558
VYD_02148,8,21,3,2.63569560065558,21.08556480524464
VYD_02149,9,21,3,3.833179394650303,34.498614551852725
VYD_02150,7,19,3,4.253268907705622,29.772882353939355
VYD_02151,7,19,3,1.1902705103656928,8.33189357255985
VYD_02152,8,18,3,2.191647095401251,17.533176763210008
VYD_02153,8,19,3,1.0531298489382719,8.425038791506175
VYD_02154,7,18,3,0.9046147261068321,6.332303082747825
VYD_02155,8,17,3,3.9546082259354995,31.636865807483996
VYD_02156,8,20,3,0.6180272675736743,4.944218140589395
VYD_02157,8,18,3,2.973142683439155,23.78514146751324
VYD_02158,7,19,3,2.534756357232438,17.743294500627066
VYD_02159,8,20,3,0.8047848002538001,6.4382784020304005
VYD_02160,8,20,3,6.881165674895373,55.04932539916298
VYD_02161,8,18,3,0.5128174930794387,4.1025399446355095
VYD_02162,7,19,3,1.255848515181475,8.790939606270324
VYD_02163,7,19,3,1.1600294969500589,8.120206478650411
VYD_02164,8,18,3,1.6972190370211415,13.577752296169132
VYD_02165,7,16,3,0.9478421768717288,6.634895238102102
VYD_02166,8,18,3,0.848102011488053,6.784816091904424
VYD_02167,8,20,3,1.306842233310498,10.454737866483985
VYD_02168,7,16,3,0.9952076052446289,6.966453236712402
VYD_02169,7,16,3,2.2511406557213682,15.757984590049578
VYD_02170,8,19,3,1.0684390705199092,8.547512564159273
VYD_02171,7,19,3,1.8080279879486247,12.656195915640373
VYD_02172,8,20,3,1.173144207589926,9.385153660719409
VYD_02173,8,20,3,3.1496237250302146,25.196989800241717
VYD_02174,7,18,3,4.387267586553491,30.710873105874434
VYD_02175,8,18,3,0.5019816881523538,4.01585350521883
VYD_02176,8,17,3,2.69633973328557,21.57071786628456
VYD_02177,7,16,3,2.003344371925691,14.023410603479837
VYD_02178,8,18,3,0.17526884110364363,1.402150728829149
VYD_02179,7,18,3,2.4970042168073903,17.479029517651732
VYD_02180,7,18,3,1.8303381812517976,12.812367268762584
VYD_02181,8,21,3,4.501237166489786,36.00989733191829
VYD_02182,8,20,3,1.2799749909711575,10.23979992776926
VYD_02183,8,20,3,0.6929654708586919,5.543723766869535
VYD_02184,8,18,3,3.053534541517065,24.42827633213652
VYD_02185,8,20,3,0.8433543720487451,6.746834976389961
VYD_02186,8,20,3,1.3179033887927043,10.543227110341634
VYD_02187,9,19,3,0.6533999472763875,5.880599525487487
VYD_02188,8,18,3,2.0361543428272983,16.289234742618387
VYD_02189,8,21,3,0.7705253709103372,6.164202967282698
VYD_02190,8,19,3,4.998639869927283,39.98911895941826
VYD_02191,7,18,3,0.8825654832387368,6.177958382671158
VYD_02192,8,19,3,2.037025930287617,16.296207442300936
VYD_02193,8,20,3,1.9386533570777462,15.50922685662197
VYD_02194,7,16,3,1.4452047405256603,10.116433183679622
VYD_02195,9,20,3,2.466987243917966,22.202885195261693
VYD_02196,7,18,3,0.6608868673901679,4.626208071731175
VYD_02197,8,20,3,3.0082131632052658,24.065705305642126
VYD_02198,7,16,3,0.4320920431934578,3.0246443023542047
VYD_02199,8,21,3,2.6105231785267504,20.884185428214003
VYD_02200,9,19,3,1.6360902345441115,14.724812110897004
VYD_02201,8,18,3,1.026073818368611,8.208590546948887
VYD_02202,8,20,3,1.2504194877534125,10.0033559020273
VYD_02203,7,16,3,3.227464322915196,22.59225026040637
VYD_02204,8,21,3,1.2387749358216649,9.910199486573319
VYD_02205,8,20,3,1.2466674644585416,9.973339715668333
VYD_02206,8,20,3,5.282908600149174,42.26326880119339
VYD_02207,8,21,3,1.712195600845155,13.69756480676124
VYD_02208,8,20,3,1.933710805957676,15.469686447661408
VYD_02209,8,20,3,2.3852401702617314,19.08192136209385
VYD_02210,8,21,3,5.030152992786952,40.24122394229562
VYD_02211,8,20,3,1.0151063351975025,8.12085068158002
VYD_02212,8,20,3,1.0694255738253673,8.555404590602938
VYD_02213,7,19,3,2.1665132245203464,15.165592571642424
VYD_02214,7,19,3,2.583865703843836,18.087059926906853
VYD_02215,8,21,3,8.582663512377849,68.66130809902279
VYD_02216,8,20,3,2.149897417469648,17.199179339757183
VYD_02217,8,20,3,3.4982338813698743,27.985871050958995
VYD_02218,8,21,3,3.262372996742355,26.09898397393884
VYD_02219,7,18,3,1.2320160816455,8.624112571518499
VYD_02220,7,19,3,1.4186946897509767,9.930862828256837
VYD_02221,7,19,3,0.6990030782519405,4.893021547763584
VYD_02222,8,21,3,0.9607455323300755,7.685964258640604
VYD_02223,8,17,3,2.0043034025739273,16.034427220591418
VYD_02224,7,18,3,12.125829725303392,84.88080807712375
VYD_02225,8,21,3,0.689181289177751,5.513450313422008
VYD_02226,7,18,3,5.655148592958175,39.58604015070722
VYD_02227,8,20,3,3.2402752054842803,25.922201643874242
VYD_02228,8,20,3,0.9937921606734411,7.950337285387529
VYD_02229,8,21,3,1.4871302374190196,11.897041899352157
VYD_02230,7,17,3,0.9070280032620822,6.349196022834575
VYD_02231,8,18,3,0.8268458200696397,6.6147665605571175
VYD_02232,9,19,3,0.6640632125716378,5.976568913144741
VYD_02233,8,21,3,0.8137916146166067,6.510332916932853
VYD_02234,8,20,3,1.4463530604961101,11.570824483968881
VYD_02235,8,20,3,1.8244061081682887,14.59524886534631
VYD_02236,9,19,3,1.3264599396691648,11.938139457022483
VYD_02237,7,18,3,3.9961591065519846,27.97311374586389
VYD_02238,7,18,3,2.56812812296074,17.97689686072518
VYD_02239,8,19,3,2.56496371350014,20.51970970800112
VYD_02240,7,14,3,1.7308417884994867,12.115892519496407
VYD_02241,8,18,3,1.9964211437064086,15.971369149651268
VYD_02242,8,21,3,1.289632958263235,10.31706366610588
VYD_02243,8,21,3,2.0323051888930834,16.258441511144667
VYD_02244,8,18,3,0.896748620152035,7.17398896121628
VYD_02245,8,20,3,2.5816359315052466,20.653087452041973
VYD_02246,8,20,3,1.7722498320930296,14.177998656744236
VYD_02247,8,20,3,0.7945945243761189,6.356756195008951
VYD_02248,8,17,3,2.2744012386433288,18.19520990914663
VYD_02249,7,18,3,1.3444201376093836,9.410940963265686
VYD_02250,8,19,3,0.7086816799389164,5.669453439511331
VYD_02251,8,20,3,0.8056336502183069,6.445069201746455
VYD_02252,8,19,3,0.7586189704352913,6.06895176348233
VYD_02253,8,18,3,3.174747806582452,25.397982452659615
VYD_02254,8,17,3,1.513304274903428,12.106434199227424
VYD_02255,8,21,3,1.3677226896973804,10.941781517579043
VYD_02256,8,20,3,1.8882782010809305,15.106225608647444
VYD_02257,9,19,3,5.285394328195097,47.56854895375587
VYD_02258,8,21,3,1.4376199156135199,11.500959324908159
VYD_02259,8,20,3,9.98446952613257,79.87575620906055
VYD_02260,8,19,3,1.0820550383642389,8.656440306913911
VYD_02261,7,16,3,1.0350118627536,7.2450830392752
VYD_02262,7,19,3,2.1830146222602824,15.281102355821977
VYD_02263,8,18,3,2.3131453678499083,18.505162942799267
VYD_02264,7,15,3,1.5030287493113035,10.521201245179125
VYD_02265,8,20,3,1.3127975867133652,10.502380693706922
VYD_02266,8,20,3,1.5593832020213114,12.475065616170491
VYD_02267,8,21,3,2.02703644605848,16.21629156846784
VYD_02268,9,19,3,1.5570771164090915,14.013694047681824
VYD_02269,8,20,3,3.902627912443199,31.221023299545593
VYD_02270,8,20,3,1.1644082698998888,9.31526615919911
VYD_02271,7,18,3,1.0176998419999,7.1238988939993
VYD_02272,7,18,3,2.0303623580245387,14.212536506171771
VYD_02273,8,21,3,1.51450473562258,12.11603788498064
VYD_02274,8,20,3,3.0612174003876853,24.489739203101482
VYD_02275,8,20,3,1.602702465395002,12.821619723160016
VYD_02276,7,16,3,1.060386879514176,7.422708156599231
VYD_02277,8,20,3,4.358361397267121,34.86689117813697
VYD_02278,7,19,3,2.399055158755886,16.793386111291202
VYD_02279,7,19,3,4.800240636695662,33.601684456869634
VYD_02280,7,18,3,1.6830270775423997,11.781189542796797
VYD_02281,8,21,3,2.348528325314374,18.788226602514992
VYD_02282,8,21,3,0.6900187541029591,5.520150032823673
VYD_02283,8,18,3,1.5685887271362808,12.548709817090247
VYD_02284,7,17,3,4.825799748601256,33.78059824020879
VYD_02285,8,18,3,5.11515389403954,40.92123115231632
VYD_02286,8,17,3,1.5505965523631986,12.404772418905589
VYD_02287,8,19,3,1.1436284812444604,9.149027849955683
VYD_02288,7,19,3,2.995602023331395,20.969214163319766
VYD_02289,8,20,3,4.290575095656485,34.32460076525188
VYD_02290,8,21,3,1.1766536384116488,9.41322910729319
VYD_02291,8,20,3,2.9619001655261115,23.69520132420889
VYD_02292,8,19,3,1.268046639211327,10.144373113690616
VYD_02293,8,20,3,1.006446223680955,8.05156978944764
VYD_02294,7,19,3,0.730653670912965,5.114575696390755
VYD_02295,7,18,3,2.020712990898829,14.144990936291801
VYD_02296,8,17,3,1.6969339318555194,13.575471454844156
VYD_02297,7,18,3,0.9701753328203325,6.791227329742328
VYD_02298,8,18,3,1.2043655243543205,9.634924194834564
VYD_02299,8,21,3,0.8453042311666846,6.762433849333477
VYD_02300,8,21,3,3.010059766090325,24.0804781287226
VYD_02301,7,18,3,0.8127684135646713,5.689378894952699
VYD_02302,7,19,3,5.755934568693601,40.29154198085521
VYD_02303,8,21,3,0.47685696815173567,3.8148557452138854
VYD_02304,8,20,3,1.0037045008262273,8.029636006609818
VYD_02305,7,18,3,3.6603160498698877,25.622212349089214
VYD_02306,8,20,3,1.5664657350318112,12.53172588025449
VYD_02307,8,21,3,4.193378929587816,33.547031436702525
VYD_02308,8,20,3,4.918906308250164,39.35125046600131
VYD_02309,8,20,3,0.9309431895295602,7.447545516236482
VYD_02310,8,21,3,2.916769419271714,23.334155354173713
VYD_02311,8,21,3,2.3903979349140814,19.12318347931265
VYD_02312,8,19,3,3.451063556115163,27.608508448921302
VYD_02313,8,17,3,1.877944903453612,15.023559227628896
VYD_02314,7,19,3,3.3580082925157733,23.506058047610413
VYD_02315,9,21,3,17.648814501064532,158.83933050958078
VYD_02316,8,21,3,2.032302316589034,16.258418532712273
VYD_02317,7,18,3,1.8932060186059898,13.252442130241928
VYD_02318,8,17,3,1.763721286778543,14.109770294228344
VYD_02319,8,19,3,1.3317663622104015,10.654130897683212
VYD_02320,8,20,3,1.089059911999817,8.712479295998536
VYD_02321,7,19,3,1.6376710892819542,11.46369762497368
VYD_02322,7,18,3,3.474353733871904,24.320476137103327
VYD_02323,8,20,3,0.6186876274328443,4.949501019462755
VYD_02324,8,21,3,1.9383384379868007,15.506707503894406
VYD_02325,8,21,3,3.706451386543547,29.651611092348375
VYD_02326,7,18,3,7.706394398086573,53.94476078660601
VYD_02327,8,21,3,0.934187592097408,7.473500736779264
VYD_02328,8,20,3,5.8157855289408396,46.526284231526716
VYD_02329,9,21,3,4.650391614042276,41.85352452638048
VYD_02330,8,17,3,0.7475847658508055,5.980678126806444
VYD_02331,7,18,3,0.3009361704157154,2.106553192910008
VYD_02332,7,18,3,3.014457207047321,21.101200449331245
VYD_02333,7,19,3,10.270112194347963,71.89078536043574
VYD_02334,7,18,3,3.110450788655946,21.773155520591622
VYD_02335,7,18,3,2.535786346286869,17.75050442400808
VYD_02336,8,18,3,3.6885694468139323,29.50855557451146
VYD_02337,8,20,3,3.435876397338618,27.487011178708944
VYD_02338,8,21,3,4.648677591496521,37.18942073197217
VYD_02339,8,21,3,2.7090410918122303,21.672328734497842
VYD_02340,8,20,3,1.050211761261258,8.401694090090064
VYD_02341,8,21,3,6.840925880629809,54.727407045038476
VYD_02342,7,16,3,0.6396106589794531,4.477274612856172
VYD_02343,7,18,3,2.957102991060498,20.699720937423486
VYD_02344,7,18,3,1.2793666396623948,8.955566477636763
VYD_02345,8,21,3,0.7341322753214213,5.873058202571371
VYD_02346,8,21,3,5.418297297578415,43.34637838062732
VYD_02347,8,21,3,0.9237745532753241,7.390196426202593
VYD_02348,8,21,3,9.239758672337766,73.91806937870213
VYD_02349,8,21,3,1.0850080510134201,8.680064408107361
VYD_02350,8,20,3,2.974969693371972,23.799757546975776
VYD_02351,8,18,3,5.398270014788355,43.18616011830684
VYD_02352,9,21,3,8.959475041218129,80.63527537096316
VYD_02353,8,18,3,2.211183470094818,17.689467760758543
VYD_02354,8,20,3,3.9503137164180693,31.602509731344554
VYD_02355,8,20,3,1.3890229897884927,11.112183918307942
VYD_02356,7,18,3,6.370617864901053,44.594325054307376
VYD_02357,8,21,3,0.7729860327668298,6.183888262134638
VYD_02358,8,20,3,1.6766232483394152,13.412985986715322
VYD_02359,7,16,3,1.6594142413246613,11.615899689272629
VYD_02360,8,20,3,3.235103161661339,25.880825293290712
VYD_02361,7,17,3,2.6642637117788004,18.649845982451602
VYD_02362,8,20,3,2.6224426485348036,20.97954118827843
VYD_02363,8,20,3,1.633617680114487,13.068941440915896
VYD_02364,8,20,3,1.1350445232473045,9.080356185978436
VYD_02365,8,21,3,4.552042500448339,36.41634000358671
VYD_02366,8,20,3,1.0322937576756472,8.258350061405178
VYD_02367,8,20,3,2.7090493147991435,21.672394518393148
VYD_02368,8,20,3,0.9258710321400521,7.4069682571204165
VYD_02369,8,21,3,5.071176836794843,40.56941469435874
VYD_02370,8,21,3,1.3072214015300874,10.457771212240699
VYD_02371,7,19,3,2.206309244647444,15.444164712532109
VYD_02372,8,21,3,7.785065593493742,62.28052474794993
VYD_02373,8,19,3,1.0147243445495628,8.117794756396503
VYD_02374,8,21,3,5.9390008685354445,47.512006948283556
VYD_02375,8,21,3,0.7165212098474836,5.732169678779869
VYD_02376,8,20,3,3.6421304316263,29.1370434530104
VYD_02377,8,18,3,1.7915539362641495,14.332431490113196
VYD_02378,7,18,3,4.938527880081891,34.56969516057323
VYD_02379,7,18,3,1.2846347534206077,8.992443273944254
VYD_02380,7,18,3,1.302110115609703,9.11477080926792
VYD_02381,8,19,3,0.8826027239683366,7.060821791746693
VYD_02382,8,19,3,1.7894030505342908,14.315224404274327
VYD_02383,8,18,3,1.9444554056510108,15.555643245208087
VYD_02384,8,21,3,4.095714279420815,32.76571423536652
VYD_02385,8,19,3,5.55626800106279,44.45014400850232
VYD_02386,8,21,3,2.4323927217620493,19.459141774096395
VYD_02387,7,19,3,1.9722692604108274,13.805884822875791
VYD_02388,8,20,3,4.863739325162545,38.90991460130036
VYD_02389,8,20,3,11.569503584256099,92.55602867404879
VYD_02390,7,19,3,3.5916082935528544,25.14125805486998
VYD_02391,7,19,3,1.9131284016615728,13.391898811631009
VYD_02392,8,21,3,2.567828118326604,20.542624946612833
VYD_02393,8,20,3,4.309690036278119,34.47752029022495
VYD_02394,8,18,3,4.831415722265753,38.65132577812602
VYD_02395,8,20,3,1.7836927820013382,14.269542256010705
VYD_02396,7,18,3,1.2952861541756586,9.067003079229611
VYD_02397,8,18,3,0.3383466861812819,2.706773489450255
VYD_02398,7,18,3,0.9667880013805444,6.767516009663811
VYD_02399,8,20,3,1.1778307947756725,9.42264635820538
VYD_02400,8,18,3,0.8142484050001665,6.513987240001332
VYD_02401,7,18,3,1.3571054879979854,9.499738415985897
VYD_02402,8,20,3,2.2428648244384943,17.942918595507955
VYD_02403,8,21,3,0.41522129725443646,3.3217703780354917
VYD_02404,7,18,3,2.994344460904759,20.960411226333314
VYD_02405,8,21,3,5.912523711249549,47.300189689996394
VYD_02406,8,18,3,2.0570216343714716,16.456173074971773
VYD_02407,9,19,3,2.172057989245124,19.54852190320612
VYD_02408,8,17,3,1.4604545333608079,11.683636266886463
VYD_02409,8,21,3,3.3290233293403895,26.632186634723116
VYD_02410,7,19,3,2.0049979085059575,14.034985359541702
VYD_02411,8,18,3,0.9608789659385635,7.687031727508508
VYD_02412,8,20,3,6.231832059104202,49.85465647283362
VYD_02413,7,18,3,0.5230205090161011,3.6611435631127076
VYD_02414,8,21,3,1.3426695885072033,10.741356708057626
VYD_02415,8,21,3,2.8662593011948245,22.930074409558596
VYD_02416,7,18,3,0.6239022627247571,4.3673158390733
VYD_02417,7,17,3,1.235222190631371,8.646555334419597
VYD_02418,8,20,3,2.6555141531124358,21.244113224899486
VYD_02419,8,21,3,0.7519138936263109,6.015311149010487
VYD_02420,8,20,3,4.531960955990288,36.2556876479223
VYD_02421,8,20,3,3.2883828793103174,26.30706303448254
VYD_02422,8,18,3,2.3323021434697866,18.658417147758293
VYD_02423,8,21,3,1.8794570804092967,15.035656643274374
VYD_02424,8,21,3,3.2912954735760898,26.330363788608718
VYD_02425,7,18,3,19.813926039384825,138.69748227569377
VYD_02426,7,16,3,0.6328385097719608,4.429869568403725
VYD_02427,8,20,3,0.7447455044704024,5.9579640357632195
VYD_02428,8,18,3,0.77765663271928,6.22125306175424
VYD_02429,8,20,3,1.5987486933240012,12.78998954659201
VYD_02430,7,19,3,0.8864380300583767,6.205066210408637
VYD_02431,8,18,3,1.059376296862309,8.475010374898472
VYD_02432,8,18,3,1.1428991362583931,9.143193090067145
VYD_02433,7,18,3,1.5721829859976701,11.00528090198369
VYD_02434,8,20,3,4.860877945260012,38.887023562080095
VYD_02435,8,20,3,5.45152667303927,43.61221338431416
VYD_02436,8,17,3,0.7347701905843663,5.878161524674931
VYD_02437,7,18,3,1.7863112076398684,12.504178453479078
VYD_02438,8,21,3,0.8524774419632378,6.819819535705903
VYD_02439,8,18,3,0.6470299226426378,5.1762393811411025
VYD_02440,7,18,3,2.7045956590139246,18.93216961309747
VYD_02441,8,20,3,1.846449679606959,14.771597436855672
VYD_02442,7,19,3,2.719418321617362,19.035928251321536
VYD_02443,8,17,3,0.6114995336025588,4.891996268820471
VYD_02444,8,18,3,2.8876612305002283,23.101289844001826
VYD_02445,8,20,3,4.076270557965165,32.61016446372132
VYD_02446,8,20,3,0.6555956429061233,5.244765143248986
VYD_02447,7,16,3,2.631937835841701,18.423564850891907
VYD_02448,8,21,3,2.542628053877024,20.34102443101619
VYD_02449,9,19,3,3.295149918357451,29.65634926521706
VYD_02450,7,19,3,1.9683736291332654,13.778615403932857
VYD_02451,8,17,3,3.3629180627849373,26.9033445022795
VYD_02452,8,21,3,2.2978217832665626,18.3825742661325
VYD_02453,8,18,3,0.7585626117252975,6.06850089380238
VYD_02454,7,18,3,3.9510717852957415,27.65750249707019
VYD_02455,7,18,3,1.1402692374031378,7.981884661821964
VYD_02456,8,20,3,1.1599977563093338,9.27998205047467
VYD_02457,7,19,3,1.1518088504126618,8.062661952888632
VYD_02458,8,18,3,4.294652552022834,34.35722041618267
VYD_02459,8,21,3,1.2857307725473548,10.285846180378838
VYD_02460,8,20,3,2.5747100505897036,20.59768040471763
VYD_02461,8,18,3,1.5546941977938822,12.437553582351057
VYD_02462,8,20,3,4.4867354561058095,35.893883648846476
VYD_02463,8,18,3,1.3570916523304655,10.856733218643724
VYD_02464,7,19,3,2.059302454511373,14.415117181579612
VYD_02465,8,20,3,0.9346170798577821,7.476936638862257
VYD_02466,8,19,3,1.5635656599325103,12.508525279460082
VYD_02467,8,18,3,6.961671636589858,55.693373092718865
VYD_02468,7,18,3,4.652645136515949,32.568515955611645
VYD_02469,7,16,3,0.663776823507777,4.646437764554439
VYD_02470,8,18,3,1.2469322368637716,9.975457894910173
VYD_02471,7,18,3,1.701035998968972,11.907251992782804
VYD_02472,8,18,3,0.661999224142908,5.295993793143264
VYD_02473,7,17,3,5.539198396932412,38.774388778526884
VYD_02474,7,19,3,0.7194998554435038,5.036498988104527
VYD_02475,7,19,3,2.958055073641667,20.706385515491668
VYD_02476,8,21,3,1.5324246226439182,12.259396981151346
VYD_02477,8,21,3,2.9266999042584927,23.41359923406794
VYD_02478,8,21,3,2.7299949730769657,21.839959784615726
VYD_02479,8,21,3,1.789528980563876,14.316231844511009
VYD_02480,7,18,3,2.380201182908311,16.661408280358177
VYD_02481,7,17,3,5.0782468639039955,35.547728047327965
VYD_02482,8,17,3,4.1564851831793685,33.25188146543495
VYD_02483,7,14,3,0.9046069618568799,6.33224873299816
VYD_02484,8,20,3,11.863118318698419,94.90494654958735
VYD_02485,8,21,3,0.6896424989980331,5.517139991984265
VYD_02486,8,20,3,1.5870441588674322,12.696353270939458
VYD_02487,7,18,3,0.7036059862495422,4.925241903746795
VYD_02488,8,20,3,5.3774141323437945,43.019313058750356
VYD_02489,8,20,3,7.475214090023516,59.80171272018813
VYD_02490,7,19,3,1.4638194439326406,10.246736107528484
VYD_02491,8,21,3,7.587898908313891,60.703191266511126
VYD_02492,8,21,3,0.5554667799769122,4.4437342398152975
VYD_02493,8,17,3,2.3696284610219185,18.957027688175348
VYD_02494,8,18,3,3.149900403275817,25.199203226206535
VYD_02495,7,16,3,0.3424861951641056,2.3974033661487395
VYD_02496,8,20,3,4.590988665204083,36.727909321632666
VYD_02497,7,17,3,2.5595825739277704,17.917078017494394
VYD_02498,8,20,3,0.7078318918262873,5.662655134610298
VYD_02499,8,20,3,1.6498713426977385,13.198970741581908
VYD_02500,8,21,3,0.5458702146082905,4.366961716866324
VYD_02501,8,21,3,1.8173765603843106,14.539012483074485
VYD_02502,8,21,3,2.216335099429243,17.730680795433944
VYD_02503,7,18,3,1.697362712952403,11.88153899066682
VYD_02504,8,20,3,3.0793178536703536,24.63454282936283
VYD_02505,7,18,3,1.3337546658854562,9.336282661198194
VYD_02506,8,17,3,1.6620047291254039,13.296037833003231
VYD_02507,8,21,3,1.3680254358475543,10.944203486780435
VYD_02508,8,21,3,0.6233457616676674,4.986766093341339
VYD_02509,7,16,3,0.7538614095912629,5.2770298671388405
VYD_02510,8,20,3,2.1473223583711913,17.17857886696953
VYD_02511,8,19,3,5.412580112701519,43.300640901612155
VYD_02512,8,20,3,0.9040787543159219,7.232630034527375
VYD_02513,8,17,3,1.0407006347829677,8.325605078263742
VYD_02514,8,20,3,1.7161840571387115,13.729472457109692
VYD_02515,8,20,3,1.6593514922228987,13.27481193778319
VYD_02516,8,18,3,0.6325266783219131,5.060213426575305
VYD_02517,8,20,3,8.00113254609262,64.00906036874096
VYD_02518,8,19,3,1.4593742264668916,11.674993811735133
VYD_02519,8,20,3,2.4756288372144613,19.80503069771569
VYD_02520,9,19,3,1.9658502831650082,17.692652548485075
VYD_02521,9,22,3,6.158669378098251,55.42802440288426
VYD_02522,9,19,3,4.289002920326193,38.601026282935734
VYD_02523,8,21,3,4.3810406371275255,35.048325097020204
VYD_02524,8,21,3,3.0958905968519637,24.76712477481571
VYD_02525,9,19,3,1.094899486436021,9.854095377924189
VYD_02526,7,19,3,0.9523405565441891,6.666383895809324
VYD_02527,8,21,3,2.2706022023771846,18.164817619017477
VYD_02528,7,19,3,2.8561152072252627,19.99280645057684
VYD_02529,7,18,3,0.9439598520037971,6.60771896402658
VYD_02530,8,20,3,1.5491318021427471,12.393054417141977
VYD_02531,9,21,3,1.1899981755241806,10.709983579717626
VYD_02532,7,19,3,1.8581236993818886,13.00686589567322
VYD_02533,8,20,3,16.934547873693255,135.47638298954604
VYD_02534,8,21,3,2.718933688543649,21.751469508349192
VYD_02535,7,17,3,5.390429191466143,37.733004340263
VYD_02536,8,20,3,3.2738694471485315,26.19095557718825
VYD_02537,8,20,3,0.7678453701712484,6.1427629613699875
VYD_02538,9,21,3,1.2068645870244135,10.86178128321972
VYD_02539,7,16,3,1.0671300660234526,7.469910462164169
VYD_02540,8,20,3,4.37371551908846,34.98972415270768
VYD_02541,8,21,3,0.8070940538653948,6.456752430923158
VYD_02542,9,23,3,1.9447676695275713,17.502909025748142
VYD_02543,8,20,3,3.011195054040894,24.08956043232715
VYD_02544,7,19,3,5.975792366669756,41.83054656668829
VYD_02545,7,19,3,1.0807693843602526,7.565385690521769
VYD_02546,7,18,3,3.2959725353002205,23.071807747101545
VYD_02547,7,18,3,0.8499266174890314,5.94948632242322
VYD_02548,8,20,3,5.198183754421422,41.58547003537138
VYD_02549,8,20,3,2.088321169491828,16.706569355934626
VYD_02550,8,21,3,1.0186006050842598,8.148804840674078
VYD_02551,8,21,3,2.9153991146974403,23.323192917579522
VYD_02552,7,18,3,1.3531463964406172,9.47202477508432
VYD_02553,8,20,3,1.5444461827806175,12.35556946224494
VYD_02554,7,16,3,0.717450833914768,5.022155837403377
VYD_02555,8,20,3,0.8675319856955884,6.940255885564707
VYD_02556,8,20,3,1.6012082185587764,12.809665748470211
VYD_02557,8,19,3,1.597171093300702,12.777368746405616
VYD_02558,8,20,3,3.222723185357006,25.781785482856048
VYD_02559,7,19,3,3.8095195271817412,26.66663669027219
VYD_02560,8,16,3,1.43223182771217,11.45785462169736
VYD_02561,7,17,3,19.05762095057258,133.40334665400806
VYD_02562,8,20,3,1.7454649100415154,13.963719280332123
VYD_02563,8,19,3,2.3926423593460253,19.141138874768203
VYD_02564,8,20,3,1.428101884625508,11.424815077004064
VYD_02565,8,21,3,1.5726370291178762,12.58109623294301
VYD_02566,8,20,3,1.5422382464857127,12.337905971885702
VYD_02567,9,19,3,2.6927658785962754,24.23489290736648
VYD_02568,7,18,3,2.410918506986214,16.8764295489035
VYD_02569,8,21,3,2.0970244321431277,16.776195457145022
VYD_02570,7,16,3,0.9290849897573413,6.503594928301389
VYD_02571,8,20,3,5.732013410438986,45.85610728351189
VYD_02572,8,20,3,1.398106956693366,11.184855653546927
VYD_02573,8,20,3,1.2226750902423995,9.781400721939196
VYD_02574,8,20,3,10.437711724720149,83.50169379776119
VYD_02575,8,20,3,6.076185479442077,48.609483835536615
VYD_02576,8,18,3,2.8218469273657143,22.574775418925714
VYD_02577,7,18,3,2.366992249737025,16.568945748159177
VYD_02578,7,18,3,2.6980555242443542,18.88638866971048
VYD_02579,7,16,3,1.0666891048378297,7.466823733864809
VYD_02580,7,18,3,1.303672437974379,9.125707065820652
VYD_02581,8,20,3,1.317338655216927,10.538709241735416
VYD_02582,7,18,3,4.599994990212236,32.19996493148565
VYD_02583,8,20,3,1.1093843256581781,8.875074605265425
VYD_02584,8,20,3,1.8252162336863362,14.60172986949069
VYD_02585,8,18,3,0.7084532001596259,5.667625601277007
VYD_02586,8,21,3,1.4094220062249243,11.275376049799394
VYD_02587,8,17,3,0.8520009948956125,6.8160079591649
VYD_02588,8,20,3,2.376193827977577,19.009550623820616
VYD_02589,8,20,3,2.4976234802539725,19.98098784203178
VYD_02590,8,21,3,0.7265485266768247,5.812388213414597
VYD_02591,8,21,3,2.6006644108913535,20.805315287130828
VYD_02592,8,20,3,0.580482592772233,4.643860742177864
VYD_02593,7,19,3,1.9432285305158588,13.602599713611012
VYD_02594,7,16,3,0.6460646425110437,4.522452497577306
VYD_02595,8,18,3,0.9436588065600007,7.549270452480005
VYD_02596,8,20,3,3.7245668802436356,29.796535041949085
VYD_02597,8,21,3,4.211717302205949,33.693738417647594
VYD_02598,8,21,3,0.6267024243504056,5.013619394803245
VYD_02599,8,18,3,0.8068637960824352,6.4549103686594815
VYD_02600,8,20,3,2.9014173580193527,23.211338864154822
VYD_02601,8,21,3,2.2434818911840146,17.947855129472117
VYD_02602,9,20,3,2.3955688271847486,21.56011944466274
VYD_02603,7,18,3,2.6709841403191503,18.696888982234054
VYD_02604,7,18,3,3.2714931824040656,22.90045227682846
VYD_02605,9,19,3,4.291732015606416,38.625588140457744
VYD_02606,8,20,3,0.656953659639986,5.255629277119888
VYD_02607,7,18,3,0.9332956237858103,6.533069366500673
VYD_02608,8,20,3,3.7597225595873804,30.077780476699044
VYD_02609,7,18,3,2.355793730310745,16.490556112175216
VYD_02610,8,20,3,1.2058236281192087,9.64658902495367
VYD_02611,8,20,3,0.6742228163653349,5.393782530922679
VYD_02612,9,21,3,3.497065465802465,31.473589192222185
VYD_02613,9,21,3,2.098472402519001,18.886251622671008
VYD_02614,8,20,3,2.462796697627483,19.702373581019863
VYD_02615,8,18,3,1.8827528162136986,15.062022529709589
VYD_02616,8,17,3,1.2007235120259463,9.60578809620757
VYD_02617,7,18,3,0.6346351681781681,4.442446177247177
VYD_02618,8,21,3,1.6924971244810076,13.539976995848061
VYD_02619,8,18,3,1.3510815177132591,10.808652141706073
VYD_02620,7,16,3,1.0376089917017974,7.263262941912582
VYD_02621,8,20,3,1.0844132216461961,8.675305773169569
VYD_02622,8,18,3,0.683504895795629,5.468039166365032
VYD_02623,8,18,3,4.501249163874635,36.00999331099708
VYD_02624,8,20,3,2.3332372178013028,18.665897742410422
VYD_02625,8,19,3,0.8633107106463828,6.906485685171062
VYD_02626,8,20,3,4.881908981014435,39.05527184811548
VYD_02627,7,19,3,1.7809608353854258,12.466725847697981
VYD_02628,7,18,3,6.88911276802339,48.22378937616373
VYD_02629,7,18,3,0.921449266048372,6.450144862338604
VYD_02630,7,19,3,2.076193223671468,14.533352565700277
VYD_02631,8,21,3,0.7730628095467017,6.184502476373614
VYD_02632,8,20,3,1.9803676498715554,15.842941198972444
VYD_02633,7,18,3,1.613908531667008,11.297359721669057
VYD_02634,7,19,3,12.441784586952664,87.09249210866865
VYD_02635,8,20,3,2.3900242037635255,19.120193630108204
VYD_02636,8,20,3,1.1893832581874315,9.515066065499452
VYD_02637,8,18,3,1.6653056014694034,13.322444811755227
VYD_02638,8,20,3,3.6086639173446007,28.869311338756805
VYD_02639,8,21,3,1.2434086670802436,9.947269336641948
VYD_02640,9,19,3,0.8117906444826272,7.306115800343645
VYD_02641,8,20,3,1.8947830558398822,15.158264446719057
VYD_02642,8,21,3,3.9503438820856935,31.60275105668555
VYD_02643,8,18,3,0.8129748380872807,6.503798704698245
VYD_02644,8,18,3,2.3962244625845415,19.16979570067633
VYD_02645,7,18,3,2.9745113943491277,20.821579760443893
VYD_02646,8,20,3,2.2168072944050166,17.734458355240132
VYD_02647,8,20,3,10.33573116632646,82.68584933061167
VYD_02648,8,16,3,1.9103057824417897,15.282446259534318
VYD_02649,8,20,3,7.465504147785867,59.72403318228694
VYD_02650,8,20,3,1.2728318296098293,10.182654636878635
VYD_02651,8,20,3,0.6165819687815698,4.932655750252558
VYD_02652,8,20,3,1.4327837106274905,11.462269685019924
VYD_02653,8,20,3,8.639086816740774,69.11269453392619
VYD_02654,8,21,3,1.8547973936124054,14.838379148899243
VYD_02655,8,20,3,4.258552523015751,34.068420184126005
VYD_02656,8,20,3,9.030897133648793,72.24717706919034
VYD_02657,7,19,3,1.0367518072086856,7.2572626504608
VYD_02658,8,18,3,2.177596389237859,17.420771113902873
VYD_02659,7,19,3,5.190647746516699,36.33453422561689
VYD_02660,8,21,3,1.1542444303658457,9.233955442926765
VYD_02661,7,18,3,1.891531965155358,13.240723756087505
VYD_02662,7,16,3,1.525775350724486,10.680427455071403
VYD_02663,7,18,3,14.546219214239184,101.82353449967428
VYD_02664,7,18,3,0.9091964676726766,6.3643752737087365
VYD_02665,8,21,3,0.9300959920255911,7.440767936204729
VYD_02666,8,19,3,1.198472996688397,9.587783973507175
VYD_02667,8,18,3,0.7796037992948982,6.236830394359186
VYD_02668,8,18,3,0.9567434376976286,7.653947501581029
VYD_02669,8,20,3,1.3953125528163475,11.16250042253078
VYD_02670,8,21,3,1.3056822980338534,10.445458384270827
VYD_02671,8,18,3,1.1449117511869653,9.159294009495722
VYD_02672,7,18,3,2.228273474446629,15.597914321126401
VYD_02673,8,20,3,1.4082051526267783,11.265641221014226
VYD_02674,8,20,3,1.1399706105097533,9.119764884078027
VYD_02675,8,20,3,0.9835909634137732,7.868727707310185
VYD_02676,8,21,3,7.988836607035366,63.91069285628293
VYD_02677,7,19,3,3.848072379080305,26.936506653562134
VYD_02678,9,21,3,8.858360615417707,79.72524553875937
VYD_02679,7,19,3,3.2223528033335485,22.556469623334838
VYD_02680,8,21,3,1.9157696982396053,15.326157585916842
VYD_02681,8,21,3,0.7241656560571957,5.793325248457566
VYD_02682,7,17,3,1.125359711151706,7.877517978061942
VYD_02683,8,20,3,4.981675493450417,39.85340394760333
VYD_02684,7,18,3,2.1900430824834554,15.330301577384187
VYD_02685,8,21,3,1.7117360466296858,13.693888373037487
VYD_02686,8,20,3,2.7377340217491257,21.901872173993006
VYD_02687,8,18,3,2.065949758132942,16.527598065063536
VYD_02688,9,19,3,1.2195820114541878,10.97623810308769
VYD_02689,7,18,3,2.025602466502265,14.179217265515854
VYD_02690,8,18,3,0.7968192809324172,6.374554247459337
VYD_02691,8,21,3,0.6253584032243934,5.002867225795147
VYD_02692,8,20,3,0.59339378783592,4.74715030268736
VYD_02693,7,18,3,0.632548245991899,4.427837721943293
VYD_02694,8,20,3,1.739315549895376,13.914524399163009
VYD_02695,7,16,3,0.7116976131890708,4.981883292323495
VYD_02696,8,18,3,1.938491725997299,15.507933807978391
VYD_02697,8,20,3,3.184312651160914,25.47450120928731
VYD_02698,7,19,3,0.6700160894702322,4.690112626291625
VYD_02699,8,21,3,3.0322497377420756,24.257997901936605
VYD_02700,8,20,3,2.9794859425030693,23.835887540024554
VYD_02701,9,19,3,1.10066988938443,9.906029004459871
VYD_02702,8,18,3,2.8850537992206826,23.08043039376546
VYD_02703,8,20,3,1.159489735571331,9.275917884570648
VYD_02704,8,21,3,0.8556151037285492,6.844920829828394
VYD_02705,8,18,3,1.4213487409351542,11.370789927481233
VYD_02706,8,18,3,15.695676198299969,125.56540958639975
VYD_02707,8,18,3,4.469732872962908,35.75786298370326
VYD_02708,9,19,3,1.7686459401502344,15.91781346135211
VYD_02709,7,17,3,0.6659107917593714,4.6613755423156
VYD_02710,8,21,3,1.5609637864891521,12.487710291913217
VYD_02711,8,17,3,1.94066436963106,15.52531495704848
VYD_02712,8,20,3,4.631820474570742,37.05456379656594
VYD_02713,8,18,3,1.8205954861682487,14.56476388934599
VYD_02714,8,20,3,1.0238163519573091,8.190530815658473
VYD_02715,7,19,3,2.162259995182236,15.135819966275651
VYD_02716,7,18,3,0.850049898852323,5.950349291966261
VYD_02717,7,18,3,0.8862289626939075,6.203602738857352
VYD_02718,8,21,3,3.9552656585447563,31.64212526835805
VYD_02719,8,17,3,1.8081491783032162,14.46519342642573
VYD_02720,8,21,3,3.963017186968519,31.704137495748153
VYD_02721,8,21,3,4.230526654875464,33.844213239003714
VYD_02722,8,21,3,7.29068782239348,58.32550257914784
VYD_02723,7,18,3,1.0589019507053736,7.412313654937615
VYD_02724,8,21,3,3.4843340987970906,27.874672790376724
VYD_02725,8,18,3,0.6977832573417007,5.582266058733605
VYD_02726,8,20,3,1.0993460598710354,8.794768478968283
VYD_02727,9,19,3,1.4882748174384257,13.39447335694583
VYD_02728,8,20,3,1.3734561597906596,10.987649278325277
VYD_02729,8,20,3,0.7294150404265484,5.835320323412387
VYD_02730,8,20,3,0.6083548679216094,4.866838943372875
VYD_02731,7,18,3,2.8390247613434876,19.873173329404413
VYD_02732,9,21,3,4.575478849703936,41.17930964733542
VYD_02733,8,20,3,1.0116897882556661,8.093518306045329
VYD_02734,8,17,3,2.988749562732138,23.909996501857105
VYD_02735,8,19,3,1.1977588330529725,9.58207066442378
VYD_02736,8,20,3,1.701390632456127,13.611125059649016
VYD_02737,7,18,3,2.5560675371833885,17.89247276028372
VYD_02738,8,21,3,2.1686096970022133,17.348877576017706
VYD_02739,7,18,3,0.6503905564946917,4.552733895462842
VYD_02740,7,18,3,0.7994900454496937,5.596430318147856
VYD_02741,8,21,3,2.693054562987262,21.544436503898098
VYD_02742,8,20,3,0.7821202225950549,6.256961780760439
VYD_02743,8,19,3,1.8905366367047463,15.12429309363797
VYD_02744,8,18,3,0.9539724299422678,7.631779439538143
VYD_02745,7,17,3,5.034960095234375,35.244720666640625
VYD_02746,8,18,3,4.041606700545724,32.332853604365795
VYD_02747,8,20,3,7.59248109305486,60.73984874443888
VYD_02748,8,20,3,18.264104674002404,146.11283739201923
VYD_02749,8,21,3,1.8839928403710233,15.071942722968187
VYD_02750,8,20,3,2.8471224176504495,22.776979341203596
VYD_02751,8,20,3,0.9621139589362214,7.696911671489771
VYD_02752,8,21,3,0.6406688647202037,5.125350917761629
VYD_02753,8,21,3,3.182635170496125,25.461081363969
VYD_02754,7,18,3,0.9946780765744927,6.962746536021449
VYD_02755,8,20,3,1.1785014855530016,9.428011884424013
VYD_02756,8,18,3,3.0216371728911477,24.173097383129182
VYD_02757,8,18,3,12.16678172384176,97.33425379073408
VYD_02758,8,20,3,2.5755677583795675,20.60454206703654
VYD_02759,9,19,3,4.653884508246728,41.88496057422055
VYD_02760,8,21,3,0.9108909141827808,7.287127313462246
VYD_02761,7,18,3,3.502041062665214,24.5142874386565
VYD_02762,8,21,3,1.390098867195802,11.120790937566415
VYD_02763,8,20,3,0.8693571182114709,6.954856945691767
VYD_02764,7,18,3,1.9569032638177455,13.698322846724219
VYD_02765,8,21,3,3.934339496516956,31.474715972135648
VYD_02766,8,19,3,2.225437652588449,17.80350122070759
VYD_02767,8,21,3,2.348875318181778,18.791002545454223
VYD_02768,8,21,3,2.1251681935749946,17.001345548599957
VYD_02769,8,17,3,3.5050062720093003,28.040050176074402
VYD_02770,8,21,3,4.257448236529938,34.059585892239504
VYD_02771,8,20,3,2.023902165969746,16.19121732775797
VYD_02772,8,20,3,0.511446248846053,4.091569990768424
VYD_02773,8,20,3,1.9667447773854172,15.733958219083338
VYD_02774,8,18,3,0.647361588753243,5.178892710025944
VYD_02775,8,21,3,4.934738288519877,39.477906308159014
VYD_02776,7,17,3,2.3309910183595153,16.316937128516606
VYD_02777,8,18,3,3.358891067790284,26.87112854232227
VYD_02778,8,21,3,1.3131431908065456,10.505145526452365
VYD_02779,7,19,3,1.1544950511531533,8.081465358072073
VYD_02780,7,18,3,0.7597798680693849,5.318459076485694
VYD_02781,8,18,3,3.8103728877650305,30.482983102120244
VYD_02782,8,18,3,0.6405293126082423,5.1242345008659385
VYD_02783,8,21,3,3.7649855373931698,30.119884299145358
VYD_02784,8,21,3,2.190829496609374,17.526635972874992
VYD_02785,8,21,3,4.051377349370822,32.41101879496657
VYD_02786,8,18,3,4.269892236496872,34.15913789197498
VYD_02787,7,16,3,4.1476858720738345,29.03380110451684
VYD_02788,8,21,3,1.9257742133780542,15.406193707024434
VYD_02789,7,19,3,3.486792890416872,24.407550232918105
VYD_02790,8,20,3,5.342980526468321,42.74384421174657
VYD_02791,7,19,3,2.949993979231803,20.64995785462262
VYD_02792,8,21,3,2.4860211119903366,19.888168895922693
VYD_02793,7,18,3,2.3721596700129575,16.6051176900907
VYD_02794,8,21,3,1.3836318254739395,11.069054603791516
VYD_02795,8,18,3,4.898381751012254,39.18705400809803
VYD_02796,8,20,3,0.6426533297329784,5.141226637863827
VYD_02797,8,18,3,0.08823137641672713,0.705851011333817
VYD_02798,8,20,3,1.7162776424957207,13.730221139965765
VYD_02799,8,20,3,0.9282251699388709,7.4258013595109675
VYD_02800,8,21,3,2.916689566580038,23.333516532640303
VYD_02801,8,20,3,1.747195369964436,13.977562959715488
VYD_02802,8,21,3,0.7866357546391397,6.293086037113118
VYD_02803,7,18,3,0.838874271433171,5.872119900032197
VYD_02804,7,19,3,4.550905217708487,31.85633652395941
VYD_02805,7,18,3,1.6177414112290889,11.324189878603622
VYD_02806,9,21,3,9.667035449385592,87.00331904447033
VYD_02807,8,21,3,1.1804557946756458,9.443646357405166
VYD_02808,8,21,3,1.3315231477878529,10.652185182302823
VYD_02809,8,18,3,1.7682780762719077,14.146224610175262
VYD_02810,8,20,3,3.103501307520632,24.828010460165057
VYD_02811,8,18,3,1.1675075393508845,9.340060314807076
VYD_02812,8,20,3,8.77042548909308,70.16340391274464
VYD_02813,7,18,3,2.4715042188628313,17.300529532039818
VYD_02814,7,16,3,7.989802775924817,55.92861943147372
VYD_02815,8,18,3,1.806425842670057,14.451406741360456
VYD_02816,8,21,3,7.849813827717959,62.798510621743674
VYD_02817,7,18,3,0.6885300987607491,4.819710691325244
VYD_02818,8,21,3,1.0755754984102042,8.604603987281633
VYD_02819,8,20,3,19.81631405110454,158.53051240883633
VYD_02820,8,21,3,0.954889923819179,7.639119390553432
VYD_02821,8,18,3,4.600011891960084,36.80009513568067
VYD_02822,7,18,3,2.9637486051136164,20.746240235795316
VYD_02823,8,20,3,1.9870383335976192,15.896306668780953
VYD_02824,8,18,3,2.5828272703676993,20.662618162941595
VYD_02825,8,21,3,0.9510274305353772,7.6082194442830176
VYD_02826,8,20,3,0.8079725636537233,6.463780509229786
VYD_02827,7,18,3,0.9070113338955809,6.349079337269066
VYD_02828,7,17,3,2.367867361231151,16.575071528618057
VYD_02829,8,20,3,5.133615948829699,41.06892759063759
VYD_02830,8,20,3,0.3569851049667379,2.8558808397339033
VYD_02831,7,19,3,4.218232475324914,29.5276273272744
VYD_02832,8,17,3,4.8950651999615316,39.16052159969225
VYD_02833,7,19,3,0.8961574046001173,6.273101832200821
VYD_02834,7,19,3,0.9621568191048738,6.735097733734117
VYD_02835,8,18,3,7.7601182760111636,62.08094620808931
VYD_02836,7,18,3,2.183875880972603,15.28713116680822
VYD_02837,8,19,3,1.8137703433276584,14.510162746621267
VYD_02838,8,21,3,3.182471994968615,25.45977595974892
VYD_02839,8,19,3,2.607704091669488,20.861632733355904
VYD_02840,8,20,3,2.466884021608183,19.735072172865465
VYD_02841,8,20,3,0.8783624791977607,7.026899833582085
VYD_02842,8,21,3,0.9731698900709632,7.785359120567706
VYD_02843,8,21,3,0.5048253881722563,4.0386031053780505
VYD_02844,8,21,3,1.0481445733486843,8.385156586789474
VYD_02845,8,21,3,3.378475984197521,27.02780787358017
VYD_02846,7,18,3,2.072050518298387,14.504353628088708
VYD_02847,9,19,3,2.524148680643169,22.717338125788523
VYD_02848,7,17,3,1.229960290976165,8.609722036833155
VYD_02849,7,19,3,0.862572753347604,6.038009273433228
VYD_02850,7,16,3,2.9250625077831414,20.47543755448199
VYD_02851,8,21,3,0.7279198527756684,5.823358822205347
VYD_02852,8,17,3,3.0701665665402476,24.56133253232198
VYD_02853,9,19,3,0.9512993133039814,8.561693819735833
VYD_02854,8,21,3,1.4284781099950423,11.427824879960339
VYD_02855,7,19,3,2.823694458958053,19.765861212706373
VYD_02856,8,18,3,2.1220801098252724,16.97664087860218
VYD_02857,7,18,3,2.0961828601979238,14.673280021385466
VYD_02858,7,18,3,2.3313223837774903,16.319256686442433
VYD_02859,8,19,3,2.466899977934642,19.735199823477135
VYD_02860,8,21,3,2.585215067004394,20.68172053603515
VYD_02861,7,19,3,4.85395913485573,33.97771394399011
VYD_02862,8,17,3,2.6023879882856717,20.819103906285374
VYD_02863,7,18,3,1.2704122917330696,8.892886042131487
VYD_02864,8,20,3,1.7948868288643065,14.359094630914452
VYD_02865,8,18,3,1.8684198019357872,14.947358415486297
VYD_02866,7,19,3,4.61875139070707,32.33125973494949
VYD_02867,8,21,3,2.068829508690611,16.550636069524888
VYD_02868,7,19,3,1.705800028301517,11.940600198110618
VYD_02869,8,21,3,7.825554543637394,62.60443634909915
VYD_02870,8,21,3,1.6426901293196052,13.141521034556842
VYD_02871,8,21,3,4.086454267911379,32.69163414329103
VYD_02872,8,20,3,1.2157985898633754,9.726388718907003
VYD_02873,8,20,3,1.9772403031424892,15.817922425139914
VYD_02874,7,18,3,0.6120883508238456,4.284618455766919
VYD_02875,7,19,3,1.1747685480631946,8.223379836442362
VYD_02876,7,19,3,0.9130041335575976,6.391028934903183
VYD_02877,8,21,3,1.6791030080311187,13.43282406424895
VYD_02878,8,18,3,1.3410980012299603,10.728784009839682
VYD_02879,7,18,3,1.9721475568569724,13.805032897998807
VYD_02880,7,19,3,3.970671377233357,27.794699640633496
VYD_02881,8,20,3,1.4448083440943393,11.558466752754715
VYD_02882,8,21,3,0.7434112842028586,5.947290273622869
VYD_02883,8,21,3,1.4894648937240282,11.915719149792226
VYD_02884,7,14,3,0.5243363346481464,3.670354342537025
VYD_02885,8,20,3,0.43005179154397793,3.4404143323518235
VYD_02886,8,17,3,1.6282018003136656,13.025614402509325
VYD_02887,7,18,3,9.062017263759023,63.43412084631316
VYD_02888,7,18,3,0.6940210518112075,4.858147362678453
VYD_02889,8,20,3,8.031802253609243,64.25441802887394
VYD_02890,8,18,3,6.441851459524641,51.53481167619713
VYD_02891,8,18,3,3.908423187750288,31.267385502002305
VYD_02892,8,21,3,0.9291279940300181,7.433023952240145
VYD_02893,8,20,3,1.3690951183145252,10.952760946516202
VYD_02894,7,19,3,4.589758043082011,32.12830630157407
VYD_02895,8,20,3,0.6690511215562251,5.352408972449801
VYD_02896,8,21,3,2.3545463774457667,18.836371019566133
VYD_02897,9,21,3,7.339540214274006,66.05586192846606
VYD_02898,8,21,3,3.8191358365779577,30.553086692623662
VYD_02899,8,21,3,0.6524668910148972,5.2197351281191775
VYD_02900,8,21,3,1.3861002725139786,11.088802180111829
VYD_02901,8,21,3,6.716271720212429,53.73017376169943
VYD_02902,8,20,3,0.8612960277882256,6.8903682223058045
VYD_02903,7,18,3,3.933238511340328,27.532669579382297
VYD_02904,8,20,3,0.7245867075828244,5.796693660662595
VYD_02905,7,18,3,3.48456603740578,24.391962261840458
VYD_02906,7,15,3,0.7180319063895733,5.026223344727013
VYD_02907,8,19,3,0.791784162847793,6.334273302782344
VYD_02908,7,18,3,7.615159275096822,53.306114925677754
VYD_02909,8,20,3,2.129067973181841,17.032543785454727
VYD_02910,8,20,3,3.725385158898034,29.803081271184272
VYD_02911,8,18,3,12.514547735950158,100.11638188760126
VYD_02912,8,21,3,4.556022376659629,36.448179013277034
VYD_02913,8,20,3,0.997757450321788,7.982059602574304
VYD_02914,8,18,3,0.7931891708953451,6.345513367162761
VYD_02915,8,20,3,4.977261949131195,39.81809559304956
VYD_02916,9,19,3,1.857913882536393,16.721224942827536
VYD_02917,8,20,3,0.6578790571690711,5.263032457352569
VYD_02918,8,20,3,1.05950456128241,8.47603649025928
VYD_02919,7,19,3,4.3465797356203515,30.42605814934246
VYD_02920,8,20,3,0.3634922041742744,2.9079376333941953
VYD_02921,8,17,3,0.6292717846987936,5.034174277590349
VYD_02922,7,18,3,1.3564690846494636,9.495283592546246
VYD_02923,8,21,3,9.487163838481834,75.89731070785467
VYD_02924,8,21,3,1.0404937717199434,8.323950173759547
VYD_02925,8,20,3,2.175322110775923,17.402576886207385
VYD_02926,7,16,3,1.24326460687096,8.70285224809672
VYD_02927,8,21,3,0.7550471745097844,6.040377396078275
VYD_02928,8,20,3,1.1414568486606709,9.131654789285367
VYD_02929,9,19,3,6.626071274260799,59.63464146834718
VYD_02930,8,20,3,2.5631665190585053,20.505332152468043
VYD_02931,8,20,3,0.5152976403442658,4.122381122754127
VYD_02932,9,22,3,3.0687747993496006,27.618973194146406
VYD_02933,7,19,3,1.6113878129825205,11.279714690877643
VYD_02934,7,18,3,3.9231714971839238,27.462200480287468
VYD_02935,8,20,3,1.5275198317425973,12.220158653940778
VYD_02936,8,18,3,2.9441774418324007,23.553419534659206
VYD_02937,7,19,3,2.8811693720730136,20.168185604511095
VYD_02938,8,20,3,0.9636243705017105,7.708994964013684
VYD_02939,8,20,3,1.484108937947158,11.872871503577263
VYD_02940,8,20,3,1.4378242344470693,11.502593875576554
VYD_02941,8,18,3,1.620010125950366,12.960081007602929
VYD_02942,8,19,3,2.183393712384693,17.467149699077545
VYD_02943,8,20,3,5.811405021196716,46.49124016957373
VYD_02944,8,18,3,1.1903566758338728,9.522853406670983
VYD_02945,8,21,3,1.598441408085193,12.787531264681544
VYD_02946,8,20,3,1.220480575233756,9.763844601870048
VYD_02947,8,17,3,6.600713969904119,52.80571175923295
VYD_02948,7,16,3,1.566278021804691,10.963946152632836
VYD_02949,8,18,3,7.732734407213741,61.861875257709926
VYD_02950,7,18,3,1.9967835170901316,13.977484619630921
VYD_02951,8,20,3,0.987803197319585,7.90242557855668
VYD_02952,8,19,3,1.676299859887483,13.410398879099864
VYD_02953,8,21,3,3.816301739881297,30.530413919050375
VYD_02954,8,20,3,6.239478901376409,49.91583121101127
VYD_02955,8,20,3,0.8965876151112608,7.172700920890087
VYD_02956,8,21,3,5.087594778304237,40.7007582264339
VYD_02957,8,18,3,1.304045470056013,10.432363760448103
VYD_02958,8,20,3,2.2161142753008805,17.728914202407044
VYD_02959,8,21,3,0.9893837842301265,7.915070273841012
VYD_02960,8,21,3,5.578561235111134,44.62848988088907
VYD_02961,8,20,3,0.644306169164233,5.154449353313864
VYD_02962,8,20,3,14.084622608544578,112.67698086835662
VYD_02963,8,20,3,5.322479247900429,42.57983398320343
VYD_02964,8,18,3,0.4481776868379434,3.585421494703547
VYD_02965,8,21,3,2.432179530892064,19.457436247136513
VYD_02966,8,20,3,17.829035909418035,142.63228727534428
VYD_02967,7,18,3,6.072890128972428,42.510230902806995
VYD_02968,8,18,3,0.6541423602087731,5.233138881670185
VYD_02969,8,18,3,1.2576819331798677,10.061455465438941
VYD_02970,8,20,3,4.040312571942861,32.32250057554289
VYD_02971,8,18,3,0.6402456064938162,5.12196485195053
VYD_02972,8,18,3,0.9266813874041412,7.4134510992331295
VYD_02973,8,18,3,2.3687166033313343,18.949732826650674
VYD_02974,8,18,3,2.6924787466148135,21.539829972918508
VYD_02975,8,20,3,12.73832997479912,101.90663979839296
VYD_02976,8,20,3,4.371949707956231,34.97559766364985
VYD_02977,8,20,3,2.270415768116997,18.163326144935976
VYD_02978,8,21,3,0.717048170562952,5.736385364503616
VYD_02979,8,20,3,4.425879017594156,35.407032140753245
VYD_02980,8,21,3,2.1578261145689934,17.262608916551947
VYD_02981,8,20,3,2.451468166610286,19.61174533288229
VYD_02982,8,21,3,0.9766166341724384,7.812933073379507
VYD_02983,8,18,3,2.608298501995935,20.86638801596748
VYD_02984,9,21,3,6.800624222330581,61.20561800097523
VYD_02985,7,17,3,13.221310246281606,92.54917172397124
VYD_02986,7,14,3,2.965869626764844,20.76108738735391
VYD_02987,8,18,3,0.685041426072264,5.480331408578112
VYD_02988,8,20,3,10.166340482158546,81.33072385726837
VYD_02989,8,18,3,1.5320229884471008,12.256183907576807
VYD_02990,8,20,3,3.1008097687021965,24.806478149617572
VYD_02991,8,21,3,3.44938911991046,27.59511295928368
VYD_02992,8,21,3,6.916091424690061,55.328731397520485
VYD_02993,8,21,3,0.916773197724579,7.334185581796632
VYD_02994,8,21,3,1.1559763327280634,9.247810661824508
VYD_02995,8,18,3,3.071590711168492,24.572725689347937
VYD_02996,8,18,3,0.6861104088021386,5.488883270417109
VYD_02997,7,14,3,1.3351096153125976,9.345767307188183
VYD_02998,8,21,3,3.455979073902661,27.647832591221288
VYD_02999,7,19,3,0.968564050592031,6.779948354144217
VYD_03000,7,18,3,3.585200951341712,25.096406659391985
VYD_03001,8,20,3,2.3536741617231742,18.829393293785394
VYD_03002,8,18,3,1.0348120227763353,8.278496182210683
VYD_03003,8,19,3,0.15372927419107948,1.2298341935286359
VYD_03004,8,20,3,6.608130642749477,52.865045141995815
VYD_03005,8,20,3,1.5669983129719225,12.53598650377538
VYD_03006,8,21,3,1.7152827717600188,13.72226217408015
VYD_03007,8,21,3,1.5109317107251339,12.087453685801071
VYD_03008,7,18,3,1.7904564796060867,12.533195357242606
VYD_03009,8,21,3,2.2564969105832673,18.05197528466614
VYD_03010,8,20,3,7.274686789143786,58.19749431315029
VYD_03011,7,19,3,0.826751128161739,5.787257897132173
VYD_03012,8,20,3,1.141044471035254,9.128355768282033
VYD_03013,8,20,3,1.1381607353472636,9.105285882778109
VYD_03014,8,21,3,1.4547930079957931,11.638344063966345
VYD_03015,7,18,3,3.4126499095730622,23.888549367011436
VYD_03016,8,18,3,5.327492111034456,42.619936888275646
VYD_03017,8,18,3,0.6620082254950025,5.29606580396002
VYD_03018,8,21,3,1.5251812859971734,12.201450287977387
VYD_03019,7,17,3,0.9684250008914872,6.77897500624041
VYD_03020,9,19,3,3.7330742590139288,33.59766833112536
VYD_03021,8,21,3,4.072503046019733,32.580024368157865
VYD_03022,8,21,3,7.735983679349022,61.88786943479218
VYD_03023,8,20,3,3.6030287308353284,28.824229846682627
VYD_03024,8,20,3,3.207173828292855,25.65739062634284
VYD_03025,8,20,3,2.108657496013744,16.86925996810995
VYD_03026,8,18,3,0.8916611615742223,7.133289292593778
VYD_03027,7,18,3,2.3154293509669848,16.208005456768895
VYD_03028,7,18,3,0.6257716222827454,4.380401355979218
VYD_03029,8,20,3,3.5601034347581684,28.480827478065347
VYD_03030,8,20,3,1.0966709718727838,8.77336777498227
VYD_03031,8,20,3,7.47763918694104,59.82111349552832
VYD_03032,8,21,3,2.9814409758127582,23.851527806502066
VYD_03033,8,18,3,0.7790269122216095,6.232215297772876
VYD_03034,8,21,3,1.6816587500390252,13.453270000312202
VYD_03035,8,20,3,3.1776594472049693,25.421275577639754
VYD_03036,8,18,3,6.746202862876747,53.96962290301398
VYD_03037,8,21,3,1.2364225146188643,9.891380116950915
VYD_03038,8,20,3,4.346978265193472,34.77582612154777
VYD_03039,8,17,3,1.3776695896376285,11.021356717101028
VYD_03040,8,21,3,0.8043521648586769,6.434817318869415
VYD_03041,8,20,3,0.5323192971887727,4.2585543775101815
VYD_03042,7,19,3,1.5964824042505283,11.175376829753699
VYD_03043,8,20,3,4.1243306332122,32.9946450656976
VYD_03044,9,19,3,4.615204220748188,41.536837986733694
VYD_03045,8,21,3,1.0259217849057944,8.207374279246356
VYD_03046,8,20,3,1.1240475308447868,8.992380246758295
VYD_03047,7,16,3,1.9081493871327964,13.357045709929574
VYD_03048,8,20,3,1.4664940165208937,11.73195213216715
VYD_03049,7,18,3,1.7335409728335547,12.134786809834882
VYD_03050,8,20,3,1.108496750113348,8.867974000906784
VYD_03051,7,18,3,2.171138320102314,15.197968240716198
VYD_03052,8,21,3,7.1244830026069135,56.99586402085531
VYD_03053,8,20,3,1.2688723102564807,10.150978482051846
VYD_03054,8,18,3,3.224305792920106,25.79444634336085
VYD_03055,8,17,3,1.5130948661572317,12.104758929257853
VYD_03056,8,20,3,3.270888554580762,26.167108436646096
VYD_03057,8,18,3,2.0855371518453647,16.684297214762918
VYD_03058,8,21,3,2.4506563715646843,19.605250972517474
VYD_03059,8,18,3,2.8768304695656983,23.014643756525587
VYD_03060,7,18,3,2.2946182955351353,16.06232806874595
VYD_03061,8,20,3,1.3188707405861144,10.550965924688915
VYD_03062,8,20,3,1.7122007420358407,13.697605936286726
VYD_03063,8,18,3,1.0115755249433696,8.092604199546956
VYD_03064,8,20,3,1.0318322568614438,8.25465805489155
VYD_03065,8,20,3,1.9492756135559997,15.594204908447997
VYD_03066,7,18,3,1.9024549558648431,13.317184691053901
VYD_03067,8,20,3,0.6520421879448549,5.216337503558839
VYD_03068,8,20,3,4.500548320275802,36.00438656220641
VYD_03069,8,20,3,5.406284484876426,43.25027587901141
VYD_03070,7,19,3,2.8336642633622726,19.835649843535908
VYD_03071,7,18,3,3.9178958875728886,27.42527121301022
VYD_03072,8,17,3,0.7837337091198231,6.269869672958585
VYD_03073,8,20,3,2.5162810492222025,20.13024839377762
VYD_03074,8,18,3,2.772356731240991,22.17885384992793
VYD_03075,8,18,3,0.7738333783915218,6.190667027132174
VYD_03076,8,19,3,2.0077262646833245,16.061810117466596
VYD_03077,8,18,3,1.1350413314468424,9.080330651574739
VYD_03078,8,18,3,3.382353210976868,27.058825687814945
VYD_03079,8,21,3,0.9156504941208626,7.325203952966901
VYD_03080,8,18,3,2.895170664541304,23.161365316330432
VYD_03081,8,20,3,4.841943168013576,38.73554534410861
VYD_03082,9,19,3,1.6204055671185567,14.58365010406701
VYD_03083,7,18,3,1.7098351360517103,11.968845952361972
VYD_03084,8,18,3,0.9927132259083781,7.941705807267025
VYD_03085,8,18,3,0.7241994421748152,5.793595537398522
VYD_03086,8,19,3,0.6635075189149782,5.308060151319825
VYD_03087,8,20,3,2.696270677769358,21.570165422154865
VYD_03088,9,21,3,0.6279175689033817,5.651258120130435
VYD_03089,7,18,3,2.0041866553130054,14.029306587191037
VYD_03090,7,18,3,0.6576856781038793,4.603799746727155
VYD_03091,8,20,3,1.0243596947748648,8.194877558198918
VYD_03092,8,18,3,8.665340272767931,69.32272218214345
VYD_03093,9,19,3,0.6233881114046299,5.610493002641669
VYD_03094,7,19,3,1.266654993660844,8.866584955625909
VYD_03095,8,21,3,1.0805057762613923,8.644046210091139
VYD_03096,8,20,3,15.852538642875553,126.82030914300442
VYD_03097,8,18,3,4.467646586184675,35.7411726894774
VYD_03098,8,20,3,1.1845784174542062,9.47662733963365
VYD_03099,8,21,3,2.229106110398803,17.832848883190422
VYD_03100,8,21,3,5.117842443073505,40.94273954458804
VYD_03101,8,20,3,1.7416450934350036,13.933160747480029
VYD_03102,7,15,3,2.4132801148014567,16.892960803610197
VYD_03103,8,21,3,1.6787941594568208,13.430353275654566
VYD_03104,8,20,3,1.9513546838581384,15.610837470865107
VYD_03105,8,18,3,0.5101614386851818,4.081291509481455
VYD_03106,8,20,3,5.368063547494076,42.94450837995261
VYD_03107,8,18,3,0.7836032747315169,6.268826197852135
VYD_03108,8,21,3,0.6259255208336926,5.007404166669541
VYD_03109,8,20,3,3.3049358007448566,26.439486405958853
VYD_03110,8,20,3,1.6593865841771218,13.275092673416975
VYD_03111,8,20,3,0.6916005187707903,5.5328041501663225
VYD_03112,7,18,3,2.079553139630091,14.556871977410635
VYD_03113,8,20,3,1.7531145073752494,14.024916059001995
VYD_03114,8,21,3,4.927388173841567,39.41910539073253
VYD_03115,8,21,3,1.0920510534965657,8.736408427972526
VYD_03116,7,18,3,0.8829332191622165,6.180532534135515
VYD_03117,7,16,3,0.6410632592967292,4.487442815077105
VYD_03118,7,16,3,0.6809178278494906,4.766424794946435
VYD_03119,8,18,3,1.974020757938394,15.792166063507151
VYD_03120,8,19,3,0.8230228983067538,6.58418318645403
VYD_03121,8,20,3,1.910176414669411,15.281411317355287
VYD_03122,8,21,3,1.523627142032303,12.189017136258425
VYD_03123,8,20,3,1.9394953990318442,15.515963192254754
VYD_03124,8,20,3,1.0547930616243535,8.438344492994828
VYD_03125,8,20,3,2.6123062803155963,20.89845024252477
VYD_03126,7,19,3,1.5759033804965434,11.031323663475805
VYD_03127,8,20,3,4.264212507058299,34.11370005646639
VYD_03128,8,20,3,0.5891509194113532,4.713207355290826
VYD_03129,7,18,3,4.481857798467675,31.373004589273723
VYD_03130,8,20,3,1.2987329747810696,10.389863798248557
VYD_03131,8,20,3,0.8037782062150866,6.430225649720692
VYD_03132,7,16,3,0.7574325561881197,5.302027893316838
VYD_03133,8,21,3,3.0648081816794845,24.518465453435876
VYD_03134,8,21,3,1.5923837595753072,12.739070076602458
VYD_03135,8,20,3,0.9579688732456805,7.663750985965444
VYD_03136,9,19,3,0.6121679965869703,5.509511969282733
VYD_03137,8,21,3,0.797094142885101,6.376753143080808
VYD_03138,8,18,3,0.6920648544328619,5.536518835462895
VYD_03139,8,20,3,0.8573264297171883,6.8586114377375065
VYD_03140,8,21,3,2.8653885922583564,22.92310873806685
VYD_03141,7,19,3,2.3227910961894542,16.25953767332618
VYD_03142,8,18,3,3.308036736390275,26.4642938911222
VYD_03143,8,20,3,8.443498588756453,67.54798871005163
VYD_03144,8,20,3,4.812734788285368,38.50187830628295
VYD_03145,7,18,3,3.474246243541911,24.319723704793375
VYD_03146,8,21,3,1.4529254309079653,11.623403447263723
VYD_03147,8,18,3,0.8226884460822111,6.581507568657689
VYD_03148,7,18,3,0.8308481462388345,5.815937023671841
VYD_03149,7,16,3,0.48513362196259313,3.395935353738152
VYD_03150,8,18,3,0.8851486931098709,7.081189544878967
VYD_03151,7,19,3,3.4266766143767944,23.98673630063756
VYD_03152,7,18,3,1.3622374398568493,9.535662078997944
VYD_03153,8,21,3,2.5135641709388445,20.108513367510756
VYD_03154,7,18,3,1.2447692483065038,8.713384738145526
VYD_03155,8,20,3,1.4301079311372267,11.440863449097813
VYD_03156,7,19,3,2.2138992111120808,15.497294477784566
VYD_03157,8,20,3,1.5782225011735111,12.62578000938809
VYD_03158,8,21,3,0.7394461624021551,5.915569299217241
VYD_03159,7,18,3,2.019812744355754,14.138689210490277
VYD_03160,8,18,3,1.1766268717331874,9.413014973865499
VYD_03161,7,18,3,2.0143959374538603,14.100771562177021
VYD_03162,8,17,3,3.6576221457870663,29.26097716629653
VYD_03163,8,21,3,6.005093887079975,48.0407510966398
VYD_03164,8,20,3,3.5222102252363663,28.17768180189093
VYD_03165,8,21,3,1.0779406824180242,8.623525459344194
VYD_03166,8,20,3,0.645912193543119,5.167297548344952
VYD_03167,8,21,3,1.7199183551268826,13.759346841015061
VYD_03168,7,18,3,1.9231243981041064,13.461870786728745
VYD_03169,9,21,3,0.7560017871802954,6.804016084622659
VYD_03170,8,21,3,11.979725022036751,95.83780017629401
VYD_03171,8,20,3,2.9759945210260565,23.807956168208452
VYD_03172,9,21,3,4.828139309008749,43.45325378107874
VYD_03173,8,18,3,3.691735668517688,29.533885348141503
VYD_03174,8,21,3,3.396637865287705,27.17310292230164
VYD_03175,8,20,3,2.2182280508215415,17.745824406572332
VYD_03176,8,17,3,1.524668794069565,12.19735035255652
VYD_03177,8,18,3,2.9218236687259465,23.37458934980757
VYD_03178,8,21,3,3.205200561156343,25.641604489250746
VYD_03179,8,21,3,0.7393452515507053,5.914762012405642
VYD_03180,8,20,3,9.34764192319564,74.78113538556512
VYD_03181,8,19,3,0.7412148879558557,5.929719103646845
VYD_03182,9,19,3,7.084340255420594,63.759062298785345
VYD_03183,8,21,3,1.0127857724277514,8.102286179422011
VYD_03184,8,20,3,1.309991278588053,10.479930228704424
VYD_03185,7,16,3,5.032296831611917,35.22607782128342
VYD_03186,8,21,3,0.5982693612745283,4.786154890196227
VYD_03187,8,20,3,1.5393717454367544,12.314973963494035
VYD_03188,8,21,3,2.798144109666152,22.385152877329215
VYD_03189,8,18,3,2.6091216091877936,20.87297287350235
VYD_03190,8,18,3,2.254972509421117,18.039780075368935
VYD_03191,8,21,3,1.7668424716960809,14.134739773568647
VYD_03192,8,20,3,0.96352703324356,7.70821626594848
VYD_03193,8,20,3,1.2114950628620305,9.691960502896244
VYD_03194,8,17,3,1.0331711861961426,8.26536948956914
VYD_03195,8,17,3,0.6298744959112791,5.038995967290233
VYD_03196,8,21,3,1.0302658871735129,8.242127097388103
VYD_03197,8,20,3,0.8395551564604659,6.716441251683727
VYD_03198,9,21,3,7.456295939876375,67.10666345888737
VYD_03199,8,20,3,1.3363406014568169,10.690724811654535
VYD_03200,8,18,3,3.5710065547833603,28.568052438266882
VYD_03201,8,18,3,2.933194968326543,23.465559746612342
VYD_03202,7,18,3,1.4076342417900511,9.853439692530358
VYD_03203,8,21,3,11.02850846632531,88.22806773060248
VYD_03204,8,21,3,1.379742458938637,11.037939671509095
VYD_03205,8,18,3,2.7977969871743142,22.382375897394514
VYD_03206,8,20,3,2.8145421047509327,22.51633683800746
VYD_03207,7,18,3,0.9494383045598617,6.646068131919032
VYD_03208,8,21,3,1.786983229823145,14.29586583858516
VYD_03209,8,20,3,2.983085049589476,23.86468039671581
VYD_03210,8,18,3,1.0979802613951253,8.783842091161002
VYD_03211,7,18,3,4.780047395823331,33.46033177076332
VYD_03212,8,21,3,0.8271784755468796,6.617427804375037
VYD_03213,9,19,3,11.17837458385575,100.60537125470174
VYD_03214,8,21,3,2.0929952503133284,16.743962002506628
VYD_03215,9,21,3,10.701966059064805,96.31769453158324
VYD_03216,8,21,3,2.305802788229112,18.446422305832897
VYD_03217,8,21,3,3.3408389649017773,26.72671171921422
VYD_03218,8,21,3,0.8122212779228501,6.497770223382801
VYD_03219,7,18,3,2.2807384262955956,15.96516898406917
VYD_03220,8,21,3,1.0112049831698,8.0896398653584
VYD_03221,8,21,3,0.6393047543631758,5.114438034905406
VYD_03222,8,19,3,2.5356238459090674,20.28499076727254
VYD_03223,9,19,3,0.8972248508553885,8.075023657698496
VYD_03224,8,18,3,1.0712680594709667,8.570144475767734
VYD_03225,7,18,3,1.1097964856658884,7.768575399661219
VYD_03226,7,18,3,0.8247067762520907,5.772947433764634
VYD_03227,8,20,3,0.980077546859346,7.840620374874768
VYD_03228,8,20,3,7.035779339238278,56.286234713906225
VYD_03229,8,21,3,2.912573903167979,23.300591225343833
VYD_03230,7,18,3,1.8305694550670717,12.813986185469503
VYD_03231,7,18,3,3.1375340540947687,21.96273837866338
VYD_03232,8,20,3,1.5198998881029033,12.159199104823227
VYD_03233,7,16,3,1.7136402081954238,11.995481457367967
VYD_03234,7,14,3,0.02960842872600415,0.20725900108202905
VYD_03235,8,21,3,3.495164125247795,27.96131300198236
VYD_03236,8,19,3,3.413382925624831,27.307063404998647
VYD_03237,7,19,3,2.0285112681480877,14.199578877036615
VYD_03238,8,21,3,0.8866789074031376,7.093431259225101
VYD_03239,8,20,3,1.3712262158268556,10.969809726614844
VYD_03240,7,19,3,2.92622240134464,20.48355680941248
VYD_03241,7,16,3,1.0922404425352057,7.64568309774644
VYD_03242,9,20,3,5.372855554439278,48.3556999899535
VYD_03243,7,19,3,1.1347772534054847,7.943440773838393
VYD_03244,8,21,3,1.536524162415682,12.292193299325456
VYD_03245,8,20,3,2.5115676743132074,20.09254139450566
VYD_03246,8,20,3,1.0413587933357835,8.330870346686268
VYD_03247,7,19,3,2.080371723453109,14.562602064171763
VYD_03248,8,18,3,1.320961395225527,10.567691161804216
VYD_03249,8,21,3,3.3760514891536317,27.008411913229054
VYD_03250,7,18,3,6.93408702865641,48.53860920059487
VYD_03251,8,20,3,1.141185174466143,9.129481395729144
VYD_03252,8,18,3,0.7308729808555905,5.846983846844724
VYD_03253,8,20,3,1.5331669008782944,12.265335207026355
VYD_03254,8,21,3,0.8988464307204961,7.190771445763969
VYD_03255,7,14,3,2.8886454568065334,20.220518197645735
VYD_03256,8,21,3,1.2065631446581202,9.652505157264962
VYD_03257,8,20,3,7.150724294257738,57.2057943540619
VYD_03258,8,20,3,2.445282493166758,19.562259945334063
VYD_03259,8,20,3,1.0535207900678398,8.428166320542719
VYD_03260,8,18,3,1.9207366145421314,15.365892916337051
VYD_03261,8,16,3,2.8040034269797283,22.432027415837826
VYD_03262,8,21,3,0.7597401420691177,6.077921136552941
VYD_03263,8,21,3,0.6091649632041631,4.873319705633305
VYD_03264,8,20,3,1.669285689122336,13.354285512978688
VYD_03265,8,21,3,0.7640132522868289,6.112106018294631
VYD_03266,7,19,3,3.5217890825033296,24.652523577523308
VYD_03267,8,20,3,1.2202080591490143,9.761664473192114
VYD_03268,8,20,3,1.6144845777453685,12.915876621962948
VYD_03269,7,18,3,0.9128319038420303,6.389823326894212
VYD_03270,7,19,3,4.292184734750763,30.045293143255343
VYD_03271,8,20,3,1.7342752444150538,13.87420195532043
VYD_03272,7,18,3,1.1367656192217594,7.957359334552316
VYD_03273,8,21,3,2.014156751247724,16.11325400998179
VYD_03274,8,20,3,6.8558300107420935,54.84664008593675
VYD_03275,8,19,3,0.6226799039892951,4.9814392319143606
VYD_03276,7,16,3,1.3488928705856742,9.44225009409972
VYD_03277,8,21,3,1.1214828125220724,8.971862500176579
VYD_03278,8,20,3,2.8215742520235647,22.572594016188518
VYD_03279,8,21,3,2.0457257273536587,16.36580581882927
VYD_03280,8,20,3,1.853783582268564,14.830268658148512
VYD_03281,8,18,3,1.6378489746528704,13.102791797222963
VYD_03282,7,16,3,2.982218903959429,20.875532327716005
VYD_03283,8,21,3,4.975000252255926,39.80000201804741
VYD_03284,8,21,3,7.62102782856646,60.96822262853168
VYD_03285,8,20,3,0.7563173652999403,6.0505389223995225
VYD_03286,8,18,3,4.239005606422464,33.91204485137971
VYD_03287,7,18,3,1.579790200283484,11.05853140198439
VYD_03288,7,17,3,4.793118884508968,33.551832191562774
VYD_03289,9,20,3,6.915212131969418,62.23690918772476
VYD_03290,7,16,3,1.9390331329246728,13.57323193047271
VYD_03291,8,18,3,2.416496085993502,19.331968687948017
VYD_03292,7,18,3,2.190373977177891,15.332617840245238
VYD_03293,7,16,3,0.6823744513482323,4.776621159437626
VYD_03294,7,18,3,0.30848962895701953,2.1594274026991367
VYD_03295,8,20,3,2.3508092716296427,18.80647417303714
VYD_03296,8,21,3,3.916791907802577,31.334335262420616
VYD_03297,8,21,3,0.7859843664067061,6.287874931253649
VYD_03298,9,19,3,0.9502721115576436,8.552449004018792
VYD_03299,8,18,3,4.445269906868773,35.56215925495018
VYD_03300,8,20,3,4.849593999109758,38.796751992878065
VYD_03301,8,20,3,1.3963502009302315,11.170801607441852
VYD_03302,8,20,3,1.0215075741954018,8.172060593563215
VYD_03303,7,14,3,1.9557911920922528,13.69053834464577
VYD_03304,8,21,3,6.166888962873836,49.33511170299069
VYD_03305,8,21,3,3.7160874521704725,29.72869961736378
VYD_03306,8,18,3,0.8439971409643724,6.751977127714979
VYD_03307,8,18,3,1.3418809640896152,10.735047712716922
VYD_03308,8,21,3,4.410474586734073,35.28379669387258
VYD_03309,7,19,3,1.1080771601414425,7.756540120990097
VYD_03310,8,20,3,1.5374623275089974,12.299698620071979
VYD_03311,7,18,3,0.8772556543671626,6.140789580570138
VYD_03312,8,20,3,0.8410173806273947,6.728139045019158
VYD_03313,8,18,3,0.7815393406837661,6.252314725470129
VYD_03314,9,21,3,1.158087634205133,10.422788707846196
VYD_03315,8,21,3,2.8806163457680354,23.044930766144283
VYD_03316,9,19,3,1.730747418625954,15.576726767633586
VYD_03317,8,18,3,4.876993879372274,39.015951034978194
VYD_03318,7,18,3,2.9160195239259052,20.412136667481338
VYD_03319,8,21,3,0.8033994321175888,6.42719545694071
VYD_03320,8,21,3,4.221196105013448,33.76956884010758
VYD_03321,8,21,3,2.2453298670756388,17.96263893660511
VYD_03322,8,20,3,0.6813274926577103,5.4506199412616825
VYD_03323,8,18,3,2.1491864046755165,17.19349123740413
VYD_03324,8,20,3,4.163723050687971,33.30978440550377
VYD_03325,8,20,3,2.573475336814932,20.587802694519457
VYD_03326,7,18,3,5.06260830431966,35.43825813023762
VYD_03327,7,18,3,1.1110901860455216,7.777631302318651
VYD_03328,8,21,3,4.862001774535211,38.89601419628169
VYD_03329,7,18,3,2.1823379285603512,15.27636549992246
VYD_03330,7,19,3,3.8115537837308424,26.680876486115896
VYD_03331,8,21,3,1.8923004660453215,15.138403728362572
VYD_03332,8,20,3,1.6318850760800847,13.055080608640678
VYD_03333,8,21,3,1.8839501860855803,15.071601488684642
VYD_03334,8,20,3,0.7383051358765783,5.9064410870126265
VYD_03335,8,20,3,1.9432879130223903,15.546303304179123
VYD_03336,8,21,3,6.997145561189152,55.977164489513214
VYD_03337,8,20,3,4.015651245380098,32.12520996304078
VYD_03338,8,21,3,1.201081716626785,9.60865373301428
VYD_03339,8,20,3,6.690803248801417,53.52642599041133
VYD_03340,8,18,3,8.808314641797644,70.46651713438115
VYD_03341,8,21,3,3.4838978130519775,27.87118250441582
VYD_03342,8,20,3,10.137153944753521,81.09723155802817
VYD_03343,7,16,3,2.5459808311261325,17.821865817882927
VYD_03344,8,20,3,2.9970962843941384,23.976770275153108
VYD_03345,8,21,3,0.6539207826730997,5.231366261384798
VYD_03346,8,20,3,5.4692963831595085,43.75437106527607
VYD_03347,8,21,3,7.728793027792724,61.83034422234179
VYD_03348,8,19,3,19.50808212117631,156.0646569694105
VYD_03349,9,19,3,2.094516934667586,18.850652412008273
VYD_03350,8,20,3,2.9267046659999485,23.413637327999588
VYD_03351,8,20,3,1.2229002179788775,9.78320174383102
VYD_03352,8,20,3,1.5284740827721648,12.227792662177318
VYD_03353,8,21,3,4.445245399254023,35.56196319403218
VYD_03354,8,20,3,1.2837547015126045,10.270037612100836
VYD_03355,7,16,3,1.3004279593644832,9.102995715551382
VYD_03356,7,18,3,3.545926002632562,24.821482018427933
VYD_03357,8,21,3,0.7735436393949091,6.188349115159273
VYD_03358,8,20,3,2.0903403317767446,16.722722654213957
VYD_03359,8,20,3,4.247607544300608,33.98086035440486
VYD_03360,8,20,3,1.5251357095490112,12.20108567639209
VYD_03361,8,21,3,1.3046285601123266,10.437028480898613
VYD_03362,7,16,3,0.940644859725378,6.5845140180776465
VYD_03363,8,20,3,1.2585079259154546,10.068063407323637
VYD_03364,8,20,3,1.9424140440508018,15.539312352406414
VYD_03365,8,18,3,2.4060340215767853,19.248272172614282
VYD_03366,7,18,3,5.988406688123745,41.918846816866214
VYD_03367,7,19,3,4.525800033198581,31.680600232390066
VYD_03368,8,20,3,1.230799717279024,9.846397738232191
VYD_03369,8,20,3,3.099765841935403,24.798126735483223
VYD_03370,8,18,3,1.362142405260013,10.897139242080105
VYD_03371,8,17,3,1.1004731334185536,8.803785067348429
VYD_03372,8,21,3,2.8235691347077787,22.58855307766223
VYD_03373,8,21,3,0.8150708297054773,6.520566637643818
VYD_03374,8,19,3,1.5194440182402946,12.155552145922357
VYD_03375,8,21,3,1.0667014003899513,8.53361120311961
VYD_03376,8,18,3,0.6936919753464749,5.549535802771799
VYD_03377,8,20,3,5.963629013631461,47.70903210905169
VYD_03378,8,20,3,4.624858130527766,36.99886504422213
VYD_03379,8,20,3,5.0753554456173005,40.602843564938404
VYD_03380,8,20,3,1.2459771246977784,9.967816997582228
VYD_03381,8,18,3,1.2696281705620023,10.157025364496018
VYD_03382,8,21,3,1.9167142563915578,15.333714051132462
VYD_03383,8,20,3,3.7625962935236124,30.1007703481889
VYD_03384,7,16,3,0.8998274589327416,6.298792212529191
VYD_03385,8,18,3,2.6588983033880687,21.27118642710455
VYD_03386,8,21,3,0.9132682525535056,7.306146020428045
VYD_03387,8,18,3,5.478366006357012,43.8269280508561
VYD_03388,8,16,3,1.9864558485064556,15.891646788051645
VYD_03389,8,20,3,1.9485782223661416,15.588625778929133
VYD_03390,8,20,3,2.691429966422758,21.531439731382065
VYD_03391,7,18,3,2.651622717241007,18.56135902068705
VYD_03392,7,18,3,7.3162655111829515,51.213858578280664
VYD_03393,8,20,3,0.8140915153965549,6.512732123172439
VYD_03394,8,18,3,3.4325685708315423,27.46054856665234
VYD_03395,8,21,3,0.8325398348475374,6.660318678780299
VYD_03396,7,17,3,1.214907651102382,8.504353557716673
VYD_03397,8,20,3,8.776623363816825,70.2129869105346
VYD_03398,7,18,3,0.7023226425872594,4.916258498110816
VYD_03399,8,21,3,1.669874179981146,13.358993439849169
VYD_03400,8,21,3,1.0089016647628308,8.071213318102647
VYD_03401,8,18,3,5.522635382269487,44.1810830581559
VYD_03402,8,18,3,0.7636153986304935,6.108923189043948
VYD_03403,8,21,3,3.96323178399457,31.70585427195656
VYD_03404,7,19,3,5.4117380028538555,37.88216601997699
VYD_03405,8,21,3,4.7835457733837,38.2683661870696
VYD_03406,8,20,3,1.0960977232750484,8.768781786200387
VYD_03407,8,21,3,8.197934944562109,65.58347955649687
VYD_03408,7,16,3,0.8468568363431547,5.927997854402083
VYD_03409,8,20,3,1.9981738637238782,15.985390909791025
VYD_03410,7,19,3,3.41558445483645,23.90909118385515
VYD_03411,7,18,3,1.4020323352787074,9.814226346950951
VYD_03412,8,20,3,1.289497520810789,10.315980166486312
VYD_03413,7,18,3,0.7764869665546865,5.435408765882806
VYD_03414,8,19,3,3.840120186010009,30.72096148808007
VYD_03415,8,20,3,0.6536705070360065,5.229364056288052
VYD_03416,8,21,3,5.140158378793549,41.12126703034839
VYD_03417,7,18,3,1.0511793057899683,7.358255140529778
VYD_03418,8,18,3,1.345219711399488,10.761757691195903
VYD_03419,7,18,3,2.966357967554078,20.764505772878547
VYD_03420,8,19,3,1.1609685905067504,9.287748724054003
VYD_03421,8,19,3,1.783353811297334,14.266830490378672
VYD_03422,7,18,3,0.6855388198665473,4.798771739065831
VYD_03423,8,21,3,0.9503770563716997,7.603016450973597
VYD_03424,8,21,3,1.4876760365012243,11.901408292009794
VYD_03425,8,19,3,1.175278526762419,9.402228214099352
VYD_03426,7,18,3,1.0271041732417525,7.189729212692267
VYD_03427,7,14,3,3.3264972280198477,23.285480596138935
VYD_03428,8,21,3,2.438192118624326,19.505536948994607
VYD_03429,8,20,3,1.6506651950117346,13.205321560093877
VYD_03430,8,21,3,2.087518887461297,16.700151099690377
VYD_03431,8,20,3,0.917099642542712,7.336797140341696
VYD_03432,8,20,3,1.4461280416652251,11.569024333321801
VYD_03433,8,21,3,2.4901993928487,19.9215951427896
VYD_03434,7,19,3,0.9814091361589379,6.869863953112565
VYD_03435,7,18,3,11.319595712373216,79.23716998661251
VYD_03436,7,19,3,3.3137636864766353,23.19634580533645
VYD_03437,8,20,3,3.3539464377811985,26.831571502249588
VYD_03438,8,18,3,1.2476652600702618,9.981322080562094
VYD_03439,7,18,3,0.9529889409362113,6.67092258655348
VYD_03440,8,21,3,0.7657086163922461,6.125668931137969
VYD_03441,7,17,3,2.7160501543864193,19.012351080704935
VYD_03442,7,18,3,0.9065145393784177,6.345601775648924
VYD_03443,8,20,3,2.114651976607156,16.917215812857247
VYD_03444,8,21,3,2.3595748028105166,18.876598422484133
VYD_03445,8,21,3,2.5088537984573804,20.070830387659043
VYD_03446,9,21,3,1.238574433367097,11.147169900303872
VYD_03447,8,20,3,1.5167593252330622,12.134074601864498
VYD_03448,8,18,3,4.388493910223754,35.10795128179003
VYD_03449,8,20,3,3.690856669122765,29.52685335298212
VYD_03450,8,20,3,2.9384342660043212,23.50747412803457
VYD_03451,8,20,3,1.4155292717535772,11.324234174028618
VYD_03452,8,20,3,2.031856595987361,16.25485276789889
VYD_03453,8,18,3,0.9467701390510439,7.574161112408351
VYD_03454,8,19,3,1.2585474829334775,10.06837986346782
VYD_03455,7,18,3,0.7793107817654713,5.455175472358299
VYD_03456,8,18,3,1.7785846793464428,14.228677434771543
VYD_03457,8,20,3,3.6586022635154034,29.268818108123227
VYD_03458,7,18,3,1.2397811130386287,8.678467791270402
VYD_03459,8,20,3,10.838955342884955,86.71164274307964
VYD_03460,8,20,3,6.818167027334109,54.54533621867287
VYD_03461,9,19,3,2.7065461725734594,24.358915553161136
VYD_03462,7,19,3,2.345824626783294,16.42077238748306
VYD_03463,7,18,3,8.56523178802898,59.956622516202856
VYD_03464,8,20,3,0.8614418607040465,6.891534885632372
VYD_03465,8,21,3,2.5487326305620166,20.389861044496133
VYD_03466,8,17,3,1.2327575554351886,9.862060443481509
VYD_03467,8,18,3,0.8559439756962436,6.847551805569949
VYD_03468,9,21,3,2.4103135421590607,21.692821879431545
VYD_03469,9,19,3,1.805433215263929,16.248898937375362
VYD_03470,8,20,3,2.9842773207234194,23.874218565787356
VYD_03471,8,18,3,8.555627761439533,68.44502209151626
VYD_03472,8,21,3,2.7977441297975196,22.381953038380157
VYD_03473,7,19,3,3.9470066306644744,27.62904641465132
VYD_03474,8,20,3,0.6778283087104645,5.422626469683716
VYD_03475,9,19,3,11.632708474768924,104.69437627292031
VYD_03476,7,19,3,4.11035480390224,28.77248362731568
VYD_03477,8,18,3,1.2073648192525053,9.658918554020042
VYD_03478,7,18,3,2.197458689155856,15.382210824090993
VYD_03479,8,20,3,2.472962640310474,19.78370112248379
VYD_03480,8,19,3,1.220520338099091,9.764162704792728
VYD_03481,8,20,3,0.9502788112982278,7.602230490385822
VYD_03482,8,18,3,1.6196541815566434,12.957233452453147
VYD_03483,8,18,3,1.0369739731571217,8.295791785256974
VYD_03484,8,20,3,0.8479189918354434,6.783351934683547
VYD_03485,7,18,3,1.9000681018128853,13.300476712690198
VYD_03486,8,21,3,0.9554189970457592,7.643351976366073
VYD_03487,7,19,3,3.1592636074159874,22.114845251911913
VYD_03488,8,21,3,5.671890939929872,45.375127519438976
VYD_03489,9,19,3,4.138912224114305,37.25021001702875
VYD_03490,7,16,3,4.817801411911333,33.72460988337933
VYD_03491,8,18,3,1.682766563991386,13.462132511931088
VYD_03492,7,18,3,1.1214070544346653,7.849849381042657
VYD_03493,7,18,3,6.900848825177169,48.30594177624018
VYD_03494,8,21,3,1.8753869491653221,15.003095593322577
VYD_03495,8,20,3,0.6293562688640656,5.034850150912525
VYD_03496,8,21,3,2.668380682210727,21.347045457685816
VYD_03497,7,19,3,1.0063793550596238,7.044655485417367
VYD_03498,8,20,3,2.5762798085550944,20.610238468440755
VYD_03499,8,21,3,6.1022511294559925,48.81800903564794
VYD_03500,7,17,3,1.359537219348089,9.516760535436623
VYD_03501,8,21,3,4.315490114217636,34.52392091374109
VYD_03502,8,20,3,0.6302448460122884,5.041958768098307
VYD_03503,8,17,3,1.1427914658882286,9.142331727105828
VYD_03504,7,18,3,3.198491576422677,22.38944103495874
VYD_03505,8,20,3,2.4929529657659377,19.943623726127502
VYD_03506,8,20,3,0.8419478753953715,6.735583003162972
VYD_03507,7,17,3,0.7877118064341407,5.513982645038985
VYD_03508,9,20,3,2.722708082253358,24.50437274028022
VYD_03509,8,20,3,13.317356968319853,106.53885574655882
VYD_03510,8,20,3,0.7818871561418129,6.255097249134503
VYD_03511,8,21,3,1.128518793257731,9.028150346061848
VYD_03512,8,19,3,5.050989738060718,40.40791790448574
VYD_03513,8,20,3,4.491010778735775,35.9280862298862
VYD_03514,8,18,3,2.119336906143177,16.954695249145416
VYD_03515,8,20,3,2.3864071967249365,19.091257573799492
VYD_03516,8,20,3,1.6534466295434915,13.227573036347932
VYD_03517,8,21,3,2.7603920740393884,22.083136592315107
VYD_03518,8,20,3,7.824558104222131,62.59646483377705
VYD_03519,8,18,3,5.153079149171825,41.2246331933746
VYD_03520,8,21,3,0.6161096894866405,4.928877515893124
VYD_03521,7,19,3,4.406401165567817,30.84480815897472
VYD_03522,7,18,3,9.848438212557483,68.93906748790238
VYD_03523,7,19,3,1.050174329519377,7.351220306635639
VYD_03524,8,18,3,2.5127223925949393,20.101779140759515
VYD_03525,8,18,3,1.0575910517090856,8.460728413672685
VYD_03526,7,18,3,0.7613719619677007,5.329603733773905
VYD_03527,8,20,3,0.6601964608021349,5.281571686417079
VYD_03528,8,21,3,2.974225974248031,23.793807793984247
VYD_03529,7,19,3,8.135297228748426,56.94708060123898
VYD_03530,8,20,3,0.6552127006683455,5.241701605346764
VYD_03531,8,20,3,1.1903034333990699,9.522427467192559
VYD_03532,8,21,3,3.5208246024453578,28.166596819562862
VYD_03533,8,18,3,2.784547417960464,22.27637934368371
VYD_03534,8,20,3,15.908618384256526,127.2689470740522
VYD_03535,7,19,3,5.417002622693969,37.919018358857784
VYD_03536,8,18,3,1.1269356381660505,9.015485105328404
VYD_03537,8,20,3,0.6991951511610117,5.593561209288094
VYD_03538,9,22,3,1.2605042193715723,11.344537974344151
VYD_03539,8,20,3,0.7849383398263415,6.279506718610732
VYD_03540,8,20,3,5.545861344010578,44.36689075208462
VYD_03541,7,16,3,1.1141316514644644,7.798921560251251
VYD_03542,8,20,3,0.6476278705066512,5.181022964053209
VYD_03543,7,18,3,4.729267857688655,33.10487500382059
VYD_03544,8,18,3,2.791997474480296,22.335979795842366
VYD_03545,8,18,3,0.8373580410595758,6.698864328476606
VYD_03546,8,18,3,20.429461952561937,163.4356956204955
VYD_03547,8,21,3,0.6817562621502711,5.454050097202169
VYD_03548,7,18,3,5.322851259906779,37.25995881934745
VYD_03549,8,18,3,0.689297448151973,5.514379585215784
VYD_03550,8,18,3,1.979282570555226,15.834260564441808
VYD_03551,9,21,3,0.9977867765047241,8.980080988542518
VYD_03552,8,18,3,2.59637286523654,20.77098292189232
VYD_03553,8,21,3,5.0774191091087575,40.61935287287006
VYD_03554,8,21,3,4.757141298228826,38.05713038583061
VYD_03555,8,20,3,1.2057593933907582,9.646075147126066
VYD_03556,8,21,3,2.655064329809827,21.240514638478615
VYD_03557,8,18,3,1.7496765432630317,13.997412346104253
VYD_03558,8,18,3,2.3319026883719625,18.6552215069757
VYD_03559,7,19,3,1.546077124805728,10.822539873640096
VYD_03560,8,18,3,1.1565634727673697,9.252507782138958
VYD_03561,8,18,3,2.4105106466505655,19.284085173204524
VYD_03562,7,18,3,1.662388250183181,11.636717751282267
VYD_03563,8,18,3,3.855782231749388,30.846257853995105
VYD_03564,8,20,3,10.998823980097733,87.99059184078186
VYD_03565,7,19,3,3.369677698126811,23.587743886887676
VYD_03566,8,19,3,2.7760666277665043,22.208533022132034
VYD_03567,8,21,3,1.1866658480162382,9.493326784129906
VYD_03568,8,20,3,3.9014753544243637,31.21180283539491
VYD_03569,8,18,3,1.080862459558907,8.646899676471255
VYD_03570,8,20,3,2.5510695182270373,20.4085561458163
VYD_03571,7,18,3,0.8414984312186076,5.890489018530253
VYD_03572,7,19,3,2.201248064400789,15.408736450805522
VYD_03573,8,18,3,2.1926972237764635,17.541577790211708
VYD_03574,8,18,3,1.0031657779650405,8.025326223720324
VYD_03575,8,16,3,0.7996949798445204,6.397559838756163
VYD_03576,8,17,3,2.9884489417122766,23.907591533698213
VYD_03577,8,21,3,4.990510203325993,39.92408162660794
VYD_03578,8,20,3,0.7729284976613972,6.183427981291177
VYD_03579,8,18,3,2.0880315284428383,16.704252227542707
VYD_03580,8,20,3,1.1204848623229156,8.963878898583324
VYD_03581,8,18,3,7.810429460324839,62.48343568259871
VYD_03582,7,19,3,2.073864245493714,14.517049718455999
VYD_03583,7,18,3,11.037049400809535,77.25934580566674
VYD_03584,8,20,3,3.775458478315812,30.203667826526495
VYD_03585,8,21,3,7.947926421481761,63.58341137185409
VYD_03586,8,20,3,22.00507539364175,176.040603149134
VYD_03587,8,18,3,1.2198931907279256,9.759145525823405
VYD_03588,8,21,3,0.6249239298042069,4.999391438433655
VYD_03589,8,20,3,2.2504398308991944,18.003518647193555
VYD_03590,8,20,3,2.287341717061411,18.29873373649129
VYD_03591,8,18,3,1.0280979879445105,8.224783903556084
VYD_03592,8,20,3,0.6566429657912528,5.2531437263300225
VYD_03593,8,21,3,2.900339710202665,23.20271768162132
VYD_03594,8,20,3,0.6668349909504003,5.334679927603203
VYD_03595,9,19,3,2.0024393064254364,18.02195375782893
VYD_03596,7,18,3,0.9980489746907356,6.986342822835149
VYD_03597,7,16,3,2.9155007091964844,20.40850496437539
VYD_03598,8,20,3,5.199450319827705,41.59560255862164
VYD_03599,8,21,3,6.308614965803297,50.46891972642638
VYD_03600,7,18,3,0.792456783954757,5.5471974876833
VYD_03601,8,21,3,8.31856538537178,66.54852308297424
VYD_03602,8,20,3,4.146120623745053,33.16896498996042
VYD_03603,8,21,3,2.200044382091502,17.600355056732017
VYD_03604,7,19,3,6.249244022429419,43.74470815700593
VYD_03605,8,21,3,3.448526694982731,27.58821355986185
VYD_03606,8,20,3,0.9121956212958233,7.297564970366587
VYD_03607,8,18,3,4.877730715569607,39.021845724556854
VYD_03608,8,17,3,2.1756737924332947,17.405390339466358
VYD_03609,8,21,3,1.0353666246111943,8.282932996889555
VYD_03610,8,21,3,2.065033376480456,16.520267011843647
VYD_03611,7,18,3,0.6404376761398826,4.483063732979178
VYD_03612,8,20,3,3.2369044446876885,25.895235557501508
VYD_03613,8,21,3,1.2442494959030015,9.953995967224012
VYD_03614,8,20,3,2.421007370329754,19.36805896263803
VYD_03615,8,21,3,9.2141968121313,73.7135744970504
VYD_03616,8,18,3,2.6836583054327297,21.469266443461837
VYD_03617,8,21,3,3.101613829645176,24.81291063716141
VYD_03618,7,17,3,0.8029701892934575,5.620791325054203
VYD_03619,7,18,3,0.8371107547432943,5.85977528320306
VYD_03620,8,20,3,0.6558570582918027,5.246856466334422
VYD_03621,8,20,3,1.5984401418589869,12.787521134871895
VYD_03622,7,19,3,0.9808262439322442,6.8657837075257095
VYD_03623,8,21,3,1.4476648808432493,11.581319046745994
VYD_03624,7,17,3,1.7964713974163016,12.575299781914111
VYD_03625,8,18,3,0.619378450765484,4.955027606123872
VYD_03626,7,19,3,1.57977005813783,11.05839040696481
VYD_03627,7,18,3,0.334769377023085,2.3433856391615953
VYD_03628,7,16,3,3.5734081090186716,25.0138567631307
VYD_03629,8,20,3,0.6771100713665453,5.416880570932363
VYD_03630,9,21,3,4.684524197323787,42.16071777591409
VYD_03631,8,19,3,1.482817071349532,11.862536570796255
VYD_03632,7,16,3,1.8766413720496573,13.1364896043476
VYD_03633,7,16,3,0.03281343386793589,0.22969403707555125
VYD_03634,8,18,3,5.044674720935658,40.35739776748527
VYD_03635,8,19,3,4.9693962661553375,39.7551701292427
VYD_03636,7,18,3,0.8787954644113093,6.151568250879165
VYD_03637,8,18,3,0.6419787454731061,5.135829963784849
VYD_03638,8,20,3,3.251605575384997,26.012844603079976
VYD_03639,8,21,3,10.54834700261215,84.3867760208972
VYD_03640,8,21,3,0.7755631576872134,6.204505261497707
VYD_03641,8,21,3,0.7192671054778705,5.754136843822964
VYD_03642,8,20,3,0.8644332054487402,6.915465643589922
VYD_03643,8,21,3,2.920659832184307,23.365278657474455
VYD_03644,8,18,3,0.9717960260097458,7.774368208077966
VYD_03645,7,16,3,1.5180088740615985,10.62606211843119
VYD_03646,8,20,3,1.239622548391482,9.916980387131856
VYD_03647,8,20,3,7.72545345710674,61.80362765685392
VYD_03648,7,19,3,2.2344429274596855,15.641100492217799
VYD_03649,8,21,3,2.9066777006109255,23.253421604887404
VYD_03650,7,19,3,0.7249186762258316,5.074430733580821
VYD_03651,8,21,3,2.639582475760835,21.11665980608668
VYD_03652,8,18,3,1.0559326310396424,8.44746104831714
VYD_03653,7,18,3,4.603479430019517,32.22435601013662
VYD_03654,9,19,3,1.0126220389996334,9.113598350996702
VYD_03655,8,18,3,4.550903386749551,36.40722709399641
VYD_03656,8,20,3,1.2145974538490851,9.716779630792681
VYD_03657,8,20,3,4.430947363418825,35.4475789073506
VYD_03658,7,18,3,1.3920377384887193,9.744264169421035
VYD_03659,8,18,3,3.344775452748932,26.758203621991456
VYD_03660,8,21,3,1.2389714478492964,9.91177158279437
VYD_03661,8,21,3,3.767306660322481,30.13845328257985
VYD_03662,7,19,3,0.9100162629680831,6.370113840776582
VYD_03663,8,21,3,1.244176761622895,9.95341409298316
VYD_03664,7,19,3,0.6917085568596454,4.841959898017517
VYD_03665,8,20,3,0.5143662234843488,4.11492978787479
VYD_03666,8,20,3,0.9474376217110811,7.579500973688649
VYD_03667,8,20,3,3.0975846548070147,24.780677238456118
VYD_03668,8,20,3,6.215050621730403,49.72040497384322
VYD_03669,8,21,3,1.6821297036762044,13.457037629409635
VYD_03670,8,20,3,3.935143103924309,31.481144831394474
VYD_03671,8,18,3,1.4419539313163154,11.535631450530524
VYD_03672,8,18,3,1.1519121322182013,9.21529705774561
VYD_03673,8,21,3,2.6399438824480175,21.11955105958414
VYD_03674,8,16,3,3.1480590712292797,25.184472569834238
VYD_03675,8,21,3,0.8109456454981403,6.487565163985122
VYD_03676,8,18,3,1.5557554270319263,12.44604341625541
VYD_03677,7,19,3,2.9251768244494682,20.476237771146277
VYD_03678,7,19,3,1.896916839334019,13.278417875338134
VYD_03679,7,16,3,1.4103725211539078,9.872607648077354
VYD_03680,8,21,3,1.899323482295562,15.194587858364496
VYD_03681,8,21,3,1.4342636074257094,11.474108859405675
VYD_03682,8,20,3,2.5349664882206895,20.279731905765516
VYD_03683,9,19,3,3.17452634459176,28.570737101325843
VYD_03684,8,21,3,2.538945546396079,20.311564371168632
VYD_03685,8,20,3,0.8063783759968781,6.451027007975025
VYD_03686,7,17,3,2.773813359554594,19.41669351688216
VYD_03687,8,21,3,1.5165680639940318,12.132544511952254
VYD_03688,8,21,3,2.160201097080989,17.28160877664791
VYD_03689,8,20,3,2.6100104634762324,20.88008370780986
VYD_03690,8,18,3,5.04511500994473,40.36092007955784
VYD_03691,7,18,3,0.6460410706349913,4.522287494444939
VYD_03692,7,18,3,0.8825772338567329,6.178040636997131
VYD_03693,8,18,3,0.8269871935495554,6.615897548396443
VYD_03694,7,18,3,2.0827762969268977,14.579434078488283
VYD_03695,7,18,3,2.4104675909069893,16.873273136348924
VYD_03696,8,21,3,0.8692220564091753,6.953776451273402
VYD_03697,8,17,3,3.402814731039159,27.222517848313274
VYD_03698,7,17,3,4.490750132922334,31.435250930456338
VYD_03699,7,18,3,0.5626191750111516,3.938334225078061
VYD_03700,7,19,3,0.7088296585625682,4.961807609937978
VYD_03701,8,20,3,3.5053191213616977,28.04255297089358
VYD_03702,8,20,3,2.16566633688796,17.32533069510368
VYD_03703,8,20,3,2.4050264334751277,19.24021146780102
VYD_03704,7,18,3,3.563456203439246,24.944193424074722
VYD_03705,7,14,3,0.23998773532366685,1.679914147265668
VYD_03706,8,20,3,1.29835322998315,10.3868258398652
VYD_03707,8,21,3,7.872137052468824,62.977096419750595
VYD_03708,9,19,3,3.668450585530141,33.016055269771265
VYD_03709,8,18,3,3.021162982474895,24.16930385979916
VYD_03710,8,21,3,0.8898695591651733,7.118956473321386
VYD_03711,8,21,3,1.5024000468835752,12.019200375068602
VYD_03712,8,20,3,1.747863151489733,13.982905211917863
VYD_03713,8,17,3,1.0421625926469442,8.337300741175554
VYD_03714,7,18,3,0.913386490255094,6.393705431785658
VYD_03715,7,18,3,3.4983269315037164,24.488288520526016
VYD_03716,8,20,3,4.436506065692134,35.49204852553707
VYD_03717,7,18,3,4.846497388779223,33.92548172145456
VYD_03718,8,18,3,1.7792615930587785,14.234092744470228
VYD_03719,7,18,3,4.838636547572334,33.87045583300634
VYD_03720,8,19,3,1.167804829116251,9.342438632930008
VYD_03721,7,19,3,1.699085304089197,11.893597128624378
VYD_03722,8,18,3,0.3529858670297088,2.8238869362376704
VYD_03723,8,21,3,1.6815649975684275,13.45251998054742
VYD_03724,7,19,3,1.6575310205006637,11.602717143504647
VYD_03725,8,21,3,3.110997148857939,24.887977190863513
VYD_03726,7,16,3,1.9160032114942787,13.412022480459951
VYD_03727,8,21,3,0.7835591677288627,6.2684733418309015
VYD_03728,8,21,3,2.497566901811171,19.980535214489368
VYD_03729,8,18,3,3.4734837818237736,27.78787025459019
VYD_03730,8,20,3,0.7672848876839861,6.1382791014718885
VYD_03731,8,21,3,4.275388867923367,34.20311094338694
VYD_03732,8,21,3,0.7276941457178867,5.821553165743094
VYD_03733,7,19,3,5.672915129632803,39.71040590742962
VYD_03734,8,21,3,1.5873462122575601,12.698769698060481
VYD_03735,8,19,3,0.6832349564789668,5.4658796518317345
VYD_03736,8,18,3,1.9258129106532502,15.406503285226002
VYD_03737,7,16,3,0.03984844937935899,0.2789391456555129
VYD_03738,8,20,3,0.7317615535654077,5.854092428523262
VYD_03739,8,20,3,1.1574531973847804,9.259625579078243
VYD_03740,8,20,3,3.4159735017707775,27.32778801416622
VYD_03741,8,21,3,0.7603397110756854,6.0827176886054835
VYD_03742,8,19,3,3.361112807282275,26.8889024582582
VYD_03743,8,19,3,1.2350805415444792,9.880644332355834
VYD_03744,8,18,3,1.3091299837773773,10.473039870219019
VYD_03745,7,18,3,1.2291826758376438,8.604278730863507
VYD_03746,8,20,3,2.717912249674814,21.74329799739851
VYD_03747,8,21,3,1.3290065781024047,10.632052624819238
VYD_03748,8,21,3,2.5954601360836134,20.763681088668907
VYD_03749,7,18,3,2.043260183077179,14.302821281540252
VYD_03750,8,18,3,1.3703522222236668,10.962817777789335
VYD_03751,8,18,3,3.163769626058409,25.31015700846727
VYD_03752,7,19,3,2.311680697978317,16.181764885848217
VYD_03753,8,21,3,0.7338392891768736,5.870714313414989
VYD_03754,8,21,3,2.919782280530322,23.358258244242577
VYD_03755,8,21,3,1.8369076291495847,14.695261033196678
VYD_03756,8,20,3,4.492241193906194,35.93792955124955
VYD_03757,8,21,3,1.4387593205960931,11.510074564768745
VYD_03758,8,19,3,1.5484945917237418,12.387956733789935
VYD_03759,7,18,3,3.296484099649372,23.075388697545602
VYD_03760,8,17,3,2.0308016763291574,16.24641341063326
VYD_03761,8,21,3,1.6177416080592895,12.941932864474316
VYD_03762,8,21,3,5.970286328322809,47.76229062658247
VYD_03763,9,20,3,1.030427064978566,9.273843584807095
VYD_03764,8,21,3,4.425966176091217,35.407729408729736
VYD_03765,7,19,3,1.9926076410634792,13.948253487444354
VYD_03766,9,20,3,3.118911589330801,28.070204303977206
VYD_03767,8,20,3,5.420317128401605,43.36253702721284
VYD_03768,8,21,3,1.7879874737094814,14.303899789675851
VYD_03769,8,21,3,2.510098745811453,20.080789966491626
VYD_03770,8,20,3,2.7669895199636407,22.135916159709126
VYD_03771,7,14,3,3.3675714699450627,23.57300028961544
VYD_03772,7,19,3,1.0193462885091822,7.135424019564275
VYD_03773,8,20,3,3.8192037052837353,30.553629642269883
VYD_03774,8,17,3,2.6657559812160865,21.326047849728692
VYD_03775,8,17,3,0.7140856649225107,5.7126853193800855
VYD_03776,8,18,3,1.7470255111987703,13.976204089590162
VYD_03777,8,20,3,1.7982244043990814,14.385795235192651
VYD_03778,7,19,3,7.053402541856171,49.373817792993194
VYD_03779,8,21,3,0.969149030317325,7.7531922425386
VYD_03780,8,21,3,1.9602146650242416,15.681717320193933
VYD_03781,8,21,3,7.156559894901405,57.25247915921124
VYD_03782,8,20,3,7.555567582595945,60.44454066076756
VYD_03783,8,18,3,5.437174150561063,43.4973932044885
VYD_03784,8,21,3,2.4343692901006175,19.47495432080494
VYD_03785,8,20,3,6.231092861848026,49.84874289478421
VYD_03786,8,18,3,3.2545081130665925,26.03606490453274
VYD_03787,8,21,3,3.595183581267235,28.76146865013788
VYD_03788,8,18,3,4.8974069360446535,39.17925548835723
VYD_03789,8,21,3,12.578648615280066,100.62918892224053
VYD_03790,8,19,3,2.0845253753225492,16.676203002580394
VYD_03791,9,20,3,6.45879794364799,58.129181492831904
VYD_03792,7,18,3,1.13104352494645,7.917304674625151
VYD_03793,8,21,3,3.9565104800780513,31.65208384062441
VYD_03794,7,17,3,1.1509650990578446,8.056755693404913
VYD_03795,7,19,3,9.179015073512073,64.2531055145845
VYD_03796,8,20,3,2.2478764570997294,17.983011656797835
VYD_03797,8,20,3,4.008553464519468,32.068427716155746
VYD_03798,7,18,3,4.297365940438273,30.081561583067913
VYD_03799,8,21,3,1.082916507583208,8.663332060665663
VYD_03800,8,20,3,0.6148375284687997,4.9187002277503975
VYD_03801,8,21,3,2.7703171272399434,22.162537017919547
VYD_03802,8,20,3,0.6915039100682794,5.532031280546235
VYD_03803,9,19,3,0.7978111310980078,7.180300179882071
VYD_03804,8,21,3,1.4709873190106846,11.767898552085477
VYD_03805,7,18,3,1.2695228598896042,8.886660019227229
VYD_03806,8,20,3,1.144964721441121,9.159717771528967
VYD_03807,8,18,3,3.1821569952542434,25.457255962033948
VYD_03808,7,16,3,8.243242708256046,57.70269895779232
VYD_03809,7,19,3,1.2457665688451975,8.720365981916382
VYD_03810,8,20,3,1.3639878335784634,10.911902668627707
VYD_03811,8,21,3,0.9916528607152363,7.93322288572189
VYD_03812,8,20,3,1.3922063622301937,11.13765089784155
VYD_03813,8,20,3,1.9983006550320173,15.986405240256138
VYD_03814,7,18,3,3.928097817617871,27.496684723325096
VYD_03815,8,17,3,9.705885805964071,77.64708644771257
VYD_03816,8,20,3,14.006675188150838,112.05340150520671
VYD_03817,7,19,3,2.3280200648662257,16.29614045406358
VYD_03818,7,18,3,4.698237744940172,32.88766421458121
VYD_03819,8,20,3,10.00627093990694,80.05016751925552
VYD_03820,7,18,3,1.024490128508718,7.171430899561026
VYD_03821,9,21,3,2.9047301645280394,26.142571480752355
VYD_03822,8,21,3,1.509934120678937,12.079472965431496
VYD_03823,8,19,3,0.7310220971007495,5.848176776805996
VYD_03824,8,20,3,0.7676810197671721,6.1414481581373765
VYD_03825,8,21,3,2.429809001765731,19.438472014125846
VYD_03826,8,21,3,2.4584352907672793,19.667482326138234
VYD_03827,8,20,3,4.623857924486314,36.990863395890514
VYD_03828,8,21,3,7.896272687055739,63.17018149644591
VYD_03829,8,20,3,0.9102068452281641,7.281654761825313
VYD_03830,7,19,3,0.7110650585573093,4.9774554099011645
VYD_03831,7,16,3,2.1804821802902965,15.263375262032076
VYD_03832,8,20,3,1.6896107366467956,13.516885893174365
VYD_03833,8,21,3,0.7049552194711965,5.639641755769572
VYD_03834,8,21,3,3.0664405936336196,24.531524749068957
VYD_03835,8,20,3,1.8024053818127355,14.419243054501884
VYD_03836,8,20,3,1.4693810862718841,11.755048690175073
VYD_03837,7,19,3,1.1738539265165375,8.216977485615763
VYD_03838,8,20,3,1.109552156932599,8.876417255460792
VYD_03839,8,21,3,1.9961245606288958,15.968996485031166
VYD_03840,8,21,3,1.800546630013144,14.404373040105153
VYD_03841,8,20,3,0.6897627394924546,5.518101915939637
VYD_03842,8,18,3,0.7836348959342697,6.269079167474158
VYD_03843,9,19,3,1.3089319284172534,11.78038735575528
VYD_03844,8,18,3,3.6648020008237867,29.318416006590294
VYD_03845,8,20,3,2.66559472821864,21.32475782574912
VYD_03846,8,21,3,14.078404552499487,112.6272364199959
VYD_03847,8,18,3,1.3716995745156544,10.973596596125235
VYD_03848,8,21,3,3.8498715877067298,30.798972701653838
VYD_03849,7,19,3,2.4245803328915327,16.97206233024073
VYD_03850,8,21,3,1.415563596020875,11.324508768167
VYD_03851,9,21,3,2.16454591486338,19.480913233770423
VYD_03852,9,21,3,10.598903522692705,95.39013170423435
VYD_03853,8,18,3,1.108108612748982,8.864868901991857
VYD_03854,8,20,3,1.4111714682805985,11.289371746244788
VYD_03855,8,20,3,2.6865880311826413,21.49270424946113
VYD_03856,8,19,3,1.4393977664122142,11.515182131297713
VYD_03857,8,21,3,5.1750895328165205,41.400716262532164
VYD_03858,8,20,3,3.142551600679071,25.140412805432568
VYD_03859,8,20,3,1.6029251599366343,12.823401279493075
VYD_03860,8,18,3,1.4751277321628136,11.801021857302509
VYD_03861,7,18,3,0.6442704254820452,4.5098929783743165
VYD_03862,8,20,3,1.3179662488443142,10.543729990754514
VYD_03863,8,20,3,4.380265164303126,35.04212131442501
VYD_03864,7,19,3,4.3193475828485255,30.23543307993968
VYD_03865,8,20,3,4.4479207421135545,35.583365936908436
VYD_03866,8,18,3,5.900251360320244,47.20201088256195
VYD_03867,7,19,3,1.7253711283305664,12.077597898313964
VYD_03868,8,20,3,5.130949334447342,41.047594675578736
VYD_03869,7,19,3,3.1974356149019645,22.382049304313753
VYD_03870,8,20,3,6.531478985267179,52.25183188213743
VYD_03871,8,21,3,0.646858581543875,5.174868652351
VYD_03872,8,20,3,1.4672617937360475,11.73809434988838
VYD_03873,7,16,3,4.813043958670993,33.69130771069695
VYD_03874,8,19,3,1.4848641418883168,11.878913135106535
VYD_03875,8,20,3,1.2122146926257913,9.69771754100633
VYD_03876,7,19,3,4.9096927516481825,34.36784926153728
VYD_03877,7,19,3,2.565413496075994,17.957894472531958
VYD_03878,8,21,3,0.8137445223572116,6.509956178857693
VYD_03879,7,19,3,3.546762132158941,24.827334925112588
VYD_03880,8,21,3,3.3295517735384514,26.63641418830761
VYD_03881,8,21,3,1.0227300368511814,8.18184029480945
VYD_03882,8,21,3,4.017063573982037,32.1365085918563
VYD_03883,8,20,3,3.5864593842770547,28.691675074216437
VYD_03884,7,18,3,0.89080379833257,6.23562658832799
VYD_03885,8,20,3,1.3248301748036213,10.59864139842897
VYD_03886,8,21,3,1.1319780439545084,9.055824351636067
VYD_03887,8,20,3,0.968205727282444,7.745645818259552
VYD_03888,8,18,3,1.1171068750282962,8.93685500022637
VYD_03889,7,19,3,1.0497927478263334,7.3485492347843335
VYD_03890,7,18,3,2.6691618418918748,18.684132893243124
VYD_03891,8,20,3,0.967440131650267,7.739521053202136
VYD_03892,8,20,3,2.324005695688108,18.592045565504865
VYD_03893,7,18,3,0.8877593108235761,6.214315175765033
VYD_03894,7,17,3,0.6314014456533551,4.419810119573485
VYD_03895,7,19,3,0.8484633009948825,5.939243106964177
VYD_03896,8,21,3,9.83629445484611,78.69035563876888
VYD_03897,9,19,3,2.2688039952219614,20.419235956997653
VYD_03898,8,21,3,5.048924190759827,40.391393526078616
VYD_03899,8,21,3,3.5211470876185973,28.16917670094878
VYD_03900,7,15,3,5.662223344664002,39.63556341264802
VYD_03901,8,18,3,5.887814283983818,47.10251427187055
VYD_03902,8,17,3,3.286219757078101,26.28975805662481
VYD_03903,8,20,3,0.6338154862561617,5.0705238900492935
VYD_03904,7,19,3,1.1748450554128675,8.223915387890074
VYD_03905,7,18,3,10.825417887546463,75.77792521282524
VYD_03906,8,18,3,0.9139029376614348,7.311223501291479
VYD_03907,7,15,3,1.3965102751318472,9.77557192592293
VYD_03908,8,20,3,1.2352086550051011,9.881669240040809
VYD_03909,8,21,3,1.509071893469568,12.072575147756544
VYD_03910,7,18,3,2.351783799926327,16.46248659948429
VYD_03911,7,16,3,0.7626541294992257,5.33857890649458
VYD_03912,9,21,3,0.6850468087309054,6.165421278578148
VYD_03913,8,21,3,0.9771999764030789,7.817599811224631
VYD_03914,8,18,3,5.0470961123761935,40.37676889900955
VYD_03915,7,19,3,4.995181364971171,34.966269554798195
VYD_03916,8,17,3,2.632872379587272,21.062979036698177
VYD_03917,8,20,3,4.54343173834677,36.34745390677416
VYD_03918,8,20,3,2.5538455985355677,20.43076478828454
VYD_03919,7,18,3,3.7665249180176033,26.365674426123224
VYD_03920,8,20,3,2.631484389954175,21.0518751196334
VYD_03921,7,18,3,5.705972459688209,39.94180721781746
VYD_03922,8,16,3,0.7243598792697418,5.794879034157934
VYD_03923,8,20,3,2.582611022245185,20.66088817796148
VYD_03924,7,18,3,1.8410323578152943,12.88722650470706
VYD_03925,8,20,3,1.9976360741102552,15.981088592882042
VYD_03926,8,20,3,5.087200732092273,40.697605856738186
VYD_03927,8,21,3,2.7474064321284057,21.979251457027246
VYD_03928,7,18,3,2.4938179304178845,17.456725512925193
VYD_03929,8,21,3,1.6126672948003975,12.90133835840318
VYD_03930,7,17,3,1.0839947028755976,7.587962920129184
VYD_03931,8,17,3,2.1909809555739663,17.52784764459173
VYD_03932,8,22,3,2.798403793255897,22.387230346047176
VYD_03933,8,20,3,0.9237852759935947,7.390282207948758
VYD_03934,7,18,3,3.173977721707075,22.217844051949523
VYD_03935,7,14,3,2.7644577477300825,19.351204234110575
VYD_03936,9,19,3,18.231597477653988,164.0843772988859
VYD_03937,8,19,3,1.7565363998828012,14.05229119906241
VYD_03938,8,17,3,1.480429796861386,11.843438374891088
VYD_03939,8,20,3,3.213357957740078,25.706863661920625
VYD_03940,8,17,3,1.752705823145731,14.021646585165849
VYD_03941,8,18,3,0.8238720140380308,6.590976112304246
VYD_03942,7,19,3,0.8002184392202032,5.601529074541422
VYD_03943,8,21,3,3.0174371799135327,24.13949743930826
VYD_03944,8,21,3,1.1534060962304435,9.227248769843548
VYD_03945,8,19,3,0.8220291132782515,6.576232906226012
VYD_03946,8,21,3,2.7855605097501455,22.284484078001164
VYD_03947,8,19,3,3.4086861642939854,27.269489314351883
VYD_03948,8,20,3,7.136587017972433,57.09269614377946
VYD_03949,8,20,3,2.5758729559398823,20.60698364751906
VYD_03950,8,19,3,1.7606093485558132,14.084874788446506
VYD_03951,8,17,3,0.9808830715199716,7.8470645721597725
VYD_03952,8,20,3,0.5787801686315541,4.630241349052433
VYD_03953,9,22,3,6.065211727010312,54.58690554309281
VYD_03954,8,20,3,0.9976761649257162,7.98140931940573
VYD_03955,8,18,3,1.6780766749999414,13.424613399999531
VYD_03956,8,18,3,1.2894908471274347,10.315926777019477
VYD_03957,8,19,3,0.845066612356671,6.760532898853368
VYD_03958,8,18,3,1.140855538183399,9.126844305467191
VYD_03959,8,21,3,3.2750804334596744,26.200643467677395
VYD_03960,7,19,3,1.496230403926086,10.473612827482603
VYD_03961,7,19,3,4.698241223382243,32.8876885636757
VYD_03962,8,21,3,3.421290971973943,27.370327775791544
VYD_03963,9,22,3,4.5496185476243305,40.94656692861898
VYD_03964,8,20,3,1.7167292764129394,13.733834211303515
VYD_03965,8,21,3,1.0986141291607203,8.788913033285763
VYD_03966,7,18,3,4.504570145175995,31.531991016231963
VYD_03967,8,19,3,2.2551141823050296,18.040913458440237
VYD_03968,7,19,3,0.560739581897013,3.925177073279091
VYD_03969,8,18,3,0.788063874731095,6.30451099784876
VYD_03970,8,21,3,1.3524004034780348,10.819203227824278
VYD_03971,8,21,3,11.920756554351785,95.36605243481428
VYD_03972,8,20,3,1.4876124787220355,11.900899829776284
VYD_03973,7,16,3,2.79483178539469,19.56382249776283
VYD_03974,7,18,3,7.388652469657703,51.72056728760393
VYD_03975,7,16,3,2.1140214921416853,14.798150444991798
VYD_03976,8,21,3,4.767546399040839,38.14037119232671
VYD_03977,8,18,3,0.8890788447048071,7.112630757638457
VYD_03978,8,21,3,0.610643946375078,4.885151571000624
VYD_03979,8,20,3,1.0374751782341367,8.299801425873094
VYD_03980,8,21,3,3.04525915942309,24.36207327538472
VYD_03981,8,20,3,1.2987125078543065,10.389700062834452
VYD_03982,8,20,3,4.767779630827583,38.142237046620664
VYD_03983,8,18,3,7.766129688411716,62.12903750729373
VYD_03984,8,18,3,2.9917728804954797,23.934183043963838
VYD_03985,7,18,3,0.8993354573018667,6.295348201113067
VYD_03986,8,20,3,0.6465695151900733,5.172556121520587
VYD_03987,8,21,3,3.818284357225431,30.546274857803446
VYD_03988,7,18,3,2.3332010772891474,16.332407541024033
VYD_03989,8,21,3,1.1747785173625118,9.398228138900095
VYD_03990,8,18,3,0.8080062302996079,6.4640498423968635
VYD_03991,8,21,3,2.6250068869739467,21.000055095791573
VYD_03992,7,18,3,1.1983897578201816,8.38872830474127
VYD_03993,8,18,3,0.7121819907326411,5.697455925861129
VYD_03994,8,20,3,0.6144128506667119,4.915302805333695
VYD_03995,8,18,3,0.8626766357970206,6.901413086376165
VYD_03996,8,18,3,0.6543237405761538,5.234589924609231
VYD_03997,8,20,3,1.206618847729231,9.652950781833848
VYD_03998,7,19,3,3.7291740159974105,26.104218111981872
VYD_03999,8,18,3,0.6131844101567685,4.905475281254148
VYD_04000,7,18,3,0.834223609440455,5.839565266083185
VYD_04001,8,18,3,1.6493784002482632,13.195027201986106
VYD_04002,8,21,3,4.009560588441013,32.0764847075281
VYD_04003,8,21,3,1.6462695819507982,13.170156655606386
VYD_04004,8,18,3,10.592119023456041,84.73695218764833
VYD_04005,8,20,3,3.9572763888996234,31.658211111196987
VYD_04006,8,20,3,1.4044914582253323,11.235931665802658
VYD_04007,8,17,3,0.7822696063239278,6.258156850591423
VYD_04008,7,18,3,0.693135369499937,4.851947586499559
VYD_04009,9,19,3,5.184805242312118,46.66324718080906
VYD_04010,8,20,3,1.1707041738667006,9.365633390933604
VYD_04011,8,21,3,7.274388023559094,58.195104188472754
VYD_04012,8,20,3,0.7946034554912198,6.356827643929758
VYD_04013,9,19,3,6.844930841642254,61.60437757478029
VYD_04014,8,20,3,1.7949918978440695,14.359935182752556
VYD_04015,7,16,3,1.4872855048107487,10.41099853367524
VYD_04016,7,18,3,2.565584784906387,17.959093494344707
VYD_04017,8,21,3,2.4766623767553004,19.813299014042403
VYD_04018,8,20,3,3.80592875810654,30.44743006485232
VYD_04019,8,18,3,14.829794277997056,118.63835422397645
VYD_04020,8,20,3,1.254430086908229,10.035440695265832
VYD_04021,8,21,3,0.8012306691142186,6.409845352913749
VYD_04022,9,21,3,2.1318856754539337,19.186971079085403
VYD_04023,8,20,3,7.472516504515661,59.78013203612529
VYD_04024,8,17,3,0.8813478613934134,7.050782891147307
VYD_04025,8,20,3,6.510280807370211,52.08224645896169
VYD_04026,7,18,3,2.429571310080107,17.00699917056075
VYD_04027,8,21,3,5.086591894730781,40.69273515784625
VYD_04028,7,17,3,0.9808762590504011,6.866133813352808
VYD_04029,7,17,3,1.25866033537725,8.81062234764075
VYD_04030,8,21,3,3.326255933722417,26.610047469779335
VYD_04031,8,21,3,1.3351284308236406,10.681027446589125
VYD_04032,7,18,3,4.1690833808472005,29.183583665930403
VYD_04033,8,21,3,1.1946394317768017,9.557115454214413
VYD_04034,8,20,3,1.942528185572018,15.540225484576144
VYD_04035,8,21,3,3.666168821960215,29.32935057568172
VYD_04036,8,20,3,0.8047274416846512,6.437819533477209
VYD_04037,8,21,3,4.254283744882884,34.034269959063074
VYD_04038,7,19,3,1.7045302987361688,11.931712091153182
VYD_04039,8,18,3,1.0731429042733844,8.585143234187075
VYD_04040,7,18,3,1.7758845527141527,12.431191868999068
VYD_04041,8,18,3,0.7395885320705851,5.9167082565646805
VYD_04042,8,21,3,1.3687047900851699,10.949638320681359
VYD_04043,8,20,3,1.5782431366411962,12.62594509312957
VYD_04044,8,18,3,4.7104710108839285,37.68376808707143
VYD_04045,8,17,3,0.7380418491079822,5.904334792863858
VYD_04046,8,18,3,0.21006846984061295,1.6805477587249036
VYD_04047,9,20,3,2.9871234805849185,26.884111325264268
VYD_04048,8,17,3,1.5122706902826162,12.09816552226093
VYD_04049,8,20,3,3.100891127444486,24.807129019555887
VYD_04050,8,21,3,1.2078387823279322,9.662710258623457
VYD_04051,8,20,3,3.821852325992036,30.574818607936287
VYD_04052,8,18,3,0.7311834215483443,5.849467372386754
VYD_04053,8,20,3,0.6822645751639066,5.458116601311253
VYD_04054,7,19,3,4.917943291964874,34.425603043754116
VYD_04055,8,17,3,1.021455323153771,8.171642585230169
VYD_04056,9,21,3,3.923386175337361,35.31047557803625
VYD_04057,8,21,3,5.245440421459863,41.9635233716789
VYD_04058,9,19,3,2.5904921679015933,23.31442951111434
VYD_04059,8,17,3,0.7055109014958412,5.644087211966729
VYD_04060,8,20,3,0.9623688791306811,7.698951033045449
VYD_04061,8,21,3,3.2534768208358944,26.027814566687155
VYD_04062,7,16,3,2.7453323933554805,19.217326753488365
VYD_04063,7,19,3,3.011189871569047,21.07832910098333
VYD_04064,7,18,3,0.5846966611569735,4.092876628098814
VYD_04065,8,21,3,0.7918420656603136,6.3347365252825085
VYD_04066,9,21,3,0.8236253829185127,7.4126284462666145
VYD_04067,8,21,3,0.81412382169101,6.51299057352808
VYD_04068,8,21,3,2.160935489857321,17.28748391885857
VYD_04069,7,17,3,0.7917211273246693,5.542047891272685
VYD_04070,8,18,3,4.882558045143059,39.06046436114447
VYD_04071,7,19,3,2.314855059764394,16.203985418350758
VYD_04072,8,20,3,2.078515137713881,16.62812110171105
VYD_04073,7,17,3,2.855457625850328,19.988203380952296
VYD_04074,8,19,3,1.3708853348762264,10.967082679009811
VYD_04075,8,20,3,3.698754048254315,29.59003238603452
VYD_04076,8,20,3,1.4116338951302043,11.293071161041635
VYD_04077,8,17,3,1.593933143066052,12.751465144528416
VYD_04078,7,18,3,0.7766991101294567,5.436893770906197
VYD_04079,8,18,3,1.281836523509041,10.254692188072328
VYD_04080,8,20,3,2.27545459556652,18.20363676453216
VYD_04081,7,18,3,0.910708567313091,6.374959971191637
VYD_04082,8,20,3,1.5762483781848688,12.60998702547895
VYD_04083,7,19,3,3.097206543549157,21.6804458048441
VYD_04084,8,20,3,5.208681783166482,41.66945426533186
VYD_04085,9,19,3,4.337522809616748,39.03770528655073
VYD_04086,7,16,3,1.4214785962542795,9.950350173779956
VYD_04087,8,20,3,1.6526171333625106,13.220937066900085
VYD_04088,7,18,3,1.593647144263093,11.155530009841652
VYD_04089,8,21,3,4.285963526156226,34.28770820924981
VYD_04090,8,21,3,0.9959333814456061,7.9674670515648485
VYD_04091,8,18,3,2.392005323244502,19.136042585956016
VYD_04092,7,18,3,0.643051259805329,4.501358818637303
VYD_04093,9,21,3,4.850106623468536,43.65095961121682
VYD_04094,9,19,3,6.066887184558703,54.601984661028325
VYD_04095,8,21,3,2.098535765712033,16.788286125696263
VYD_04096,7,18,3,0.6546515563465016,4.582560894425511
VYD_04097,8,20,3,2.6426304721489764,21.14104377719181
VYD_04098,8,18,3,1.7094857358670372,13.675885886936298
VYD_04099,8,21,3,2.8535154116217445,22.828123292973956
VYD_04100,7,18,3,1.918998868076957,13.4329920765387
VYD_04101,8,20,3,2.7015387799003263,21.61231023920261
VYD_04102,7,18,3,0.6670240003076098,4.669168002153269
VYD_04103,8,20,3,0.9805847117932671,7.844677694346137
VYD_04104,8,20,3,4.978871275356657,39.83097020285326
VYD_04105,7,16,3,0.8399043958414258,5.879330770889981
VYD_04106,7,19,3,0.8059377870573978,5.6415645094017846
VYD_04107,7,16,3,1.5198175060075434,10.638722542052804
VYD_04108,8,19,3,0.6593693988222329,5.274955190577863
VYD_04109,8,18,3,0.7963733075387037,6.37098646030963
VYD_04110,8,18,3,0.7177820112505123,5.742256090004099
VYD_04111,8,19,3,1.7392334279501764,13.913867423601411
VYD_04112,7,16,3,0.8004140973381096,5.602898681366767
VYD_04113,8,21,3,1.0113053398948604,8.090442719158883
VYD_04114,8,21,3,1.3983698257188308,11.186958605750647
VYD_04115,8,20,3,1.812113145991899,14.496905167935193
VYD_04116,9,19,3,1.1114984182151322,10.00348576393619
VYD_04117,8,20,3,4.4078603624754304,35.262882899803444
VYD_04118,8,20,3,0.8072136155283465,6.457708924226772
VYD_04119,8,21,3,1.488578186005525,11.9086254880442
VYD_04120,9,19,3,3.3145846278807816,29.831261650927033
VYD_04121,7,18,3,1.8061355636574565,12.642948945602196
VYD_04122,7,19,3,0.5462776387001106,3.8239434709007742
VYD_04123,8,20,3,0.6103854628243617,4.883083702594893
VYD_04124,7,18,3,0.8697853447777003,6.0884974134439025
VYD_04125,7,17,3,0.9176055450736649,6.423238815515655
VYD_04126,8,21,3,2.041475546486319,16.331804371890552
VYD_04127,8,21,3,0.9129326930590914,7.303461544472731
VYD_04128,8,21,3,7.13735572670836,57.09884581366688
VYD_04129,7,18,3,1.6345108478275272,11.44157593479269
VYD_04130,7,18,3,1.5338229875988927,10.73676091319225
VYD_04131,8,17,3,1.2668422055568926,10.134737644455141
VYD_04132,8,18,3,1.0426737842480067,8.341390273984054
VYD_04133,8,20,3,5.555212440087138,44.44169952069711
VYD_04134,9,19,3,5.199872142810036,46.79884928529032
VYD_04135,8,20,3,3.748632188156424,29.98905750525139
VYD_04136,7,19,3,11.469494623592752,80.28646236514926
VYD_04137,7,19,3,0.9576831054827059,6.703781738378941
VYD_04138,8,18,3,0.975987268547972,7.807898148383776
VYD_04139,8,21,3,2.438848207035354,19.51078565628283
VYD_04140,7,16,3,1.3359875900794986,9.35191313055649
VYD_04141,7,18,3,1.0827540516334144,7.579278361433901
VYD_04142,8,18,3,1.4285948746067454,11.428758996853963
VYD_04143,8,20,3,0.902268960327315,7.21815168261852
VYD_04144,8,20,3,6.050934479024325,48.4074758321946
VYD_04145,7,19,3,2.3909217303886705,16.736452112720695
VYD_04146,7,18,3,5.775756807849284,40.43029765494499
VYD_04147,8,20,3,9.771020894511658,78.16816715609326
VYD_04148,8,20,3,4.297376258035847,34.379010064286774
VYD_04149,7,18,3,2.053160493520533,14.37212345464373
VYD_04150,8,21,3,2.2659902381336896,18.127921905069517
VYD_04151,8,21,3,3.6204774349034445,28.963819479227556
VYD_04152,8,19,3,3.1622979794137374,25.2983838353099
VYD_04153,9,19,3,1.0536849188796886,9.483164269917198
VYD_04154,8,20,3,0.8959747619965317,7.167798095972254
VYD_04155,8,20,3,1.6439218382887844,13.151374706310275
VYD_04156,8,20,3,4.086287561450073,32.69030049160058
VYD_04157,8,22,3,1.7106553505063127,13.685242804050501
VYD_04158,7,18,3,5.379866747535521,37.65906723274865
VYD_04159,8,20,3,1.630617940268362,13.044943522146896
VYD_04160,8,18,3,0.1047740290055123,0.8381922320440984
VYD_04161,8,18,3,1.0464020390299626,8.371216312239701
VYD_04162,8,18,3,0.6555586950574418,5.244469560459534
VYD_04163,8,18,3,0.7335491548737274,5.868393238989819
VYD_04164,8,18,3,0.5674182763388413,4.539346210710731
VYD_04165,8,18,3,0.14034304418676616,1.1227443534941293
VYD_04166,8,18,3,1.5739456411326511,12.591565129061209
VYD_04167,8,18,3,0.4557390983472188,3.6459127867777505
VYD_04168,8,18,3,0.8503918912570725,6.80313513005658
VYD_04169,8,18,3,0.020613470203516192,0.16490776162812953
VYD_04170,7,17,3,0.9774220386587378,6.841954270611165
VYD_04171,7,17,3,0.27704727659007206,1.9393309361305044
VYD_04172,8,18,3,1.1398446994504836,9.118757595603869
VYD_04173,8,18,3,0.9272852404363281,7.418281923490625
VYD_04174,8,18,3,0.1714872730699666,1.371898184559733
VYD_04175,8,18,3,1.1208723903018478,8.966979122414783
VYD_04176,8,18,3,0.19358531442913623,1.5486825154330899
VYD_04177,8,18,3,0.25139743549077614,2.011179483926209
VYD_04178,8,18,3,0.5433060535830138,4.34644842866411
VYD_04179,8,18,3,0.10857330675992191,0.8685864540793753
VYD_04180,8,18,3,0.5159193414683572,4.127354731746857
VYD_04181,8,18,3,0.1307179346408485,1.045743477126788
VYD_04182,8,18,3,0.02911787287726006,0.23294298301808047
VYD_04183,8,18,3,1.6824484191185807,13.459587352948645
VYD_04184,8,18,3,0.9743293167405602,7.794634533924482
VYD_04185,8,18,3,2.980537319873249,23.844298558985994
VYD_04186,8,18,3,6.311560642211521,50.49248513769217
VYD_04187,8,18,3,1.922816562174256,15.382532497394047
VYD_04188,8,18,3,4.120093548031437,32.960748384251495
VYD_04189,8,18,3,2.090772544838741,16.72618035870993
VYD_04190,8,18,3,1.4476631309329333,11.581305047463466
VYD_04191,8,18,3,1.3345498721186824,10.676398976949459
VYD_04192,8,18,3,2.3769351278029225,19.01548102242338
VYD_04193,8,18,3,1.7211982255784675,13.76958580462774
VYD_04194,8,18,3,1.609105756189372,12.872846049514976
VYD_04195,8,18,3,1.8329923139448656,14.663938511558925
VYD_04196,8,18,3,0.12052434802116452,0.9641947841693161
VYD_04197,9,21,3,0.1462874224820006,1.3165868023380054
VYD_04198,9,21,3,0.1836287153542133,1.6526584381879197
VYD_04199,9,21,3,0.6599302867321868,5.939372580589681
VYD_04200,9,19,3,0.5515580864154389,4.9640227777389505
VYD_04201,7,16,3,1.03877040808356,7.27139285658492
VYD_04202,7,16,3,0.7471386243901751,5.229970370731226
VYD_04203,8,18,3,0.9149608670625313,7.319686936500251
VYD_04204,8,18,3,2.5115465702377926,20.09237256190234
VYD_04205,9,19,3,1.3797471296289816,12.417724166660834
VYD_04206,8,18,3,0.47501047919432093,3.8000838335545675
VYD_04207,8,18,3,1.1292496976780706,9.033997581424565
VYD_04208,8,18,3,1.7346105373262803,13.876884298610243
VYD_04209,8,18,3,1.2840903794918135,10.272723035934508
VYD_04210,8,19,3,0.8767648210120906,7.014118568096725
VYD_04211,8,18,3,0.6664046884960959,5.331237507968767
VYD_04212,8,18,3,1.2648351326207812,10.11868106096625
VYD_04213,8,20,3,0.39759512780497014,3.180761022439761
VYD_04214,8,20,3,0.060728417174480215,0.4858273373958417
VYD_04215,8,20,3,0.2617798888367741,2.094239110694193
VYD_04216,8,20,3,3.7811847843239725,30.24947827459178
VYD_04217,8,20,3,0.35861773852864787,2.868941908229183
VYD_04218,8,18,3,2.082514595850226,16.660116766801806
VYD_04219,8,18,3,0.7065082546242867,5.652066036994293
VYD_04220,8,18,3,0.5862452202254003,4.689961761803202
VYD_04221,8,18,3,1.4343949934596845,11.475159947677476
VYD_04222,8,18,3,0.24203862776191395,1.9363090220953116
VYD_04223,8,20,3,7.615605399155883,60.924843193247064
VYD_04224,8,20,3,3.9231662780992664,31.38533022479413
VYD_04225,8,20,3,1.382007592537156,11.056060740297248
VYD_04226,8,20,3,1.6485082844294459,13.188066275435567
VYD_04227,8,18,3,0.9161855340898439,7.3294842727187515
VYD_04228,8,18,3,0.2809048067122929,2.247238453698343
VYD_04229,8,18,3,0.20100060942965994,1.6080048754372795
VYD_04230,8,20,3,2.014709420459907,16.117675363679258
VYD_04231,8,20,3,0.9193044788330033,7.354435830664026
VYD_04232,8,20,3,1.7291120095781363,13.83289607662509
VYD_04233,8,20,3,1.1584288302288297,9.267430641830638
VYD_04234,8,20,3,0.4503692805655897,3.602954244524718
VYD_04235,8,20,3,1.9359180078239282,15.487344062591426
VYD_04236,8,20,3,1.694058385634976,13.552467085079808
VYD_04237,9,20,3,5.374484897926203,48.37036408133583
VYD_04238,9,19,3,0.7680824343526614,6.912741909173953
VYD_04239,9,19,3,1.4537639092873214,13.083875183585892
VYD_04240,8,17,3,0.13724426503723658,1.0979541202978926
VYD_04241,8,17,3,0.4849132996451686,3.879306397161349
VYD_04242,8,20,3,1.1484614510196187,9.18769160815695
VYD_04243,8,20,3,0.14625174925431653,1.1700139940345322
VYD_04244,8,20,3,0.6103414169175297,4.882731335340238
VYD_04245,8,20,3,0.21205229799026484,1.6964183839221187
VYD_04246,8,20,3,0.2369379726551809,1.8955037812414472
VYD_04247,8,20,3,2.521760558216337,20.174084465730697
VYD_04248,8,20,3,0.7741463298005984,6.193170638404787
VYD_04249,8,20,3,0.27827694220861743,2.2262155376689394
VYD_04250,8,18,3,0.23632796962631272,1.8906237570105018
VYD_04251,8,18,3,0.15949612015007603,1.2759689612006082
VYD_04252,8,18,3,0.4166875837317294,3.3335006698538354
VYD_04253,8,17,3,0.4790565648062593,3.8324525184500744
VYD_04254,8,17,3,0.2692489836224227,2.1539918689793818
VYD_04255,8,16,3,0.1085399162425107,0.8683193299400856
VYD_04256,8,17,3,0.17033922347729577,1.3627137878183662
VYD_04257,8,17,3,2.6292630796759107,21.034104637407285
VYD_04258,8,17,3,1.125078784033085,9.00063027226468
VYD_04259,8,17,3,0.7274654735374398,5.819723788299519
VYD_04260,8,18,3,0.22362148093598488,1.788971847487879
VYD_04261,8,17,3,0.679349975414857,5.434799803318856
VYD_04262,8,17,3,0.22130168601363912,1.770413488109113
VYD_04263,8,17,3,1.726314319607654,13.810514556861232
VYD_04264,8,18,3,0.9290039232528877,7.432031386023102
VYD_04265,9,19,3,6.160249516273953,55.44224564646557
VYD_04266,9,19,3,4.371570393179398,39.34413353861458
VYD_04267,9,19,3,6.049002951052002,54.44102655946802
VYD_04268,9,20,3,6.108528382335455,54.976755441019094
VYD_04269,9,22,3,1.8978078418696933,17.08027057682724
VYD_04270,9,21,3,5.671536412441677,51.04382771197509
VYD_04271,9,21,3,2.281833170082188,20.536498530739692
VYD_04272,8,20,3,0.11126042717780067,0.8900834174224054
VYD_04273,8,20,3,0.9408510865121666,7.526808692097333
VYD_04274,8,20,3,0.09072637095227643,0.7258109676182114
VYD_04275,8,21,3,0.809283133171761,6.474265065374088
VYD_04276,7,19,3,0.0920159665540775,0.6441117658785425
VYD_04277,7,19,3,0.391302050258848,2.739114351811936
VYD_04278,7,19,3,0.2705288611398593,1.893702027979015
VYD_04279,7,19,3,0.48957309677192995,3.4270116774035095
VYD_04280,8,20,3,2.1484183778001693,17.187347022401354
VYD_04281,8,20,3,0.2670698041661295,2.136558433329036
VYD_04282,8,20,3,0.375401472250822,3.003211778006576
VYD_04283,8,19,3,0.5186014814664635,4.148811851731708
VYD_04284,8,20,3,0.5367668973206702,4.294135178565361
VYD_04285,8,20,3,1.759551528053913,14.076412224431303
VYD_04286,8,20,3,1.1839956925493165,9.471965540394532
VYD_04287,8,20,3,0.5943452289295355,4.754761831436284
VYD_04288,7,19,3,0.27176545635327365,1.9023581944729155
VYD_04289,8,20,3,0.5448120558297164,4.358496446637731
VYD_04290,8,20,3,0.5565149230001462,4.452119384001169
VYD_04291,8,20,3,0.9296945159126568,7.437556127301255
VYD_04292,8,20,3,1.9180790252469422,15.344632201975537
VYD_04293,8,20,3,1.4800484497321649,11.840387597857319
VYD_04294,8,20,3,1.411513902211702,11.292111217693616
VYD_04295,8,20,3,0.6393985063139926,5.115188050511941
VYD_04296,8,20,3,0.10541112675163129,0.8432890140130503
VYD_04297,8,20,3,1.3051383799595053,10.441107039676043
VYD_04298,8,19,3,0.4738877428096039,3.791101942476831
VYD_04299,8,19,3,1.4111399943691747,11.289119954953398
VYD_04300,8,19,3,0.6159967933026558,4.927974346421246
VYD_04301,7,18,3,0.44130367757110717,3.08912574299775
VYD_04302,8,20,3,0.15732989380786058,1.2586391504628847
VYD_04303,8,20,3,0.7377387182915618,5.901909746332494
VYD_04304,8,20,3,0.2741314651920074,2.193051721536059
VYD_04305,8,20,3,0.39756682281855277,3.180534582548422
VYD_04306,8,20,3,0.5492629433124668,4.394103546499735
VYD_04307,8,20,3,0.25452570368043637,2.036205629443491
VYD_04308,8,20,3,1.9804841741055819,15.843873392844655
VYD_04309,8,20,3,4.024536307789554,32.19629046231643
VYD_04310,8,21,3,0.11749408670709945,0.9399526936567956
VYD_04311,8,20,3,1.2531933986050618,10.025547188840495
VYD_04312,8,19,3,0.6203852983973519,4.963082387178815
VYD_04313,8,19,3,0.6550533011141323,5.240426408913058
VYD_04314,8,20,3,0.40452140049808866,3.2361712039847093
VYD_04315,8,21,3,0.5795894408974073,4.636715527179258
VYD_04316,8,20,3,0.7055881989165441,5.644705591332353
VYD_04317,8,20,3,0.6676150934721973,5.340920747777578
VYD_04318,8,21,3,0.23101698345677088,1.848135867654167
VYD_04319,8,20,3,0.29118097428117956,2.3294477942494365
VYD_04320,8,20,3,1.160056315367763,9.280450522942104
VYD_04321,8,20,3,2.3021392099636797,18.417113679709438
VYD_04322,8,20,3,1.3815278930452344,11.052223144361875
VYD_04323,8,20,3,0.3512513712574236,2.810010970059389
VYD_04324,8,20,3,1.001390921607027,8.011127372856215
VYD_04325,8,20,3,0.09369317925641751,0.7495454340513401
VYD_04326,8,20,3,0.6419460358726492,5.135568286981194
VYD_04327,8,20,3,1.2883902004702885,10.307121603762308
VYD_04328,8,20,3,0.49960112074347673,3.996808965947814
VYD_04329,8,21,3,0.4730802072455654,3.784641657964523
VYD_04330,8,21,3,1.0273212691521163,8.21857015321693
VYD_04331,8,21,3,0.1677672121397282,1.3421376971178256
VYD_04332,8,21,3,0.19996697010462114,1.5997357608369691
VYD_04333,8,20,3,5.723901614941146,45.791212919529166
VYD_04334,8,21,3,0.5740914000682442,4.592731200545954
VYD_04335,8,21,3,0.7225505040341121,5.780404032272897
VYD_04336,8,21,3,0.6595136075591822,5.276108860473458
VYD_04337,8,21,3,0.9385553984656392,7.508443187725113
VYD_04338,8,21,3,0.30462808149076936,2.437024651926155
VYD_04339,8,21,3,0.8868772484803463,7.095017987842771
VYD_04340,8,21,3,1.4065665938506955,11.252532750805564
VYD_04341,8,21,3,4.336068211448012,34.688545691584096
VYD_04342,8,21,3,0.7817594774784731,6.254075819827785
VYD_04343,8,21,3,1.1308492770320946,9.046794216256757
VYD_04344,8,21,3,2.325856583329108,18.606852666632864
VYD_04345,8,21,3,0.9759617078333166,7.807693662666533
VYD_04346,8,21,3,0.9277492231124844,7.421993784899875
VYD_04347,8,21,3,0.37149928422273754,2.9719942737819003
VYD_04348,8,21,3,0.3433969792896544,2.747175834317235
VYD_04349,8,21,3,0.5771296801803854,4.617037441443083
VYD_04350,8,21,3,3.3307502895512924,26.64600231641034
VYD_04351,8,21,3,0.6122103037649566,4.897682430119652
VYD_04352,8,21,3,2.128248670921987,17.025989367375896
VYD_04353,8,21,3,1.8177018414204351,14.541614731363481
VYD_04354,8,21,3,0.7218855691981286,5.775084553585029
VYD_04355,8,21,3,1.0489331344554966,8.391465075643973
VYD_04356,8,21,3,1.7529747762303147,14.023798209842518
VYD_04357,8,21,3,4.79100457708599,38.32803661668792
VYD_04358,8,21,3,1.747523844221569,13.980190753772552
VYD_04359,8,21,3,0.3841376799802519,3.073101439842015
VYD_04360,8,21,3,0.5634297890163472,4.507438312130778
VYD_04361,8,21,3,0.40886286645033315,3.270902931602665
VYD_04362,8,21,3,0.6599169739707204,5.279335791765763
VYD_04363,8,21,3,0.18530770959286375,1.48246167674291
VYD_04364,8,21,3,0.2840403665312547,2.2723229322500376
VYD_04365,8,21,3,0.34689939449450596,2.7751951559560477
VYD_04366,8,21,3,0.4125177184253895,3.300141747403116
VYD_04367,8,21,3,1.5837252792707215,12.669802234165772
VYD_04368,8,21,3,1.6497269475295648,13.197815580236519
VYD_04369,8,21,3,2.545473219885794,20.36378575908635
VYD_04370,8,21,3,0.7100527859224639,5.680422287379711
VYD_04371,8,20,3,1.2877595197927247,10.302076158341798
VYD_04372,8,20,3,0.7041667043280381,5.633333634624305
VYD_04373,8,20,3,1.4801697259341813,11.84135780747345
VYD_04374,7,16,3,0.1128555277038482,0.7899886939269374
VYD_04375,7,16,3,1.279381117604343,8.955667823230401
VYD_04376,7,17,3,0.049415101775347685,0.3459057124274338
VYD_04377,7,16,3,0.15205987519652048,1.0644191263756433
VYD_04378,7,14,3,1.7203118139974227,12.042182697981959
VYD_04379,7,16,3,0.08647589839455566,0.6053312887618896
VYD_04380,7,16,3,0.43811956288961235,3.0668369402272866
VYD_04381,7,17,3,2.7385889884947874,19.170122919463513
VYD_04382,7,17,3,2.2443645780150248,15.710552046105173
VYD_04383,7,17,3,0.4751474222563945,3.3260319557947615
VYD_04384,7,16,3,1.8851664095216765,13.196164866651735
VYD_04385,7,16,3,1.1733198327275698,8.213238829092989
VYD_04386,7,17,3,0.5664979233996077,3.965485463797254
VYD_04387,7,17,3,0.63045882117029,4.41321174819203
VYD_04388,7,17,3,2.054546946016389,14.381828622114723
VYD_04389,7,18,3,0.8741184722398326,6.118829305678829
VYD_04390,7,18,3,2.267232423080169,15.870626961561182
VYD_04391,7,18,3,1.187224659898456,8.310572619289191
VYD_04392,8,20,3,1.1965125518833306,9.572100415066645
VYD_04393,7,18,3,1.7045579915368387,11.931905940757872
VYD_04394,7,18,3,0.3123651440967176,2.1865560086770235
VYD_04395,7,18,3,1.3730387368291186,9.61127115780383
VYD_04396,7,18,3,0.9573788434438458,6.701651904106921
VYD_04397,7,18,3,0.2546497229097079,1.7825480603679553
VYD_04398,7,18,3,1.842741003322131,12.899187023254918
VYD_04399,7,17,3,0.037977311492172885,0.2658411804452102
VYD_04400,7,16,3,0.049130920661814494,0.34391644463270143
VYD_04401,7,18,3,3.8195741112938455,26.737018779056918
VYD_04402,7,18,3,0.6798198369186083,4.758738858430258
VYD_04403,7,18,3,1.6264750193971378,11.385325135779965
VYD_04404,7,18,3,1.045325848358549,7.317280938509843
VYD_04405,7,18,3,0.11924145046848794,0.8346901532794155
VYD_04406,7,19,3,1.5339294530858,10.7375061716006
VYD_04407,7,17,3,0.7386764686359732,5.1707352804518125
VYD_04408,7,17,3,0.2477816869881361,1.7344718089169526
VYD_04409,7,18,3,0.39360664698969045,2.755246528927833
VYD_04410,7,18,3,2.4791022518921944,17.35371576324536
VYD_04411,7,18,3,0.22328253794200673,1.562977765594047
VYD_04412,7,19,3,0.3398183690539226,2.378728583377458
VYD_04413,8,20,3,0.786479986396148,6.291839891169184
VYD_04414,7,19,3,2.290306800420794,16.032147602945557
VYD_04415,7,19,3,1.780499204559167,12.46349443191417
VYD_04416,7,18,3,3.8538430567964097,26.976901397574867
VYD_04417,7,18,3,0.04009380977344485,0.28065666841411396
VYD_04418,8,20,3,0.5319637995826731,4.255710396661385
VYD_04419,8,20,3,2.102438607205384,16.819508857643072
VYD_04420,8,21,3,1.6208583975549828,12.966867180439863
VYD_04421,7,19,3,0.19065723357100445,1.3346006349970312
VYD_04422,8,20,3,0.3580749930855294,2.8645999446842354
VYD_04423,8,21,3,0.26269187513466147,2.1015350010772917
VYD_04424,8,21,3,2.4031640490726227,19.22531239258098
VYD_04425,8,21,3,1.1128442308341644,8.902753846673315
VYD_04426,8,20,3,0.04191900573207806,0.3353520458566245
VYD_04427,8,21,3,0.14789695643125123,1.1831756514500098
VYD_04428,7,19,3,1.9597327449972988,13.718129214981092
VYD_04429,7,19,3,1.0034537362590203,7.024176153813142
VYD_04430,7,19,3,0.7649638318298173,5.354746822808721
VYD_04431,7,19,3,2.4084570503067755,16.859199352147428
VYD_04432,7,19,3,7.837566713140464,54.86296699198325
VYD_04433,7,19,3,0.8799359758954334,6.1595518312680335
VYD_04434,8,20,3,1.5519037681953516,12.415230145562813
VYD_04435,8,20,3,1.4136049819295113,11.30883985543609
VYD_04436,8,21,3,1.5407342385721858,12.325873908577487
VYD_04437,8,21,3,0.3579880172091024,2.863904137672819
VYD_04438,8,21,3,0.32945606999327204,2.6356485599461763
VYD_04439,8,21,3,0.328577303288647,2.628618426309176
VYD_04440,8,21,3,0.3554364346427041,2.8434914771416326
VYD_04441,8,21,3,0.3062821145972849,2.450256916778279
VYD_04442,8,21,3,0.31644433326498106,2.5315546661198485
VYD_04443,8,21,3,2.519750826241987,20.158006609935896
VYD_04444,7,19,3,1.40162982051708,9.81140874361956
VYD_04445,7,19,3,0.6677378134395335,4.674164694076735
VYD_04446,7,19,3,0.7483392363286154,5.2383746543003085
VYD_04447,7,19,3,0.4903003795421334,3.432102656794934
VYD_04448,7,19,3,1.4938520727308238,10.456964509115766
VYD_04449,8,20,3,9.701318095523519,77.61054476418815
VYD_04450,8,21,3,0.9528036676810605,7.622429341448484
VYD_04451,8,21,3,1.1314444867362277,9.051555893889821
VYD_04452,8,21,3,0.4641048224503169,3.7128385796025354
VYD_04453,8,21,3,1.3359598169884968,10.687678535907974
VYD_04454,8,21,3,1.5959023103976981,12.767218483181585
VYD_04455,8,21,3,1.84056648056123,14.72453184448984
VYD_04456,8,21,3,0.5526354328286641,4.421083462629313
VYD_04457,8,21,3,1.9740991480998022,15.792793184798418
VYD_04458,8,21,3,2.079478915253034,16.635831322024274
VYD_04459,8,21,3,2.2945981909357154,18.356785527485723
VYD_04460,8,20,3,2.0357874752418743,16.286299801934994
VYD_04461,8,21,3,2.0730344348532874,16.5842754788263
VYD_04462,8,20,3,3.430949065013899,27.447592520111193
VYD_04463,8,20,3,1.897252962369343,15.178023698954744
VYD_04464,8,21,3,3.613344464204359,28.906755713634873
VYD_04465,8,21,3,3.811997101097941,30.495976808783528
VYD_04466,8,21,3,3.473244949278061,27.785959594224487
VYD_04467,7,19,3,0.5163271194652298,3.6142898362566087
VYD_04468,8,21,3,2.6373148095423296,21.098518476338636
VYD_04469,8,20,3,0.161238657261304,1.289909258090432
VYD_04470,8,20,3,1.3884367011300973,11.107493609040779
VYD_04471,7,18,3,0.24751457711504282,1.7326020398052997
VYD_04472,8,20,3,0.29913845827793056,2.3931076662234445
VYD_04473,8,21,3,1.1695582083190752,9.356465666552602
VYD_04474,8,20,3,0.2457159054185099,1.9657272433480792
VYD_04475,7,18,3,0.21496377820798407,1.5047464474558885
VYD_04476,7,18,3,0.9399479094905421,6.579635366433795
VYD_04477,7,18,3,0.9187764888535211,6.431435421974648
VYD_04478,7,18,3,0.6883146596616563,4.818202617631594
VYD_04479,7,18,3,0.7874017427784141,5.511812199448899
VYD_04480,7,18,3,1.1075600127917424,7.752920089542197
VYD_04481,8,20,3,0.4776128879249946,3.820903103399957
VYD_04482,7,19,3,0.1866375398407507,1.306462778885255
VYD_04483,7,19,3,0.2026193946791503,1.418335762754052
VYD_04484,7,19,3,0.3126183068251785,2.1883281477762493
VYD_04485,8,20,3,1.2241598712361654,9.793278969889323
VYD_04486,7,19,3,0.054866235479656085,0.3840636483575926
VYD_04487,7,18,3,0.14331264645227698,1.003188525165939
VYD_04488,7,19,3,1.264381761137506,8.850672327962542
VYD_04489,7,18,3,1.1203770412628384,7.8426392888398695
VYD_04490,7,18,3,1.6662662370371866,11.663863659260306
VYD_04491,7,19,3,0.17903632827150148,1.2532542979005104
VYD_04492,7,19,3,0.09250879378235236,0.6475615564764665
VYD_04493,8,20,3,0.519297202873841,4.154377622990728
VYD_04494,8,20,3,1.4626705854152033,11.701364683321627
VYD_04495,8,20,3,1.4821724509512555,11.857379607610044
VYD_04496,8,20,3,1.0959787714500098,8.767830171600078
VYD_04497,8,20,3,0.37006304262012407,2.9605043409609926
VYD_04498,8,20,3,0.20605330507269,1.64842644058152
VYD_04499,8,20,3,2.582308032718786,20.65846426175029
VYD_04500,8,20,3,1.1323856181997813,9.05908494559825
VYD_04501,8,20,3,0.9042607805448192,7.234086244358553
VYD_04502,8,20,3,1.0686938338168803,8.549550670535043
VYD_04503,8,20,3,0.4779037815228188,3.8232302521825505
VYD_04504,7,19,3,0.886786815791465,6.207507710540255
VYD_04505,7,18,3,1.1750248079372692,8.225173655560884
VYD_04506,8,20,3,2.586760825341667,20.694086602733336
VYD_04507,8,20,3,1.3516763021700542,10.813410417360434
VYD_04508,7,19,3,1.2188734919534046,8.532114443673832
VYD_04509,8,20,3,1.44220451516549,11.53763612132392
VYD_04510,8,20,3,1.1668307352833216,9.334645882266573
VYD_04511,8,20,3,0.07008528352003349,0.5606822681602679
VYD_04512,8,20,3,1.4479342393079484,11.583473914463587
VYD_04513,8,20,3,0.15824972746842023,1.2659978197473618
VYD_04514,8,20,3,0.17416353634818524,1.393308290785482
VYD_04515,8,20,3,0.5396661504067369,4.3173292032538955
VYD_04516,8,20,3,0.6027125889773617,4.8217007118188935
VYD_04517,8,21,3,3.3055969846848123,26.4447758774785
VYD_04518,8,20,3,0.30522219652945676,2.441777572235654
VYD_04519,8,17,3,0.6333294947911225,5.06663595832898
VYD_04520,8,18,3,0.5718241844516526,4.574593475613221
VYD_04521,8,18,3,0.027585193633110065,0.22068154906488052
VYD_04522,9,19,3,0.9662359872404448,8.696123885164003
VYD_04523,9,19,3,0.09366534024049672,0.8429880621644705
VYD_04524,7,17,3,0.21663038298585988,1.5164126809010192
VYD_04525,7,18,3,0.022165414962818836,0.15515790473973184
VYD_04526,7,18,3,0.16436183947051863,1.1505328762936304
VYD_04527,7,18,3,0.12357864872245285,0.8650505410571699
VYD_04528,7,19,3,0.13917154181838115,0.974200792728668
VYD_04529,8,17,3,0.029087300748406427,0.23269840598725142
VYD_04530,9,19,3,1.203177509335458,10.828597584019121
VYD_04531,8,20,3,0.0316272789376205,0.253018231500964
VYD_04532,8,21,3,2.8467849916413974,22.77427993313118
VYD_04533,8,20,3,0.2457609597649901,1.9660876781199208
VYD_04534,8,20,3,0.1612910508726062,1.2903284069808496
VYD_04535,8,20,3,0.2594981927620988,2.0759855420967903
VYD_04536,8,19,3,0.16736191571781944,1.3388953257425555
VYD_04537,8,21,3,0.43120869958125796,3.4496695966500637
VYD_04538,8,21,3,0.49522290759503496,3.9617832607602796
VYD_04539,8,21,3,1.0103271569357795,8.082617255486236
VYD_04540,9,21,3,1.2006560713486985,10.805904642138286
VYD_04541,8,20,3,2.281508607897975,18.2520688631838
VYD_04542,8,20,3,1.7992007253430071,14.393605802744057
VYD_04543,8,21,3,3.7631509802929024,30.10520784234322
VYD_04544,8,21,3,1.4387865340813886,11.510292272651109
VYD_04545,7,18,3,0.16533396663180253,1.1573377664226177
VYD_04546,8,20,3,2.1550398247585885,17.240318598068708
VYD_04547,8,20,3,0.31219163060872135,2.497533044869771
VYD_04548,8,20,3,2.2880226097691914,18.30418087815353
VYD_04549,8,20,3,2.4223805488460104,19.379044390768083
VYD_04550,7,16,3,0.09202435514035681,0.6441704859824977
VYD_04551,7,18,3,1.6787225490471078,11.751057843329754
VYD_04552,7,18,3,0.4253465690974569,2.977425983682198
VYD_04553,7,18,3,0.16324258446213336,1.1426980912349336
VYD_04554,7,18,3,2.3006246033818925,16.10437222367325
VYD_04555,8,21,3,2.1477796046963245,17.182236837570596
VYD_04556,8,21,3,0.3304415018186861,2.6435320145494887
VYD_04557,7,19,3,2.600946201817491,18.206623412722436
VYD_04558,8,21,3,0.17533113894052008,1.4026491115241606
VYD_04559,8,20,3,0.4253677112655085,3.402941690124068
VYD_04560,7,18,3,0.8444237516654086,5.91096626165786
VYD_04561,7,18,3,0.4558543410943832,3.1909803876606824
VYD_04562,7,18,3,1.5170525619625639,10.619367933737948
VYD_04563,7,18,3,0.46932112387980723,3.2852478671586507
VYD_04564,8,20,3,1.4976167308036061,11.980933846428849
VYD_04565,7,18,3,1.9479180153024571,13.6354261071172
VYD_04566,8,20,3,1.2709075595997024,10.167260476797619
VYD_04567,8,20,3,0.2034496351976303,1.6275970815810423
VYD_04568,8,20,3,0.08257632281047979,0.6606105824838383
VYD_04569,8,20,3,0.7860178883290025,6.28814310663202
VYD_04570,8,20,3,0.03182017284374754,0.2545613827499803
VYD_04571,8,20,3,0.4464361465026804,3.571489172021443
VYD_04572,8,18,3,1.747367375182263,13.978939001458103
VYD_04573,8,18,3,0.056949172937315565,0.4555933834985245
VYD_04574,8,19,3,0.04465779822652999,0.3572623858122399
VYD_04575,8,20,3,3.9339658017372816,31.471726413898253
VYD_04576,7,18,3,0.21315938274468796,1.4921156792128156
VYD_04577,8,21,3,0.5131075385632382,4.104860308505906
VYD_04578,8,20,3,0.4321383384637761,3.4571067077102087
VYD_04579,8,20,3,0.033835257227337254,0.27068205781869803
VYD_04580,8,21,3,0.28002751378222474,2.240220110257798
VYD_04581,8,20,3,6.046903433560193,48.37522746848155
