vineyard_field_id,ET_2019_04,ET_2019_05,ET_2019_06,ET_2019_07,ET_2019_08,ET_2019_09,ET_2019_10
VYD_00001,33.29033707865168,4.209737827715356,14.5310861423221,5.533333333333334,19.00374531835206,25.90097378277154,29.33168539325843
VYD_00002,38.62911689181644,21.833203081388852,58.87953555878082,67.5322094451267,65.906665178073,42.85073127163112,34.32946298984034
VYD_00003,64.21895502803292,51.22802099487058,61.86222116187523,55.255755696051544,52.73488011451748,46.571633066921166,30.98830967434093
VYD_00004,38.04757846896748,5.928987359750036,23.18505894049141,23.52776594233774,33.98991620508451,32.245703735264875,34.75529044169863
VYD_00005,35.34859555122585,10.328949504789739,28.257346971911026,12.099529144341615,26.155707095307676,29.66471829842507,27.13882123721383
VYD_00006,34.43085880640466,4.273653566229985,9.388646288209607,11.851043182920913,20.489568170790882,27.923823386705482,32.07811741872877
VYD_00007,52.98573873359956,18.27666856816886,59.630804335425005,50.41357672561324,36.17855105533372,26.228522532800913,18.214831717056473
VYD_00008,59.504098360655725,48.34631147540984,57.32684426229508,18.354508196721312,14.376024590163933,10.32172131147541,14.04200819672131
VYD_00009,39.303264354415624,11.454386476245995,25.124890702419123,37.07330224424366,33.497668318274556,33.78883707373944,32.11119207228214
VYD_00010,73.9966584833606,50.998431533006,89.64157119476266,65.54766775777412,37.94694489907256,27.47101745771959,19.339266230223682
VYD_00011,38.60713016700225,8.116072486083146,38.41466303446642,36.968849934857275,32.063602984721065,22.50503375577401,17.17434561174938
VYD_00012,71.40230132272288,61.74212280890418,93.84729540810844,58.68717066351221,42.95784492956232,35.559307452414245,23.563071297989033
VYD_00013,69.8964653492903,64.05928193709991,110.02783189535207,88.96214862232118,74.82827720567771,55.27943222933481,37.31366546061787
VYD_00014,71.76765375854212,66.95767893537943,104.8373096750989,69.67629780601845,56.436878072173606,45.32825800263757,27.950365663589487
VYD_00015,40.76600322754169,9.459386767079076,26.477676169983862,38.829478214093605,32.12641204948898,33.210866057019906,29.525013448090373
VYD_00016,63.26559999999998,52.795542857142856,64.48091428571425,52.92365714285712,50.94194285714284,46.856457142857145,30.2384
VYD_00017,34.05774647887324,5.63380281690141,22.904225352112675,25.43943661971831,32.04507042253522,25.94366197183099,26.6830985915493
VYD_00018,72.85422602089265,70.88556505223171,109.84140550807217,83.22127255460589,74.80294396961064,60.99477682811015,37.93542260208926
VYD_00019,67.93688166270417,49.97062658179306,60.41306848684715,46.26643147480633,56.213513306235136,42.00797607178465,33.02653577728353
VYD_00020,46.54827002177595,27.889426566658607,65.92027582869586,71.18170820227438,65.04548753931769,47.797483668037735,30.899951609000723
VYD_00021,72.30719377835386,57.00064808813999,95.08230719377835,56.7647440051847,39.57420609202852,28.411535968891773,23.701231367465976
VYD_00022,93.68181818181817,83.69460227272728,123.3465909090909,115.5710227272727,93.17897727272728,62.123579545454554,43.37357954545454
VYD_00023,86.36,86.80000000000003,125.16444444444444,117.72000000000001,93.8,62.22222222222223,40.56888888888889
VYD_00024,77.88197251414714,68.02586903799516,104.94907033144706,94.19886822958772,76.78011317704123,48.15925626515765,36.04688763136621
VYD_00025,68.66943982251803,52.98474764281752,110.13338879645036,70.61508596783139,53.58679977814752,35.524681087077084,28.60149750415973
VYD_00026,72.2673132550621,65.74187510634675,91.41551812149056,78.7200952867109,62.21337417049516,40.355963927173725,24.437808405649147
VYD_00027,105.09734513274338,92.80973451327434,154.55309734513276,138.17699115044246,115.17256637168143,83.08849557522124,62.52654867256637
VYD_00028,90.49103942652329,90.45161290322581,124.07526881720429,104.87813620071684,83.8279569892473,57.43727598566308,34.97849462365591
VYD_00029,91.81192189105859,89.53648509763617,133.72867420349436,103.09044193216856,82.2846865364851,54.31551901336075,44.22918807810895
VYD_00030,47.454002389486256,44.24253285543608,66.94265232974911,58.79569892473118,46.1326164874552,34.0931899641577,15.743130227001194
VYD_00031,81.27352941176471,63.05294117647058,86.54705882352941,74.01764705882353,63.25000000000001,38.40882352941177,28.57941176470588
VYD_00032,87.02057200200701,91.12042147516306,126.56547917711991,95.88158554942298,68.75163070747615,44.87606623181132,32.65479177119919
VYD_00033,55.67920161990167,49.728280782952474,103.71777070677855,81.51451161893743,78.61970880339409,64.44026612669946,39.00289268151577
VYD_00034,93.91011235955054,84.4494382022472,110.68039950062419,113.53682896379526,93.13483146067414,58.87016229712859,52.33083645443196
VYD_00035,80.96231766612641,84.78889789303079,109.63978930307944,88.89829821717993,70.30024311183146,49.8095623987034,28.52471636952999
VYD_00036,102.23388704318936,98.64651162790697,139.23986710963456,139.08970099667775,122.75946843853822,75.21926910299001,60.331561461794024
VYD_00037,82.29900515843774,72.24244657332353,95.8994104642594,89.87159174649965,75.04200442151807,50.67004421518056,41.77118644067797
VYD_00038,63.110139165009954,32.293439363817114,90.12007952286285,79.58409542743541,69.82067594433401,50.44015904572566,27.236978131212727
VYD_00039,64.64621284755512,58.95973154362417,112.68168744007671,84.14956855225313,58.61457334611698,44.27325023969319,28.817833173537874
VYD_00040,44.934619506966776,40.4962486602358,54.827438370846735,46.055734190782424,35.62165058949625,23.469453376205784,10.922829581993568
VYD_00041,83.74545454545454,78.92402597402598,102.70519480519481,92.82467532467531,79.51623376623377,55.87272727272725,37.85909090909091
VYD_00042,82.64379084967321,79.08857929136569,113.85861713106297,98.74630202958376,75.35724114207086,54.138974888200885,28.049019607843146
VYD_00043,65.95662040213203,53.957623093566944,96.0663359544039,64.79128186183966,50.143173782257634,32.98923426038314,26.08565095783419
VYD_00044,87.86263736263736,84.25274725274726,123.43406593406593,108.35164835164834,89.2967032967033,60.901098901098905,35.247252747252745
VYD_00045,84.59430255402751,74.60314341846758,117.72249508840866,104.06630648330061,90.99950884086444,61.025540275049124,43.35117878192534
VYD_00046,92.97822445561138,100.09547738693469,127.32830820770525,116.41541038525965,94.85427135678394,68.70854271356785,37.23450586264658
VYD_00047,65.64140730717186,56.94316644113668,93.43031123139377,68.04059539918808,54.94046008119079,33.64005412719891,28.303112313937756
VYD_00048,56.58245367112361,53.445695519587126,98.17628430682615,91.26554069903823,81.48287590898425,60.09300961764013,36.24912033779028
VYD_00049,74.88950276243094,70.64088397790054,121.37016574585631,93.43093922651933,69.18232044198894,43.436464088397784,31.160220994475136
VYD_00050,56.45080548528824,40.45227000399415,91.20889362268676,81.21568366395955,71.16522433763814,50.07575555851419,28.92411130342165
VYD_00051,52.011423390752505,36.87941976427923,69.28504079782414,60.537805983680876,49.891387126019936,38.160290117860384,22.64025385312783
VYD_00052,63.5835603996367,41.53496821071754,81.89009990917351,74.08492279745688,67.79382379654861,57.0254314259764,31.90871934604905
VYD_00053,80.26996061582528,75.81095596133191,111.62477622627999,99.47081990691014,77.94522019334049,52.26351593268886,36.58575008950949
VYD_00054,64.85034013605441,51.73469387755102,92.96598639455782,81.29931972789115,71.75510204081634,54.20408163265306,35.6530612244898
VYD_00055,72.69072164948453,59.66666666666666,106.72852233676977,90.0446735395189,77.15120274914091,55.735395189003434,33.04123711340206
VYD_00056,60.8266129032258,56.89516129032257,99.14631336405529,88.57834101382487,77.47235023041475,57.99423963133639,37.059331797235025
VYD_00057,68.57846410684473,53.2737896494157,106.34223706176964,62.94741235392322,49.27545909849751,34.43155258764609,28.105175292153593
VYD_00058,78.59825327510916,76.12663755458514,113.71179039301309,95.65283842794759,78.66812227074234,50.93886462882096,31.812227074235807
VYD_00059,56.55704697986576,22.477181208053686,78.18926174496643,74.92315436241608,67.52583892617449,50.062080536912745,24.88758389261745
VYD_00060,84.32534246575344,83.81735159817353,116.86377473363777,99.30936073059362,77.96042617960426,56.99277016742771,28.073059360730603
VYD_00061,60.5966228893058,63.05065666041275,97.60975609756096,81.15009380863037,76.82926829268291,59.6341463414634,32.913696060037516
VYD_00062,76.82528975869276,67.36338590157706,98.46494394831844,85.8553106593198,65.3639559186776,43.90860725821776,26.987459623788716
VYD_00063,81.29213483146067,79.2247191011236,96.64044943820222,80.47191011235954,70.29213483146067,49.41573033707866,24.887640449438198
VYD_00064,82.45975443383357,72.57742155525241,108.37244201909961,92.95668485675309,78.7274897680764,54.77660300136426,34.57605729877218
VYD_00065,66.798,47.398,102.436,59.266,43.158,30.962,24.044000000000004
VYD_00066,58.239663629993,31.22179397337071,74.27259985984584,72.17624386825509,64.24351786965661,46.92887175893484,23.53118430273301
VYD_00067,89.58069687900812,82.70553655408293,101.38435228730225,106.06712270200939,92.3034416417272,61.65059854638733,52.04510474561779
VYD_00068,72.84146596858639,54.68376963350786,105.0971727748691,96.00041884816757,83.68544502617799,57.430994764397894,31.883560209424086
VYD_00069,65.30457746478874,53.056338028169016,93.07042253521128,65.40492957746477,58.929577464788736,39.642605633802816,27.279929577464785
VYD_00070,66.6063128685397,58.73638570933055,96.05896635449184,73.81044051335412,60.4982656954561,38.264654873395756,22.070933055844602
VYD_00071,53.35500750415767,36.53393096174905,82.4098081369407,61.4155275220054,66.69480387782416,53.37212509633713,35.915466677483444
VYD_00072,55.19329214474846,30.607237422771405,57.16151809355693,39.73609885260371,39.18623124448367,33.63812886142984,19.73874669020301
VYD_00073,54.52775073028238,33.39337877312561,87.80623174294058,77.2375851996105,68.62025316455697,48.4664070107108,20.907497565725418
VYD_00074,56.399099099099104,39.68378378378378,86.75495495495497,73.64144144144143,61.082882882882885,41.99369369369369,17.81081081081081
VYD_00075,63.262773722627735,62.46350364963502,90.05109489051092,84.34671532846714,66.93795620437955,48.42700729927007,29.587591240875913
VYD_00076,55.70860927152317,51.298013245033104,104.38359653591442,104.71930718288337,92.35048395313297,71.78604177279674,43.70453387671931
VYD_00077,80.76101568334579,76.8483943241225,99.29499626587007,96.99701269604182,83.2300224047797,54.929798356982836,38.64824495892458
VYD_00078,84.22781623662682,70.50471994965388,114.96790434235368,105.82315921963502,78.99307740717431,54.079924480805545,40.95342983008182
VYD_00079,67.43460410557186,59.63167155425221,87.04281524926688,73.53900293255134,68.34780058651027,51.09032258064518,39.35073313782992
VYD_00080,89.37691949744068,71.36435551419267,101.98557468590045,87.89343880874826,70.71195905072128,66.85714285714285,41.41926477431363
VYD_00081,59.400000000000006,71.73333333333335,125.08888888888892,126.57777777777778,103.75555555555557,60.06666666666668,40.044444444444444
VYD_00082,68.98740157480314,78.38740157480315,101.64409448818898,97.74803149606299,89.87559055118109,63.41338582677166,42.92047244094488
VYD_00083,72.8612975391499,64.96868008948546,110.74272930648769,107.3199105145414,81.37360178970917,56.483221476510074,42.06711409395973
VYD_00084,73.53277153558052,78.52808988764045,113.70973782771536,113.77153558052434,98.32022471910112,61.3941947565543,48.77808988764045
VYD_00085,62.241560390097526,43.01425356339085,69.9039759939985,67.87996999249812,57.00600150037509,32.86721680420105,19.228057014253565
VYD_00086,75.25773195876289,74.17268041237114,97.79123711340206,99.56958762886599,88.06185567010309,65.59278350515464,50.54381443298969
VYD_00087,81.12944162436548,69.46192893401015,96.39086294416245,100.01269035532997,79.26395939086294,61.119289340101524,36.54822335025381
VYD_00088,99.12429906542053,97.60093457943924,154.6327102803738,158.82710280373826,132.314953271028,80.10093457943924,67.3841121495327
VYD_00089,73.11452282157676,59.87883817427385,98.77012448132781,85.96597510373442,80.24066390041494,46.97095435684648,42.0954356846473
VYD_00090,49.86301369863014,36.43835616438356,85.09589041095892,77.43150684931507,60.22602739726028,43.45205479452055,28.34931506849315
VYD_00091,88.53708191953469,85.88317983519148,140.4745516238488,133.11682016480856,118.711585070286,79.59331071255454,56.45661657779934
VYD_00092,51.95712484237074,41.744010088272375,57.82093316519545,61.98865069356872,51.943253467843626,29.15132408575031,17.857503152585117
VYD_00093,67.92874109263657,64.01979414093428,93.78147268408549,72.7624703087886,59.60095011876484,40.51464766429137,22.02454473475851
VYD_00094,69.9104381443299,56.630154639175274,79.58569587628867,76.14884020618558,64.43234536082474,43.44007731958762,22.991623711340207
VYD_00095,71.49751243781093,66.88557213930348,119.09452736318407,126.45771144278606,92.59203980099501,56.00995024875621,49.07462686567164
VYD_00096,67.68745668745669,66.87456687456688,86.90436590436592,90.42758142758144,75.60291060291061,51.46361746361748,39.593208593208594
VYD_00097,67.659584295612,67.78198614318704,105.70900692840647,109.45958429561203,86.45635103926097,63.816166281755216,39.30161662817552
VYD_00098,76.575,74.36111111111111,119.08055555555553,104.925,92.31388888888887,62.39166666666667,40.19166666666666
VYD_00099,72.1009839461419,65.09425168306578,100.27136198860696,85.55567063697565,74.61522527187985,51.65406525116521,31.02019678922838
VYD_00100,72.99047619047619,61.39999999999999,78.96190476190476,72.67301587301586,61.61746031746031,47.55873015873016,31.303174603174597
VYD_00101,80.61476573592049,67.65168007572173,90.67392333175583,86.05537150970186,76.04921911973499,51.22290582110744,34.361571225745394
VYD_00102,53.44695745826602,43.38826063543349,85.00700053850296,72.26171243941842,61.869143780290784,41.17824448034464,28.45772751750134
VYD_00103,77.61325115562404,60.92295839753468,78.24910118130458,46.908577298407806,44.06985105290191,28.438109912686187,21.02824858757062
VYD_00104,62.88730820475349,61.01422615721836,99.77569089268057,90.07465509090126,82.14698929814759,54.54536467958911,37.656767095027284
VYD_00105,79.53614457831324,70.92570281124499,122.49598393574298,121.86345381526104,94.18674698795182,64.4738955823293,43.391566265060234
VYD_00106,94.20939334637964,79.44031311154599,105.5949119373777,92.98434442270059,81.67514677103718,58.59686888454011,37.336594911937375
VYD_00107,80.57352941176471,87.53823529411765,133.49411764705883,107.84705882352942,89.30588235294117,53.24705882352941,34.4764705882353
VYD_00108,60.034711964549494,55.80354505169866,93.04726735598229,81.11078286558345,70.9837518463811,50.266617429837524,37.18833087149188
VYD_00109,96.02367205542726,74.32621247113167,114.1443418013857,100.91454965357967,90.56639722863738,59.7188221709007,36.8418013856813
VYD_00110,69.49285113540789,77.40622371740957,117.27670311185871,124.05130361648442,99.61396131202692,64.84524810765348,47.77207737594617
VYD_00111,72.2527881040892,48.33308550185873,67.7553903345725,83.66914498141266,58.631226765799255,36.56505576208179,17.261710037174723
VYD_00112,84.16981132075472,65.89150943396226,111.46698113207546,113.83018867924527,92.55188679245283,65.33962264150944,44.08490566037736
VYD_00113,89.80233853006682,91.32461024498885,124.1664810690423,130.4164810690423,112.11971046770601,72.10467706013362,51.99610244988864
VYD_00114,60.18167072181671,48.277372262773724,88.4006488240065,85.764801297648,69.7631792376318,48.61070559610705,30.465531224655315
VYD_00115,51.366718027734976,36.62634822804314,73.11787365177194,77.1517719568567,75.12326656394453,57.02542372881356,41.39368258859784
VYD_00116,69.32717041800645,58.23553054662381,93.00482315112542,105.25241157556272,84.30707395498393,61.590836012861736,41.61254019292605
VYD_00117,90.10843373493977,93.51405622489959,129.55020080321285,131.4176706827309,108.18072289156626,76.144578313253,53.791164658634536
VYD_00118,74.64405684754522,54.98772609819121,67.58010335917312,64.9186046511628,58.26808785529717,40.07364341085271,26.680878552971578
VYD_00119,72.2241566920566,53.8487486398259,99.60718171926007,107.26659412404787,95.88792165397172,65.82807399347116,42.81175190424374
VYD_00120,77.3808752025932,79.59319286871961,101.45137763371152,98.6717990275527,84.58265802269044,61.06726094003242,40.702593192868726
VYD_00121,71.34417040358744,55.81278026905829,88.21524663677131,79.695067264574,66.78026905829596,35.75560538116592,22.042600896860982
VYD_00122,55.32162162162161,61.45405405405404,106.6189189189189,95.98108108108106,89.2054054054054,63.59189189189188,46.19459459459459
VYD_00123,60.91163382072472,61.41894469167195,83.55816910362364,68.84297520661157,62.83788938334391,43.818817546090266,23.44055944055944
VYD_00124,57.98963058976022,43.41153596889177,85.01879455605963,79.97342838626054,47.6092028515878,30.63577446532728,25.97083603370059
VYD_00125,49.96573604060914,53.6230964467005,81.05710659898476,69.88705583756345,64.30203045685279,41.51142131979695,32.43401015228426
VYD_00126,75.9177545691906,57.340731070496076,101.7565274151436,106.55809399477806,96.58159268929502,60.90469973890339,42.42232375979113
VYD_00127,55.68651162790697,22.83906976744186,52.25953488372093,52.9846511627907,52.62651162790698,35.026511627906984,25.412093023255814
VYD_00128,75.91832532601236,69.67398764584763,126.59437199725465,124.10844200411807,105.38709677419355,80.05490734385725,51.07412491420727
VYD_00129,83.37345971563983,92.7620853080569,126.51090047393366,122.89289099526069,104.47109004739337,70.04739336492892,54.75165876777252
VYD_00130,87.906432748538,73.13815789473682,108.89254385964911,86.94005847953215,76.39619883040936,49.725146198830416,35.117690058479525
VYD_00131,76.9338521400778,62.25058365758754,94.45603112840466,79.0544747081712,69.46770428015563,60.0101167315175,42.51828793774318
VYD_00132,58.67134831460675,49.86797752808989,92.31011235955054,96.48483146067416,88.4685393258427,53.11910112359551,43.448876404494385
VYD_00133,70.54340836012862,76.91961414790998,99.44855305466238,70.7315112540193,55.009646302250815,34.47749196141479,24.516077170418008
VYD_00134,87.27147766323026,97.24742268041237,131.43298969072166,114.95189003436427,94.32646048109966,71.12027491408936,43.512027491408936
VYD_00135,61.215759849906185,30.9390243902439,72.3048780487805,69.8921200750469,50.750469043151966,36.47279549718573,28.016885553470914
VYD_00136,74.96039094650205,66.82921810699588,46.91563786008232,38.01183127572016,36.40534979423868,17.768004115226336,21.620884773662553
VYD_00137,84.7521206409048,81.20829406220547,100.28746465598492,92.33176248821866,72.46371347785109,49.748350612629594,31.955702167766265
VYD_00138,63.88583509513742,52.560253699788575,85.02114164904862,69.38689217758984,58.98942917547568,40.53276955602538,33.4154334038055
VYD_00139,50.886590038314175,48.28812260536399,83.5961685823755,90.04137931034484,78.2513409961686,47.521839080459785,33.305747126436785
VYD_00140,67.30736301369862,61.8416095890411,89.40239726027397,88.4375,67.8929794520548,50.148972602739725,32.39640410958904
VYD_00141,58.491076568796764,42.78871617731721,68.84743811168683,49.18480138169257,50.35290731145653,36.84513529073114,22.93321819228555
VYD_00142,87.36524822695034,71.92021276595744,111.07624113475175,103.61702127659574,96.86702127659572,66.51418439716312,50.726950354609926
VYD_00143,64.25981524249423,66.47517321016167,118.85103926096998,110.59642032332565,93.12933025404158,57.91916859122401,25.57217090069284
VYD_00144,77.74599860821154,73.71885873347252,109.73416840640222,99.8823938761308,85.95615866388309,55.17745302713987,36.15240083507307
VYD_00145,63.25974025974026,35.790352504638214,78.01855287569573,83.90166975881262,62.38775510204082,41.08905380333951,31.421150278293137
VYD_00146,69.23936613844872,74.89407839866557,105.23853211009177,91.08590492076732,66.05087572977482,40.80233527939951,26.520433694745627
VYD_00147,53.35265700483092,48.18840579710145,77.36714975845409,71.17391304347825,61.21739130434782,47.922705314009654,27.463768115942027
VYD_00148,88.83638113570743,75.74590952839269,113.83926852743022,105.70067372473534,86.18190567853706,52.003849855630406,31.554379210779604
VYD_00149,55.58852140077822,52.72665369649806,74.50583657587548,66.67607003891051,54.95525291828793,37.826848249027236,28.67898832684825
VYD_00150,55.84922394678491,32.884700665188475,74.04434589800444,61.89578713968957,58.793791574279375,45.7849223946785,35.490022172949004
VYD_00151,58.634259259259274,60.1678240740741,96.79398148148151,84.90046296296298,75.26620370370371,54.88888888888889,31.959490740740744
VYD_00152,64.88461538461537,64.37931034482759,91.11671087533155,99.04509283819628,87.66180371352785,56.19098143236073,34.66445623342175
VYD_00153,60.53547297297297,46.439189189189186,82.36486486486486,62.06925675675675,52.34797297297297,26.778716216216214,23.790540540540533
VYD_00154,61.69584664536742,73.9035143769968,94.04984025559106,91.90990415335465,65.41214057507989,43.016613418530355,32.30607028753994
VYD_00155,84.03534303534303,75.98856548856548,98.54365904365903,95.30977130977129,80.6049896049896,52.304573804573806,36.516632016632016
VYD_00156,56.82220555138785,61.49887471867967,82.543135783946,77.87846961740435,65.55813953488372,41.924231057764445,29.92423105776444
VYD_00157,64.97271952259165,43.0230179028133,57.035805626598474,60.789428815004264,47.69820971867007,33.96845694799659,26.128729752770674
VYD_00158,77.63483146067415,70.19382022471909,110.79213483146067,94.93820224719101,82.57303370786516,56.882022471910105,39.146067415730336
VYD_00159,72.66884709730172,63.47179067865904,112.69337694194604,96.72117743254293,80.61896974652494,54.79967293540474,35.56909239574816
VYD_00160,67.59916782246879,71.29889042995839,96.99375866851597,109.46393897364771,102.79472954230236,62.837725381414714,39.693481276005535
VYD_00161,49.929482874412365,36.42444593687038,66.8535930154466,51.63465413028879,51.11752854264608,37.23237071860309,18.4808596373405
VYD_00162,80.03079416531605,81.7487844408428,107.76985413290113,104.4359805510535,84.6871961102107,65.80551053484604,50.846029173419765
VYD_00163,61.616097278517664,32.57730167921252,68.28951939779967,47.896352055587734,47.667052692530405,38.894614939200935,27.523451071221775
VYD_00164,74.48590864917395,70.1418853255588,108.73469387755101,105.18950437317784,82.07191448007774,45.72789115646259,31.237123420796898
VYD_00165,64.65625,67.00493421052632,101.79934210526316,76.91118421052632,68.62006578947368,50.373355263157904,31.554276315789473
VYD_00166,78.8995983935743,61.30522088353413,97.34939759036143,105.08835341365463,96.06425702811246,61.49397590361446,47.99196787148595
VYD_00167,75.65118317265555,70.45924627519717,89.91323400525853,70.15249780893951,57.48641542506572,31.86765994741454,19.58369851007887
VYD_00168,79.55692307692307,75.73230769230769,101.18153846153847,101.54153846153847,82.99076923076923,46.652307692307694,28.88
VYD_00169,59.24549763033175,52.63791469194311,99.97630331753552,95.2729857819905,73.08151658767771,49.17061611374407,26.734597156398102
VYD_00170,75.34,65.19000000000001,100.08,88.46000000000001,77.78,48.210000000000015,27.59
VYD_00171,68.52050781250001,58.570312500000014,85.71875,77.80273437499999,67.11181640625,43.39599609375001,29.302734375
VYD_00172,80.67283950617285,84.47530864197532,91.78703703703704,89.10802469135803,80.30246913580247,56.21913580246915,39.836419753086425
VYD_00173,86.11111111111111,76.7883597883598,101.35978835978835,97.66666666666664,83.78306878306879,57.407407407407405,42.05820105820106
VYD_00174,69.36448995363214,59.415340030911885,98.05942812983001,99.91638330757343,87.84532457496137,57.09965224111285,35.690919629057184
VYD_00175,89.47637795275591,82.24409448818896,102.28740157480316,90.33464566929135,76.99606299212599,54.30314960629922,41.36614173228347
VYD_00176,59.89209302325582,61.458604651162794,105.08465116279073,101.06325581395352,88.1525581395349,62.8939534883721,45.32930232558141
VYD_00177,72.02460317460317,65.92063492063491,101.16190476190476,106.37857142857142,92.74126984126984,52.4563492063492,36.4531746031746
VYD_00178,67.60202260559191,55.513384889946465,91.27364663890542,79.95954788816182,58.975014872099955,42.65913146936348,31.01070791195718
VYD_00179,67.47962382445141,48.225705329153605,81.91745036572621,69.93103448275862,46.77638453500522,29.84430512016719,22.15569487983281
VYD_00180,86.46346153846154,77.23076923076924,103.11153846153849,99.40961538461539,75.93653846153846,59.84423076923078,38.08461538461539
VYD_00181,56.76119402985074,47.12537313432836,78.71044776119403,65.07462686567163,57.689552238805966,37.199999999999996,25.55522388059702
VYD_00182,49.54432042022326,34.986211424819444,72.25935653315825,82.2810242941563,70.74720945502297,40.67892317793829,26.103742613263297
VYD_00183,60.61075268817204,44.18709677419355,74.03440860215053,67.33763440860216,60.126881720430106,42.80215053763441,33.15913978494624
VYD_00184,76.32513181019337,73.99297012302289,87.70591681312246,77.32571763327478,64.9396602226128,38.13591095489164,26.268892794376104
VYD_00185,83.40861244019139,88.06267942583732,109.21100478468902,96.2866028708134,84.75980861244018,54.44401913875599,38.692344497607664
VYD_00186,71.94801819363222,69.11371020142951,95.35932423651724,88.67966211825862,75.89408706952567,54.43274853801169,43.03703703703703
VYD_00187,79.44542619542618,77.32432432432431,93.4682952182952,77.91164241164242,69.40800415800415,40.786902286902276,28.928274428274428
VYD_00188,65.77578796561606,64.02578796561606,89.66404011461319,91.66189111747852,82.62679083094557,51.20773638968482,37.08381088825216
VYD_00189,86.64621676891616,76.88241308793457,101.40388548057261,117.20807770961146,97.19631901840492,84.55572597137015,49.22699386503068
VYD_00190,63.069565217391315,72.19503105590063,110.5975155279503,106.08447204968945,100.03478260869564,62.00372670807454,44.5416149068323
VYD_00191,91.0544069640914,81.41621327529926,89.538084874864,71.30032644178456,62.727965179542984,44.977149075081606,28.084874863982588
VYD_00192,94.87722317842801,77.14400458978774,119.70051635111878,116.26907630522089,100.24784853700518,63.66953528399313,41.98737808376363
VYD_00193,58.25722757598219,48.68421052631577,72.49962935507783,62.27575982209043,53.75463306152704,35.00889547813195,26.55003706449221
VYD_00194,77.21995094031072,67.43172526573998,115.79640228945217,106.66557645134914,87.56091578086674,65.25429272281275,43.115290269828286
VYD_00195,51.63157894736842,40.49473684210527,85.1157894736842,79.69684210526314,67.4421052631579,51.357894736842105,35.077894736842104
VYD_00196,82.37179487179488,73.04743589743592,108.2897435897436,104.50128205128208,85.03333333333335,61.45897435897436,38.06153846153846
VYD_00197,67.65042174320527,57.35004686035614,95.90534208059982,77.67760074976572,67.75960637300845,44.813027179006575,32.749297094657926
VYD_00198,73.93659420289855,82.54710144927537,120.56340579710144,125.43297101449278,101.54710144927537,64.08514492753625,40.969202898550726
VYD_00199,73.76453900709221,76.13900709219857,113.28297872340426,108.95390070921987,92.19787234042555,73.08794326241134,56.20283687943263
VYD_00200,99.50976909413855,106.98046181172292,158.1740674955595,154.68383658969805,123.94493783303729,99.43339253996449,69.65186500888099
VYD_00201,77.7780082987552,68.90767634854772,108.65663900414938,101.2038381742739,82.9880705394191,46.275933609958514,40.89107883817428
VYD_00202,75.09150757077022,60.5911784068466,85.76761026991441,54.39104674127716,50.10401579986835,31.56023699802502,24.35813034891376
VYD_00203,74.90443686006827,74.05460750853243,105.07167235494882,106.16723549488056,90.37883959044369,61.737201365187715,42.51194539249148
VYD_00204,48.66835187057635,49.840242669363,77.1001011122346,69.69362992922144,66.86855409504551,45.79474216380183,32.67340748230536
VYD_00205,69.1270553064275,58.2645739910314,104.31988041853515,99.7473841554559,85.13751868460389,57.49028400597907,27.80269058295964
VYD_00206,74.82471264367815,66.32662835249043,113.1044061302682,96.71455938697318,83.52011494252874,48.73180076628353,38.03448275862069
VYD_00207,78.99495586380831,81.62988650693568,121.19167717528374,124.32093316519544,106.44388398486758,70.91172761664565,49.246532156368225
VYD_00208,58.36291739894553,50.30843585237258,88.47627416520208,80.56854130052724,67.72231985940245,39.84797891036908,35.58523725834798
VYD_00209,78.54259501965923,75.5773263433814,120.70314547837484,133.01638269986893,106.74770642201835,78.42201834862385,61.50393184796855
VYD_00210,67.70588235294116,67.08588235294117,92.93647058823528,74.8376470588235,60.217647058823516,29.675294117647056,19.229411764705883
VYD_00211,51.722180731889466,42.65048543689321,77.13368185212846,85.79985063480208,81.5026138909634,59.04107542942494,41.781926811053026
VYD_00212,58.49710024855013,62.994200497100266,88.46810273405137,98.68268434134217,79.079536039768,47.96023198011599,27.434962717481362
VYD_00213,78.62929061784898,74.33867276887872,98.80778032036615,84.26315789473685,82.85354691075514,46.61327231121281,31.627002288329518
VYD_00214,58.06304868316041,40.85953711093375,62.96249002394254,64.77414205905826,52.81404628890662,33.67118914604948,25.97126895450917
VYD_00215,68.7033084311633,58.94343649946639,90.64140875133405,91.32870864461046,73.59231590181432,54.016008537886876,37.3564567769477
VYD_00216,66.55088495575222,70.16150442477876,91.01106194690266,104.1216814159292,84.11504424778761,59.092920353982294,39.09955752212389
VYD_00217,75.96091568955893,58.44723618090454,74.01619207146847,55.663316582914575,47.99497487437187,33.01730876605249,28.47571189279732
VYD_00218,57.23398328690809,42.71030640668524,68.44846796657382,84.94336118848655,70.51532033426184,50.82729805013929,33.988857938718674
VYD_00219,40.56435643564357,36.96322489391797,93.57708628005658,105.80339462517682,82.6096181046676,53.410183875530414,34.37057991513437
VYD_00220,50.91742424242424,28.68030303030303,81.65833333333333,85.74848484848485,78.09772727272727,61.55454545454545,36.24318181818182
VYD_00221,71.31608005521049,65.53071083505866,108.47412008281574,100.08143547273983,79.3112491373361,55.94064872325742,33.97653554175294
VYD_00222,67.02027027027027,58.50675675675676,104.54054054054055,105.27027027027029,91.52027027027027,58.263513513513516,38.25
VYD_00223,62.42263279445728,58.247113163972294,98.18822170900694,93.39260969976907,75.21824480369517,55.56581986143188,35.16859122401848
VYD_00224,67.7603565810173,42.761405348715265,69.64341898269534,67.06187729417933,59.348190875721016,41.670686942842146,30.126376507603567
VYD_00225,65.72881355932203,55.205811138014525,81.78208232445522,71.85956416464892,61.56093623890235,35.69249394673124,22.17029862792575
VYD_00226,59.40039392234102,50.5846933033202,95.18289251547552,97.21468767585819,74.9777715250422,44.98790095666856,24.81091727630838
VYD_00227,70.29493891797556,55.87783595113437,80.30191972076788,75.84118673647468,56.474694589877835,35.02792321116928,36.09947643979058
VYD_00228,64.36329233680225,55.381267738883636,101.10406811731315,110.06338694418163,88.64522232734153,55.354777672658464,37.02649006622516
VYD_00229,74,76.7983789260385,104.76393110435666,105.90070921985814,82.30800405268491,49.39716312056737,38.32016210739616
VYD_00230,74.26331360946746,64.8076923076923,93.90828402366864,70.63905325443787,56.33136094674557,33.39349112426036,24.786982248520715
VYD_00231,72.78790613718411,51.19043321299638,82.09476534296027,84.67870036101083,77.82671480144403,63.92960288808664,36.758122743682314
VYD_00232,72.50812567713977,62.105092091007585,56.21560130010834,52.099674972914414,39.78331527627302,27.658721560130008,20.30660888407367
VYD_00233,83.73458725182863,81.9864158829676,124.87878787878788,116.07210031347964,93.53291536050156,63.593521421107624,38.089864158829684
VYD_00234,100.1560283687943,94.3191489361702,152.39716312056734,150.9219858156028,115.80851063829786,87.00709219858155,55.47517730496453
VYD_00235,72.95049504950495,71.45049504950495,108.0940594059406,101.59900990099008,75.32673267326733,49.049504950495056,30.18316831683168
VYD_00236,67.44105070250455,51.85766646304215,81.86682956627979,68.6902871105681,66.70128283445327,36.41844838118509,24.59987782529016
VYD_00237,60.216763005780344,50.456647398843934,104.64161849710983,90.08670520231213,76.95086705202311,51.725433526011564,44.921965317919074
VYD_00238,86.06122448979593,71.3265306122449,108.88775510204084,103.04336734693877,82.8341836734694,58.53316326530612,41.57397959183674
VYD_00239,46.32978723404255,24.840425531914896,72.61808510638299,61.888297872340445,47.16595744680851,31.61063829787235,21.904255319148934
VYD_00240,61.54350927246789,66.33095577746076,106.64194008559203,105.18972895863051,87.59201141226818,58.31241084165476,28.035663338088437
VYD_00241,60.235735735735744,36.25375375375376,67.90240240240242,80.19219219219221,66.63213213213213,43.97747747747748,33.78678678678679
VYD_00242,66.65517241379312,70.83874239350914,98.01115618661258,96.26369168356997,77.82150101419877,53.29310344827585,40.986815415821496
VYD_00243,75.85856905158072,67.68053244592348,115.63560732113147,118.42928452579037,82.80366056572379,51.67886855241266,34.87687188019967
VYD_00244,77.23477672530449,66.20365358592696,94.74763193504735,75.02165087956698,65.8707713125846,41.50947225981056,26.9533152909337
VYD_00245,42.33442316674452,43.7071461933676,66.18589444184961,70.2120504437179,60.24894908921067,38.17655301261093,27.029425502101827
VYD_00246,67.66195372750643,62.86632390745502,90.08483290488431,96.5771208226221,79.76606683804629,54.81876606683805,37.33804627249358
VYD_00247,63.87125220458552,48.79717813051146,82.94708994708994,66.65196942974721,50.43327454438566,27.60199882422105,25.45620223398001
VYD_00248,52.29349470499243,38.61649016641452,67.22390317700453,68.97049924357033,60.608925869894094,44.73978819969742,26.19364599092284
VYD_00249,75,69.817843866171,113.0260223048327,106.94237918215613,104.48884758364312,54.219330855018576,42.076208178438655
VYD_00250,79.74959261271049,81.96795219989136,123.45247148288973,119.2466051059207,100.82400869092885,65.01249321021184,50.57686040195546
VYD_00251,42.69575816674793,41.85811799122379,60.5680156021453,64.46221355436371,62.414431984397865,42.008288639687954,27.085324232081913
VYD_00252,63.83653395784542,77.37377049180327,114.22763466042154,111.82669789227164,86.26651053864168,47.5887587822014,28.241686182669785
VYD_00253,76.65879082696318,65.90340514246004,97.83530229325922,90.09659485753996,77.76025017373178,55.295343988881164,39.7234190410007
VYD_00254,72.6214953271028,54.13551401869159,92.96261682242991,55.350467289719624,50.55607476635513,34.73831775700935,31.705607476635514
VYD_00255,73.06869734283862,78.74335709656513,98.3901490602722,86.19572261827608,74.15683732987685,46.616979909267656,36.961762799740754
VYD_00256,61.021353930031815,64.00136301681056,100.16946842344389,99.30849613811905,82.1817355747388,58.725579282144494,35.94820536119947
VYD_00257,86.79866888519136,81.37603993344428,125.59733777038274,106.02495840266225,85.17803660565725,61.85690515806989,43.73377703826955
VYD_00258,87.70234113712374,91.273132664437,124.90691192865103,112.01783723522851,87.88294314381271,55.594202898550726,45.42251950947603
VYD_00259,55.57865168539326,47.891011235955055,70.29550561797753,60.407865168539324,55.95955056179776,35.89887640449438,23.121348314606742
VYD_00260,81.89734874235215,80.99456152277362,98.84704282800817,88.94221617946974,72.8633582596873,54.935418082936785,33.237253569000686
VYD_00261,77.4722010662605,75.54531607006855,97.2071591774562,80.9009900990099,72.30616907844632,47.33968012185834,31.22772277227723
VYD_00262,68.06832298136646,60.403726708074544,76.01863354037266,63.98757763975155,44.73913043478261,28.344720496894407,17.36024844720497
VYD_00263,69.9363538295577,69.06256742179072,92.5145631067961,84.21143473570658,71.58252427184466,51.836030204962235,31.948220064724918
VYD_00264,48.35662431941923,29.398366606170594,63.78675136116151,77.22323049001812,74.86479128856622,58.59981851179673,45.29673321234119
VYD_00265,70.16956077630235,65.32328907048006,98.88712972420836,100.01430030643513,80.0291113381001,61.00970377936671,42.7849846782431
VYD_00266,62.21323529411765,47.18114973262033,88.5568181818182,82.69852941176472,73.84157754010698,54.33088235294118,34.63636363636365
VYD_00267,59.781592039801005,46.36119402985075,80.78706467661694,87.18805970149253,70.53532338308459,43.148756218905476,31.318905472636818
VYD_00268,91.28505747126437,82.83908045977012,112.16551724137932,106.5632183908046,86.51954022988504,71.36781609195403,44.62528735632185
VYD_00269,52.16992187499999,64.4765625,70.88671875,69.837890625,68.73828125,52.27343749999999,34.96484375
VYD_00270,77.08064516129033,86.40607210626187,132.4800759013283,120.50379506641367,96.31404174573058,61.09203036053131,39.48861480075902
VYD_00271,81.21804023361454,75.83192731992214,95.28098637248537,90.94613887086307,80.81959766385464,54.080467229072035,35.513951979234264
VYD_00272,88.13793103448278,75.71347962382445,108.03448275862065,90.93667711598744,80.69655172413793,59.78307210031348,48.39435736677116
VYD_00273,69.29526462395543,72.40529247910864,106.11977715877438,97.2047353760446,90.21448467966573,60.33704735376047,48.66852367688023
VYD_00274,78.01273885350317,77.4764331210191,109.81528662420382,105.9796178343949,81.44840764331208,45.80509554140127,28.0484076433121
VYD_00275,63.573711340206195,48.26494845360824,60.29793814432989,41.19432989690721,33.15618556701031,23.914432989690724,20.603608247422684
VYD_00276,60.67627856365614,57.54134929270946,79.02992383025028,66.55767138193688,54.86071817192602,32.705114254624604,15.543525571273124
VYD_00277,75.2822695035461,76.52009456264776,124.29219858156029,137.2146572104019,112.54657210401892,75.65011820330969,57.2146572104019
VYD_00278,77.33848531684698,70.50540958268934,103.1545595054096,91.40030911901083,74.90726429675426,49.48686244204019,34.88717156105101
VYD_00279,80.88669701568033,69.74810318664645,103.91603439554879,86.68285280728375,70.92412746585737,54.84471421345472,33.03641881638847
VYD_00280,87.27708703374779,88.19715808170517,128.2770870337478,127.1758436944938,110.25932504440499,72.21669626998225,56.90586145648314
VYD_00281,70.26355296080068,71.72060050041702,107.41534612176815,87.93327773144289,77.29441201000836,56.47956630525439,37.10425354462052
VYD_00282,76.52847152847154,79.91308691308691,115.00699300699301,109.48151848151852,81.71528471528471,59.02097902097903,42.626373626373635
VYD_00283,64.01605058365759,54.24902723735409,90.58025291828794,68.34581712062257,55.07149805447471,37.01799610894941,16.6454280155642
VYD_00284,52.34185303514377,57.15974440894569,82.69249201277955,80.69728434504792,66.09345047923323,54.011980830670936,35.04472843450479
VYD_00285,79.1306695464363,66.46004319654428,112.02051835853132,116.9049676025918,94.25701943844491,79.16846652267819,52.22678185745141
VYD_00286,86.51230569948187,81.15673575129534,134.47409326424875,124.95919689119174,109.59326424870467,72.4779792746114,55.15997409326427
VYD_00287,58.15175097276264,62.830090791180275,94.37224383916991,96.11413748378727,77.62516212710766,52.62256809338521,36.33592736705577
VYD_00288,55.012865497076035,54.74853801169591,83.44561403508771,84.87719298245614,71.293567251462,44.83157894736843,33.47134502923977
VYD_00289,67.26666666666667,46.292121212121216,72.70545454545453,56.3078787878788,52.29212121212123,33.58060606060606,23.320000000000007
VYD_00290,65.85593220338983,55.9957627118644,84.95702179176754,71.89406779661017,69.8541162227603,47.73728813559321,35.32082324455205
VYD_00291,81.48444444444443,61.65555555555555,104.20222222222222,82.73999999999998,72.05555555555554,31.091111111111108,20.68444444444444
VYD_00292,65.14595375722544,56.79961464354528,92.24277456647401,81.35934489402699,67.53564547206169,45.45327552986513,33.27119460500964
VYD_00293,96.67012987012987,82.6831168831169,122.20259740259739,121.14805194805193,102.04415584415584,54.29090909090909,32.98961038961039
VYD_00294,68.9778761061947,49.640117994100294,87.66814159292035,83.1283185840708,67.40117994100295,39.19616519174041,24.17109144542773
VYD_00295,74.5538348082596,79.67109144542773,120.4712389380531,123.15339233038347,98.36578171091446,66.47345132743364,50.76253687315634
VYD_00296,65.97412199630315,53.37800369685767,84.02818853974124,83.29482439926065,75.85905730129393,58.71349353049908,46.78234750462107
VYD_00297,67.3710482529118,54.59900166389351,76.26788685524126,57.514143094841934,44.88519134775374,36.68053244592346,17.33777038269551
VYD_00298,65.29689608636977,52.02968960863698,84.60391363022943,95.91632928475035,77.48448043184887,50.27125506072875,34.010796221322536
VYD_00299,80.50434782608696,87.91304347826087,100.36521739130436,101.66956521739131,77.31304347826087,45.782608695652165,28.73913043478261
VYD_00300,83.6855636123929,66.02109426499672,102.76005273566251,102.54713249835203,95.58272907053394,62.09953856295321,46.170072511535935
VYD_00301,79.46138415245737,77.31293881644935,118.9899699097292,95.9839518555667,71.98094282848547,51.31695085255769,27.738214643931798
VYD_00302,49.41725175526581,28.590772316950854,76.64794383149447,68.37111334002006,49.27281845536609,32.74122367101304,20.80341023069208
VYD_00303,78.43159065628475,79.38042269187987,118.10456062291436,108.48720800889879,95.51612903225806,70.57508342602891,52.80867630700778
VYD_00304,77.54451219512195,69.34268292682927,105.98902439024393,104.97134146341466,84.84939024390243,57.823780487804875,38.432317073170736
VYD_00305,76.9953488372093,77.58604651162791,93.32093023255814,91.70697674418604,56.64186046511628,39.85116279069768,24.293023255813956
VYD_00306,72.36394557823131,59.535147392290256,102.15873015873018,109.01587301587303,87.20748299319729,63.31519274376418,43.717687074829946
VYD_00307,75.05889351576444,52.60261748958954,95.69898869720406,110.81975014872101,87.80666270077336,58.997025580011915,28.2498512790006
VYD_00308,55.27581261950287,36.2734225621415,54.219885277246654,56.37810707456979,46.44263862332697,29.391013384321226,16.81166347992352
VYD_00309,75.86735311932163,59.419745608721996,93.7686250757117,80.02967898243489,68.00726832222895,42.38946093276802,29.60448213204119
VYD_00310,70.09494163424124,60.69649805447471,72.88326848249027,70.51906614785992,62.98910505836575,41.40933852140077,31.30972762645915
VYD_00311,83.2800586510264,81.37536656891494,128.33431085043986,129.1114369501466,101.06158357771258,83.62170087976538,56.854838709677416
VYD_00312,62.67336010709506,59.29718875502009,72.56224899598394,66.85140562248998,52.16465863453815,28.742971887550205,21.859437751004016
VYD_00313,84.07709251101322,75.11013215859033,113.2885462555066,115.37224669603525,99.62114537444936,66.85242290748899,42.94273127753304
VYD_00314,70.80678314491264,61.588900308324774,100.01747173689618,110.75231243576567,92.32374100719424,68.71736896197326,47.82939362795478
VYD_00315,66.37105549510338,55.19477693144723,99.76496191512513,92.84221980413493,76.59847660500546,48.258977149075086,34.72252448313384
VYD_00316,67.80022075055187,52.558498896247244,114.53311258278147,107.23951434878589,95.31236203090509,60.083885209713024,45.90176600441502
VYD_00317,52.8095238095238,53.37740628166159,80.08105369807497,79.9017223910841,72.57548125633232,53.352077001013164,35.38145896656535
VYD_00318,86.79917184265011,81.67701863354036,126.66666666666666,111.30434782608694,95.56107660455487,64.07660455486543,46.37267080745341
VYD_00319,89.39716066481994,72.9768005540166,107.7004847645429,102.81648199445982,80.52077562326868,51.89785318559556,37.68663434903046
VYD_00320,87.64822134387349,93.96936758893281,91.67341897233202,73.6590909090909,58.94318181818182,41.35770750988142,31.86413043478261
VYD_00321,73.97835294117647,57.221647058823535,93.4004705882353,87.46494117647059,68.24235294117646,49.71199999999999,31.270117647058818
VYD_00322,46.46130952380952,35.45833333333333,88.53273809523809,90.08333333333333,76.50595238095238,41.79464285714285,27.699404761904752
VYD_00323,70.46898263027296,63.980976013234084,104.94871794871793,87.328370554177,66.55831265508684,47.37634408602151,30.5550041356493
VYD_00324,90.38293926750116,81.23783031988874,95.50811312007417,78.46453407510431,66.80806675938805,51.66249420491423,30.45897079276773
VYD_00325,65.486798679868,58.46617161716173,113.91914191419146,115.75330033003301,97.29042904290431,63.93399339933993,42.20874587458747
VYD_00326,82.986798679868,71.33993399339934,122.66006600660066,118.60726072607261,101.20792079207922,69.20462046204622,59.58415841584159
VYD_00327,80.4575807334428,66.79365079365081,105.07279693486589,89.73180076628353,74.896004378763,50.18992884510126,33.81061850027367
VYD_00328,65.45336787564767,56.225388601036265,102.72538860103627,101.25647668393783,84.14637305699482,56.094559585492235,37.803108808290155
VYD_00329,87.3927680798005,89.66708229426435,120.53990024937659,121.24314214463844,98.92394014962595,67.29301745635911,48.41022443890276
VYD_00330,51.7531380753138,46.449093444909344,91.56066945606693,82.39888423988842,68.50767085076708,45.12691771269177,30.96931659693166
VYD_00331,67.92242424242426,50.265454545454546,61.04363636363637,59.50909090909091,46.64484848484848,29.505454545454544,22.998787878787876
VYD_00332,71.92094455852157,52.29568788501026,84.97227926078028,76.5759753593429,64.77823408624229,32.4640657084189,21.4476386036961
VYD_00333,72.11945031712474,66.7536997885835,112.80549682875265,112.19873150105708,91.77589852008457,59.15433403805497,37.902748414376326
VYD_00334,74.31967213114754,69.827868852459,90.9769001490313,78.20119225037259,64.59985096870342,38.005961251862885,25.48211624441133
VYD_00335,74.49927219796217,76.96069868995632,96.42309558466765,92.14459000485203,73.11353711790395,57.76904415332364,41.03784570596799
VYD_00336,72.21934369602765,71.87564766839378,102.92746113989638,93.36442141623489,81.20034542314336,60.24525043177894,41.52849740932642
VYD_00337,53.442622950819676,43.07832422586522,64.99635701275047,61.38069216757741,44.189435336976324,21.373406193078324,13.39344262295082
VYD_00338,68.43451143451144,51.54469854469855,97.54885654885655,72.37006237006239,74.98960498960498,50.309771309771314,40.22453222453222
VYD_00339,64.72134831460674,53.69662921348314,99.8876404494382,105.03370786516855,86.1123595505618,69.24719101123597,44.11011235955056
VYD_00340,75.23346693386772,69.22044088176352,99.42184368737475,92.06412825651303,75.06513026052103,52.01102204408818,30.13426853707415
VYD_00341,52.29892069450961,60.43547630220554,87.24730173627404,70.7836696386673,55.99436884091975,35.86109807602065,22.509619896762082
VYD_00342,61.5191256830601,52.422950819672124,91.01803278688523,69.01967213114756,59.657377049180326,39.73169398907105,28.199999999999996
VYD_00343,75.63464566929134,74.93070866141733,110.71181102362206,101.59842519685043,75.68503937007874,50.885039370078744,35.75275590551182
VYD_00344,55.47524752475249,46.52475247524753,76.54314002828853,81.62753418198962,67.71428571428572,44.124941065535126,31.007543611504016
VYD_00345,77.48828125,73.82265625,104.97421874999999,98.07734375,76.20468749999999,52.778125,36.479687500000004
VYD_00346,79.04645760743323,69.47154471544717,97.55516840882696,101.66898954703836,86.78164924506389,69.70499419279908,44.55168408826946
VYD_00347,59.119415109666924,37.47034930950446,59.24370430544272,70.16896831844029,51.69049553208773,26.78229082047116,14.764419171405361
VYD_00348,51.5361803084223,60.354685646500606,94.7817319098458,77.84697508896797,60.650059311981025,39.30960854092527,21.873072360616845
VYD_00349,64.13545816733068,62.406374501992026,81.19521912350598,72.65338645418326,60.16334661354581,35.70119521912351,24.565737051792826
VYD_00350,78.11788211788213,86.78021978021978,129.91108891108894,116.36763236763238,95.54545454545453,62.70229770229769,45.17382617382617
VYD_00351,58.87073608617594,52.76122082585278,63.76122082585278,36.95332136445242,45.9407540394973,24.025134649910232,14.858168761220824
VYD_00352,82.94383323682688,65.45107122177187,97.0920671685003,93.30225825130285,79.1795020266358,55.900405327156925,31.398957730167922
VYD_00353,75.30991735537191,75.19628099173553,111.29752066115704,117.97727272727273,105.26239669421489,76.42561983471074,51.15082644628099
VYD_00354,60.237373737373744,55.26010101010101,76.65656565656566,77.3030303030303,74.5959595959596,47.858585858585855,31.866161616161616
VYD_00355,53.51227869788692,49.59166190748144,75.47173043974873,77.5265562535694,66.98629354654484,53.149057681324955,38.49000571102228
VYD_00356,54.22417840375587,36.097417840375584,75.91784037558685,70.93427230046949,58.96596244131455,51.46713615023475,28.4330985915493
VYD_00357,71.0413694721826,58.25178316690442,95.7246790299572,88.00998573466477,83.93723252496434,66.77746077032809,49.30171184022824
VYD_00358,59.83922829581994,66.93247588424438,76.64630225080387,78.10932475884245,56.019292604501615,38.17363344051447,30.511254019292608
VYD_00359,76.4377431906615,75.16439688715954,97.60019455252919,100.48540856031128,73.13424124513618,44.57976653696498,30.154669260700388
VYD_00360,66.21911298838437,70.46673706441393,101.18321013727561,88.84688489968322,68.57180570221753,47.64625131995776,26.41499472016896
VYD_00361,70.97715289982425,64.87521968365554,105.24956063268893,99.51493848857645,84.75571177504393,53.0456942003515,34.757469244288224
VYD_00362,75.74907201187825,62.238307349665924,83.96510764662213,77.79287305122493,72.449146250928,47.181143281366,41.0438010393467
VYD_00363,51.98889837745517,45.66268146883006,64.09735269000855,59.971818958155424,60.071733561058934,35.735269000853975,23.955593509820666
VYD_00364,55.16090584028606,48.58998808104887,90.10965435041717,84.09296781883195,79.70560190703219,48.36710369487485,37.74135876042908
VYD_00365,48.53748231966053,55.54455445544555,86.84865629420085,97.79773691654879,80.29561527581329,58.81329561527581,41.814710042432814
VYD_00366,58.95661157024792,57.21280991735538,95.05578512396694,98.90495867768595,89.73966942148762,56.10950413223141,31.559917355371905
VYD_00367,85.96935933147633,68.59888579387187,104.98050139275766,110.58774373259054,97.86072423398328,66.27855153203342,50.3008356545961
VYD_00368,71.140350877193,72.64473684210527,101.39692982456141,91.85964912280703,73.72587719298247,47.973684210526315,30.085526315789476
VYD_00369,58.596721311475406,47.67868852459017,88.21639344262294,82.76393442622951,65.98032786885247,42.878688524590174,28.21967213114754
VYD_00370,72.68397403894157,60.9400898652022,100.3594608087868,106.43035446829754,89.14528207688467,68.87319021467798,48.1263105341987
VYD_00371,68.47413793103449,45.30747126436782,78.36925287356323,78.87931034482759,68.0675287356322,49.248563218390814,35.939655172413794
VYD_00372,79.35760869565216,79.13478260869564,114.33858695652175,104.4766304347826,78.37445652173912,57.16847826086956,40.135326086956525
VYD_00373,60.306074766355145,54.384345794392516,85.07359813084113,89.18107476635514,72.17990654205607,43.76752336448598,32.1285046728972
VYD_00374,63.11548731642188,56.3731642189586,73.68491321762346,60.182242990654196,49.219626168224295,29.491989319092117,16.81308411214953
VYD_00375,60.06849315068493,49.589041095890416,88.57729941291586,73.65166340508806,57.45988258317026,34.45009784735812,27.403131115459882
VYD_00376,69.83990719257541,37.94199535962877,76.66589327146171,82.19025522041764,65.93039443155453,42.5893271461717,32.34802784222738
VYD_00377,80.73605442176869,72.41496598639455,78.49931972789115,60.34557823129251,56.938775510204074,33.157823129251696,19.48571428571428
VYD_00378,73.03822152886117,84.68486739469579,119.58034321372857,120.15132605304211,100.82371294851795,71.5780031201248,49.30343213728549
VYD_00379,71.3948051948052,53.287792207792215,86.41298701298702,82.8618181818182,78.96103896103898,51.28311688311689,37.30701298701299
VYD_00380,76.30573248407643,64.66454352441613,97.56050955414011,87.14437367303607,57.91507430997876,49.85774946921444,26.76220806794055
VYD_00381,81.4727272727273,61.1956937799043,92.88038277511966,94.59856459330145,78.05454545454546,57.995693779904315,36.72870813397129
VYD_00382,84.04226918798668,82.82869855394884,115.7741935483871,117.33147942157954,92.52391546162404,61.84093437152393,41.07007786429368
VYD_00383,72.28134556574923,61.02446483180428,97.65137614678902,87.67278287461774,69.25993883792049,44.9296636085627,33.440366972477065
VYD_00384,74.47067669172932,70.27969924812031,86.61954887218047,83.77293233082708,76.04962406015038,50.2045112781955,33.21804511278195
VYD_00385,77.94547872340425,86.72606382978725,127.9534574468085,107.593085106383,93.89627659574468,54.79122340425533,36.42952127659575
VYD_00386,67.94600938967136,63.41549295774647,88.38732394366197,86.0387323943662,69.97887323943662,54.57159624413146,35.96830985915492
VYD_00387,61.56983240223463,43.40223463687151,76.53224987303199,64.59421025901474,60.3824276282377,32.48755713560183,15.916708989334689
VYD_00388,66.41798107255521,72.91167192429023,114.06940063091483,109.05047318611987,92.81072555205049,68.65457413249212,32.94006309148265
VYD_00389,69.70251517779704,57.87944492627927,92.49176062445795,82.42237640936688,70.37033824804855,50.61405030355595,35.66955767562878
VYD_00390,75.2931506849315,64.5123287671233,78.54794520547945,62.62739726027397,50.419178082191785,32.11506849315068,20.994520547945204
VYD_00391,51.75703439035285,52.83876730683341,81.95935685573916,87.64314426083074,82.03215721304154,51.15006699419384,32.38186690486825
VYD_00392,100.11042944785275,95.9447852760736,141.1134969325153,138.11349693251532,130.56134969325151,91.21165644171778,62.80368098159508
VYD_00393,61.49510910458993,63.604213694507145,98.45221971407071,89.96237772761475,73.66591422121896,42.95334838224228,24.15274642588412
VYD_00394,77.33770883054892,78.29594272076373,115.94391408114556,123.26491646778042,91.37112171837708,61.21957040572793,38.83174224343675
VYD_00395,55.653432032301474,52.59017496635263,83.8923283983849,92.47913862718708,73.16083445491252,52.137281292059214,38.71265141318977
VYD_00396,66.98525073746313,48.16002949852509,91.90929203539825,104.29498525073747,93.71386430678469,50.92035398230088,38.46165191740415
VYD_00397,69.19650655021834,59.3995633187773,71.7052401746725,74.13537117903931,67.06550218340612,44.901746724890835,31.799126637554583
VYD_00398,53.204287515762935,59.69861286254731,87.74905422446406,89.67465321563685,82.31651954602776,54.68726355611603,42.69356872635563
VYD_00399,70.77233429394813,72.7521613832853,113.77089337175794,99.47550432276657,82.35734870317002,57.97406340057638,37.1685878962536
VYD_00400,60.28478964401295,43.12513484358144,90.36245954692558,66.32686084142395,53.77885652642936,28.353829557713052,20.953613807982737
VYD_00401,61.71097046413502,47.69831223628692,86.36919831223629,80.62869198312237,72.04219409282702,52.79535864978903,35.5253164556962
VYD_00402,97.49806201550389,86.31007751937985,117.39147286821705,86.51550387596899,66.07170542635659,55.42635658914728,32.16472868217055
VYD_00403,70.37234042553195,64.03900709219857,115.27517730496456,120.97659574468085,111.30638297872343,69.35957446808511,51.23475177304966
VYD_00404,68.40726817042608,69.0075187969925,122.02380952380955,108.05764411027572,90.29385964912282,53.39724310776945,36.15977443609023
VYD_00405,70.64516129032258,63.146401985111666,105.91563275434243,103.22828784119106,90.13895781637717,65.05707196029776,52.4665012406948
VYD_00406,70.40217391304346,73.50724637681158,101.87681159420289,92.92391304347825,80.69565217391302,52.43840579710144,32.28623188405797
VYD_00407,73.2956081081081,63.10135135135135,94.07939189189187,87.63175675675674,67.02533783783782,33.46621621621621,22.256756756756754
VYD_00408,41.120535714285715,57.45758928571429,94.60714285714286,87.94419642857143,71.04910714285715,50.95312500000001,25.70982142857143
VYD_00409,84.69458762886596,71.16430412371132,109.867912371134,93.25128865979379,79.67203608247421,53.32667525773196,44.58505154639173
VYD_00410,71.98916967509027,62.126353790613734,99.23682310469316,82.8346570397112,72.3797833935018,47.578339350180514,33.67725631768954
VYD_00411,60.33696780893042,72.60903426791279,117.70768431983385,118.13343717549326,96.67653167185878,64.60903426791278,40.600726895119415
VYD_00412,69.82740524781342,59.34752186588921,88.48367346938774,87.20641399416908,71.23148688046648,46.93586005830904,29.292128279883382
VYD_00413,86.17128463476071,84.6007556675063,127.03022670025192,127.53274559193957,102.83249370277079,67.68261964735517,51.36272040302267
VYD_00414,75.37078651685393,56.290262172284656,93.23408239700376,76.42134831460673,65.78651685393258,43.857677902621724,26.11048689138577
VYD_00415,55.57635467980296,52.38300492610837,88.89285714285712,94.85221674876847,88.6231527093596,59.91133004926108,45.24137931034483
VYD_00416,78.63063063063063,71.31531531531532,106.55855855855857,101.06306306306307,90.63063063063063,64.06306306306307,51.31081081081082
VYD_00417,74.41017653167185,71.51505711318795,99.72274143302181,99.32710280373833,78.42056074766356,50.697819314641734,33.10280373831776
VYD_00418,87.19344933469807,81.47287615148413,119.1166837256909,104.15762538382806,87.8618219037871,54.6878198567042,38.1453428863869
VYD_00419,67.6333973128599,65.90307101727448,118.45201535508639,110.24280230326296,92.25431861804222,56.001919385796555,45.042226487524
VYD_00420,62.85748407643311,37.779458598726116,59.9514331210191,52.961783439490446,41.320859872611464,27.542993630573253,19.20859872611465
VYD_00421,65.69652855543114,56.601343784994405,104.38297872340426,95.63661814109746,71.92497200447929,43.582866741321396,27.512318029115335
VYD_00422,79.3573755234993,77.91624011167987,99.57654723127037,112.16565844578876,100.24476500697999,72.61423918101444,48.41181945090741
VYD_00423,52.18367346938774,50.35621521335807,84.5844155844156,82.74582560296848,67.22077922077922,48.40445269016698,38.73840445269016
VYD_00424,49.9859022556391,37.799342105263165,73.47885338345866,83.46193609022558,75.44877819548873,56.8562030075188,44.3796992481203
VYD_00425,63.190628328008515,66.35143769968052,93.50585729499468,80.90521831735889,62.60649627263045,42.2800851970181,29.484558040468585
VYD_00426,83.920892494929,70.83062880324543,77.77332657200812,64.41886409736308,55.343813387423936,41.354462474645025,32.35344827586207
VYD_00427,65.28592375366568,68.2199413489736,88.47800586510263,67.08211143695014,56.07624633431085,38.287390029325515,21.633431085043988
VYD_00428,50.38150289017341,48.749132947976875,82.88439306358381,60.08901734104046,58.293641618497105,36.40462427745664,29.922543352601153
VYD_00429,64.01969844357976,36.78477626459143,67.5581225680934,65.02480544747081,57.41780155642024,38.49586575875486,38.41074902723734
VYD_00430,52.35578330893119,46.254758418740856,64.10102489019035,62.89019033674963,54.00585651537336,40.96339677891654,26.462664714494878
VYD_00431,84.92909090909092,75.94727272727273,118.27454545454546,115.38909090909091,94.7090909090909,68.61818181818182,43.70727272727273
VYD_00432,68.61656646626587,56.623914495657985,79.61990647962591,86.77421509686037,68.60521042084169,45.52037408149633,36.81429525718103
VYD_00433,50.406045751634,29.455882352941174,64.60375816993465,67.6013071895425,63.04248366013071,49.665849673202615,33.10947712418301
VYD_00434,72.71870397643592,73.40648011782032,97.54491899852722,85.12076583210604,79.74668630338734,47.51988217967599,32.78497790868924
VYD_00435,51.41397849462366,47.357825567502985,68.54121863799284,52.62246117084827,51.50597371565114,32.70967741935484,15.534050179211471
VYD_00436,67.71039999999999,57.35040000000001,97.6944,90.12639999999999,73.95360000000001,44.715199999999996,33.0704
VYD_00437,51.07578947368421,46.27473684210526,92.16842105263159,88.28105263157896,74.84105263157895,55.74526315789473,42.53473684210527
VYD_00438,91.8936066373841,69.46998535871155,121.46071254270376,125.2274280136652,93.67398731088336,59.90824792581747,37.73060029282577
VYD_00439,60.62456140350878,44.75263157894736,64.3201754385965,62.49035087719298,57.89649122807017,36.56315789473685,30.79561403508772
VYD_00440,74.03291536050156,82.00940438871471,109.5282131661442,110.60344827586206,92.70846394984325,58.484326018808765,40.52351097178683
VYD_00441,62.269384492406076,62.578737010391684,90.34132693844921,66.81854516386892,57.0599520383693,36.42446043165467,20.853717026378895
VYD_00442,84.42914171656686,82.47504990019961,116.54790419161678,99.87624750499002,74.57884231536929,47.356287425149695,32.57285429141717
VYD_00443,51.03934077618288,39.376927166400854,69.00584795321637,64.59117490696438,57.9819245082403,37.239234449760765,26.272195640616694
VYD_00444,47.853794642857146,34.651785714285715,74.8984375,91.96819196428574,83.33314732142858,69.234375,48.43526785714287
VYD_00445,72.13404825737267,67.01697944593388,100.60411081322611,97.39231456657731,79.73458445040215,58.11796246648794,31.20107238605899
VYD_00446,59.13354037267081,58.496894409937894,104.40217391304348,107.31366459627331,101.10403726708074,65.85093167701865,47.82298136645963
VYD_00447,69.81489361702128,66.35744680851064,101.10744680851066,90.08723404255318,79.3223404255319,45.865957446808515,35.38617021276596
VYD_00448,64.37289915966386,64.85714285714286,93.96428571428574,76.69852941176471,62.38235294117647,45.326680672268914,35.02731092436976
VYD_00449,56.40982404692085,46.98240469208218,68.30645161290329,83.76392961876844,73.3775659824048,51.99046920821118,35.460410557184765
VYD_00450,66.14568880079285,53.816650148662035,73.02180376610504,69.60555004955401,63.06144697720515,39.41030723488603,30.470763131813673
VYD_00451,69.72139303482587,66.06467661691542,90.3681592039801,75.21393034825871,55.273631840796014,36.52238805970149,29.30348258706467
VYD_00452,54.823658269441395,54.5553121577218,83.34720700985761,81.07995618838994,69.59802847754655,51.077765607886086,41.594742606790795
VYD_00453,55.27678850359262,73.41736957200874,110.55888784754764,109.60574820368636,83.01155888784754,45.047172758512964,24.55232739768822
VYD_00454,77.8171206225681,58.9455252918288,91.7976653696498,72.66536964980544,58.447470817120625,42.945525291828794,21.926070038910506
VYD_00455,49.7959493670886,47.61974683544304,93.05265822784811,96.4739240506329,88.30329113924051,60.44101265822785,38.90227848101266
VYD_00456,66.66836734693878,68.76275510204083,107.98469387755102,97.40306122448979,83.21683673469389,53.98214285714286,42.7984693877551
VYD_00457,59.808533916849015,47.974835886214436,86.51750547045953,84.73085339168492,73.61706783369802,56.67231947483588,29.853391684901524
VYD_00458,56,55,91,89,86,54,44
VYD_00459,75.46375207526287,69.01494189263973,111.98893193137796,95.14222468179304,85.25677919203099,55.813503043718875,41.41671278361926
VYD_00460,81.63888888888889,81.59895833333333,131.8611111111111,121.86979166666669,100.23090277777777,62.5173611111111,47.583333333333336
VYD_00461,58.35490909090908,63.823272727272716,88.07199999999996,77.20072727272726,56.866909090909076,45.73963636363634,29.21963636363636
VYD_00462,78.97463768115942,76.44263285024155,111.19021739130433,111.37499999999997,92.7548309178744,60.33997584541064,39.244565217391305
VYD_00463,66.04941291585128,58.29941291585127,90.97064579256359,80.77788649706457,56.85029354207437,39.884540117416826,26.169765166340508
VYD_00464,69.12844036697247,61.56422018348623,97.13761467889908,94.28899082568806,81.8394495412844,53.568807339449535,34.27522935779817
VYD_00465,71.72212692967412,59.86106346483706,90.32933104631219,92.4082332761578,78.1852487135506,60.74785591766725,46.19897084048027
VYD_00466,53.533108866442205,65.3591470258137,113.19416386083053,117.48709315375983,87.72278338945006,53.735129068462406,34.28619528619529
VYD_00467,56.53868194842408,61.2349570200573,101.06590257879657,93.79035339063994,82.69340974212035,49.878701050620826,30.859598853868196
VYD_00468,71.5696413678065,78.66138448707258,106.09174311926608,96.22101751459553,75.44120100083404,49.276063386155144,31.774812343619693
VYD_00469,56.227502527805854,52.02123356926188,80.49696663296257,56.539939332659245,46.328109201213344,30.35743174924165,17.331142568250762
VYD_00470,96.67558139534883,96.74418604651164,150.98255813953486,159.5313953488372,114.0186046511628,91.09069767441859,60.391860465116274
VYD_00471,60.89737654320988,48.973765432098766,72.23611111111111,70.07716049382717,60.67515432098766,40.83950617283951,30.30015432098765
VYD_00472,96.5730427764326,90.01856335754643,125.7029862792575,122.5173527037934,99.80629539951578,83.43341404358355,48.1727199354318
VYD_00473,84.11932773109243,90.20840336134454,117.79495798319327,119.70924369747898,98.83697478991596,66.08571428571427,39.983193277310924
VYD_00474,52.97658862876254,50.25418060200669,73.18394648829431,70.14715719063545,59.809364548494976,37.682274247491634,25.645484949832774
VYD_00475,58.31210191082803,53.42038216560509,87.86624203821655,94.29299363057325,87.47133757961782,49.64331210191083,33.94267515923567
VYD_00476,84.85168539325845,68.12359550561798,79.75,73.0994382022472,52.06067415730339,32.0808988764045,25.21123595505619
VYD_00477,45.953188999414856,38.269163253364546,61.99356348741954,48.110590988882386,51.28203627852545,31.452896430661205,19.84727911059099
VYD_00478,56.85751295336787,54.40673575129533,80.53626943005182,79.48963730569947,64.17357512953367,47.041450777202066,30.847150259067355
VYD_00479,89.07004470938898,74.3050173869846,114.79930452061599,107.04918032786885,89.8320914058619,57.86438152011923,38.723795330352715
VYD_00480,52.25,34.49431818181818,78.27272727272728,84.04545454545455,74.23295454545455,50.93181818181819,37.48863636363637
VYD_00481,72.88273779567186,81.8278812279819,124.83945646703573,119.52138902868646,102.96879718168093,66.46200301962757,49.40463009562155
VYD_00482,53.87830687830688,56.31322751322752,77.11746031746033,78.41587301587302,57.1989417989418,40.82010582010582,20.710052910052912
VYD_00483,59.000455580865605,56.23052391799545,99.69248291571755,91.80637813211845,74.45922551252848,49.12574031890661,32.71799544419134
VYD_00484,69.67042253521127,68.16525821596241,82.05539906103286,72.94366197183098,70.57746478873239,41.09295774647886,26.897652582159616
VYD_00485,74.86936236391914,69.50025920165888,104.7319854847071,88.50751684810778,70.79523068947641,42.46448937273198,28.194401244167956
VYD_00486,74.23151125401928,65.06430868167203,111.93890675241157,97.16398713826365,85.35048231511253,50.0128617363344,35.73311897106109
VYD_00487,78.98072474942175,64.08712413261372,102.27602158828066,88.45720894371625,74.64687740940631,49.29375481881265,31.340015420200466
VYD_00488,74.3040293040293,74.93406593406593,106.19047619047619,98.08791208791209,82.61538461538464,58.77289377289378,35.36446886446886
VYD_00489,79.01594973417112,60.735137747704215,100.74287095215081,111.62832286128567,95.0633156114065,70.28322861285648,44.94103431609474
VYD_00490,75.84115226337447,85.9909465020576,114.23456790123454,115.0213991769547,84.96707818930041,64.3497942386831,38.505349794238676
VYD_00491,94.25014961101138,71.20766008378217,114.7606223818073,114.94314781567923,86.79174147217236,61.36624775583483,34.75643327348893
VYD_00492,79.24338624338623,75.81481481481481,110.13227513227513,105.5820105820106,95.42857142857142,67.24867724867724,48.48677248677249
VYD_00493,71.44823066841414,70.58846657929227,90.51114023591087,90.34731323722148,84.40498034076018,58.02752293577981,46.43774574049803
VYD_00494,88.46999276934199,85.26174981923356,87.34345625451913,76.02386117136659,59.326102675343456,42.67823571945046,33.631236442516254
VYD_00495,70.0593607305936,66.76636225266363,92.75799086757992,79.49771689497717,71.69254185692542,48.772450532724505,33.842465753424655
VYD_00496,92.27386117136663,68.5357917570499,92.03253796095447,72.64425162689805,57.82266811279829,44.47071583514101,34.19739696312365
VYD_00497,73.22543352601157,58.15359207266721,94.96862097440133,78.18166804293972,74.17671345995045,52.48059454995871,40.69364161849711
VYD_00498,63.30993377483444,49.35761589403974,100.03576158940398,84.56291390728477,65.1364238410596,42.246357615894034,22.69271523178808
VYD_00499,77.9891304347826,67.30434782608694,83.6304347826087,73.77173913043478,59.94565217391302,34.46739130434782,22.869565217391298
VYD_00500,84.07446808510637,93.53723404255318,127.87765957446808,104.81382978723403,84.18085106382976,63.17021276595744,43.420212765957444
VYD_00501,78.99916317991632,68.58493723849371,90.21171548117152,75.66527196652719,73.54560669456068,46.69372384937238,30.52133891213389
VYD_00502,62.77037037037036,54.5932098765432,86.94259259259256,91.1185185185185,75.29876543209875,50.873456790123456,36.409876543209876
VYD_00503,81.3118811881188,74.84653465346535,131.99504950495052,118.17326732673267,100.02475247524751,76.48019801980199,47.0990099009901
VYD_00504,80.83639705882352,66.24816176470587,108.75551470588235,96.0110294117647,80.07169117647058,59.505514705882355,35.09007352941177
VYD_00505,81.23170731707319,73.71544715447156,112.10365853658534,99.0020325203252,82.95054200542005,54.47831978319784,38.178184281842825
VYD_00506,79.99678800856532,87.67987152034262,123.90256959314776,119.10492505353317,105.8629550321199,71.16916488222698,50.63597430406852
VYD_00507,64.90019960079839,53.99068529607451,84.32069194943446,82.34930139720558,67.5156353958749,45.34996673320027,26.78975382568197
VYD_00508,78.17755102040816,54.294897959183665,96.35102040816325,103.25102040816326,72.55204081632652,48.180612244897965,42.2673469387755
VYD_00509,73.2355347749854,67.00876680303917,97.39625949736995,86.51665692577443,72.48509643483344,46.542957334891874,31.541203974284052
VYD_00510,56.471469740634014,58.04149855907782,94.95907780979827,73.58962536023056,67.09106628242074,44.05129682997118,28.93602305475504
VYD_00511,65.185,59.910000000000004,92.725,91.355,72.2825,47.300000000000004,26.412499999999998
VYD_00512,66.97095435684646,55.806362378976495,84.34024896265561,67.64315352697095,64.00414937759335,47.16320885200554,31.197786998616873
VYD_00513,85.4892703862661,77.96995708154506,101.656652360515,91.06008583690986,81.28755364806865,54.15021459227468,38.17167381974248
VYD_00514,85.3378212974296,61.941248470012226,98.86168910648712,91.66585067319461,70.24235006119952,46.95593635250918,33.266829865361075
VYD_00515,82.1703125,75.52578125000001,137.54609374999998,134.33515624999998,94.81796875,80.90625,47.085156250000004
VYD_00516,61.7706685837527,70.93170381020849,106.54996405463697,97.75988497483826,76.23508267433502,30.114306254493172,19.268871315600293
VYD_00517,76.11679224973088,66.00968783638321,109.91926803013992,85.08557588805168,70.06620021528525,46.927879440258344,28.487621097954793
VYD_00518,82.61137440758293,74.0568720379147,99.94312796208531,84.54976303317537,71.9952606635071,51.1090047393365,30.72037914691943
VYD_00519,48.54365079365079,28.42724867724868,68.32804232804232,58.462962962962976,48.90343915343916,32.66005291005291,22.74074074074074
VYD_00520,86.59640718562873,83.92754491017965,137.76946107784428,127.5065868263473,113.0125748502994,82.00419161676646,54.63772455089821
VYD_00521,63.64734895191122,46.34607480476777,72.13357994245787,66.23345663789559,62.47718865598025,42.35141800246609,21.658035347307848
VYD_00522,73.4814814814815,71.77777777777779,106.05982905982907,106.64672364672366,93.02564102564104,60.13675213675214,41.81481481481482
VYD_00523,96.58152173913044,99.22282608695652,131.41304347826085,133.25,103.03260869565219,72.3804347826087,43.06521739130436
VYD_00524,74.51442786069654,67.35522388059702,93.17611940298508,92.16616915422887,88.70746268656718,59.81393034825872,33.13532338308458
VYD_00525,83.43641354071363,80.55077767612079,123.59560841720037,116.23879231473009,93.80146386093321,64.10521500457456,38.634034766697155
VYD_00526,54.97048379937862,38.211051930759,80.2636484687084,77.936529072348,62.172880603639605,37.74988903683977,35.284731469152234
VYD_00527,75.40292553191489,68.76396276595744,106.40757978723404,104.00997340425532,90.72872340425533,63.32047872340425,42.04787234042552
VYD_00528,83.70358565737051,54.30517928286853,84.62549800796812,61.893227091633456,44.157768924302786,32.58326693227091,19.70278884462151
VYD_00529,79.8101983002833,74.31019830028329,109.42209631728048,98.23937677053824,83.56090651558073,50.740793201133144,34.21813031161473
VYD_00530,81.18131868131867,85.10782967032966,103.73282967032968,101.41414835164836,78.69574175824175,51.61263736263736,36.04120879120879
VYD_00531,81.03097345132744,63.030973451327434,88.44690265486726,80.35398230088497,68,37.35398230088495,26
VYD_00532,86.7008760951189,87.02503128911138,128.1113892365457,125.14017521902379,100.64080100125155,61.43804755944933,40.715894868585735
VYD_00533,70.90815154994259,59.08955223880598,84.80022962112515,70.68312284730196,58.13892078071182,34.22617680826636,16.45924225028703
VYD_00534,87.57339197361189,73.11929631665751,104.23364485981308,107.43375481033537,83.25673446948875,48.30841121495327,33.09950522264981
VYD_00535,71.39046391752575,65.01159793814432,104.33762886597937,94.26417525773198,80.94201030927834,52.52448453608247,36.510309278350505
VYD_00536,62.359413202933986,36.43948655256723,72.72921760391199,93.0299511002445,73.78850855745719,45.107579462102684,36.39792176039119
VYD_00537,53.16550348953141,43.6530408773679,69.0319042871386,46.843469591226324,44.728813559322035,35.87537387836491,12.519441674975075
VYD_00538,61.348633879781424,56.32021857923497,96.53715846994535,73.68743169398908,68.77486338797814,46.55464480874317,33.10601092896175
VYD_00539,76.07205387205387,69.36565656565656,92.1824915824916,86.8962962962963,69.65252525252525,50.71919191919192,29.23097643097643
VYD_00540,54.071474154435215,46.503509891512444,97.17102744097001,106.1595405232929,85.83088704530952,53.02105934907467,33.867262284620296
VYD_00541,78.1159217877095,81.18296089385476,105.33240223463686,100.82122905027933,91.68854748603353,67.731843575419,41.60055865921788
VYD_00542,84.22543352601157,70.8718689788054,106.4922928709056,100.73217726396918,96.33429672447014,51.43448940269749,38.86608863198459
VYD_00543,49.75757575757576,29.177933177933177,81.97668997668998,86.27661227661228,81.15462315462317,59.25097125097127,38.45376845376846
VYD_00544,73.70038350910835,72.00767018216683,105.77372962607862,110.02157238734422,93.23106423777566,66.46308724832214,42.868648130393105
VYD_00545,68.20986358866736,37.22507869884575,78.63746065057713,77.7675760755509,75.08394543546696,59.3336831059811,42.182581322140614
VYD_00546,76.25124792013311,67.98502495840268,94.91014975041598,90.94176372712148,72.4026622296173,51.16472545757072,40.60565723793678
VYD_00547,57.44377267230956,56.42261185006046,84.3863361547763,84.61850060459494,68.74183796856106,46.82345828295042,32.13966142684401
VYD_00548,61.734121122599696,62.18709995076316,105.72181191531263,97.93549975381582,84.68193008370258,56.316100443131454,29.22255046774988
VYD_00549,72.15285943345803,74.79048637092463,89.51843933725277,84.71352218065206,67.66488508818813,46.12880812399786,27.9615179048637
VYD_00550,63.32199270959904,56.817132442284326,96.9501822600243,99.95686512758202,92.35176184690158,59.577764277035236,35.96051032806804
VYD_00551,56.36677282377919,41.32271762208068,84.21709129511677,80.52972399150742,63.87898089171974,45.23619957537155,27.30307855626327
VYD_00552,60.610474631751224,63.10310965630116,94.82324058919805,92.38625204582652,74.26350245499182,50.266775777414075,42.57119476268412
VYD_00553,72.87828162291171,61.47255369928401,84.50357995226732,105.96420047732698,88.39140811455847,49.947494033412895,28.811455847255377
VYD_00554,61.81104294478528,41.94049079754602,64.43742331288342,54.61533742331289,53.07607361963192,38.0239263803681,22.344785276073623
VYD_00555,77.44008372579802,66.65829408686552,97.7331240188383,78.74882260596544,59.95709052851908,33.45159602302459,25.90319204604918
VYD_00556,70.35815602836881,42.27127659574468,60.96276595744682,59.38120567375888,54.25709219858157,37.70212765957447,18.523049645390074
VYD_00557,57.861267040898156,51.25020048115478,91.4242181234964,89.59342421812349,79.31355252606257,45.2205292702486,40.219727345629515
VYD_00558,76.5019669551534,77.47442958300552,117.15184893784424,112.82690794649885,94.13532651455546,52.90794649881983,40.07002360346184
VYD_00559,78.8428805237316,72.87070376432081,116.98527004909984,100.57774140752865,90.38952536824877,62.63829787234042,42.148936170212764
VYD_00560,72.78324022346368,89.5675977653631,103.85027932960892,86.26256983240222,67.61005586592178,51.913966480446916,39.51284916201117
VYD_00561,84.0569696969697,90.74303030303032,103.88969696969697,93.76000000000002,72.72606060606061,45.52121212121212,26.353939393939392
VYD_00562,72.67150837988827,71.06145251396649,95.6849162011173,95.74636871508379,67.30837988826816,48.362011173184364,32.89832402234637
VYD_00563,82.83429561200921,77.47459584295612,99.65588914549654,97.50461893764435,83.42840646651271,60.03233256351039,53.020785219399535
VYD_00564,84.51821192052981,68.47019867549668,99.02152317880795,91.79801324503312,74.79966887417218,61.610927152317885,36.13079470198676
VYD_00565,70.06011450381679,53.49761450381679,83.64456106870227,77.5543893129771,64.20229007633587,41.90839694656489,30.65839694656488
VYD_00566,73.82587064676618,70.49253731343283,107.32835820895522,105.86069651741293,86.38432835820896,58.699004975124375,35.44900497512438
VYD_00567,85.46179966044141,66.75212224108658,91.91341256366724,87.94567062818334,78.89077532541033,55.20882852292019,31.80645161290323
VYD_00568,56.19499999999999,46.84375,76.31875,76.2275,68.10999999999999,49.63375000000001,26.47125
VYD_00569,64.96764705882353,62.36372549019608,101.9156862745098,90.99901960784312,87.97254901960784,52.319607843137256,43.248039215686276
VYD_00570,85.6540948275862,93.65517241379311,84.55387931034484,80.9595905172414,67.58566810344828,46.75377155172414,35.331896551724135
VYD_00571,73.54671717171716,67.57954545454545,98.33585858585859,103.48358585858587,90.13510101010101,55.8459595959596,42.108585858585855
VYD_00572,80.37705711519844,66.61713455953533,79.84414327202322,60.89206195546951,51.03727008712488,38.90755082284608,26.717328170377545
VYD_00573,60.96137026239067,43.80903790087464,84.33163265306125,82.52186588921283,79.44679300291547,50.33309037900875,31.904518950437314
VYD_00574,87.01955671447197,83.58800521512386,134.41590612777054,125.90743155149936,112.23598435462841,75.3780964797914,53.619295958279004
VYD_00575,66.05939463163905,59.62592804111936,81.59508852084521,61.83266704740148,53.61450599657337,35.22786978869217,18.820673900628208
VYD_00576,89.2231985940246,77.39015817223198,122.8207381370826,115.86818980667836,92.71001757469243,67.20562390158172,41.68014059753954
VYD_00577,86.16605166051662,92.04059040590406,126.87453874538745,126.58302583025831,103.49815498154982,67.83025830258302,50.08118081180812
VYD_00578,82.8650519031142,77.17070357554786,109.96078431372548,90.21222606689737,72.31949250288352,44.36101499423299,31.31718569780854
VYD_00579,64.74758842443731,53.24758842443731,79.1736334405145,75.35048231511254,59.96945337620579,41.47106109324759,26.67845659163987
VYD_00580,72.15232722143864,79.88716502115656,116.62482369534555,108.49365303244005,92.55571227080397,66.55853314527504,47.06064880112835
VYD_00581,63.468354430379755,66.52991944764098,85.87917146144997,78.34522439585731,66.5258918296893,38.89240506329115,23.205408515535098
VYD_00582,63.59530791788856,53.59530791788857,80.7859237536657,73.20234604105572,69.40469208211144,46.214076246334315,31.809384164222873
VYD_00583,79.54529307282415,84.14505624629959,103.62699822380105,100.87211367673179,79.18827708703373,57.358200118413265,40.88691533451746
VYD_00584,70.95824175824177,65.21391941391943,90.97875457875459,100.30769230769232,88.6959706959707,62.991941391941396,37.412454212454215
VYD_00585,65.50135795763173,52.862574687669756,92.99782726778926,102.24063009234114,77.1406844106464,64.35089625203693,37.29114611624118
VYD_00586,63.02105263157895,61.90095693779905,92.25263157894739,83.23397129186603,72.744976076555,50.26507177033493,29.391387559808614
VYD_00587,75.04006085192697,62.435598377281934,96.04107505070992,80.98580121703854,71.91886409736307,53.25963488843812,40.90973630831642
VYD_00588,98.23649906890132,91.77281191806334,123.12290502793297,124.94134078212294,99.52886405959035,71.9199255121043,53.701117318435756
VYD_00589,84.10075914423743,91.81090407177363,113.68944099378884,110.82194616977227,89.46583850931678,64.31815044858523,41.94133885438234
VYD_00590,90.39142091152816,83.40080428954424,113.10857908847186,104.86863270777481,95.00938337801611,58.304289544235935,47.167560321715825
VYD_00591,74.94510616261006,59.87260486794408,108.45002589331956,94.03625064733299,68.59606421543242,40.78612118073538,21.036768513723462
VYD_00592,88.29010989010989,77.88791208791208,119.8956043956044,110.83186813186816,100.71428571428571,54.97912087912088,42.63516483516485
VYD_00593,58.83045525902669,49.50235478806907,90.53846153846155,81.88854003139718,72.29042386185243,48.35007849293564,33.57142857142858
VYD_00594,81.71098265895952,87.21387283236994,123.02312138728324,122.2485549132948,99.30057803468209,69.82080924855491,47.589595375722546
VYD_00595,62.15126050420169,74.04201680672269,108.80672268907563,105.33613445378153,94.23529411764706,56.983193277310924,44.7563025210084
VYD_00596,63.10218978102189,65.50638686131387,105.55474452554745,116.90237226277371,95.46441605839416,70.40054744525547,41.83394160583942
VYD_00597,79.71961259079903,76.94866828087167,102.3050847457627,97.2493946731235,88.20726392251817,57.99903147699758,41.526392251815984
VYD_00598,77.30678631519909,80.03701626472238,99.91531127313515,83.02187324733595,79.12787436904094,54.01906898485698,37.174425126191814
VYD_00599,82.72000000000001,86.19612903225807,105.57548387096773,106.05677419354839,81.73677419354838,54.563870967741934,44.88258064516129
VYD_00600,75.8952879581152,72.38893044128646,129.0336574420344,132.76813762154077,94.69558713537772,71.3305908750935,40.85789080029919
VYD_00601,82.15357395612172,69.95187544232131,97.90162774239208,84.83510261854212,69.30785562632695,44.005661712668086,29.9723991507431
VYD_00602,61.279268292682936,54.13170731707318,80.34573170731711,68.68231707317075,49.83170731707318,28.374390243902443,17.95487804878049
VYD_00603,77.24766355140187,62.89408099688474,110.27258566978193,89.37850467289721,72.44859813084112,43.504672897196265,35.78816199376947
VYD_00604,90.24809644670052,83.36611675126903,117.7798223350254,112.44479695431473,89.74619289340102,59.41307106598986,36.66497461928934
VYD_00605,60.87707061900611,55.676547515257205,90.63208369659984,87.71578029642548,72.62162162162164,56.331299040976475,35.88142981691369
VYD_00606,73.79066543438077,57.42513863216266,79.72597042513864,80.53049907578558,69.87800369685768,52.19038817005545,31.313308687615528
VYD_00607,94.05921450151058,93.47190332326285,92.31238670694864,68.39818731117823,59.813897280966756,44.4392749244713,33.199999999999996
VYD_00608,69.6740403383214,71.14378659726741,109.95250487963564,92.18477553675994,71.12231620039039,47.8640208197788,27.076122316200394
VYD_00609,72.9642640823743,59.294972743791625,84.76983646274986,79.49303452453059,75.69594185342216,54.86795881284068,40.379164142943665
VYD_00610,78.18535211267604,69.36845070422534,98.02140845070421,94.90253521126759,72.12957746478872,50.44,34.87098591549295
VYD_00611,84.35233160621762,89.34455958549222,93.41278065630397,82.57858376511227,57.74611398963731,45.729706390328154,35.60794473229707
VYD_00612,61.40386803185438,59.39135381114903,78.72582480091012,66.86689419795222,61.268486916951076,34.10921501706484,19.44254835039818
VYD_00613,80.57365347177155,71.96106424399741,93.87994808565865,86.16158338741076,72.69435431537961,55.79234263465281,38.35107073329007
VYD_00614,58.60803727431566,45.196272568433315,71.76470588235296,60.63948747815959,60.65754222481073,39.05998835177635,26.114152591729766
VYD_00615,67.83016476552599,64.5234474017744,88.4917617237009,94.13561470215465,84.4638783269962,63.53865652724969,42.98225602027884
VYD_00616,93.921875,104.03749999999998,136.659375,125.978125,113.075,76.534375,55.565625000000004
VYD_00617,73.40093603744148,79.68486739469577,110.30265210608424,117.03744149765988,89.86271450858032,58.51170046801872,40.37129485179407
VYD_00618,88.0482283464567,92.5954724409449,91.28001968503938,72.50787401574803,58.03297244094489,40.594488188976385,31.354330708661415
VYD_00619,86.76090342679127,81.80451713395638,120.04984423676014,124.44626168224299,94.9454828660436,57.43847352024922,38.744548286604356
VYD_00620,60.60052677787532,41.85601404741001,85.32045654082528,97.04828797190517,84.46795434591746,50.79192273924495,35.12203687445127
VYD_00621,72.88505467800728,63.80486026731471,97.47849331713245,92.30935601458081,80.68772782503038,51.2850546780073,40.25467800729041
VYD_00622,69.50305997552019,59.893512851897185,85.54100367197061,74.76744186046511,66.84210526315789,40.9436964504284,28.246022031823745
VYD_00623,63.13168124392615,35.22108843537415,72.82458697764821,92.73372206025267,72.7089407191448,43.31486880466472,34.4514091350826
VYD_00624,61.72233676975945,76.98006872852234,101.57457044673541,98.36701030927834,100.57319587628864,69.08316151202749,45.4872852233677
VYD_00625,96.11111111111109,77.27450980392157,125.55065359477122,126.05228758169932,103.09640522875814,52.6797385620915,28.52450980392156
VYD_00626,64.58198614318705,60.61200923787529,89.93822170900694,63.78175519630485,50.99942263279445,37.19919168591223,19.227482678983833
VYD_00627,71.8668893129771,82.83158396946564,112.53721374045804,105.08492366412214,84.77099236641222,53.60830152671757,38.22614503816794
VYD_00628,101.61421319796955,104.59390862944164,155.40101522842642,157.7309644670051,112.19796954314722,90.01015228426397,60.89340101522843
VYD_00629,89.88850574712644,84.1471264367816,117.09885057471264,100.35287356321841,89.40919540229886,64.06896551724138,40.540229885057464
VYD_00630,65.07062146892657,70.83474576271188,96.52542372881358,78.02542372881358,71.4964689265537,49.2175141242938,35.94844632768363
VYD_00631,69.86500655307995,75.63564875491481,99.7313237221494,81.62647444298821,63.68283093053735,43.54128440366972,27.828309305373526
VYD_00632,79.16633663366336,78.27821782178218,117.72673267326734,107.25049504950495,98.78415841584157,60.73762376237623,47.09207920792079
VYD_00633,71.58930817610064,73.77924528301888,106.1880503144654,97.58364779874213,88.30440251572328,56.04591194968555,36.92201257861635
VYD_00634,56.152254249815236,42.73096821877311,76.94826311899483,81.35920177383593,67.15742793791574,41.98447893569845,27.81966001478197
VYD_00635,54.09777777777778,46.471111111111114,77.25333333333334,76.43111111111111,67.04888888888888,56.52,37.53333333333334
VYD_00636,79.23060188542425,62.22697606961567,77.5090645395214,77.24002900652648,61.9615663524293,42.90717911530095,39.32922407541698
VYD_00637,92.09183673469387,104.44217687074828,126.49149659863944,122.74319727891154,106.83503401360544,81.91496598639455,49.12244897959183
VYD_00638,59.314285714285724,63.81260504201679,90.66974789915965,82.70252100840334,71.19915966386556,47.78235294117646,28.6344537815126
VYD_00639,72.43263157894738,72.58842105263156,111.21157894736844,117.18315789473682,89.25578947368423,76.80526315789471,43.5178947368421
VYD_00640,90.8521162672106,83.64966853646095,121.88577256501782,116.31463539010709,96.75777664456909,72.71953085160632,52.039775624681276
VYD_00641,66.46182495344507,48.62523277467412,84.97765363128494,90.78305400372442,86.34543761638736,51.48882681564247,32.220670391061454
VYD_00642,76.86997433704019,64.98887938408896,90.88964927288279,65.93926432848588,57.93242087254063,37.996578272027364,27.69033361847733
VYD_00643,72.63998059194566,51.11450752062106,90.0936438622028,94.53566229985444,88.01164483260554,60.009704027171274,40.104803493449786
VYD_00644,71.49239823442865,74.9382050024522,123.91025012260911,109.94556154977928,90.67680235409514,56.06669936243257,22.147130946542426
VYD_00645,73.95957587806495,64.75546719681908,90.65672630881377,87.41749502982107,60.970841616964876,38.318091451292254,29.176275679257788
VYD_00646,81.15250422059653,75.77771525042206,105.18401800787848,104.81260551491278,89.22228474957794,59.99437253798539,36.61339335959483
VYD_00647,45.748928877463584,39.45501285347043,75.32133676092543,77.49614395886887,69.42844901456725,47.18508997429304,29.54670094258783
VYD_00648,80.37937062937065,68.75174825174828,130.33216783216787,123.65734265734268,96.70279720279723,67.6451048951049,47.024475524475534
VYD_00649,88.04364884747427,87.94654242275628,97.88278567925454,98.54536537518393,82.66944580676802,59.32663070132418,36.570377636096126
VYD_00650,68.53478260869565,42.87536231884059,74.12318840579712,67.69420289855073,56.73623188405798,37.972463768115944,28.344927536231893
VYD_00651,72.80584415584416,68.72987012987012,114.33636363636363,108.47272727272727,88.5733766233766,59.84870129870129,48.24610389610388
VYD_00652,62.6056838365897,65.18946121965661,98.53226761397276,95.58614564831261,79.02368265245707,52.290112492599164,38.01420959147424
VYD_00653,54.273301737756725,68.91627172195892,114.13270142180096,112.87677725118483,97.73775671406003,59.56240126382307,36.21484992101106
VYD_00654,71.24637681159419,79.65410628019323,107.3342995169082,88.41835748792268,76.23285024154589,52.641545893719794,35.775845410628015
VYD_00655,74.09173036831133,72.02779708130646,120.08061153578875,115.82209867963866,88.73314801945797,58.91382904794997,36.74009728978457
VYD_00656,75.54162936436886,67.82273948075202,108.2032229185318,117.18800358102061,92.6481647269472,52.049239033124444,34.684870188003586
VYD_00657,74.73126962763568,35.87124270973531,61.61821444593986,77.1695827725437,61.74472857783758,38.94571556751905,23.779273216689088
VYD_00658,65.20802238805973,54.408582089552255,93.1912313432836,76.53638059701494,64.03078358208957,45.37313432835822,35.00466417910448
VYD_00659,49.789885694492554,35.32816072047107,68.56293730516107,75.26886040872878,71.58122618635262,48.40727398683755,26.625216487703494
VYD_00660,50.056686046511636,42.61482558139536,68.27034883720931,71.48401162790698,61.57558139534884,40.31976744186048,34.15988372093024
VYD_00661,70.75178316690442,65.03851640513552,95.56776034236803,90.44222539229672,80.17831669044223,60.75035663338088,44.40513552068473
VYD_00662,74.74738841405508,59.0721747388414,72.98148148148148,67.05175688509021,66.67853751187081,46.534188034188034,33.54890788224122
VYD_00663,90.42997198879551,93.60457516339869,138.34733893557424,132.26470588235298,115.68300653594774,72.62091503267975,60.19374416433241
VYD_00664,72.11833489242285,64.23246024321797,92.06875584658557,82.80589335827874,73.48503274087932,47.23900841908326,32.58091674462114
VYD_00665,64.96158770806659,57.71446862996159,74.60179257362356,76.53008962868118,64.19846350832267,47.28169014084507,25.617157490396924
VYD_00666,56.699324324324316,43.721846846846844,55.97072072072072,39.6599099099099,41.898648648648646,35.85135135135135,22.593468468468462
VYD_00667,82.67757459095286,74.27911453320499,121.61693936477384,108.24446583253129,95.81135707410972,62.609239653513,46.553416746871996
VYD_00668,78.50700000000002,72.97300000000001,116.702,114.73800000000001,96.992,63.462,42.45000000000001
VYD_00669,61.587155963302756,77.58715596330276,126.42201834862387,121.42201834862385,91.75840978593273,51.08868501529052,29.868501529051986
VYD_00670,84.61467889908256,80.72477064220183,113.28440366972475,112.55963302752293,98.44954128440365,68.77981651376146,45.944954128440365
VYD_00671,70.90762620837809,38.61331901181525,81.80988184747585,67.34264232008593,67.63587540279269,55.208378088077346,31.783029001074112
VYD_00672,72.2787610619469,71.12073324905182,108.33438685208596,96.85524652338812,81.52844500632112,48.726927939317314,36.72250316055626
VYD_00673,84.6985815602837,72.32624113475178,103.0762411347518,108.790780141844,93.47872340425535,70.22517730496456,47.530141843971634
VYD_00674,84.70114942528734,79.60919540229884,102.56486042692939,85.04597701149423,68.98029556650245,49.192118226600975,27.541871921182263
VYD_00675,68.06430155210643,80.78713968957871,108.6529933481153,109.05321507760532,79.95787139689578,57.19512195121951,35.22727272727273
VYD_00676,69.57711442786069,69.55306799336651,95.20066334991708,83.03648424543948,64.58126036484245,37.07048092868989,22.53399668325041
VYD_00677,76.99478895257948,53.81813444502345,85.32569046378323,80.11151641479937,62.43355914538822,49.647733194372066,36.82595101615424
VYD_00678,59.31377343113285,59.240423797881014,96.46128769356156,68.42868785656074,55.87449062754687,32.38141809290954,19.07742461287694
VYD_00679,59.89426336375489,53.35997392438071,77.8625814863103,65.8658409387223,61.78331160365059,42.308213820078244,30.606388526727518
VYD_00680,39.91981132075471,38.863207547169814,79.1698113207547,75.00471698113208,53.94811320754717,42.613207547169814,22.174528301886795
VYD_00681,81.46850393700787,79.3759842519685,98.62795275590553,103.1476377952756,93.02755905511812,64.90748031496064,53.09055118110236
VYD_00682,45.40731070496083,44.21932114882506,78.15665796344646,62.327676240208866,48.46475195822453,32.21932114882506,17.98302872062663
VYD_00683,70.55568053993251,29.295838020247473,66.53880764904389,47.957255343082124,56.670416197975264,39.07367829021373,30.68560179977503
VYD_00684,63.88732394366196,65.50156494522692,99.04381846635367,97.7887323943662,75.01956181533646,44.41627543035994,28.75117370892018
VYD_00685,61.01886792452831,72.91404612159329,107.02096436058702,93.44863731656184,85.45702306079664,59.67295597484277,43.55765199161425
VYD_00686,54.19795657726693,38.45849297573435,61.019157088122604,53.57215836526182,46.959131545338444,27.679438058748403,19.771392081736913
VYD_00687,51.78571428571427,49.027649769585246,70.01612903225805,65.5806451612903,58.54147465437787,36.7626728110599,26.345622119815665
VYD_00688,56.860726643598625,40.28979238754326,67.21107266435985,64.74134948096886,58.68079584775087,36.14532871972319,21.814878892733567
VYD_00689,54.333333333333336,40.526315789473685,77.81578947368422,77.63157894736842,57.192982456140356,38,34.90350877192983
VYD_00690,61.54812398042414,61.88907014681894,80.32300163132138,71.31484502446982,60.06688417618271,37.79445350734095,25.282218597063626
VYD_00691,87.74733096085409,71.76690391459076,95.82651245551602,79.96797153024909,65.7526690391459,51.61298932384342,35.940391459074725
VYD_00692,50.40283241542093,43.947285601888275,76.94571203776553,53.428796223446106,55.18489378442172,42.233674272226594,21.5963808025177
VYD_00693,88.84,68.39999999999999,115.64000000000001,92.11999999999999,70.56,48,25.24
VYD_00694,101.78939393939395,106.33333333333334,145.93484848484852,144.30606060606064,117.9878787878788,89.6909090909091,64.68636363636364
VYD_00695,44.974842767295605,58.32704402515724,104.1572327044025,97.57861635220125,81.85534591194968,56.95597484276728,30.270440251572328
VYD_00696,69.59241706161137,71.12440758293839,101.28317535545025,76.20971563981044,62.50947867298578,37.779620853080566,34.622037914691944
VYD_00697,65.35964453737584,65.32253005750131,94.20177731312076,74.73340303188706,65.5405122843701,47.50392054364872,32.7794040773654
VYD_00698,61.02929936305734,54.426751592356695,83.58089171974524,78.56687898089172,80.85222929936306,57.47770700636944,40.16178343949045
VYD_00699,78.32247557003257,76.62866449511401,112.53745928338763,114.42996742671009,105.18241042345277,63.66123778501629,45.76872964169381
VYD_00700,77.98393351800554,60.495844875346265,97.68476454293628,92.9590027700831,73.06038781163434,52.63933518005539,33.12797783933519
VYD_00701,62.15364916773368,43.714468629961594,93.3649167733675,89.25096030729833,74.09859154929579,53.633802816901415,39.14212548015365
VYD_00702,54.9195205479452,28.05736301369863,67.92893835616438,63.715753424657535,45.58390410958904,32.182363013698634,23.6695205479452
VYD_00703,70.47689075630255,70.56617647058825,110.49894957983196,101.484243697479,90.63655462184876,59.70693277310925,48.52310924369748
VYD_00704,57.14004376367614,40.438730853391675,69.87636761487963,71.3304157549234,58.65098468271333,36.50547045951859,26.53063457330415
VYD_00705,69.45788964181995,68.08615682478221,110.22265246853823,109.15392061955468,86.64762826718297,53.242013552758955,34.98063891577929
VYD_00706,70.63859649122804,62.805263157894714,87.60877192982454,62.99122807017543,51.866666666666646,25.742105263157885,15.849122807017542
VYD_00707,77.58850931677019,82.52329192546586,110.5885093167702,102.0248447204969,83.11801242236025,62.3835403726708,42.871118012422365
VYD_00708,69.97847585805701,59.7870855148342,99.59744037230948,77.25654450261781,60.675392670157066,35.55730075625363,25.60151250727167
VYD_00709,92.96174863387976,74.30054644808743,122.99344262295081,115.24590163934424,103.39234972677595,61.91256830601092,48.119125683060105
VYD_00710,87.8724584103512,95.45471349353049,114.42329020332718,104.3641404805915,88.01663585951941,61.170055452865064,38.425138632162664
VYD_00711,75.09798270893373,54.58885686839577,83.54274735830931,79.87512007684919,63.868395773294914,43.79442843419789,28.588856868395776
VYD_00712,74.64439655172413,59.07435344827586,96.12984913793105,103.62230603448276,85.90625,51.92995689655172,30.343211206896548
VYD_00713,85.38358778625955,77.93638676844785,83.64885496183209,73.36959287531809,63.30788804071248,42.42175572519084,36.76399491094147
VYD_00714,89.19459706959708,81.53525641025642,97.19826007326007,100.92948717948718,84.16163003663003,54.862637362637365,38.893315018315015
VYD_00715,47.41502590673576,41.25647668393782,84.0699481865285,94.82901554404145,77.0642487046632,50.169948186528494,37.198445595854935
VYD_00716,69.47046186895811,68.85499462943072,90.7314715359828,92.69817400644469,79.4296455424275,49.97529538131042,33.555316863587535
VYD_00717,77.81176470588235,70.61176470588235,112.04705882352941,91.32941176470587,71.19999999999999,53.65882352941176,32.72941176470588
VYD_00718,55.06420233463035,34.69260700389105,71.58754863813229,70.87548638132296,56.76070038910506,33.84824902723735,26.59143968871595
VYD_00719,57.36283185840708,57.31858407079646,95.61592920353982,103.46017699115045,80.14336283185841,50.49026548672566,35.90973451327433
VYD_00720,66.48024830699775,65.47234762979683,102.75564334085777,94.93058690744918,79.19751693002257,53.58126410835214,37.53386004514673
VYD_00721,80.95684523809523,72.00545634920634,93.8422619047619,83.86507936507935,68.81150793650794,53.73710317460317,31.278769841269835
VYD_00722,61.59328028293545,68.07515473032716,111.22281167108754,106.77276746242265,93.03890362511054,48.14412024756853,32.46949602122016
VYD_00723,82.36111111111113,63.87500000000001,83.23611111111111,58.76620370370371,49.871527777777786,38.48263888888889,28.28761574074074
VYD_00724,106.41712707182322,104.9806629834254,158.88121546961327,168.67127071823205,115.09944751381214,92.94751381215468,64.90331491712706
VYD_00725,84.88437499999999,82.171875,110.940625,93.790625,86.984375,66.58124999999998,52.084375
VYD_00726,51.94624746450304,70.37119675456391,103.43204868154159,111.62981744421904,84.65415821501014,54.43002028397566,36.31135902636917
VYD_00727,67.34747474747476,69.19595959595962,107.10858585858588,92.92777777777779,88.69393939393939,59.8368686868687,39.57676767676768
VYD_00728,61.92613636363635,54.94602272727273,94.48721590909092,82.93039772727273,58.23437499999999,39.94318181818182,32.40767045454546
VYD_00729,53.785825545171335,47.58255451713396,86.04049844236759,90.45482866043614,72.01947040498443,56.137850467289724,37.50778816199376
VYD_00730,65.08260325406759,54.71276595744681,93.97559449311639,92.05256570713392,65.26783479349186,48.31664580725908,25.97309136420526
VYD_00731,66.14071294559103,73.11632270168857,101.84709193245781,93.29831144465292,89.22138836772984,59.37429643527206,38.99624765478425
VYD_00732,47.18850267379679,33.31149732620321,64.88302139037434,71.3683155080214,50.788101604278076,35.11564171122995,32.334224598930476
VYD_00733,87.09215017064845,92.13083048919228,90.64277588168372,76.81797497155857,60.70875995449374,40.31626848691695,32.39135381114903
VYD_00734,64.007371007371,45.287469287469285,79.34152334152334,65.78624078624078,47.46928746928746,29.643734643734643,22.719901719901717
VYD_00735,65.5135007105637,45.558976788252,72.25296068214115,57.93083846518237,47.90999526290856,37.432022738038846,28.116058739933678
VYD_00736,86.7917737789203,92.71529562982006,90.8598971722365,74.39460154241647,57.68894601542416,42.207583547557846,32.37467866323908
VYD_00737,86.54565868263472,64.57335329341318,96.90044910179641,79.1624251497006,69.21257485029939,44.35404191616767,24.433383233532933
VYD_00738,83.87536231884059,68.64347826086957,103.94347826086955,96.12028985507244,92.25797101449274,71.44782608695652,50.30289855072464
VYD_00739,89.5286783042394,88.27306733167083,121.86783042394016,110.27431421446384,93.53491271820448,58.96259351620947,40.43765586034912
VYD_00740,74.0624394966118,55.49515972894483,79.28799612778315,72.16989351403679,64.17376573088093,46.259438528557595,30.795256534365926
VYD_00741,66.91499729290742,72.45046020573903,99.37412019491065,84.85598267460747,72.97401191120736,38.69680563075257,26.719545208446128
VYD_00742,73.94550408719347,70.95367847411444,99.23978201634878,80.33787465940054,68.87057220708448,31.200272479564035,19.26566757493188
VYD_00743,45.64933135215454,38.144130757800895,75.2035661218425,78.16641901931649,63.61961367013373,48.004457652303124,36.47102526002972
VYD_00744,69.85691188358933,56.15844785772029,86.0202101859337,88.64025869037994,79.53678253839935,61.398544866612774,39.21988682295876
VYD_00745,78.02446483180428,73.67278287461774,88.65382262996943,81.74434250764527,65.28990825688075,36.2519877675841,21.440978593272174
VYD_00746,47.844194756554316,48.00149812734083,84.4928838951311,94.45842696629215,93.93558052434459,63.244943820224734,42.361797752809004
VYD_00747,74.21527777777779,69.35416666666667,95.08680555555557,83.93402777777779,69.29861111111111,47.680555555555564,36.55555555555556
VYD_00748,69.00581878636743,57.11886949293432,89.42477140482127,69.26184538653366,58.73732335827098,45.9093931837074,28.546134663341647
VYD_00749,43.907506702412874,45.431635388739956,85.5221179624665,81.40415549597856,62.845174262734595,38.68096514745309,31.633378016085793
VYD_00750,86.1782713085234,96.89975990396161,129.98019207683075,115.38415366146461,97.71848739495799,60.15486194477791,39.13805522208884
VYD_00751,79.166323024055,71.7917525773196,104.71134020618558,108.58075601374571,85.06460481099657,56.7745704467354,39.80000000000001
VYD_00752,56.12429087158329,45.74626095925734,84.40381640020632,92.65188241361527,72.30737493553377,44.44816915936049,27.012893243940173
VYD_00753,50.426728110599086,26.383410138248856,62.54930875576038,74.52165898617513,71.85161290322583,53.87649769585256,42.270046082949314
VYD_00754,64.82038834951457,70.3252427184466,100.05339805825245,94.77669902912622,78.66504854368932,54.150485436893206,41.0873786407767
VYD_00755,62.32674297606659,35.62747138397502,62.54890738813736,66.40374609781477,67.3860561914672,50.084287200832456,35.08896982310094
VYD_00756,79.8127978216474,79.356705241661,131.6351259360109,127.19332879509871,102.74744724302244,81.03812117086454,46.95575221238937
VYD_00757,56.648076923076914,61.42740384615385,98.90721153846154,83.18076923076924,81.20480769230771,46.82692307692309,29.894230769230766
VYD_00758,52.75833333333334,61.26458333333334,86.48680555555556,81.09166666666667,66.65763888888888,46.81041666666667,25.565972222222225
VYD_00759,71.58418214499702,62.09167165967646,89.75314559616541,80.22947872977834,64.75793888556022,39.31276213301379,28.667465548232478
VYD_00760,53.25171939477305,30.933975240715267,58.20220082530949,60.151306740027515,46.85281980742778,26.94085281980743,18.526822558459422
VYD_00761,70.92307692307692,69.42776735459663,91.24202626641649,91.43151969981238,74.48030018761727,57.592870544090054,35.752345215759846
VYD_00762,81.87386294724077,74.93268647665252,120.39114614918137,124.06852637962403,93.10430563978169,60.89448150394179,38.48271679805944
VYD_00763,69.09825673534071,67.24722662440571,120.01267828843106,120.30269413629158,92.04912836767036,61.98732171156893,38.79080824088748
VYD_00764,56.33667334669339,58.547762191048754,98.39211756847025,97.6693386773547,72.79625918503673,46.749498997995985,29.636606546426187
VYD_00765,70.19975339087546,70.31504315659679,107.49815043156599,98.33353884093714,81.38594327990135,53.67385943279902,32.93526510480888
VYD_00766,77.03073770491804,71.87363387978142,102.94535519125682,88.61680327868852,68.52595628415301,46.75683060109291,27.92964480874317
VYD_00767,82.4080604534005,77.12594458438288,106.10831234256926,108.95717884130981,92.24685138539041,67.34760705289672,45.979848866498735
VYD_00768,58.07377049180327,40.43989071038252,85.29508196721311,78.2568306010929,63.60928961748634,47.98087431693988,33.87431693989071
VYD_00769,57.773384030418256,68.83954372623575,96.50646387832701,92.23954372623574,89.77946768060838,61.21596958174906,37.917870722433456
VYD_00770,57.118779342723,51.085915492957746,75.75023474178404,62.263849765258215,57.21549295774648,35.936150234741774,31.50422535211267
VYD_00771,85.52466367713005,80.68834080717488,108.9357249626308,99.06801195814647,79.86397608370703,62.9439461883408,41.478325859491775
VYD_00772,73.58480868075385,57.67618503712165,83.71787549971444,81.648201027984,68.98458023986294,37.0839520274129,17.753854940034266
VYD_00773,70.24188841201718,71.4412017167382,100.26746781115885,89.07090128755367,81.53167381974252,50.65098712446353,32.84051502145923
VYD_00774,84.47596606974554,76.81338360037701,105.27803958529691,112.99811498586243,90.38171536286522,60.39208294062205,37.5900094250707
VYD_00775,84.33653846153848,74.03365384615385,122.07451923076924,128.57211538461542,94.11057692307693,67.02403846153847,44.800480769230774
VYD_00776,57.72631578947369,61.26371191135735,92.74293628808867,74.71523545706371,59.481440443213295,45.201108033241,33.27368421052632
VYD_00777,72.09823484267078,63.192632386799694,83.27705295471989,67.32924021488874,61.88488104374521,38.22486569455104,25.56945510360706
VYD_00778,69.07434944237919,63.83457249070632,83.11245353159852,84.14126394052043,72.53159851301113,58.148698884758375,41.50464684014869
VYD_00779,69.02643171806169,74.17621145374451,107.87812041116005,76.66299559471365,62.217327459618225,33.87518355359765,28.83627019089574
VYD_00780,76.3576388888889,71.42361111111111,100.67274305555557,102.60503472222224,76.65711805555557,50.41753472222223,30.69444444444445
VYD_00781,71.41988950276243,58.41910023677979,92.17600631412786,66.7205998421468,48.513812154696126,29.403314917127066,21.284135753749016
VYD_00782,72.0578265204387,86.4097706879362,99.8963110667996,101.30608175473579,78.82352941176471,50.2283150548355,27.423728813559322
VYD_00783,75.5672703751617,73.02457956015522,103.40168175937899,115.78525226390683,98.94631306597668,62.61901681759378,43.970245795601535
VYD_00784,74.0727186311787,49.861216730038024,90.49429657794676,86.00570342205323,76.28231939163497,47.312737642585546,35.90114068441064
VYD_00785,67.30028873917229,60.21077959576516,79.90279114533207,69.1376323387873,64.59576515880656,43.52743022136671,31.100096246390763
VYD_00786,87.92037342119714,87.56397583745195,138.28665568369024,145.12795167490387,130.80010982976384,86.33717737506863,50.05271828665567
VYD_00787,68.08206429780034,58.80033840947546,73.13113367174282,66.63705583756347,64.00338409475467,39.70812182741117,23.10744500846024
VYD_00788,85.83978328173376,75.80727554179566,124.58513931888545,118.64164086687308,99.63854489164088,66.29024767801857,35.82739938080496
VYD_00789,81.84482758620689,76.52298850574712,116.94540229885057,107.88505747126436,90.23850574712644,60.59770114942529,42.14655172413793
VYD_00790,53.62139037433155,54.886631016042784,68.9433155080214,69.54224598930482,59.53582887700534,31.886631016042784,19.53155080213904
VYD_00791,66.18078020932444,79.87630827783062,94.49571836346335,90.9790675547098,76.76022835394862,48.79257849666983,28.715509039010463
VYD_00792,96.22377622377624,74.0204410973642,93.4249596557289,80.86282947821411,71.88972565895642,56.81172673480367,45.02689618074234
VYD_00793,79.73613963039014,81.00205338809033,103.4712525667351,98.63963039014372,81.45687885010265,61.499999999999986,42.28542094455852
VYD_00794,76.98341625207296,78.13653952459923,107.66887783305692,103.5533443891653,86.90547263681592,61.10226644555003,37.52515201768934
VYD_00795,64.18750000000001,53.043749999999996,87.4375,71.10625,50.16250000000001,33.81250000000001,24.406250000000004
VYD_00796,49.29047340736411,38.369959088252486,78.36528345996494,92.39859731151374,81.01402688486266,53.16540035067212,35.53243717124489
VYD_00797,66.69659185369908,68.691604322527,76.96009975062344,78.74729842061514,73.72901080631753,55.81047381546135,34.45719035743973
VYD_00798,73.3968253968254,58.558730158730164,99.87619047619047,90.91746031746031,74.50158730158729,59.469841269841275,36.7047619047619
VYD_00799,83.99879445449068,56.652802893309236,96.25316455696203,85.05786618444849,69.24171187462329,43.80229053646776,23.4864376130199
VYD_00800,74.45530726256983,69.30279329608939,100.42849162011173,113.43463687150836,96.13798882681564,61.54916201117317,43.572067039106145
VYD_00801,71.58411507191995,37.5609756097561,80.77861163227017,82.10569105691057,78.96560350218887,66.1038148843027,49.36835522201376
VYD_00802,82.3289183222958,63.357615894039746,87.82119205298014,79.52759381898456,65.3233995584989,35.08498896247241,27.04635761589404
VYD_00803,69.36808645899555,69.76605212968849,96.37253655435474,89.51811824539098,82.60966306420852,57.13541004450095,38.80101716465354
VYD_00804,78.60683760683762,71.22649572649573,81.54700854700855,78.1025641025641,67.85470085470085,44.256410256410255,34.08974358974359
VYD_00805,63.001498501498496,68.97452547452546,93.57942057942056,91.91708291708291,73.36263736263736,62.95254745254745,39.05294705294706
VYD_00806,63.896551724137936,63.477832512315274,86.10591133004927,90.11330049261085,78.18349753694582,56.20935960591134,36.00492610837439
VYD_00807,77.67978848413632,63.56756756756758,89.35487661574618,94.87074030552294,80.855464159812,51.858401880141024,39.038777908343135
VYD_00808,56.350180505415175,43.20577617328521,79.53429602888089,74.74368231046932,58.01083032490976,41.16245487364622,37.52346570397112
VYD_00809,60.925068119891016,72.8219800181653,102.71752951861941,102.02406902815622,82.05949137148048,51.81471389645777,31.559945504087192
VYD_00810,55.1675041876047,30.366834170854275,67.86934673366835,79.20435510887772,65.8391959798995,42.35845896147404,31.50921273031826
VYD_00811,80.55720338983052,81.23993644067798,101.77436440677968,76.57256355932205,64.69756355932205,40.40095338983051,27.44491525423729
VYD_00812,81.67823343848582,65.93375394321767,105.42586750788645,95.29022082018929,76.04416403785488,46.70347003154575,27.60883280757098
VYD_00813,59.9019908116386,50.254977029096494,85.24425727411943,70.75344563552834,66.95022970903524,43.382848392036756,29.015313935681476
VYD_00814,95.63534789233114,81.08481462671406,106.40680548501777,103.55053326561705,82.9746063991874,51.47435246317928,37.72727272727273
VYD_00815,82.34062655395327,64.51466931874691,84.49328692192941,75.81750372948783,58.595723520636504,37.393336648433625,27.73296867230235
VYD_00816,62.9279128248114,62.256496227996664,96.76194467728416,74.93629505448452,63.478625314333634,46.06538139145013,25.48784576697402
VYD_00817,72.88358932902183,62.66208569118836,95.07437348423606,86.40824575586095,78.27243330638642,60.97736459175424,37.537590945836705
VYD_00818,62.22318998366904,48.228633641807306,80.55525313010345,76.24823081110509,61.15078933043005,33.352204681546,19.871529667936855
VYD_00819,84.47567567567567,90.07567567567567,123.45405405405405,93.54054054054053,61.16216216216217,46.1945945945946,25.232432432432436
VYD_00820,54.765352887259404,49.76718606782769,89.36663611365721,69.89734188817599,60.40879926672778,31.89367552703941,25.54445462878094
VYD_00821,61.756717147044455,62.7010258915486,90.44601856375185,79.57645334636051,68.72154372252076,46.20615534929165,33.85393258426966
VYD_00822,59.049676025917925,49.258099352051836,77.5950323974082,59.8390928725702,58.21922246220303,38.018358531317496,21.63282937365011
VYD_00823,69.80373831775701,82.15264797507788,110.63862928348911,98.78816199376948,81.48909657320874,50.60124610591901,47.44859813084111
VYD_00824,69.65473684210527,59.143157894736845,92.26736842105265,91.48842105263158,93.83157894736841,58.32,36.93473684210526
VYD_00825,85.5666387259011,61.52221290863369,112.12992455993296,119.59346186085503,91.56244761106453,63.484492875104785,37.138306789606034
VYD_00826,61.009095502779196,59.62809499747348,81.9656392117231,78.73016675088431,59.1147043961597,38.09044972208187,34.97726124305206
VYD_00827,68.08414634146341,63.484146341463415,89.95853658536585,73.7,63.017073170731706,37.800000000000004,26.336585365853658
VYD_00828,69.07265774378587,38.035372848948384,78.39866156787764,92.10803059273424,79.02390057361377,51.12715105162524,35.36328871892926
VYD_00829,97.17622950819671,94.57786885245902,147.827868852459,144.59016393442622,124.31557377049178,72.60245901639344,61.5983606557377
VYD_00830,67.86876640419949,55.969816272965886,93.56955380577428,86.28346456692913,60.20209973753281,40.51574803149607,27.85564304461942
VYD_00831,69.18181818181819,58.13847080072244,82.1083684527393,71.85490668272125,61.5544852498495,43.684527393136655,28.624322697170378
VYD_00832,79.09742747673782,73.27422003284074,122.58839627805149,127.94909688013139,118.82047071702247,69.34756431308156,52.01423097974823
VYD_00833,58.56062992125984,33.656692913385825,73.68031496062991,70.78267716535433,58.93070866141732,43.877165354330714,33.593700787401566
VYD_00834,30.749463135289915,36.90408017179671,87.0758768790265,84.72798854688621,77.2455261274159,42.4874731567645,26.725125268432357
VYD_00835,62.973015873015875,66.04603174603176,96.1920634920635,89.5809523809524,69.50793650793652,50.46825396825397,23.825396825396826
VYD_00836,57.23607242339833,22.465181058495823,47.1699164345404,38.29178272980501,36.004874651810574,24.231197771587745,17.991643454038996
VYD_00837,71.96582733812949,74.36870503597123,111.36690647482015,120.96942446043167,92.92266187050362,57.622302158273385,42.21762589928057
VYD_00838,67.1123949579832,47.508403361344534,58.620798319327726,40.84348739495798,28.228991596638657,22.05252100840336,17.30567226890756
VYD_00839,88.55826558265584,74.51942186088527,119.54652213188803,118.50948509485093,101.02258355916895,54.943992773261066,31.147244805781394
VYD_00840,53.58372093023255,72.65348837209301,122.94186046511626,119.14651162790699,94.47441860465113,53.6813953488372,36.448837209302326
VYD_00841,52.64185544768069,58.010787486515646,85.07335490830637,82.57173678532902,81.65587918015103,58.897518878101415,46.72545846817692
VYD_00842,49.48214285714286,50.283928571428575,91.08035714285715,81.32857142857145,71.45178571428572,51.86607142857144,46.94107142857143
VYD_00843,51.73725671918443,29.092215013901757,63.99814643188137,68.16126042632065,65.42075996292864,41.64550509731232,33.68164967562557
VYD_00844,79.87191358024691,78.38271604938272,128.1882716049383,131.11882716049382,91.50771604938274,64.1141975308642,42.183641975308646
VYD_00845,66.2414383561644,56.391267123287676,90.5916095890411,81.76027397260273,71.55650684931507,39.9443493150685,26.074486301369863
VYD_00846,59.28830083565459,47.983286908078,79.01949860724234,70.88857938718664,65.53064066852367,40.65320334261838,33.16016713091922
VYD_00847,55.999999999999986,54.99999999999999,86.99355877616746,79.48953301127213,76.43961352657003,41.76409017713364,26.70289855072463
VYD_00848,77.72862957937585,77.34938941655359,129.53527815468112,130.88805970149255,99.71099050203529,67.28900949796471,36.06445047489823
VYD_00849,77.11213235294117,67.68014705882354,99.74264705882354,95.20404411764707,81.84558823529413,48.25367647058823,31.73345588235294
VYD_00850,58.73291925465839,70.72795031055902,101.29316770186337,99.64844720496896,83.53291925465838,52.954037267080764,35.34782608695652
VYD_00851,72.10310804144056,65.258016773557,93.26591021213616,65.40305870744946,59.59398125308339,41.4139121854958,22.95658608781451
VYD_00852,63.47307221542228,43.94859241126071,83.15116279069765,64.88004895960832,45.85924112607099,27.712974296205637,23.121175030599755
VYD_00853,70.2614770459082,67.07185628742515,108.36127744510978,116.41716566866268,103.14371257485028,71.37924151696606,48.52694610778443
VYD_00854,80.43218954248364,67.6503267973856,93.33333333333333,95.9517973856209,68.22467320261435,49.030228758169926,29.334967320261434
VYD_00855,81.85553047404063,73.17945823927765,74.5801354401806,62.96726862302483,54.99661399548532,36.04288939051919,30.837471783295705
VYD_00856,84.97095435684648,93.8526970954357,127.18257261410791,123.10995850622406,98.64730290456433,57.176348547717836,39.34439834024896
VYD_00857,73.2652719665272,83.58828451882846,105.73891213389122,104.10627615062761,82.15146443514645,54.990794979079496,39.84100418410043
VYD_00858,68.57471264367817,60.87356321839081,90.8103448275862,75.9655172413793,68.20114942528735,46.7183908045977,31.500000000000004
VYD_00859,80.8110072689512,75.27622014537901,106.40290758047767,105.92938733125649,85.65524402907582,65.38213914849429,38.035306334371754
VYD_00860,77.24373576309794,71.19589977220956,92.29384965831436,91.64692482915716,77.70842824601365,52.78359908883826,32.76765375854214
VYD_00861,83.70037926675094,72.35018963337548,94.98672566371683,94.71238938053098,80.77560050568901,53.69152970922882,36.61378002528445
VYD_00862,59.088275862068954,40.70620689655173,88.24827586206898,85.80275862068964,68.67862068965516,50.47034482758622,37.757241379310344
VYD_00863,85.46045197740112,82.72175141242938,123.44067796610166,105.53672316384178,92.71751412429376,63.66949152542372,47.13135593220339
VYD_00864,72.43654822335026,63.24873096446701,97.53299492385787,87.57868020304568,72.81725888324873,41.015228426395936,28.680203045685282
VYD_00865,92.902901124926,82.44641799881587,122.37596210775607,123.14801657785672,104.6654825340438,66.03256364712848,48.40438129070456
VYD_00866,83.75030303030303,69.09818181818184,103.33515151515151,91.92303030303032,75.08727272727272,54.518787878787876,31.951515151515153
VYD_00867,70.94254032258064,59.22883064516128,74.77520161290322,71.52419354838707,59.354838709677416,43.93951612903225,33.32963709677419
VYD_00868,49.46759259259259,29.5841049382716,79.2631172839506,81.21296296296296,77.99382716049381,62.12962962962962,39.348765432098766
VYD_00869,85.30782169890665,84.73254835996634,99.43313708999158,96.84356602186712,80.9655172413793,57.836837678721615,34.015979814970564
VYD_00870,66.636,80.97999999999999,129.228,131.14399999999998,111.27199999999999,85.01599999999999,46.172
VYD_00871,68.80347448425626,59.78338762214983,86.17372421281215,103.70846905537461,80.35179153094464,44.103148751357224,26.80944625407166
VYD_00872,64.48430873621714,49.24427480916031,96.9491094147583,88.019508057676,68.57506361323156,41.63358778625955,22.863443596268027
VYD_00873,44.8,42.650909090909096,83.87757575757576,84.01212121212122,74.02787878787879,55.033939393939384,39.22181818181818
VYD_00874,69.18617614269787,49.25585284280936,95.24136008918616,93.81270903010032,75.21850613154962,48.71627647714604,30.10702341137123
VYD_00875,53.80555555555556,46.682870370370374,88.38194444444446,79.19097222222223,67.32175925925925,40.480324074074076,27.15509259259259
VYD_00876,68.54741980474198,56.48675034867504,88.1073919107392,69.60669456066947,61.35076708507671,41.16387726638773,26.426778242677823
VYD_00877,83.97358121330724,84.40215264187869,110.87964774951077,104.1839530332681,88.51565557729943,57.80528375733856,42.923679060665364
VYD_00878,80.75639599555062,76.52280311457174,113.12068965517243,127.49276974416017,107.12013348164625,75.79532814238041,49.80923248053393
VYD_00879,83.76381909547739,81.75879396984925,114.09715242881069,103.3718592964824,87.47068676716918,55.36850921273032,34.403685092127304
VYD_00880,76.38989898989898,55.12222222222223,81.76565656565657,54.35252525252526,46.94747474747475,31.719191919191925,21.931313131313132
VYD_00881,84.436873747495,66.60320641282567,95.33066132264531,80.64128256513028,62.65330661322647,38.821643286573156,24.949899799599205
VYD_00882,72.64736842105265,67.51578947368422,96.45,86.83157894736844,66.54473684210527,48.65526315789474,39.9921052631579
VYD_00883,67.12108843537415,57.8809523809524,77.80272108843539,67.23061224489796,69.41496598639458,43.94557823129252,29.199319727891165
VYD_00884,54.95820081781008,31.363016810540664,68.72330758746024,82.36210813266698,77.99863698318944,56.928214447978185,43.908677873693776
VYD_00885,64.26218646474207,72.79223852342638,107.23805016564127,106.0534784666351,85.8542356838618,44.62139138665404,27.286796024609558
VYD_00886,51.72718253968254,30.54761904761905,70.86210317460318,64.4375,46.83730158730158,30.085317460317455,20.984126984126984
VYD_00887,64.86144578313254,66.36316695352839,107.37263339070567,106.65490533562823,82.02151462994837,56.70309810671257,39.48106712564544
VYD_00888,66.48243992606284,63.12014787430684,85.46950092421442,82.81146025878003,69.71534195933457,41.11460258780036,33.00369685767098
VYD_00889,59.600896860986545,53.737668161434975,76.82286995515696,68.91255605381166,53.8677130044843,37.82959641255606,18.943946188340806
VYD_00890,69.32381889763779,58.05118110236221,93.79035433070867,89.96850393700788,78.44192913385827,56.32381889763779,38.52657480314961
VYD_00891,70.95178997613365,48.09403341288783,70.42673031026253,73.81766109785202,73.32124105011933,53.40334128878283,40.61718377088305
VYD_00892,68.14262295081967,67.47377049180326,103.72459016393442,89.75573770491803,86.82622950819672,53.41803278688525,30.239344262295084
VYD_00893,66.73778664007976,73.80358923230311,97.64606181455636,72.135593220339,44.876370887337984,30.53738783649053,22.079760717846465
VYD_00894,64.7272727272727,57.97542997542997,88.17936117936117,90.10728910728909,73.48239148239146,50.330057330057315,30.730548730548723
VYD_00895,71.15565031982942,71.96695095948826,92.4408315565032,71.49786780383793,66.78411513859275,43.88166311300639,32.50746268656716
VYD_00896,77.43430456294666,58.91863661352391,95.43100604727871,94.39417262231994,76.7311709730621,48.5475536008796,32.24354040681693
VYD_00897,74.50306748466258,67.1803680981595,87.04539877300613,92.04294478527608,78.7006134969325,65.86257668711656,49.47730061349693
VYD_00898,70.65849056603774,70.56650943396224,90.78066037735849,79.4193396226415,61.088207547169816,37.903773584905665,22.11320754716981
VYD_00899,86.14947368421056,85.39157894736844,127.8084210526316,123.1242105263158,97.65263157894739,55.19578947368423,33.22947368421053
VYD_00900,82.81914893617021,69.65514184397163,108.87943262411346,101.01684397163122,84.9078014184397,59.5895390070922,33.81205673758865
VYD_00901,67.84181184668988,60.00557491289197,82.46271777003484,82.49477351916377,64.44599303135887,46.53588850174216,31.178397212543555
VYD_00902,67.8202594193947,59.28536133415689,94.0889437924645,85.60592958616432,67.98208770846202,42.247683755404566,29.86349598517604
VYD_00903,74.95617772367619,47.167985392574565,79.2160681679854,60.646378575776005,49.933657942787576,35.8934875228241,34.69263542300669
VYD_00904,87.18501387604071,72.49953746530988,104.24606845513412,103.43108233117485,92.16188714153559,51.65957446808512,35.12580943570769
VYD_00905,62.09667673716012,75.57522658610273,103.69728096676741,84.41268882175227,73.22175226586103,41.775226586102725,33.16918429003021
VYD_00906,58.59074074074074,39.87314814814815,60.15185185185186,62.65833333333333,54.40092592592591,38.19166666666667,21.235185185185188
VYD_00907,58.47906403940886,66.38546798029556,84.3115763546798,72.89532019704433,55.88793103448276,41.03078817733989,26.161330049261085
VYD_00908,76.31935483870969,69.32903225806453,98.17161290322578,84.52645161290324,70.29483870967744,44.03032258064516,29.770322580645164
VYD_00909,64.86489419424849,57.36896364622896,96.90016277807919,93.4275637547477,71.44981009224088,48.60227889310905,33.22409115572436
VYD_00910,73.41206030150754,51.08040201005025,86.66834170854274,100.13065326633166,84.13065326633168,54.50753768844221,36.71859296482412
VYD_00911,62.81056044465029,59.05233904585456,90.84715145900878,95.9569245020843,80.21723019916625,50.31496062992125,34.130616025937925
VYD_00912,82.65350877192982,77.46637426900584,96.2729044834308,94.67933723196882,77.53801169590642,59.530701754385966,37.0916179337232
VYD_00913,73.16758241758241,55.793956043956044,89.3021978021978,98.85027472527473,80.59340659340658,49.24038461538461,34.72802197802198
VYD_00914,69.29598051157124,79.3495736906212,88.70645554202193,91.84287454323994,77.4056029232643,53.39829476248477,39.52496954933008
VYD_00915,85.14448669201522,68.20278833967046,103.6958174904943,81.87198986058301,68.69835234474019,54.63117870722434,23.186311787072242
VYD_00916,63.03811252268602,53.635208711433755,82.52450090744102,89.26315789473685,73.9437386569873,46.435571687840294,32.07259528130672
VYD_00917,55.51559934318556,45.6704980842912,70.54351395730706,60.86261631089218,47.990695128626164,24.015873015873016,16.613026819923373
VYD_00918,74.26676752395359,38.145234493192135,82.13363590519411,80.11245587493696,75.15027735753907,60.674230963187085,46.339384770549664
VYD_00919,49.40631163708086,43.088757396449694,66.98027613412228,63.77120315581853,56.646942800788956,39.42998027613412,30.00591715976331
VYD_00920,86.9164979757085,93.36285425101215,92.56325910931176,74.08046558704454,57.763157894736835,40.67054655870445,32.11487854251013
VYD_00921,60.45227123107308,53.49440421329822,100.77221856484529,89.94009216589862,75.18301514154048,47.23304805793284,36.79723502304148
VYD_00922,94.34892086330935,95.79496402877697,141.05395683453233,139.2374100719424,128.37769784172662,90.81294964028775,65.26258992805755
VYD_00923,86.2027027027027,87.58858858858858,117.11111111111111,113.85585585585586,91.99699699699698,60.851351351351354,43.88288288288288
VYD_00924,84.47434119278779,72.56171983356448,108.8876560332871,109.6532593619972,91.85714285714285,60.468793342579744,40.069348127600556
VYD_00925,75.19158878504673,60.85046728971963,99.12149532710282,79.51401869158879,58.39252336448599,39.88785046728972,17.957943925233646
VYD_00926,65.75200000000001,75.104,100.39345454545459,90.05527272727275,78.54981818181818,55.00800000000001,38.477818181818186
VYD_00927,66.88118811881188,49.35643564356436,67.45214521452145,63.04125412541254,58.801980198019805,38.87953795379538,27.539603960396043
VYD_00928,60.55823293172691,47.99330655957162,83.50334672021418,89.55287817938421,76.93975903614457,51.095046854082995,33.39892904953146
VYD_00929,58.409326424870464,53.96373056994819,79.35751295336787,65.86528497409327,53.253886010362706,28.585492227979277,16.21761658031088
VYD_00930,58.750582750582744,58.43356643356642,87.11771561771559,93.018648018648,82.64568764568764,57.747086247086244,40.250582750582744
VYD_00931,93.53040540540539,87.4695945945946,126.16103603603604,143.15765765765764,114.97297297297297,74.4313063063063,43.84572072072072
VYD_00932,84.62357723577237,68.58780487804879,101.53414634146343,93.11138211382114,85.10650406504064,66.74065040650406,45.0089430894309
VYD_00933,98.39733998337492,93.46882793017456,125.61429758935994,122.50706566916041,100.07813798836243,81.61512884455529,55.03075644222776
VYD_00934,65.42878486055777,68.63197211155378,92.43924302788842,84.378984063745,68.96713147410357,53.79432270916334,35.995019920318725
VYD_00935,81.45894636924537,69.84242999525392,107.07925961082108,103.81775035595633,92.33744660654962,64.64119601328903,44.42762221167537
VYD_00936,68.2638376383764,75.05166051660518,105.38191881918821,104.64206642066422,89.53321033210332,53.68265682656826,36.761992619926204
VYD_00937,70.81583198707592,79.80452342487882,118.47415185783524,117.19063004846528,99.61066235864298,63.28271405492731,44.20355411954766
VYD_00938,61.29906999510524,51.17033773861967,84.25795398923152,85.28976994615762,72.38668624571707,47.25354870288792,29.84238864415076
VYD_00939,65.46387283236992,60.3208092485549,93.50289017341039,99.03468208092484,80.75722543352599,52.1965317919075,33.90462427745664
VYD_00940,77.21686746987952,74.04578313253013,108.29518072289157,90.39759036144581,69.8397590361446,49.80722891566264,34.983132530120486
VYD_00941,71.57061224489797,52.72571428571429,101.50122448979593,109.29795918367348,98.52816326530613,53.25714285714286,39.078367346938784
VYD_00942,74.99801849405549,71.4121532364597,98.05680317040952,95.12747688243064,70.056142668428,44.75363276089828,30.77212681638045
VYD_00943,56.623903508771924,55.179824561403514,86.02631578947367,85.4956140350877,71.96491228070174,44.378289473684205,32.1578947368421
VYD_00944,74.36965294592416,52.27925746569814,88.4503631961259,81.8813559322034,66.9184826472962,47.63922518159806,33.87328490718322
VYD_00945,88.79088145896655,76.31003039513676,105.73130699088145,111.45775075987844,92.68206686930088,49.077203647416404,31.406686930091187
VYD_00946,83.51483420593368,56.8650378126818,86.58406050029086,93.7760325770797,82.04537521815007,48.6759744037231,37.52763234438628
VYD_00947,72.2218045112782,62.99248120300752,92.35338345864662,84.96992481203007,72.98120300751879,51.08270676691729,34.616541353383454
VYD_00948,68.65289256198348,72.900826446281,95.80165289256198,84.22727272727273,65.9504132231405,50.75206611570248,28.900826446280995
VYD_00949,76.4733727810651,70.37475345167653,98.61538461538463,74.06311637080869,65.76528599605523,38.76528599605523,22.512820512820515
VYD_00950,90.20751879699246,93.97142857142856,141.05864661654132,139.8345864661654,126.23458646616538,84.40751879699248,60.52481203007517
VYD_00951,75.78128950695323,83.44121365360303,131.5638432364096,125.67888748419722,117.51201011378004,81.6953223767383,67.85208596713021
VYD_00952,73.59638905066979,59.6260920209668,91.13220733838091,95.59289458357598,81.84799068142108,60.87128712871287,37.62958648806057
VYD_00953,80,84.14285714285715,102,100.57142857142856,71,56.85714285714285,40.57142857142858
VYD_00954,63.09139784946236,54.499231950844845,74.62672811059906,69.79339477726575,55.496927803379414,47.48463901689707,25.481566820276495
VYD_00955,62.14588961790814,52.4569664222308,82.61173292165188,86.66460825935933,70.12350443844076,51.91895021227325,38.286375916634505
VYD_00956,64.12008501594049,70.36875664187035,104.60255047821467,62.182784272051,59.46227417640807,42.30074388947927,22.993623804463333
VYD_00957,52.174184594031914,57.040249826509374,82.21027064538514,88.65718251214433,77.48924358084663,47.7293546148508,33.79458709229702
VYD_00958,67.13175675675677,59.32094594594595,107.3997747747748,93.82882882882882,74.63626126126128,46.73085585585586,22.775900900900904
VYD_00959,67.06486486486484,53.76054054054054,76.46702702702702,60.97459459459457,57.53945945945945,38.43945945945945,26.689729729729727
VYD_00960,73.70411985018728,60.89138576779027,94.05992509363298,81.88764044943821,80.44569288389515,55.18352059925095,34.539325842696634
VYD_00961,61.63817514420556,46.87624541164132,83.15993707393812,93.96276874672259,68.98689040377558,45.32197168327216,31.56790770844258
VYD_00962,79.57848324514994,87.38036449147563,130.59141681363906,124.75955320399764,105.01469723691949,67.25514403292182,49.836566725455604
VYD_00963,74.53121098626714,66.25218476903869,102.6042446941323,105.40761548064914,86.82022471910109,60.36142322097377,41.98189762796503
VYD_00964,64.75137513751375,53.86798679867987,92.51925192519249,65.50165016501651,53.96369636963697,34.896589658965894,23.24972497249725
VYD_00965,67.67378497790868,60.11192930780559,92.43593519882178,83.50294550810015,70.62739322533135,48.31664212076583,32.54565537555227
VYD_00966,70.75668202764979,74.2078341013825,109.76175115207374,97.5004608294931,84.47603686635945,57.729493087557614,39.17188940092167
VYD_00967,74.06852248394003,83.54603854389721,122.423982869379,118.94860813704494,105.2119914346895,66.96145610278371,46.38543897216274
VYD_00968,48.94939493949394,44.99999999999999,64.5885588558856,40.84598459845984,37.82838283828382,24.32563256325632,3.2178217821782176
VYD_00969,86.88309859154927,77.25492957746478,98.34929577464787,94.50563380281689,84.31690140845069,56.58732394366198,43.1169014084507
VYD_00970,78.99092970521542,81.6984126984127,109.0748299319728,117.65532879818593,94.03628117913831,59.88662131519273,47.29478458049888
VYD_00971,57.00931098696463,47.56238361266294,85.76350093109872,85.85102420856613,73.60893854748605,59.271880819366864,31.69459962756052
VYD_00972,81.12939615129396,89.35832780358326,125.457199734572,114.5872594558726,93.40743198407431,66.1970802919708,43.8606502986065
VYD_00973,80.2104367555304,71.22518434486672,122.71242200794104,129.6676120249575,94.13045944412936,58.17697107203632,33.08451503119683
VYD_00974,70.06471631205673,71.11081560283688,121.55407801418437,103.57446808510637,87.34485815602837,63.96631205673759,30.160460992907797
VYD_00975,75.15138490926459,77.76695319961796,97.04775549188159,106.46609360076411,89.0448901623687,56.268385864374416,40.53677172874882
VYD_00976,65.24330708661418,65.15590551181103,100.92913385826773,87.86535433070866,75.63385826771655,55.095275590551175,29.829921259842514
VYD_00977,67.87156862745098,55.745098039215684,95.21666666666665,84.74313725490197,72.50686274509803,47.15882352941176,35.182352941176475
VYD_00978,63.02017654476671,62.248423707440104,90.69609079445145,92.49684741488022,75.11349306431275,53.354350567465325,38.185372005044144
VYD_00979,77.85526315789475,74.19783834586464,106.20394736842104,98.92387218045113,78.0079887218045,52.83505639097745,32.689379699248114
VYD_00980,54.24845995893223,53.09445585215605,65.38603696098562,55.57084188911704,41.09445585215606,24.562628336755647,8.06570841889117
VYD_00981,81.86103723404254,76.40093085106382,102.44680851063829,88.63364361702126,71.77726063829788,50.90890957446808,35.01063829787233
VYD_00982,75.48524590163935,78.97540983606558,114.40983606557377,118.3672131147541,106.93606557377049,77.02295081967215,60.34098360655739
VYD_00983,59.16746411483255,67.42583732057416,100.04066985645932,92.58612440191386,78.63397129186602,42.7846889952153,24.67224880382775
VYD_00984,63.61714285714285,52.8,73.02857142857142,67.71428571428571,61.89714285714287,39.46857142857143,28.085714285714285
VYD_00985,55.459259259259255,49.22962962962962,84.78814814814814,93.35259259259259,87.4459259259259,49.72148148148147,33.55555555555555
VYD_00986,64.2596020360944,66.76770013882462,97.38870893105043,70.46645071726053,52.78574733919481,36.62748727441,18.721425266080523
VYD_00987,54.27882406982085,26.784565916398712,67.38217730822232,79.68948093706936,78.11254019292606,58.29811667432246,45.12080845199816
VYD_00988,67.13651877133105,60.85665529010238,90.82593856655289,83.43003412969283,71.54266211604094,42.38566552901023,30.389078498293514
VYD_00989,83.68913857677906,76.3670411985019,81.57116104868915,82.8426966292135,69.1685393258427,41.44194756554308,34.71348314606742
VYD_00990,55.62205814490078,43.226119058606365,88.80156898938625,77.185048454084,64.33364097831104,46.303645592985696,26.67235809875404
VYD_00991,73.19131097560975,53.70960365853658,91.858993902439,76.27591463414633,72.64710365853657,40.35213414634145,31.746189024390244
VYD_00992,79.91503267973859,65.92156862745101,98.70326797385624,97.07973856209153,80.64575163398696,53.88627450980394,43.84705882352942
VYD_00993,73.38780872306883,76.6878612716763,97.022070415134,81.01523909616395,80.52601156069363,64.54598003152917,43.35049921177089
VYD_00994,71.91326530612244,75.17653061224487,107.68979591836734,86.20714285714284,43.48775510204081,27.49081632653061,18.0204081632653
VYD_00995,81.74870912220308,75.8829604130809,130.2289156626506,110.79518072289156,87.96729776247847,73.0722891566265,50.185886402753866
VYD_00996,79.40205627705629,60.11958874458877,103.72023809523813,91.19751082251085,64.4318181818182,47.706168831168846,29.789502164502178
VYD_00997,77.08210180623972,74.67597153804049,105.41434044882318,104.87192118226598,84.5429666119321,53.08429118773946,34.192665571975915
VYD_00998,61.87016574585636,40.51657458563536,86.73756906077348,77.78729281767957,63.51933701657459,46.85911602209945,40.98066298342542
VYD_00999,89.99935275080907,78.86601941747573,89.15145631067959,76.32750809061487,65.02783171521035,44.89514563106796,37.73203883495145
VYD_01000,71.716,68.268,92.644,90.68400000000001,74.052,45.128,28.092
VYD_01001,90.36325966850825,89.22237569060772,137.85566298342536,133.917817679558,108.90883977900552,82.12292817679557,51.469613259668485
VYD_01002,64.3574351978172,38.462482946794,85.41473396998636,94.63096862210095,79.6111869031378,48.341746248294676,36.14461118690315
VYD_01003,65.84352078239608,46.879380603097,59.13773431132846,64.4873675631622,50.64629176854116,34.71230643846781,26.237163814180935
VYD_01004,72.00755124056094,62.11111111111111,92.67961165048543,88.78856526429342,89.90507011866237,53.70873786407767,33.76591154261057
VYD_01005,86.99300209937019,57.76277116864941,107.52554233729883,90.90482855143458,74.7081875437369,47.74387683694892,27.147655703289008
VYD_01006,63.76964285714286,64.01071428571427,105.7392857142857,95.1125,78.75535714285714,51.841071428571425,39.59285714285714
VYD_01007,89.08531994981178,77.23902132998745,122.53638644918443,120.40903387703891,95.1010037641154,68.88582183186952,40.35319949811794
VYD_01008,70.96597731821213,31.690460306871245,70.24349566377585,51.91927951967978,59.388925950633755,45.104736490994,33.883255503669105
VYD_01009,52.13555555555558,22.91777777777778,58.56333333333334,67.30666666666669,63.0988888888889,40.957777777777785,30.23555555555556
VYD_01010,73.49960411718132,62.86064924782265,78.2874109263658,64.3840063341251,51.21773555027712,32.32699920823436,20.935866983372925
VYD_01011,60.81640624999999,42.868750000000006,74.32734375000001,88.38203125000001,66.35156249999999,41.83046875,33.415625000000006
VYD_01012,52.12803347280335,25.150627615062763,71.35481171548119,67.63598326359833,57.83849372384938,39.319665271966535,25.344769874476988
VYD_01013,60.67521367521366,48.71794871794871,85.002442002442,76.4053724053724,54.91941391941392,38.78876678876678,23.429792429792432
VYD_01014,64.98467432950193,62.164750957854416,75.72413793103449,73.48275862068967,71.816091954023,49.26053639846743,32.287356321839084
VYD_01015,66.257064721969,44.25524156791247,72.48678213309023,57.09480401093891,52.0619872379216,34.586144029170455,24.381950774840465
VYD_01016,100.87714987714989,90.65724815724818,148.191031941032,148.17137592137598,123.90847665847667,84.84152334152337,48.71375921375922
VYD_01017,82.56319018404908,86.12269938650307,119.64907975460123,115.12638036809815,97.44907975460123,74.03803680981595,52.35092024539877
VYD_01018,88.25450180072029,81.02821128451383,102.11044417767106,89.65966386554622,72.81872749099641,46.94537815126049,34.644657863145255
VYD_01019,71.62757731958762,66.56572164948453,98.35438144329895,65.36211340206185,54.654639175257735,28.90979381443299,19.32345360824742
VYD_01020,67.09451219512195,61.54268292682927,89.21646341463412,85.24390243902438,71.9939024390244,43.9420731707317,21.60365853658536
VYD_01021,96.81357552581262,88.8776290630975,136.8986615678776,143.8307839388145,132.32026768642444,82.8757170172084,58.20076481835563
VYD_01022,86.40387481371086,85.72876304023845,113.44113263785395,107.17138599105812,88.22652757078988,70.06110283159462,40.47093889716841
VYD_01023,70.65100671140941,69.73825503355705,75.04026845637584,52.91275167785235,53.36241610738256,30.966442953020138,23.28187919463087
VYD_01024,84.47290640394088,60.17733990147783,96.86083743842364,83.83128078817735,70.13177339901478,43.85098522167487,23.412561576354676
VYD_01025,74.28571428571428,68.1159830268741,103.25601131541725,85.23762376237623,72.93352192362092,54.158415841584144,31.92927864214992
VYD_01026,71.36025641025641,68.85384615384615,102.22692307692309,82.96410256410256,62.71410256410256,35.95512820512821,28.514102564102572
VYD_01027,75.10142749812174,55.455296769346376,83.40871525169045,92.58001502629605,79.7610818933133,50.501126972201355,33.6679188580015
VYD_01028,76.46808510638297,77.31702127659574,110.63191489361701,111.94255319148935,85.12978723404255,60.65106382978723,37.753191489361704
VYD_01029,69.04968027545499,69.93507132316772,102.6704377766847,91.51992129857351,72.55484505656663,52.01032956222331,41.2065912444663
VYD_01030,62.66666666666666,65,95.66666666666664,83.1111111111111,74.33333333333331,52.99999999999999,43.44444444444444
VYD_01031,76.30912863070539,69.49999999999999,108.95435684647303,117.19502074688798,93.23858921161826,66.67634854771785,50.267634854771785
VYD_01032,71.18036072144287,64.97995991983967,93.86573146292584,75.75350701402805,61.94589178356712,43.611222444889776,26.52705410821643
VYD_01033,82.9876923076923,82.25538461538463,102.5630769230769,88.23384615384616,73.09846153846155,44.673846153846156,30.812307692307698
VYD_01034,108.50724637681162,112.38768115942032,143.22463768115946,132.11594202898556,109.31159420289859,84.518115942029,60.61231884057973
VYD_01035,90.5440340909091,92.74005681818181,138.19744318181816,128.09090909090912,115.57102272727275,78.22585227272727,52.58522727272728
VYD_01036,58.60773166571916,72.45196134167142,97.82262649232518,88.91472427515635,82.55770324047755,56.77202956225128,33.765207504263785
VYD_01037,47.72785829307569,45.94847020933978,68.66344605475042,60.48792270531402,51.66344605475041,39.808373590982285,21.917874396135268
VYD_01038,83.71195652173914,64.13043478260869,94.89673913043478,88.80978260869564,64.2608695652174,49.72826086956522,25.95923913043478
VYD_01039,64.32575757575758,58.4559228650138,90.1494490358127,69.02548209366392,58.96280991735537,38.773415977961434,26.997933884297524
VYD_01040,79.85365853658539,64.32682926829268,96.17560975609759,93.99512195121952,81.55121951219513,52.35609756097562,42.2
VYD_01041,66.14446952595937,81.57336343115124,115.51241534988714,109.84875846501127,104.24153498871333,60.620767494356656,38.293453724604966
VYD_01042,56.259808143506255,51.56986724481005,95.36779424430516,81.29452644709093,78.38635621157673,47.19690534881647,35.776009028540884
VYD_01043,72.20625415834996,65.87757817697938,100.98137059214903,79.69660678642714,63.940785096473725,38.13972055888224,25.986693280106454
VYD_01044,78.1025641025641,64.88461538461539,96.98717948717949,101.73443223443225,86.98168498168498,59.33333333333333,40.38461538461538
VYD_01045,50.16603773584905,26.769811320754716,61.59905660377358,68.58867924528302,62.06792452830188,48.67358490566038,38.35188679245283
VYD_01046,70.51464435146443,62.08995815899582,84.67573221757321,86.07949790794979,69.41213389121337,53.06066945606694,31.905857740585773
VYD_01047,90.88566073102157,76.76569821930649,139.46860356138708,138.45548266166827,112.94939081537024,56.81724461105905,40.57357075913778
VYD_01048,62.12609117361785,64.7250242483026,105.99709020368573,103.56013579049468,85.64936954413191,50.53928225024248,31.613967022308437
VYD_01049,52.51624548736462,48.00902527075812,66.64259927797835,54.348375451263536,50.16967509025271,30.812274368231048,17.873646209386283
VYD_01050,69.98337028824832,39.80598669623059,54.16463414634145,46.02050997782705,42.71840354767184,25.815964523281593,21.378048780487806
VYD_01051,75.3577452285841,84.42876165113181,111.58632933865954,92.87350199733686,78.91122947181535,58.02663115845538,41.97691966267199
VYD_01052,82.23329907502568,78.31963001027748,116.9218910585817,111.120246659815,95.99897225077079,68.79445015416238,50.447070914696816
VYD_01053,52.597411933860535,42.22429906542057,78.03163191948238,90.87706685837527,76.29475197699497,52.06613946800864,36.184040258806625
VYD_01054,77.69749009247029,77.84412153236461,123.51651254953767,123.71994715984152,97.57595772787319,62.4663143989432,45.2549537648613
VYD_01055,61.29263565891473,52,89.58527131782945,71.41472868217055,59.41472868217054,38.58527131782946,25.585271317829456
VYD_01056,76.97608024691358,76.50925925925925,121.03163580246913,106.48996913580247,90.4645061728395,58.41666666666666,35.063271604938265
VYD_01057,84.92366946778712,88.19817927170868,121.14355742296917,102.29061624649859,92.52801120448177,57.051120448179276,51.46638655462185
VYD_01058,79.91428571428571,82.62142857142858,120.47857142857144,113.0173469387755,89.6112244897959,61.115306122448985,42.608163265306125
VYD_01059,59.207207207207205,54.61746361746361,90.33887733887735,86.27858627858627,71.0970200970201,48.81011781011781,30.491337491337486
VYD_01060,70.39152371342078,67.30423814328958,106.8481331987891,93.2406659939455,81.73763874873863,55.96922300706356,35.241170534813314
VYD_01061,90.46315789473684,66.8140350877193,108.0842105263158,103.90526315789474,85.12631578947368,53.69122807017544,33.15789473684211
VYD_01062,78.19310344827586,57.92873563218391,87.21609195402297,83.22528735632183,68.73103448275863,57.211494252873564,42.52413793103449
VYD_01063,54.1929543634908,57.197758206565254,83.68374699759809,84.69975980784629,65.08646917534028,37.34827862289832,28.5004003202562
VYD_01064,79.45738636363636,82.79024621212123,95.39630681818184,109.39346590909092,89.19176136363636,69.68513257575759,51.09090909090909
VYD_01065,62.80945659844743,74.19124911785464,114.94354269583626,109.22088920254059,99.02822865208186,64.62385321100918,45.842625264643615
VYD_01066,51.129756992205415,61.79504814305367,89.96377808344799,86.40531866116463,72.07748739110502,45.714809720311784,27.263182026593313
VYD_01067,78.08193979933111,53.57190635451504,94.98940914158308,89.38740245261985,64.79877369007804,39.6778149386845,24.23411371237459
VYD_01068,89.90512540894223,84.22137404580153,116.81461286804799,107.90076335877863,79.69138495092695,56.48745910577971,43.13849509269357
VYD_01069,56.69506726457401,66.91143497757848,102.58744394618836,101.4181614349776,83.00224215246638,50.63340807174889,24.47982062780269
VYD_01070,71.24626865671642,58.29353233830845,105.44029850746269,105.67910447761196,73.10696517412936,45.082089552238806,30.728855721393032
VYD_01071,81.95873452544703,76.30307198532783,105.44658413571756,100.1811095827602,77.24300779458964,48.060064190738196,31.05823016964695
VYD_01072,66.07726075504829,61.57857769973661,99.15452151009657,80.66110623353818,75.26075504828798,56.45127304653204,41.11325724319579
VYD_01073,74.52102376599636,51.43510054844607,67.18098720292504,58.43967093235831,48.25228519195613,38.807129798903105,23.799360146252287
VYD_01074,59.468827930174555,31.124688279301743,93.32917705735659,68.23441396508726,71.62344139650872,54.02244389027431,28.82294264339152
VYD_01075,76.10697399527186,69.85224586288416,105.25709219858155,73.74940898345153,62.81855791962174,34.46631205673758,24.410756501182032
VYD_01076,49.27854938271605,29.53703703703704,82.00694444444446,82.49768518518519,76.28626543209876,55.49691358024692,34.51697530864198
VYD_01077,74.12580231065466,77.76379974326059,98.4736842105263,98.04749679075736,68.83568677792042,44.58151476251604,33.04492939666238
VYD_01078,73.92111650485438,66.2997572815534,101.5995145631068,74.03519417475728,65.62135922330096,32.858616504854375,23.166262135922324
VYD_01079,74.84357541899442,57.67039106145252,76.33016759776538,56.26480446927375,50.56648044692738,38.28659217877095,27.4782122905028
VYD_01080,68.81048758049678,75.63477460901564,99.98252069917203,84.29806807727691,77.82520699172034,52.73873045078197,40.913523459061636
VYD_01081,83.27212020033389,78.71452420701169,104.35058430717865,104.35392320534227,92.54090150250418,67.20033388981636,47.45575959933223
VYD_01082,66.7625,67.42083333333333,92.88958333333333,93.26458333333332,71.50833333333334,48.7375,36.40208333333334
VYD_01083,80.56875403486121,80.13492575855392,93.65138799225306,81.4312459651388,72.81859264041317,42.24015493867011,30.789541639767588
VYD_01084,82.50350350350351,71.03903903903904,109.03203203203202,111.18618618618618,98.1956956956957,57.43193193193192,40.002002002002
VYD_01085,71.4170804369414,58.27507447864945,90.67030784508441,64.13406156901686,52.508440913604765,29.956305858987086,21.218470705064544
VYD_01086,67.79549248747912,69.30968280467447,112.85308848080135,107.18530884808015,99.14524207011686,53.393155258764615,40.202838063439074
VYD_01087,59.01254480286738,65.30943847072881,105.81362007168458,106.44026284348864,91.38530465949819,53.813022700119475,32.8100358422939
VYD_01088,50.076436781609196,44.40574712643677,77.4632183908046,63.12586206896551,49.26724137931034,28.520689655172408,14.706896551724137
VYD_01089,87.58237986270025,86.21967963386729,121.954233409611,120.80663615560643,102.23455377574372,72.90617848970253,41.87299771167049
VYD_01090,59.15325077399382,41.56656346749226,66.07894736842105,50.589783281733745,45.139318885448915,32.088235294117645,26.303405572755416
VYD_01091,46.3311432325887,42.77858081471748,72.87056504599211,74.45532194480946,71.97766097240472,48.63534822601841,39.793692509855454
VYD_01092,47.99895287958115,26.46282722513089,67.57591623036649,63.79267015706806,45.26387434554975,32.707853403141364,23.199999999999996
VYD_01093,76.78913738019169,60.96074851665906,92.67959835691464,106.4851665905979,86.50205385668646,62.5371976266545,42.460063897763575
VYD_01094,69.45828144458281,81.1307596513076,128.22976338729762,132.88667496886677,104.43088418430885,53.380448318804476,32.78331257783313
VYD_01095,69.90744466800804,78.58953722334003,106.47283702213278,103.91549295774647,89.55734406438631,53.97786720321932,39.3943661971831
VYD_01096,91.0227027027027,97.90918918918918,133.48216216216215,138.19243243243244,119.29837837837837,82.51027027027028,51.05513513513514
VYD_01097,67.31903864278983,82.77002827521207,112.02120640904805,107.89302544769086,96.08152686145147,70.7186616399623,49.66446748350614
VYD_01098,78.92180094786731,83.45497630331755,104.85545023696683,104.00710900473935,85.51895734597157,60.189573459715646,50.13270142180095
VYD_01099,64.013986013986,48.196386946386944,82.16899766899765,71.85547785547784,63.424242424242415,38.82692307692308,31.34440559440559
VYD_01100,54.9875,36.8675,78.42375000000001,80.6125,70.66624999999999,48.67125,33.18625
VYD_01101,72.24354838709677,72.79516129032258,94.11693548387096,92.42741935483873,78.67096774193548,54.46532258064517,41.935483870967744
VYD_01102,61.330677290836654,50.54581673306774,66.61885790172644,53.65737051792829,42.357237715803464,18.972111553784863,14.217795484727755
VYD_01103,83.06909894969598,81.48148148148151,109.80541735765614,88.493642896628,47.60143725815368,36.484245439469326,28.541182974018795
VYD_01104,67.97907488986783,64.24999999999999,80.67180616740087,62.69713656387665,62.396475770925115,42.84911894273127,28.726872246696036
VYD_01105,74.16959064327486,59.98496240601504,88.88387635756058,51.35588972431078,50.78696741854637,28.53383458646617,20.439431913116124
VYD_01106,89.7,83.08913043478262,126.3413043478261,116.74130434782609,105.59782608695652,67.80217391304348,45.141304347826086
VYD_01107,71.54961439588689,53.198971722365044,95.4164524421594,105.44678663239078,74.26272493573266,45.08534704370181,22.507969151670956
VYD_01108,66.90176600441501,58.147902869757154,84.52097130242824,86.71247240618099,72.68653421633553,47.41777041942604,28.363134657836635
VYD_01109,78.18162393162392,50.74999999999999,81.5,75.33760683760683,62.38461538461538,40.60256410256409,32.13461538461538
VYD_01110,76.94185408667033,81.55677454744928,120.78003291278118,100.75041140976415,86.00219418540871,56.88151398793199,34.53757542512343
VYD_01111,53.37337662337662,48.467532467532465,79.52922077922076,69.94480519480518,56.788961038961034,33.58766233766233,25.402597402597397
VYD_01112,91.53677419354838,89.32322580645165,127.51290322580647,130.8825806451613,104.32193548387097,86.6167741935484,42.2283870967742
VYD_01113,69.50457782299084,56.09359104781283,103.08952187182096,107.26653102746695,92.10528992878942,53.789928789420145,33.51576805696846
VYD_01114,65.21213808463251,67.73775055679288,102.18652561247217,95.23886414253897,74.40868596881961,47.03953229398664,28.673719376391986
VYD_01115,68.55522238880559,81.97601199400299,123.47876061969015,118.27886056971514,91.73863068465768,61.73163418290854,38.587706146926536
VYD_01116,60.182370820668694,53.91337386018237,63.94376899696048,57.74012158054711,51.179331306990875,29.24772036474164,20.001519756838906
VYD_01117,53.68467336683418,45.683417085427145,68.91834170854271,71.04020100502512,68.5603015075377,44.732412060301506,32.46608040201005
VYD_01118,75.56349206349206,66.56746031746033,113.85714285714285,107.73809523809524,93.66666666666667,67.87301587301587,42.1468253968254
VYD_01119,79.961320754717,72.93207547169811,91.61792452830191,94.361320754717,75.54905660377358,51.4745283018868,37.288679245283014
VYD_01120,49.5,47.65917968750001,75.81445312500001,67.94726562499999,64.44482421874999,41.19824218750001,21.120117187499996
VYD_01121,67.6798143851508,75.96148491879352,88.57633410672852,81.54153132250579,57.99164733178654,42.960556844547554,20.267749419953596
VYD_01122,83.00000000000001,84.82654949121185,98.78168362627196,90.23959296947272,80.15356151711379,49.00971322849215,36.72062904717855
VYD_01123,75.07207207207206,73.54568854568855,110.84427284427284,105.19305019305017,86.03474903474901,55.54182754182754,36.51351351351351
VYD_01124,63.34729064039409,48.27093596059113,80.86945812807883,70.74507389162562,60.00000000000001,34.16748768472907,21.437192118226605
VYD_01125,82.57299938912647,84.22235797189984,115.93463653023825,118.2547342700061,91.4874770922419,65.21319486866221,45.791692119731216
VYD_01126,71.83068181818184,58.27613636363636,100.70113636363637,97.6875,84.4284090909091,49.129545454545465,26.545454545454547
VYD_01127,67.18480000000001,69.28,104.00800000000002,91.94400000000002,71.46000000000001,47.943200000000004,34.344
VYD_01128,55.74160583941604,50.31824817518248,85.30802919708029,87.6919708029197,73.81605839416058,44.45109489051095,29.271532846715324
VYD_01129,53.41191709844559,50.520725388601036,104.34455958549222,102.8678756476684,90.0958549222798,59.4119170984456,45.64248704663212
VYD_01130,95.15658362989326,81.50533807829183,129.96975088967972,132.5017793594306,100.2455516014235,64.73131672597866,42.22775800711745
VYD_01131,58.91818181818183,55.84318181818181,83.19621212121213,78.36515151515151,63.11212121212122,54.67954545454544,33.40151515151515
VYD_01132,49.832649338805304,47.940720474236215,62.846329229366184,68.03739170086642,68.43775649794804,46.921568627451,32.41039671682628
VYD_01133,70.31560891938248,53.20325900514579,69.75986277873068,91.48198970840478,80.94596912521439,52.34905660377357,37.63464837049742
VYD_01134,74.28903295515939,65.64937871420854,93.58995137763371,83.08373851971908,75.42409508373852,52.03781739600216,36.49540788762831
VYD_01135,61.144705882352945,62.66705882352942,97.94235294117648,89.70705882352944,73.59882352941179,44.687058823529426,23.447058823529417
VYD_01136,58.929098966026594,55.03840472673559,82.08419497784344,65.4549483013294,53.725258493353024,28.847858197932055,15.116691285081243
VYD_01137,65.04985337243401,68.29472140762462,101.30645161290322,84.63636363636364,55.096774193548384,40.91642228739003,29.890029325513193
VYD_01138,40.574468085106375,54.49468085106382,81.49468085106383,77.11170212765956,68.95212765957446,45.19148936170212,31.73404255319149
VYD_01139,79.02754098360657,70.21967213114758,93.70360655737709,88.20459016393443,80.43016393442625,50.21311475409838,34.95016393442623
VYD_01140,70.05330490405117,69.15565031982942,114.18123667377401,119.14285714285715,91.58635394456292,60.80597014925373,42.16844349680171
VYD_01141,93.28703703703707,86.06172839506175,143.70370370370375,154.7098765432099,123.59876543209879,77.61419753086422,46.521604938271615
VYD_01142,57.74537444933921,50.877533039647595,79.08722466960353,87.33127753303967,77.6458149779736,51.587665198237886,35.33127753303966
VYD_01143,67.24605678233438,83.59936908517349,118.68138801261829,117.46372239747635,97.79968454258673,66.8801261829653,43.4621451104101
VYD_01144,76.61718750000001,58.00827205882352,96.53906250000003,84.80974264705883,74.97656250000003,51.377757352941174,29.194393382352946
VYD_01145,67.53693830921554,73.53313023610055,105.41431835491244,112.76085300837778,82.74257425742574,56.45316070068545,36.063214013709064
VYD_01146,82.50344827586206,91.12360742705567,123.88169761273207,121.43289124668433,98.86843501326257,65.6864721485411,49.59575596816974
VYD_01147,77.68775510204082,69.51632653061226,97.64081632653061,87.21224489795918,70.76581632653063,48.08724489795919,34.33571428571429
VYD_01148,78.11240575736807,70.41055517477723,96.03769705277587,89.58738862234408,79.396847155586,50.115147361206304,33.569568197395476
VYD_01149,59.47474093264248,59.398316062176164,97.38471502590673,77.08937823834196,57.69235751295338,33.99352331606217,19.718264248704664
VYD_01150,67.88773747841105,63.18998272884283,107.26597582037998,98.84455958549223,82.8376511226252,58.953367875647665,26.778929188255614
VYD_01151,87.75638051044083,61.94663573085849,93.26682134570768,91.73549883990721,76.56148491879351,40.56612529002321,24.177494199535968
VYD_01152,62.25670498084291,49.459770114942536,61.08812260536399,55.83141762452107,39.85823754789273,25.743295019157088,19.229885057471265
VYD_01153,67.15587680703959,54.91514770584538,79.36392206159647,68.42614707730986,56.04462602137019,34.27027027027027,24.508485229415456
VYD_01154,56.549504950495056,44.975247524752476,73.25185643564359,88.27042079207922,78.68502475247524,60.37438118811881,41.72772277227723
VYD_01155,75.58216432865733,65.30460921843688,108.24148296593187,84.82064128256512,67.81462925851704,41.40881763527055,27.52304609218437
VYD_01156,85.2627615062762,68.25020920502094,96.42426778242684,98.71297071129713,91.0677824267783,50.548953974895426,39.55983263598329
VYD_01157,75.57208354559347,60.59449821701477,77.52470708099847,68.11869587366276,51.48191543555781,34.63728986245543,20.589403973509928
VYD_01158,66.35968722849697,68.49956559513467,106.25890529973935,97.62380538662032,78.19287576020851,53.66463944396177,35.08774978279757
VYD_01159,76.85608170844938,61.778087279480026,77.49582172701948,74.29015784586814,58.180129990714924,32.93964716805941,24.50046425255339
VYD_01160,63.67759146341464,56.22560975609757,82.82850609756098,72.63414634146343,52.39253048780488,28.695884146341463,18.96798780487805
VYD_01161,98.2132701421801,91.38981042654028,109.66113744075827,99.1090047393365,78.24170616113744,51.43601895734597,30.674170616113745
VYD_01162,61.77015907844214,37.3960504662644,75.06527701590787,51.3187054306089,40.89138782227099,30.736149204607795,19.393307734503566
VYD_01163,78.80632411067192,86.90316205533597,121.14229249011856,116.90909090909089,92.77865612648219,66.56126482213438,47.54743083003953
VYD_01164,68.49874434957309,63.28277247614265,89.29733802109496,75.2219989954797,51.313410346559515,29.025113008538423,14.43696634856856
VYD_01165,66.44072398190046,74.47239819004527,117.64343891402714,114.92036199095024,86.44162895927603,37.2235294117647,23.203619909502265
VYD_01166,84.66369047619048,78.1622023809524,83.01488095238095,85.18452380952381,70.04017857142857,46.708333333333336,34.913690476190474
VYD_01167,55.93658536585366,37.92682926829268,76.39512195121951,68.42439024390242,60.126829268292674,40.224390243902434,40.043902439024386
VYD_01168,69.43951093951094,63.298584298584295,97.34234234234232,98.98519948519947,87.37129987129987,47.41891891891891,33.77670527670527
VYD_01169,78.39144736842105,80.9342105263158,114.49013157894738,87.24013157894737,79.55263157894736,58.93421052631578,42.819078947368425
VYD_01170,80.235807860262,78.80786026200875,93.65938864628822,95.74235807860262,66.39737991266375,48.585152838427945,34.48908296943232
VYD_01171,73.0569105691057,70.27794715447153,97.26219512195122,96.17123983739837,77.52134146341464,45.39786585365855,32.5594512195122
VYD_01172,72.73237179487181,54.733974358974365,90.74679487179489,84.86057692307693,70.9871794871795,52.42628205128205,38.35096153846154
VYD_01173,81.61690558576375,84.24320316361839,125.31833910034604,111.68166089965398,91.51062778052399,54.87394957983193,36.259021255561045
VYD_01174,74.55934065934066,71.99230769230769,87.50549450549451,87.11318681318681,76.90769230769233,53.308791208791206,37.869230769230775
VYD_01175,65.60625674217908,52.614886731391586,64.42394822006474,60.29989212513485,54.167206040992454,36.36245954692558,26.193096008629993
VYD_01176,45.37522441651706,35.37881508078994,72.39497307001794,72.90843806104127,76.12746858168761,50.94614003590664,38.287253141831236
VYD_01177,64.65742397137747,51.56529516994634,80.4964221824687,76.1377459749553,68.70840787119857,46.88014311270125,35.20393559928444
VYD_01178,80.72705314009661,64.08454106280193,108.18840579710144,110.22946859903382,93.1304347826087,56.77053140096619,40.625603864734295
VYD_01179,76.25849212924606,86.31980115990058,117.6603148301574,96.81607290803645,76.47804473902237,53.22700911350455,39.36619718309859
VYD_01180,77.26951951951952,65.92342342342343,102.93843843843847,96.18168168168168,78.40915915915917,64.54354354354356,36.12612612612613
VYD_01181,70.71428571428572,77.93548387096776,95.17281105990784,92.44470046082951,69.81336405529954,44.70967741935485,33.50000000000001
VYD_01182,48.55893536121673,38.37642585551332,66.97338403041826,42.36882129277567,45.7832699619772,23.34980988593156,14.85171102661597
VYD_01183,55.50326797385622,45.071895424836605,86.47712418300655,98.75816993464053,86.39215686274511,61.20915032679739,41.75163398692811
VYD_01184,70.99285714285715,64.76785714285714,95.17500000000003,92.82857142857144,79.1107142857143,52.69642857142858,35.589285714285715
VYD_01185,60.36534586971121,68.8300873069174,89.03492276695768,81.46474143720619,72.89321692411013,65.43922095366018,51.64002686366688
VYD_01186,77.64943457189014,66.67366720516962,116.19063004846524,109.31987075928917,86.11631663974151,64.21809369951535,37.97576736672051
VYD_01187,59.280450358239506,51.482088024564995,71.13408393039917,58.73694984646878,51.10951893551688,37.21392016376664,34.78300921187308
VYD_01188,78.07981220657278,77.05633802816901,98.78403755868545,100.61032863849765,82.04694835680752,57.037558685446015,42.51173708920188
VYD_01189,70.95993458708095,54.843008994276374,71.41291905151269,52.26737530662306,44.90024529844644,32.062959934587084,22.31888798037612
VYD_01190,59.875421932647804,27.261794489363382,81.02260774001103,78.28966166889084,75.15158175680985,52.906873904283444,35.27877646073738
VYD_01191,63.01404393230104,56.49351818509182,104.01863521786106,97.47020165646381,86.78709038530788,61.758372344256415,41.03808066258552
VYD_01192,52.02030551415798,41.05681818181818,66.43088673621463,56.05365126676602,52.92194485842029,29.62816691505217,13.493479880774967
VYD_01193,81.31933911159264,71.49404117009752,118.06608884073673,114.7394366197183,93.1503250270856,60.234290357529794,48.043607800650065
VYD_01194,71.70786077434498,72.18498240125147,103.67318472167906,89.4852040151219,72.2402555077565,50.8966236475036,31.8953200365011
VYD_01195,68.70515617517161,76.27510243175652,123.78039695631357,121.8941627201618,91.7848667056883,43.385196615761195,30.90725270047358
VYD_01196,65.0877255672682,58.09326424870467,79.82133285688762,83.58352688940505,79.94014650705736,46.55154547078793,24.43541182776488
VYD_01197,62.191637630662036,72.10994967092529,111.78035875596854,116.30662020905925,100.0309717382888,66.54471544715447,46.83623693379793
VYD_01198,64.9453225117471,60.41285775309695,87.35497650576677,88.79709525843657,76.29645450662107,59.46860316104229,39.51174711661683
VYD_01199,64.89050858438615,56.22578555231618,64.01457725947525,42.07159054097831,40.294460641399425,30.519922254616127,19.603498542274053
VYD_01200,75.44812114413908,73.45587960366424,101.68442699570011,93.26986352589269,69.6212376145074,42.45812301364741,24.763320246775102
VYD_01201,67.04655123474312,52.41427760431452,92.87099063298326,99.81109849560036,93.83068407607152,64.67328980982118,44.308401930173154
VYD_01202,73.93086816720255,51.032154340836,83.82498851630686,72.09508497932934,77.07510335323839,55.647220946256304,42.75700505282498
VYD_01203,62.02324181520248,48.91074474133027,85.82299434839314,83.22964251078486,75.14961709527472,51.168712169347536,31.108183125438913
VYD_01204,75.4681349171941,65.76788346484003,109.62282146882852,102.27087488077687,85.96314922396598,55.46917540969391,45.588918754877305
VYD_01205,61.60187622938417,35.5145710394916,81.43492207595703,82.0844303222878,80.87650174005147,56.15657436828568,34.40239067937662
VYD_01206,58.976010101010104,61.28030303030304,88.1489898989899,69.9313973063973,56.085016835016845,30.14057239057239,17.577441077441076
VYD_01207,68.03570140641907,44.40804183195097,83.04597908402454,71.99594302199787,72.38956004327443,56.61909484313019,43.616750811395626
VYD_01208,51.127167630057805,49.40541250656856,90.496190225959,84.07908565423014,76.05780346820809,50.61337362059904,33.179453494482395
VYD_01209,49.86577549899287,30.636330342428124,60.09961545504486,54.079106390770896,49.353781358725506,37.40560336934628,27.66379783922357
VYD_01210,59.894523537358424,57.02888911981711,84.32921126467835,98.54255429699677,77.72451418476562,42.70767951782187,27.549101111919352
VYD_01211,88.01915070774355,77.19150707743547,79.01748542880934,55.90258118234804,48.32681099084096,34.71815154038302,20.07910074937552
VYD_01212,71.49841205827491,70.81811765892019,96.83581186671367,101.66209608307707,90.04108484145787,54.47633210666933,38.38453395170641
VYD_01213,66.51387574897508,73.13781141595713,90.00835698517818,79.6559444970041,71.90704824976349,39.24905392620625,24.921948912015143
VYD_01214,91.35017330112383,62.34397647305956,82.82323285369186,94.633967020271,79.75076147463503,62.636802856842756,39.48608339460141
VYD_01215,67.70548623489798,53.608833432362836,87.09744503862149,70.97187561893443,58.517330164388966,42.608635373341244,31.878787878787875
VYD_01216,76.21907716169059,74.06048856145794,114.81116711903842,113.53392787902288,92.25397440868556,61.384257464133405,36.9833268708802
VYD_01217,79.8991448035947,40.12755471807508,64.3324539788375,61.86638643281632,45.841571242209,28.624090447890985,8.901174083200463
VYD_01218,62.222977861380386,53.51222688467661,93.67935175806686,86.71234264216464,75.76443351179282,50.571697294168715,32.350166401389096
VYD_01219,64.17336065573771,55.72377049180329,80.67663934426233,75.57581967213116,66.92950819672132,47.00040983606558,31.64959016393443
VYD_01220,70.23826681448631,65.08351810790835,105.1659275683666,116.30829637841832,102.15105321507761,72.26367331855135,45.69484478935698
VYD_01221,71.57236753856473,68.77142857142859,89.08893360160968,93.01556002682764,77.82803487592223,54.6631790744467,43.63849765258218
VYD_01222,78.10308694420846,68.95270461625603,122.67714528462193,123.88473520249222,91.99631832342112,57.021523647691886,33.306711979609176
VYD_01223,78.02397260273972,57.249999999999986,72.23135464231352,56.395738203957364,54.60121765601217,35.18226788432267,29.684550989345503
VYD_01224,52.69002260251856,57.19276719405878,93.11462705844363,60.98676138198256,41.631256054246045,25.75201808201485,12.122376493380688
VYD_01225,65.79693439607603,52.825505824647436,96.32777437155114,98.30717351318206,96.22562844880441,59.7665236051502,42.63028816676884
VYD_01226,69.58984713008365,58.712431496971455,83.151427747332,79.83876550331702,72.29160657629077,43.25757138736662,27.271704643784254
VYD_01227,79.26337157987643,76.97428655486904,109.16310679611651,106.93462783171519,98.57281553398059,73.89614592527211,44.70097087378642
VYD_01228,74.5910138248848,48.15034562211982,63.77361751152074,61.67799539170507,51.66388248847927,30.89948156682027,21.26641705069125
VYD_01229,62.46368715083801,58.67015828677841,90.85358472998139,71.63710428305401,61.3268156424581,41.34543761638735,28.25418994413408
VYD_01230,93.15556074221033,97.10806395145295,143.18625277161868,135.2434356400981,112.03407632162451,75.56004201190339,45.7549305636597
VYD_01231,85.583945732052,79.83465234595816,89.68230638778972,51.85782928208027,48.96947427925381,33.52826455624646,26.142736009044654
VYD_01232,62.42266154127768,52.00000000000001,89.87122460186707,88.74528647263409,77.17719201903715,52.37918725974739,35.28390993959363
VYD_01233,68.73331679483998,56.09410402712311,84.18986190358056,63.29223517737531,63.09063094352104,53.01786157281071,42.95468452823946
VYD_01234,67.69265394310408,58.197695354699334,92.75045012603526,83.02412675549155,73.5630176449406,49.3284119553475,34.68617212819589
VYD_01235,84.58828145435524,76.74888830761186,105.95082396024067,91.77099136803561,81.07311012294015,56.24993460633013,38.52890400209262
VYD_01236,67.21306005719732,76.88775023832223,99.45019065776931,86.65014299332698,65.59389895138227,53.82507149666349,35.891563393708296
VYD_01237,51.08764206819269,41.262253881863266,82.67919001120536,87.80081639186805,68.69289258844245,40.76412678085479,29.32425164078757
VYD_01238,60.29365320376557,57.46067415730337,88.83176434861828,83.21773458852111,77.79167931976924,61.92954752505315,42.5833586395384
VYD_01239,41.56589606797076,38.28867812685241,83.92985575973128,94.85378383718634,75.23809523809526,46.59474412171508,30.721991701244814
VYD_01240,72.94849109198884,73.71227729972125,96.5182402133075,90.36262271239852,71.48042661495577,43.088231729487326,26.26287722700279
VYD_01241,93.0031267765776,93.33484934621946,95.14212620807278,74.78510517339399,69.43263217737353,52.21148379761229,37.92040932347926
VYD_01242,57.59293113954905,44.69972577696526,86.40813528336379,85.68708104814138,72.28656307129798,42.4209323583181,28.121115173674582
VYD_01243,57.959073228479625,62.13935396583799,89.98562489430068,104.47894469812277,100.5917469981397,73.84153559952647,44.134956874682906
VYD_01244,54.0731614378255,38.70959820483508,78.24285532833733,91.81620729074045,91.50078326770819,66.01702019560518,43.45133155510394
VYD_01245,50.15125725338493,53.79071566731142,98.54300451321735,80.60348162475823,75.77562862669247,55.629787234042574,37.829400386847205
VYD_01246,68.25230133383431,72.2087168889724,106.70843509299269,106.1040766485065,87.52789780199137,61.35975953409734,36.30433965808754
VYD_01247,76.4949243697479,41.98043697478993,57.65519327731094,51.73331092436976,47.98346218487394,34.24773109243698,24.570016806722695
VYD_01248,81.66027071247957,86.38093113193514,89.10620258813032,81.22549457087611,58.65194109772424,44.015320541424956,36.314145470771976
VYD_01249,76.40755764885246,69.23914404726256,108.07285399254032,109.91326127793964,95.39914513626093,64.40772099861154,40.27227682339168
VYD_01250,56.07182320441991,58.458238544036405,78.50048748781283,83.47416314592137,67.15632109197273,49.42963925901855,26.10334741631459
VYD_01251,80.91787476280832,54.91514231499051,81.26876660341554,74.64333965844399,67.54375711574951,45.071878557874754,35.8201138519924
VYD_01252,69.5318711446196,30.9324880054832,66.97052775873884,58.00137080191911,63.01816312542837,48.783413296778605,31.882796435915
VYD_01253,60.136712237412475,39.71123707902635,66.47182394131377,76.29609869956653,62.57852617539181,43.10370123374459,28.506168722907642
VYD_01254,68.10965831105973,75.03575814491077,115.56375063208837,118.81189048616629,103.81160153145993,70.56165571046738,46.43400996893737
VYD_01255,67.05792550887828,62.215894326548295,94.52013858813339,83.81453009961022,59.278583802511925,31.0450411433521,26.94034213945431
VYD_01256,50.23310098881504,44.62868103960661,75.95828605392553,71.38174744691196,61.99659588263897,35.56502944831685,19.72388825849678
VYD_01257,91.58232800782525,55.47799152266059,82.86077600260842,65.41245516791652,62.06944897293772,46.20476035213564,40.81936746005869
VYD_01258,63.71096040002297,68.33955974481289,105.62509339617209,107.76027357894128,96.97448129202824,66.68446462440367,38.145468130352306
VYD_01259,75.68471369377468,70.34494034246919,98.36034147072037,97.41927512355846,84.20278568219263,56.01669911636962,33.91782736758025
VYD_01260,80.3860225140713,72.80675422138836,103.44699812382741,109.72842401500941,93.11632270168857,67.33208255159477,46.314727954971865
VYD_01261,46.50417933130698,49.40582935301778,101.08933999131564,112.27898393399911,103.61219062092917,63.579732957012546,39.61376465479808
VYD_01262,67.71350274040857,35.785999003487795,64.1243148978575,77.58918784255107,57.985426008968616,36.42588440458395,21.563278525161934
VYD_01263,37.13411078717202,34.97303990720711,77.38004326154424,84.96238126587042,69.93651838615632,41.08050409103734,34.82068403398225
VYD_01264,82.55263960939882,70.29264571254198,103.89411046689047,104.05218187366499,83.82392432102532,56.256026853829724,46.656393042416845
VYD_01265,82.0976110690736,70.83353151010701,68.13036428494216,69.70241055021076,61.349691925197256,49.23737974273051,33.13912009512485
VYD_01266,64.09192507476781,51.26208090665828,97.80355737446878,98.88981583503853,83.5288839918149,51.56870769715095,29.337950574531714
VYD_01267,65.81602587136183,55.43406395975566,93.44448436938556,82.96011498383041,61.74847287100251,39.93226733740568,28.245598275242543
VYD_01268,73.14112965738205,72.28582502196272,102.39930752932665,94.7461113120769,80.09735930959643,58.22355433827708,40.79282724407009
VYD_01269,93.28097345132744,71.9709228824273,102.66276864728191,98.05183312262956,86.71713021491783,60.27370417193426,34.5609987357775
VYD_01270,56.91701712996203,37.00010257462304,51.412247409990776,35.06739152733614,31.065647758744493,15.921222689506616,10.139398912708998
VYD_01271,87.94768425911678,78.53669795353132,114.67871980304666,97.62363440529313,85.74303739036775,52.4265271580243,37.420526234805344
VYD_01272,79.70479258960934,57.08699154248892,91.72412404349576,86.60732984293192,65.54007249295206,44.870720902134515,24.342327829238823
VYD_01273,67.26421258984972,66.77357874101503,95.8821607492921,83.49912873012418,81.21269875844044,62.76846003049444,42.03681115225442
VYD_01274,65.34726653328286,63.40534256205054,104.38506461904508,96.54328664900234,87.52922727518525,59.44103174174014,41.0449899962148
VYD_01275,76.0873338757798,66.291022511527,101.18822891239493,102.48847301328995,95.21779224301604,79.357743422837,50.34608082451859
VYD_01276,91.78454172366621,66.30437756497949,76.00205198358414,77.05129958960327,73.48495212038304,53.18262653898769,38.54514363885089
VYD_01277,55.14928909952607,51.96925507352048,104.5004860857942,96.02351440029167,81.87288856483171,51.196743225179254,37.16976546360432
VYD_01278,64.80616212982349,63.49356865091234,92.40532455877951,86.82321268321864,77.02482799880346,48.10080765779237,29.97247980855519
VYD_01279,65.4272103658537,53.931307164634156,102.08184070121956,85.53134527439026,60.75181021341465,39.71865472560977,33.448075457317074
VYD_01280,59.12667729507107,60.40673575129534,98.73468845489568,108.45821708516009,105.14042779327751,70.50398565165403,42.83147336256144
VYD_01281,71.54287476866132,42.72085132634176,68.01603948180136,71.63232572486119,65.75046267735965,41.935533621221474,27.10456508328193
VYD_01282,69.1102870813397,47.247368421052634,75.22464114832536,68.44114832535887,67.60598086124402,49.33444976076555,27.328947368421055
VYD_01283,63.11505388048329,57.15184499836727,108.6645259605965,106.88200718406442,76.24338739523239,45.976270817459444,32.79525416349189
VYD_01284,56.76982996900912,63.725018845799475,104.60909623921602,104.18988189965657,98.8629700979981,72.28578607923613,41.000502554652805
VYD_01285,57.88906226405595,75.02471435043036,133.46428751195444,123.45940504353952,123.5480444958977,83.37922182513717,46.069159913424265
VYD_01286,60.50916230366487,44.76751218631521,87.10146235782626,72.89239935006316,69.81219534211951,55.17056327857012,40.52992417403861
VYD_01287,66.0135486056227,43.116630913401835,85.793214406684,85.42649881449705,73.57446087840128,51.24771367280119,42.41340182906179
VYD_01288,65.06816275167786,66.81291946308727,108.1602348993289,99.9763003355705,88.10591442953026,62.89429530201342,42.87479026845639
VYD_01289,62.038519010459915,40.33388676739167,78.85571974099285,76.75518844429686,72.87921301676906,48.688029221318274,35.89340860036528
VYD_01290,70.29068187992395,73.25047541428962,98.94132029339853,87.34202662320024,57.36484650910079,31.309970116816086,29.284705243140454
VYD_01291,67.30460636876802,62.67652001551254,98.03740250786397,100.2186840177532,92.31318136769073,58.10001292713405,39.49881501271168
VYD_01292,63.619981498612376,75.0900092506938,123.83237742830711,126.37594819611468,106.30638297872338,72.16558741905644,45.23385753931544
VYD_01293,90.0259082787373,85.36480047647406,90.67361524717091,60.97230494341868,53.08755211435377,35.53156640857652,24.3916021441334
VYD_01294,79.89500400748064,61.62356398610739,84.59987532282481,84.81075785911479,69.21319796954315,43.67512690355329,29.550093507881375
VYD_01295,71.8989039329465,81.46679561573178,119.8910380399742,123.74480980012895,105.32520954223081,68.7860735009671,43.69387491940684
VYD_01296,65.58717875226904,48.129741091048054,76.03725995987391,79.79860513996368,60.42753415496322,37.28422661698672,19.718066303620905
VYD_01297,63.62715105162525,67.41470150839176,110.64967070320797,101.63798597833014,89.73295092415552,57.67686424474187,33.31633736987465
VYD_01298,66.795858606986,62.179042041413936,116.14473959422716,124.00585651537332,106.06421250784354,77.05103534825348,43.46559297218156
VYD_01299,84.62265566391595,71.06901725431356,98.88709677419354,96.13278319579894,87.78094523630905,55.47899474868716,38.39197299324831
VYD_01300,76.17738907849828,37.99931740614334,97.01433447098968,92.86164675767917,62.751322525597274,40.476621160409536,23.59415529010238
VYD_01301,65.89530225782958,60.4204297159505,100.53404952658417,94.86179898033505,87.30007283321196,59.22960670065553,44.73488710852149
VYD_01302,91.87272236469163,83.86415170738293,120.11243082737207,111.03995141044679,91.65447428802808,54.043865568902675,27.5089755702524
VYD_01303,63.93310734463279,53.68610169491525,84.07954802259886,64.92564971751412,50.75706214689266,36.79819209039548,23.07073446327684
VYD_01304,62.12582048240411,34.736496638987745,76.32495057334917,68.68493475682088,49.708026888098054,27.233135626729933,14.687465401344408
VYD_01305,58.90055754983579,55.71542045367755,85.65263881463378,101.97685786298024,77.18781028030247,49.40395631253343,30.85137096158254
VYD_01306,67.76956711849584,57.57017927415828,79.9527765631832,70.31001311762132,53.52251858329691,33.310013117621345,23.874945343244423
VYD_01307,65.43366336633665,61.88871287128713,84.89425742574258,93.24950495049505,93.7980198019802,65.1041584158416,37.1190099009901
VYD_01308,59.80621118012422,26.579296066252585,53.36894409937888,30.73360938578329,30.30117322291235,22.784817115251897,23.510973084886125
VYD_01309,71.42664645443826,67.94643759474482,76.792656223682,74.22166077143339,59.258211217786744,35.9117399359946,22.294087923193537
VYD_01310,75.5374892624862,62.72622407657383,79.46140630752235,74.00147257332188,69.5936924776046,49.499938642778275,35.7740827095349
VYD_01311,50.08650634602539,47.695724782899134,76.42418169672679,73.73881095524382,62.68537074148297,40.453907815631275,23.983633934535746
VYD_01312,67.38046222567486,43.72965624393084,78.7697611186638,86.20771023499705,75.49281413866765,42.10846766362398,31.14420275781703
VYD_01313,55.29127762398533,23.371838783840847,33.97410031436211,26.713508187491197,27.8631820954347,23.930840332191618,18.089945103927178
VYD_01314,63.63854895104895,55.32036713286712,86.89029720279721,77.71328671328672,74.93662587412588,55.95017482517482,39.73863636363637
VYD_01315,82.0988198138298,73.31869182180853,108.94643450797878,80.07139295212767,53.59740691489364,29.813996010638313,23.831865026595757
VYD_01316,77.79530941599909,78.3899918727505,81.64948333913853,76.46487867177524,71.85417392313944,50.84743991640544,31.909671426912816
VYD_01317,40.95338660578388,41.74657534246575,83.3348554033486,83.09284627092849,82.77092846270932,61.181887366818884,41.172564687975644
VYD_01318,65.9650751547303,65.43899204244029,98.7723253757736,105.50884173297962,96.33731211317414,68.88063660477452,37.76436781609194
VYD_01319,66.06735620585269,64.41094853683148,106.760595358224,90.52169525731581,81.96140262361251,53.23763874873866,41.22376387487386
VYD_01320,83.24260442990932,82.27040285416975,109.16946632971607,109.37490709082797,85.72469154154899,53.75501709528765,37.45651850750707
VYD_01321,62.369129916567374,54.04123957091779,67.93313468414782,45.43384982121576,50.686650774731824,28.93730631704412,18.11191895113231
VYD_01322,69.56812514169123,37.57333937882568,57.046474722285204,55.45159827703469,48.63931081387441,31.22761278621629,20.024030832010883
VYD_01323,76.98334324806665,57.81856038072576,76.84176085663296,66.9042236763831,66.45865556216538,43.83878643664486,33.468768590124924
VYD_01324,60.595163595627135,60.841271680766404,86.0731255070112,72.01715146598679,80.2643798045351,66.97608838413105,41.25966701433151
VYD_01325,73.40458240946046,71.5018477457502,94.71589061345162,106.4169992609017,85.53555062823357,48.12845528455285,31.56186252771619
VYD_01326,68.9065496286293,59.00243079000675,89.1073598919649,87.84550979068196,72.25698852126942,40.02255232950711,26.12180958811614
VYD_01327,71.38327526132404,50.8240418118467,80.77482578397212,57.94555749128922,47.075348432055755,37.201655052264805,16.02482578397213
VYD_01328,71.61916594641313,84.57973206568711,108.08918539325842,89.58421564390663,66.29872515125324,41.00189066551426,28.043377268798615
VYD_01329,63.061401952085184,60.735758651286595,72.15936113575864,71.45128660159716,68.92866015971606,46.56291038154392,28.960070984915713
VYD_01330,67.28429688990651,52.00858614768174,97.43026140049606,110.29078420148826,104.99141385231822,64.43159702346883,41.301850791833616
VYD_01331,49.34690316952602,25.98982262285548,74.81942425123582,84.98953184065134,81.34225065425994,61.639139284675764,42.132596685082866
VYD_01332,64.47655217965654,65.0605460149714,115.98271686481726,91.10678115367679,83.20222369000442,58.43196829590491,35.775649493615134
VYD_01333,77.17718894009215,58.30460829493088,88.48387096774192,66.771198156682,53.73963133640553,35.23963133640554,17.647004608294935
VYD_01334,84.18416686418583,71.62171130599668,107.64849490400569,97.50225171841672,77.90234652761316,52.99051908035079,37.355771509836444
VYD_01335,69.39008498583568,65.87733711048158,87.76033994334277,69.91246458923511,62.78186968838525,38.07648725212464,26.423796033994332
VYD_01336,59.19812126387703,53.41289496157131,89.87617421007685,97.77177625960717,79.80486763450044,54.360375747224595,36.716481639624256
VYD_01337,55.85234467907308,57.830456722270455,104.8218108186289,95.25793076848915,82.33747951017263,53.67219490245237,36.779577668498696
VYD_01338,83.58572208572208,94.85148785148789,97.8113568113568,79.75020475020472,66.19847119847118,52.34220584220585,38.71362271362271
VYD_01339,92.98097251585627,80.7394291754757,80.0639534883721,57.634778012684976,51.71353065539112,28.42177589852008,25.42019027484144
VYD_01340,78.0852294639414,74.26185885075203,103.89471654454303,79.47975318164288,66.83571153104513,49.13844967219436,31.249132279213267
VYD_01341,56.25975226474398,41.83869476797931,94.08689221667596,89.5333703087447,70.14660750600856,46.61277500462194,41.49094102421891
VYD_01342,56.761516587677725,65.28360189573458,100.7696682464455,105.53668246445497,91.33800947867297,66.36701421800946,50.16815165876777
VYD_01343,66.31343662687325,50.24231648463296,76.69392938785877,81.84607569215136,56.64744729489458,32.10947421894844,20.04648209296418
VYD_01344,55.14672479681361,40.4660638355132,76.13628290004839,78.221594273104,57.51466709726032,32.12788632326819,28.825071317078404
VYD_01345,67.09811730629978,44.55286024619841,87.66473569876901,65.62237509051411,53.84141926140478,35.89826212889211,26.04598117306299
VYD_01346,78.63550221099179,70.51642451042326,112.52905874921034,97.11307643714463,83.05685407454202,55.313329121920404,38.42229943145926
VYD_01347,74.10674556213019,71.56698224852072,111.74011834319533,108.59621301775151,103.05834319526633,65.55076923076926,46.08473372781068
VYD_01348,66.22692889561272,68.75772638858871,113.91225416036306,109.59433758374757,98.16771125999568,59.315755349038255,44.04841149773072
VYD_01349,77.00097389949359,55.62368523568368,106.28866380989487,113.48188546941957,86.28749513050253,64.16809505259057,37.24717569146865
VYD_01350,53.01055194805193,54.00270562770562,81.97537878787878,55.448863636363626,52.53003246753245,34.836580086580085,18.14908008658009
VYD_01351,75.17008086253367,70.28948787061992,114.7859838274932,111.45067385444737,92.24905660377354,61.29460916442047,34.03045822102425
VYD_01352,77.8284529670899,74.6107799948173,92.66079295154184,106.01477066597563,90.35034983156253,71.23348017621143,52.138896087069185
VYD_01353,68.74966828836797,62.4767801857585,103.32640424590889,69.9482529854047,54.7532065457762,34.52189296771339,22.658115877930122
VYD_01354,71.3899441340782,51.543575418994415,70.08100558659216,65.76787709497205,51.97402234636871,35.98407821229049,24.777094972067037
VYD_01355,78.16998754669987,74.54234122042341,110.07534246575344,125.16604400166047,98.69863013698631,62.145703611457016,40.86425902864259
VYD_01356,67.72376543209877,69.46199845679013,107.10416666666664,103.15663580246914,77.71161265432096,32.13368055555555,27.958912037037035
VYD_01357,89.175843083276,94.56022023399866,123.07673778389541,107.93943565037858,84.0884377150723,61.83688919476948,39.86613902271164
VYD_01358,62.98664266767716,57.94311292156118,94.29570860174307,80.92246115953012,67.19562334217507,47.38508904888216,36.18174497915877
VYD_01359,69.27813504823152,58.72508038585209,84.9622186495177,92.44774919614149,83.61696141479099,63.962218649517695,38.35450160771704
VYD_01360,75.95814307458144,56.84703196347033,69.26598173515983,57.31126331811264,52.802130898021325,36.4847792998478,23.840182648401832
VYD_01361,67.19541251778094,71.3296586059744,98.55849928876243,83.76280227596018,83.4532361308677,64.7514224751067,41.6354907539118
VYD_01362,79.13602484472048,69.08985507246375,101.2924430641822,93.46770186335402,86.8625258799172,63.88343685300206,41.22722567287786
VYD_01363,74.067523364486,57.95116822429907,100.94182242990655,119.16004672897198,104.86028037383178,61.669859813084116,38.893925233644865
VYD_01364,67.60845921450152,47.63907351460223,63.90224907687147,53.81174890902991,42.29191003692515,32.29157435381002,30.665525344075203
VYD_01365,68.01105659362815,44.16055585428149,83.4026078774029,84.73544831294531,72.97854214276114,44.20175762871356,31.117572926468625
VYD_01366,68.2799043062201,59.51275917065392,108.45494417862838,96.1439393939394,79.68460925039872,51.91826156299841,20.411881977671456
VYD_01367,71.04888888888888,41.14044444444444,75.34977777777779,70.8271111111111,59.479111111111116,38.97066666666667,21.549777777777777
VYD_01368,76.91578947368421,47.44736842105263,90.8,88.81578947368422,74.01578947368421,43.32105263157895,28.178947368421053
VYD_01369,54.99353796445879,49.574798061389345,80.47043618739903,79.68400646203555,71.44846526655897,46.11373182552505,25.163166397415182
VYD_01370,73.2147272033575,42.14605112552461,71.1823731400229,71.63243037008776,60.64631819916063,41.08874475391072,21.130255627623043
VYD_01371,55.964003929148554,49.10095376913084,108.37225514116412,86.21597642510851,88.28622579929652,58.00129915396557,41.14965619949934
VYD_01372,75.37145790554416,57.19630390143738,80.56447638603697,59.619301848049275,45.80780287474333,33.38952772073922,27.810472279260775
VYD_01373,71.68316752884999,59.62594508555512,92.84982093115795,81.27441305212893,75.93219259848786,60.205650616792674,32.201273378432155
VYD_01374,62.458808618504456,60.275454161385724,84.54076890578793,85.35783692437685,76.14279678918462,62.89057879171948,43.21123785382341
VYD_01375,75.63709072731815,72.08947763059236,107.42264433891529,100.36190952261937,78.76205948512872,39.469132716820795,29.011497125718574
VYD_01376,55.58095973060194,61.21909639399467,92.9104812684159,87.16311210888176,77.33779991581312,55.69713764557317,36.25648940648238
VYD_01377,62.51828766317766,50.375632129836504,79.97577325649767,83.55239327296248,66.13842173350578,40.927554980595076,24.497824297306824
VYD_01378,50.97231338887486,63.35403517630229,104.9809812336952,104.68677943280315,71.49103761676344,37.204409660860044,27.078852141715053
VYD_01379,82.4580552907531,78.87496027963138,126.31935176358436,116.3770257387989,100.06450587861455,68.63377820146171,41.307912297426114
VYD_01380,73.15173402437009,77.1584606053923,137.37883883773506,146.85234603297133,109.95693885427582,61.68219661465516,36.37260847990298
VYD_01381,64.68822212270484,49.79579041648007,86.1246753246753,84.90738916256151,67.35181370353784,37.328257948947595,32.14455888938646
VYD_01382,70.41735228122666,56.01458489154825,84.32236350037398,76.45007479431564,64.0486163051608,46.01271503365746,33.24551234106209
VYD_01383,76.17525363039586,77.78615476427292,126.06027451760497,116.69842848617466,97.1487964989059,62.55062661627213,38.68589616073204
VYD_01384,79.80883453955582,47.02695283254305,62.24032942350886,52.602445719990016,46.10107312203644,36.93137010232093,21.80933366608436
VYD_01385,65.00769824638796,60.72436307488695,99.65274070806221,92.22163891033415,76.7076651593691,48.46145362302856,32.489268776883186
VYD_01386,77.19221967963388,84.12814645308924,131.06636155606407,118.03105590062113,105.0487087283426,70.42791762013731,47.433801896044464
VYD_01387,56.34571873378309,54.82314478463932,104.23829787234045,101.3285936689154,74.73648157758171,44.52714063310846,32.58100674623768
VYD_01388,66.79791126696142,66.43787162677233,109.85180667784725,113.77161152614728,94.83755145601464,66.42163439548712,42.61838694923007
VYD_01389,82.85082091986517,64.0854626508644,100.37697075133191,111.67695987822114,98.54343807763397,77.13254322061542,48.95879091007937
VYD_01390,65.15779625779626,70.06507276507278,102.8085239085239,106.35239085239087,90.04490644490645,58.146569646569645,39.13970893970894
VYD_01391,70.65455820476858,71.78345021037866,38.107012622720895,31.782608695652176,30.41970546984572,12.840883590462834,16.42727910238429
VYD_01392,67.01468908111637,48.90941733311573,79.34176595397423,67.2255590011425,54.377346172678315,40.16288558837931,25.90419454871879
VYD_01393,76.743798724309,51.59390503189227,91.90024805102765,97.03401842664775,90.71332388377034,57.341956059532244,35.28330970942593
VYD_01394,69.1342625403575,41.17773052996299,50.18497519489723,38.875423261674136,30.668359713363255,26.166430427592722,14.440231514292458
VYD_01395,94.83012409071459,78.37270004278992,119.28754813863931,105.78455284552848,90.9640564826701,62.6534017971759,36.45442875481386
VYD_01396,53.76846457432814,58.24863747415901,84.68953204284911,88.14564931403872,75.05111821086261,57.91148280398421,43.8524713399737
VYD_01397,70.67201199522223,38.98030445500519,52.26623294111666,43.20457953188135,32.93537319881064,25.79399730615771,16.394190449566697
VYD_01398,61.19783715012723,61.121024173028005,101.85909669211198,99.13772264631046,81.1787531806616,50.36561704834607,32.579516539440206
VYD_01399,43.823212192262616,60.631887456037525,103.7531066822978,107.89472450175852,82.49073856975384,54.14044548651818,33.381242672919115
VYD_01400,52.516572637517626,62.45345557122709,114.26057827926658,115.43018335684064,97.33709449929476,55.17489421720734,36.90232722143865
VYD_01401,74.77289836888332,70.7202007528231,105.04935173567544,94.41948975324132,76.03136762860728,52.267252195734,39.04809703053115
VYD_01402,61.13780390593864,58.986747708250284,88.55191311279394,78.81885213232361,68.09784774810682,63.579314467915474,47.11249501793543
VYD_01403,59.670716639209246,53.211490939044495,107.58463756177927,110.16742174629329,92.19378088962112,71.33154859967055,43.71210873146623
VYD_01404,103.94178952719876,93.75470259278089,131.13624809354346,132.2114895780376,106.59354346720893,86.05414336553127,52.38103711235384
VYD_01405,65.85995216582512,66.16369917618918,96.056338028169,87.46744618655325,74.49561520063777,47.39808663300557,32.675259101780476
VYD_01406,82.54493087557606,81.63901689708145,125.94450844854074,119.71217357910909,88.94854070660524,67.15456989247316,46.12672811059908
VYD_01407,69.90523338048092,56.89922206506366,96.60148514851488,98.31364922206508,75.10997171145686,45.17149929278643,27.343352192362094
VYD_01408,59.71089334785088,69.98169751646182,114.16161144812563,107.9430186135739,85.76118629128426,48.4856120703064,33.58624980556853
VYD_01409,75.99871048067943,86.19129352127706,62.16728178220459,44.814976210591844,34.235448441460264,31.206367557472554,18.359464627151045
VYD_01410,63.241199478487616,65.84680573663624,82.51173402868318,65.95110821382005,61.587027379400254,40.52852020860495,22.96398305084746
VYD_01411,63.95461521596142,62.63385222538918,93.9796097347073,93.47270335452755,83.48607761455821,50.14821311115984,32.909230431922836
VYD_01412,75.09745248685806,74.362312980186,116.1306105944197,115.56490093004447,100.02426202992318,51.70966437525273,41.934896886372826
VYD_01413,76.35593697242541,72.00562746201464,115.31138623147623,111.77930969799287,104.20896642280998,67.83699118364281,41.60654661414368
VYD_01414,76.25848822800496,62.48413878562577,97.70173482032216,87.8174721189591,69.11201982651798,45.63482032218092,33.13060718711277
VYD_01415,100.36552567237163,77.61939690301548,119.21373268133655,115.1173594132029,90.44885900570496,65.57823960880198,50.49633251833741
VYD_01416,61.94479876841872,71.82329008137232,104.667033208709,104.10787332307017,78.72806245876401,48.164504068616665,40.04596437211349
VYD_01417,67.47735191637629,57.216802168021665,102.18466898954702,115.37166085946573,95.52690669763838,58.51258226867983,36.18118466898955
VYD_01418,79.02985996705105,72.31167627677101,103.58257825370676,79.69604612850081,73.55591021416802,52.256280889621074,34.9979406919275
VYD_01419,53.43705771602934,56.97870544699084,103.63494124521196,110.16308511328955,120.92923456469515,77.74186846718169,57.00324612088552
VYD_01420,70.43017476350812,65.43594676928012,98.69568702902035,88.09171075837743,77.6022126022126,59.568863235529896,38.67548500881835
VYD_01421,68.61141655113066,61.28627432232155,94.0949945020796,81.81861643639141,72.3024812353588,50.783668786154784,27.56671606826982
VYD_01422,76.53210664663916,92.44836650394295,145.19051195393672,149.65828013518592,119.78232569783451,72.71610965076981,45.76392539742145
VYD_01423,55.17460707269155,74.29346758349708,118.96218074656188,119.82367387033399,107.24607072691552,71.74926326129668,42.76375245579568
VYD_01424,75.43595929136826,59.10704862419902,81.88006030908406,76.76177911797964,66.03211458725971,42.015001884658886,30.332152280437246
VYD_01425,56.29309957293774,41.95684423465948,90.44290851876825,82.67992807372445,74.44571813890761,41.05169701056417,23.14036862216228
VYD_01426,80.33593179049939,62.53130328867235,100.24823386114497,88.04920828258221,68.33544457978077,45.93641900121803,30.90718635809988
VYD_01427,46.57911129568106,51.38704318936878,106.4327242524917,101.79661544850497,92.94035506644519,63.96070390365447,41.94206810631228
VYD_01428,72.69024390243904,45.35298570227083,81.96585365853659,84.33591253153914,72.11505466778807,47.806139613120266,32.64365012615644
VYD_01429,64.47550200803214,53.65220883534138,81.52811244979921,94.19236947791165,79.3421686746988,44.63012048192772,30.495582329317276
VYD_01430,66.10498177399757,60.14167679222356,78.77934386391249,75.47217496962334,69.82624544349937,49.10473876063183,34.07825030376671
VYD_01431,79.46242774566471,74.44553134726544,109.26856380613604,121.36771898621609,99.03423743886171,75.9737661182748,41.763005780346816
VYD_01432,80.04401184934406,54.87939060516294,87.53279729157852,96.94667795175626,90.46677951756244,54.512060939483725,36.47228099873044
VYD_01433,49.29074118945695,55.689147349433256,93.87359664001289,105.82357375548554,108.02595374633172,72.5828016046092,48.816412244568305
VYD_01434,77.07137504683399,65.3242787560884,68.36886474334955,57.505432746346926,43.489696515548886,22.812851255151738,14.301798426376914
VYD_01435,78.3829838905529,80.44414312312799,138.8734315550878,151.94248360722088,117.09888286246259,71.52825224641786,38.844167408726626
VYD_01436,73.50536387358655,60.7900840823427,87.68106697593505,83.95360974195418,78.139750652363,50.22673238619888,37.67004928964918
VYD_01437,47.15637004564558,44.040312740091274,92.32317982555247,97.00614633705426,79.10692818728249,41.702987300583,24.518958738193145
VYD_01438,85.2054794520548,85.93476842791911,87.73972602739727,69.18362687540771,58.63698630136985,38.56425309849968,26.173515981735164
VYD_01439,61.742205809246514,48.155315673602715,93.78836730345859,88.3096370996378,73.30132803067964,46.168240891982116,31.08898515730417
VYD_01440,71.06736050881757,58.44694998554497,93.15900549291705,92.11564035848512,78.95547846198323,53.61144839549004,35.992772477594684
VYD_01441,62.413048525655896,55.234501973531465,86.7364755049919,101.1465056884142,87.1360575806826,67.94706292082657,45.44671465056884
VYD_01442,64.54660480809784,57.61085336707436,87.43371292000563,95.84999297061718,85.06396738366372,60.34612681006607,38.83537185435118
VYD_01443,57.84286961352275,30.186572494246498,71.99650821363386,69.14578208078728,55.88992937068489,48.805174192524404,32.109673835409886
VYD_01444,79.93854599009236,68.9714821261213,81.72245280492707,65.96545722318918,60.72352389878163,38.91886464051415,28.04672646940688
VYD_01445,74.66692058655495,51.03980194248714,75.77851837745193,79.75357074842886,59.908779280137104,51.13997333841172,40.18739287754713
VYD_01446,92.40481481481483,86.73185185185186,135.37629629629635,130.06444444444446,105.7203703703704,81.48333333333335,59.49407407407409
VYD_01447,72.92397207137316,63.47556245151282,99.81949831911044,102.23558313938453,75.94026377036464,48.761313679855185,37.07783811740368
VYD_01448,75.74004390090936,82.48918156161804,102.14738162433363,85.03731577296958,71.28629664471619,50.171840702414535,33.74851050486045
VYD_01449,73.46606613327361,87.96514295305765,133.32428803222732,130.59044368600678,115.91338891064733,77.32412018127901,44.865383539416996
VYD_01450,61.18444995864349,54.05624483043838,76.17204301075269,68.18114143920596,64.23407775020678,42.79652605459057,30.68899917287014
VYD_01451,61.4668721109399,53.37519260400616,85.03697996918335,96.78505392912172,82.80161787365176,51.348613251155605,35.03890600924499
VYD_01452,72.3328227571116,68.95557986870897,113.53216630196935,119.0881838074398,100.17242888402629,56.23982494529542,34.95798687089715
VYD_01453,62.011904761904766,65.5789835164835,106.527586996337,100.20787545787546,88.6470924908425,65.21119505494504,49.1963141025641
VYD_01454,69.18970709006297,74.32165343553247,99.72652614289629,102.12619764577062,85.90117711470026,61.27758007117438,39.50314809745415
VYD_01455,55.87202680067001,39.92060301507537,72.28743718592966,79.15209380234504,68.72998324958122,42.48710217755444,30.8857621440536
VYD_01456,60.20320751026794,39.80833170350087,57.7811460981811,32.31918638763934,34.702522980637596,28.034226481517695,18.221983180129076
VYD_01457,63.983185926717844,71.89940713383224,93.1324715715813,102.83866264943143,85.10059286616777,42.7430265331908,22.94178248615026
VYD_01458,66.30857611817811,56.68670496512104,84.66034058268363,94.74917931883463,85.4287033237587,58.855560114895354,42.17398440705785
VYD_01459,66.57346566278804,61.44638375541863,84.6358658453114,80.08293406342685,74.64955509924707,46.39653205566962,35.3826146475017
VYD_01460,43.27339945897205,45.37547339945898,77.43354373309289,78.36104598737603,66.92425608656448,47.429395852119036,23.23011722272318
VYD_01461,76.66875923190547,63.89254062038404,102.37961595273265,71.80059084194978,56.039143279172826,45.303175775480064,31.40029542097489
VYD_01462,57.20444600035008,50.04568527918782,105.60633642569577,104.5991598109575,94.80990722912654,62.16663749343603,41.039383861368805
VYD_01463,72.71300702469978,51.78699297530024,104.40335372762293,113.58769544527532,86.4443689100385,60.87548153183774,35.25458871515975
VYD_01464,58.525719026548664,59.7007743362832,103.73714048672568,103.17353429203538,101.44966814159292,73.68874446902653,45.879424778761056
VYD_01465,92.44858382240369,68.29650421025774,126.77366675172237,144.53712681806581,141.82597601428938,82.34651696861445,59.00637917836182
VYD_01466,74.86850086655112,70.15879549393412,110.65901213171577,106.69909012131716,97.20927209705374,61.67439341421143,35.9113951473137
VYD_01467,57.84879934879935,34.96438746438746,73.97598697598696,72.60866910866909,58.05738705738704,37.259666259666254,28.17439967439967
VYD_01468,54.44996468095127,62.67883211678832,92.88038615493289,77.89686837767837,60.95078879208854,50.490934777490004,34.78196373910997
VYD_01469,77.03383048381231,75.16042197162606,99.05129137868316,88.88104765369225,77.7551837031648,58.85667515460167,33.01891596944344
VYD_01470,86.80658923915621,75.65141818756419,106.95370150904638,109.6741723947223,95.53820020541997,66.69431934897686,41.455716204471834
VYD_01471,72.43379310344831,64.6137931034483,99.45241379310349,88.92482758620693,79.3231034482759,57.465517241379324,37.264482758620694
VYD_01472,85.70150669054898,69.50163312611951,67.15203877357497,43.24960488884208,38.568643978505946,33.79201348646087,22.19123380044253
VYD_01473,77.67429679922407,89.68341416100873,134.3094083414161,130.09582929194957,112.43802133850633,71.25198836081475,45.04539282250243
VYD_01474,61.95138329304325,55.94856298683857,100.87281762019877,102.85804458769809,88.72884770346492,65.68264840182647,44.5296803652968
VYD_01475,71.051143024619,48.08865767878078,95.51546014067995,100.00703399765536,78.43588804220398,47.42416471277844,28.99780187573271
VYD_01476,78.2908943089431,65.0170731707317,129.609918699187,149.82292682926825,121.73772357723571,82.18455284552844,54.041463414634144
VYD_01477,72.59436008676788,65.10480648475853,109.70396163945652,106.83251512729763,96.45393309738553,61.025573695627344,44.59116337481447
VYD_01478,66.7750535586765,71.34944060937873,98.16234229945252,74.44513211140207,58.51202094739349,43.24351344917878,20.976196143775297
VYD_01479,65.27849636216652,50.72844246833738,73.67266235516031,80.7366612772837,70.64254917811908,43.294529776340596,26.046752896793308
VYD_01480,83.17253230684628,83.97415452295849,131.61946659334617,128.58564751168544,105.97772889744294,63.67803134451471,39.73274676931538
VYD_01481,65.37840854728111,62.908148620634655,84.06298835911333,86.7893477914208,83.89682666241426,62.43198851857756,45.50151490990272
VYD_01482,71.59095982142856,64.87444196428571,101.97667410714281,94.13716517857142,77.37399553571424,53.01919642857142,36.43013392857143
VYD_01483,73.63506672802576,88.80963337935266,113.25709464641814,112.27596257094642,93.94554379506059,62.009357263383954,36.61619880349747
VYD_01484,63.75701607100023,52.93699528264174,90.52762453026307,80.21811785400175,70.72511393619574,48.050371791796614,34.15127528583994
VYD_01485,61.75790882829564,60.38561262594236,88.61741703656733,104.36024800958215,83.30352990911013,42.882970478404836,22.987881349961246
VYD_01486,79.90571105456604,47.850720949957605,103.1342945999435,112.72424842144945,93.78159457167094,67.0976345302045,43.93139195174819
VYD_01487,91.75059523809524,61.402876984127,116.48670634920637,138.88898809523815,130.0210317460318,82.87976190476192,52.62083333333335
VYD_01488,57.73957685127567,52.34100808960795,86.3982576228998,94.40634723086494,79.19539514623521,49.03049159925325,33.56222775357809
VYD_01489,68.80411812516935,63.888106204280696,98.03847195881877,90.16526686534816,76.0178813329721,46.0549986453536,34.739907884042275
VYD_01490,71.47073309338889,72.70193218412578,105.62492896381889,102.7074256487971,90.49299109679863,56.774862663383196,40.51505967039213
VYD_01491,71.42780580075662,83.50945775535939,135.60403530895334,136.57755359394707,106.203341740227,82.7578814627995,43.92213114754097
VYD_01492,67.20218813686584,74.52885337337764,116.16325217204765,106.16099967821518,92.99420787300228,65.69049662125924,42.55325538989595
VYD_01493,84.75687815833805,40.255474452554736,61.03200449185851,47.244525547445264,31.6100505334082,25.699887703537335,24.478102189781026
VYD_01494,70.37317448116833,57.20176787086855,104.41775557263641,119.64988470407377,96.02574942352037,65.04573405073019,41.11606456571867
VYD_01495,59.307960488088305,56.858919233004045,76.35374782103425,60.14468332364901,57.00476467170249,46.724811156304476,32.50737943056361
VYD_01496,77.56328838625492,75.76903001304916,88.5437146585472,89.965202261853,82.70639408438454,61.551109177903434,46.57024793388431
VYD_01497,66.71266516548411,59.01312826613419,91.85444194247351,85.98665930237497,76.08348557590173,48.44916514424098,35.166928665505374
VYD_01498,82.64211918340362,79.91941482767173,102.74832630795937,99.24390445491366,88.75064054880573,59.884453260600054,37.00272749814036
VYD_01499,66.39193624003752,70.5335208626348,100.15236755743086,91.24941397093296,76.39803094233474,44.92967651195501,27.660103141115805
VYD_01500,43.802904564315355,52.08039419087136,74.79356846473027,40.556275933609946,33.182053941908705,19.54045643153527,16.726141078838175
VYD_01501,69.55676560207652,67.54251777451752,111.91067599593725,111.72994018733779,96.13838731520144,67.49921002144227,45.323242297709065
VYD_01502,51.2912457912458,50.96228956228957,99.72323232323237,99.60808080808084,85.3744107744108,57.60942760942761,43.078787878787885
VYD_01503,67.72095935272587,51.415719514544385,107.47948372182624,123.97900211905224,98.34251589289157,46.944904642650755,27.40146407243305
VYD_01504,69.92080416734491,58.79496988442127,108.69282109718375,109.13926420315804,96.0044766400781,58.28593521080905,42.913397362852024
VYD_01505,71.57444148049349,67.97557519173057,115.73766255418467,123.59586528842944,107.60545181727244,77.54759919973321,42.96615538512836
VYD_01506,66.93823733518393,57.22553782095766,85.42910016192461,89.68517233402733,86.13254684247053,60.996298866527866,35.59195003469813
VYD_01507,92.69321009598292,84.80199075719871,111.82936366868113,111.86692736106173,87.89619623178098,66.36663111743096,41.3768218983292
VYD_01508,64.41874610106053,60.35184029943855,83.53836556456645,83.57953836556457,68.68590143480974,50.36369307548348,32.42482844666251
VYD_01509,61.14756003098373,52.84430673896204,105.99341595662275,110.15143299767622,108.210302091402,67.54879938032532,48.22153369481021
VYD_01510,48.43177907777012,46.625946317962836,76.62379559532005,83.73890227116314,74.62035443909154,60.962233310392314,47.10925671025466
VYD_01511,63.57721712538226,58.61697247706424,112.49337410805302,114.30861365953112,99.83103975535168,62.80963302752294,38.61340468909276
VYD_01512,72.4377758164166,55.86849073256841,93.90776699029126,77.0467784642542,76.36363636363637,53.04148278905562,37.79611650485438
VYD_01513,50.61414503133395,26.30617726051926,71.18531781557745,80.34318113995825,78.68487018800363,60.81438376604001,42.86392121754701
VYD_01514,65.95921417894513,59.86013239376468,99.4875080076874,89.45547725816786,83.5821054879351,60.92184497117233,39.386931454196045
VYD_01515,59.942981908920785,47.585152838427966,106.51391141609483,109.15658140985656,92.1640673736744,65.36007485963819,39.88820960698691
VYD_01516,66.56523702031602,61.521294206170055,101.96102332580888,102.52761474793078,93.08306997742663,67.42994732881866,50.69811888638075
VYD_01517,80.43260309278345,68.17164948453605,97.29619845360818,81.33627577319581,64.86752577319587,41.27615979381442,29.322873711340197
VYD_01518,78.36053958304944,88.28995775991278,97.80010900667662,109.99441340782121,90.90884316664396,60.28300858427576,36.38929009401826
VYD_01519,62.52004238036377,64.20748719759845,112.0457354758962,112.76425922655841,97.78686208723295,59.603743598799255,34.54441108952853
VYD_01520,85.29179769392032,70.5068789308176,94.65598794549264,78.46743972746336,62.45918501048221,46.19955450733754,30.794352725366874
VYD_01521,75.74206742687156,67.29647992067427,102.36514625681706,84.8014377788795,72.64687654933067,50.76388200297469,35.138696083292004
VYD_01522,61.55138662316475,48.059053833605205,64.0058727569331,43.47438825448613,32.71353996737356,27.41924959216965,23.501468189233265
VYD_01523,64.4111004324844,53.28255646323884,74.78159538683327,57.91206150888995,50.79769341662663,34.687890437289774,25.565833733781844
VYD_01524,68.91778232792566,64.32745314222713,88.08725783587967,75.07103480863128,65.77382264923611,43.286029295952126,30.538825011812886
VYD_01525,68.4080874548928,46.56718318828274,74.64232646996392,66.91912545107193,45.45128422840162,27.206113351729986,21.768732753130966
VYD_01526,67.607667969477,66.16862088218872,91.34170854271356,96.24269495626278,81.08356597803832,53.93039270426205,36.71635957565606
VYD_01527,79.92312717770032,34.58471254355398,79.08340592334493,91.7819033101045,76.30564024390239,51.063153310104525,35.75696864111497
VYD_01528,84.97256990679098,73.26737683089216,83.65059920106526,69.76990679094544,48.43288948069243,24.047270306258326,23.939414114513987
VYD_01529,70.54604710271177,57.65687580707973,97.33219915141325,107.98450406870678,85.60569413983232,56.734355463545576,36.29216799557257
VYD_01530,71.06742424242425,58.32689393939394,79.49469696969697,64.27083333333334,54.433712121212146,37.51742424242424,20.298106060606063
VYD_01531,63.928247489472,49.480887593132515,68.13621639131847,57.96469063816004,47.666342727567226,39.27372853903467,25.56268221574346
VYD_01532,62.59753038780629,58.08933050356936,107.55797800501638,118.3770982056724,100.77445494887131,60.88809569747251,37.374107659656566
VYD_01533,70.64700511322134,67.20489408327246,124.81227173119066,138.2534696859021,102.88130021913805,67.55898466033601,44.72279035792549
VYD_01534,65.17297297297297,59.72275501307759,78.73234524847427,63.52938099389713,65.89241499564079,48.635222319093295,28.146294681778564
VYD_01535,64.04431835608035,52.98389817512652,100.91335684710938,108.50958441956756,90.4939426468333,65.71016715227726,38.40637938966415
VYD_01536,63.52767754994279,63.77831558567279,96.45595353339785,101.21411599049544,100.36416439320597,77.74328962421892,49.8658804893074
VYD_01537,81.0980235042735,82.29246794871796,109.39983974358975,92.9583333333333,72.88114316239316,50.692040598290596,40.948450854700845
VYD_01538,70.85236686390532,79.27781065088756,103.97825443786984,105.50384615384614,88.93343195266272,54.644230769230774,39.03076923076923
VYD_01539,74.78637076888592,44.875364268101315,60.92692221475006,61.19793768213404,55.99439587536427,37.70230889934992,27.377045505492045
VYD_01540,63.044044044044064,66.28053053053053,92.89039039039041,94.98923923923925,76.54004004004004,49.46121121121122,37.27627627627628
VYD_01541,69.24685744851564,52.87162342872425,105.66702326825352,110.47044664348755,90.01765177855042,58.91361326557902,44.35571008290986
VYD_01542,76.21520829543385,60.364198653811144,90.35255593960339,104.89430598508275,95.29361469892667,61.494815353829374,44.169001273421856
VYD_01543,69.13240131578947,57.06620065789474,91.49835526315789,84.56866776315789,67.12088815789474,43.57072368421053,25.05838815789474
VYD_01544,58.19429506663549,43.03694178162263,63.92144026186578,54.38110825344868,57.54267009586158,42.29740472293664,31.509235445405658
VYD_01545,69.26140850243317,67.66789091910748,93.83344045542188,70.88348177394177,53.5475162978606,38.03351391056834,21.67753190707923
VYD_01546,64.13652447414982,56.79359150776489,113.07676430115983,108.88097110281107,95.06270886573623,67.31098879496756,46.886082170237884
VYD_01547,56.4120395088094,20.887079551521627,70.38093966898026,67.30445808862788,56.733182060864934,37.58969567538708,32.80672717565404
VYD_01548,59.521382289416835,53.53680962665844,80.19006479481641,82.59975316260416,75.10151187904967,43.152545510644856,23.740265350200552
VYD_01549,62.869634906500444,47.43045414069459,67.93232413178985,61.406767586821026,54.94977738201246,32.644523597506684,21.347284060552095
VYD_01550,58.17484081913612,44.10944759938047,71.07829977628636,61.22388573395284,57.00739975907761,34.42247461710549,25.145069695405258
VYD_01551,54.487354476114014,37.702529104777206,62.21316740264956,62.213167402649546,50.68566840626256,31.118024889602573,26.302689682858297
VYD_01552,75.7664654226125,62.33562019758508,74.08232711306258,52.84906695938528,49.322996706915475,32.014270032930845,22.0192096597146
VYD_01553,63.7632618291644,50.88468984744057,110.74359172926505,120.9155115000387,89.80035623015561,54.453419035080934,33.12886238674203
VYD_01554,51.95931746744499,45.35895823978445,76.11962281095646,82.62918724741805,74.31674898967219,42.006915132465195,25.567220475976647
VYD_01555,74.64497214892994,55.110231603635306,85.95279976546466,74.36675461741426,61.92143066549399,44.97771914394606,22.154500146584578
VYD_01556,68.01023823587322,64.19708604055917,99.71825162433551,93.95077771214807,67.55857452254382,49.54538294939948,42.25930301240401
VYD_01557,64.94700442924857,70.75406014453337,103.04646825705179,97.0741316341596,88.42567410055167,62.62483487450461,39.512394125417664
VYD_01558,65.35910716487854,45.888518929584414,89.59797755580219,86.64631890492048,73.77666789986432,40.08940683191515,28.417807374522138
VYD_01559,79.64650592562322,73.3410298324479,77.04147936248468,68.26767470371884,55.62586841029833,37.58786268900695,21.79648549243972
VYD_01560,77.68557557732677,87.1532102869139,134.1900367389783,134.38619664100761,117.68903079076274,77.10160076976904,44.18093946815954
VYD_01561,57.76791157137087,35.70405053064522,62.389005177922215,70.93698358488489,73.34141236091219,53.11156402629357,42.69835848848739
VYD_01562,68.49530716723548,52.9424061433447,75.96843003412968,70.76237201365187,72.1651023890785,54.3660409556314,37.886518771331055
VYD_01563,79.17120052125752,64.6216810555465,98.75769669327254,94.65328229353315,87.2715425965141,59.269424987783026,35.774474670141714
VYD_01564,69.78297381854111,67.73011691091718,84.91050551621933,86.53021570887536,72.15552445249465,51.76074427795159,33.34233492507821
VYD_01565,74.62694775435382,71.3580812710052,76.15337610754659,59.99725022914757,54.37366330583563,36.220898258478464,27.463183623586925
VYD_01566,49.824492468893254,38.652521283562535,71.19751146037981,72.44413883431564,55.770399476096905,32.67360838244924,27.308840864440075
VYD_01567,72.2012338425382,56.58754406580494,109.01292596944774,116.13807285546419,85.16539365452411,49.74529964747357,26.009400705052883
VYD_01568,84.33269598470365,86.33205863607394,102.7405991077119,90.52995538559593,78.10803059273424,59.116634799235186,37.3400254939452
VYD_01569,62.77187967878043,57.09350755410372,97.93003947189325,93.10752688172045,80.34762488090372,48.669252756227024,34.37130801687763
VYD_01570,64.6780193869531,58.06680639245481,80.58213256484149,99.20251506418654,93.34765522661776,60.8721509038512,43.44066020434897
VYD_01571,65.77116653618164,76.3544905491556,103.47175931103907,111.92495246616711,97.04764567721735,59.78844648249637,32.86053014204228
VYD_01572,69.98338031477566,79.21094667606293,111.2282123561193,102.50229034531358,86.58503641061778,65.84038054968285,46.44162555790462
VYD_01573,60.65755528255527,57.23963452088449,82.88191031941034,75.3617168304668,69.1458845208845,43.248157248157234,30.383138820638816
VYD_01574,71.3216468317787,51.983917658411066,86.82791894499839,94.39852042457385,85.25217111611452,54.406561595368295,28.333226117722752
VYD_01575,65.05047757224035,65.13426429694114,96.55561600773794,96.60899528472977,91.38459678394389,61.430479990327655,33.49202031193327
VYD_01576,77.86370668316829,78.8799504950495,118.38706683168314,116.40083539603957,96.53496287128708,66.65625,42.88087871287127
VYD_01577,68.02413381123058,57.987813620071684,87.93166069295101,77.46618876941456,68.2678614097969,56.10872162485066,40.737395459976106
VYD_01578,72.02947571877267,53.09229282435371,91.57211886929211,77.47475235564144,76.5346702101957,49.55955544817589,41.63711041314327
VYD_01579,64.71494870542257,67.85552027357109,103.43368343917926,100.36370297997071,82.64594528578405,52.136785539814355,39.32608695652175
VYD_01580,71.75903361344535,73.44296218487393,110.42662815126047,89.53156512605037,73.71662289915963,56.37765231092437,39.45997899159663
VYD_01581,55.5285379202502,61.10633307271305,94.07610112066716,97.49283294240291,91.55798801146727,63.637216575449564,45.86656241855617
VYD_01582,61.07284339881962,72.19532702724553,100.59673376990861,101.45169375050531,96.64370603929176,63.24238014390815,46.830220713073004
VYD_01583,74.44812292095675,54.444479645176585,92.90495802312687,84.36242673847616,71.20513226675114,39.163947410106125,24.404878821479482
VYD_01584,68.19539025667888,63.03701763576043,99.67347651475468,94.63506198707876,89.8938362144229,64.10267155578836,42.27204470054131
VYD_01585,57.730616864742494,55.680626296925084,93.45312205244292,81.49066213921901,73.05772495755515,45.52820222599509,30.821354461422374
VYD_01586,76.45076769025367,82.56792389853139,117.4576101468625,99.42506675567425,86.55390520694259,64.66889185580774,40.15504005340454
VYD_01587,52.16099616858238,44.5287356321839,91.79900383141765,103.98597701149428,103.19693486590035,74.94130268199235,46.592030651341
VYD_01588,71.84944931445267,53.220184311081134,75.8738592942234,81.41685772083615,66.82472465722634,37.32605079793212,17.916655428186115
VYD_01589,60.54076600209863,40.46873032528854,55.59968520461699,35.74244491080796,31.718100734522555,21.660125918153202,16.25729275970619
VYD_01590,69.13581524985072,50.86430420067692,64.51797730439979,58.49492335257815,63.12430818236113,39.25331475214015,27.160063706948055
VYD_01591,62.30060389174682,62.797137105792906,89.10870051442632,94.34198165958401,78.2603444419593,50.14761798255426,36.40796242451354
VYD_01592,70.3091054313099,70.01158146964856,96.8682108626198,80.82787539936102,62.77635782747604,35.67811501597444,23.342252396166135
VYD_01593,59.95414069456812,25.110715345799935,51.23152270703473,26.146334223805276,25.901009201543477,23.34772929652716,25.29296527159395
VYD_01594,53.74551596837671,46.73301292097657,81.70731027757462,66.39504753944209,64.5399993034514,50.42458120015326,39.943161634103056
VYD_01595,91.98100526008182,80.85476329631796,127.78404441846874,131.53302162478082,108.3427819988311,67.58328462887201,38.19140853302162
VYD_01596,76.71014102218632,53.564178568220605,67.93667475074105,58.330369172729746,70.02038983203092,54.552591394951946,42.6537321476691
VYD_01597,64.94290171606866,45.752841542233114,95.61453086694897,106.45714285714286,108.7100512591932,65.9547136171161,42.74227769110762
VYD_01598,70.37692019482952,56.53503184713375,91.90932933683025,79.09291869614086,74.44660921693517,46.085425252903704,33.657924316223294
VYD_01599,50.423517329910155,35.2386136071887,75.9090629011553,91.61412066752246,87.03168164313223,64.22192554557125,41.6423106546855
VYD_01600,87.48251551043428,73.053581500282,85.64326001128032,39.605470953186675,40.49887196841511,26.583192329385216,20.260575296108286
VYD_01601,68.67258230452678,65.070987654321,94.16576646090536,74.27507716049384,65.85480967078192,40.046553497942405,27.497427983539097
VYD_01602,52.11199999999999,64.59914754098358,94.63954098360651,94.53921311475405,71.26111475409836,38.74931147540981,31.091016393442622
VYD_01603,43.6335085531005,37.08303635067711,67.80675338560228,78.94195473984315,67.583437277263,42.90137205987168,36.00329650748396
VYD_01604,55.768018340736496,49.63060610402637,90.04226966614128,100.86043845823185,91.53073506232987,63.5975068061327,45.56813297033961
VYD_01605,54.06881143878464,49.600089365504935,87.21805183199288,78.6952636282395,65.42716711349422,45.78507596067919,30.591152815013416
VYD_01606,64.38240783947737,62.715352309846004,100.48460102659821,95.25734951003267,87.81824545030331,55.51983201119925,31.625758282781156
VYD_01607,55.57271028037383,25.611962616822435,61.660560747663546,57.50728971962616,51.382056074766346,35.27850467289719,24.112523364485977
VYD_01608,71.40678987545199,58.13137806347933,90.26858175974287,65.66633186018484,50.70670952189635,28.90076335877862,16.22981116914423
VYD_01609,61.312095808383226,53.714730538922154,84.55856287425148,102.17053892215566,91.21077844311375,70.39760479041915,44.03640718562873
VYD_01610,83.44487928563557,52.95226546136038,75.66525190166465,77.55682945650979,59.951493771359274,24.71144306030206,13.68526072097894
VYD_01611,53.275978835978826,26.581375661375656,75.2031746031746,69.87047619047618,59.496931216931216,40.77417989417989,26.784973544973543
VYD_01612,76.09205350118016,78.43587726199843,109.83267768161548,92.90978232362966,82.42433779176498,63.68686073957513,44.06923682140046
VYD_01613,56.8885463475807,58.61040861114014,85.40976068554707,97.16793813355625,68.53830076288011,46.74683875013063,32.92339847423972
VYD_01614,70.2224971878515,51.03070866141733,91.15871766029248,90.1980877390326,84.98470191226097,62.51721034870641,45.227896512935885
VYD_01615,79.44797801334904,61.52689438555163,102.82410679230468,77.10365135453475,65.22614840989398,48.219866509619166,29.374558303886925
VYD_01616,65.01931868455978,51.69031116354516,101.51150272821111,98.3158088777466,77.51305117239342,47.97669960182863,30.738312933195687
VYD_01617,89.46366008199779,74.02529151802352,89.04616367605558,97.31095255843672,80.45945370321068,53.05457643362972,38.917097066183906
VYD_01618,92.39347711730672,95.4255654918464,118.55163948798881,110.68209714185518,87.32596878835703,50.178327196212514,33.9330177099772
VYD_01619,51.07835668616516,43.276152904366754,61.6339273568222,43.08434226635832,36.04230716909263,29.403890627125556,29.92586042715277
VYD_01620,57.59334577514641,62.979921487869234,104.61696376858227,95.63112169380271,73.4985520303752,45.13186176716648,36.33206770062425
VYD_01621,66.62706502636206,63.98066783831284,91.86924428822502,87.12196836555367,74.14340949033395,53.42460456942003,38.174692442882254
VYD_01622,74.6928009326727,73.15534829495773,111.08772952491982,116.81929466627803,80.4631302827164,61.613232293791896,43.49315068493151
VYD_01623,63.71188464364439,71.60865172667155,91.56566862601026,88.38005143276999,81.7338354151359,52.53894195444525,34.03949301983834
VYD_01624,79.43967661691542,75.53233830845771,81.83623548922053,85.30306799336648,82.03254560530677,60.113805970149244,46.48548922056382
VYD_01625,74.54663865546216,61.057563025210094,99.40987394957982,106.2473739495798,89.21638655462182,54.08644957983192,38.831302521008396
VYD_01626,69.92268545703661,59.78567234292427,74.31904482286161,66.56723429242511,59.7298884321785,37.92679585045997,27.921902524955964
VYD_01627,50.692664092664096,64.98108108108109,100.36718146718148,93.18108108108109,84.06332046332048,51.288030888030896,38.8930501930502
VYD_01628,61.760262008733626,71.29650655021834,115.60873362445415,116.61397379912661,89.61484716157206,50.14803493449782,31.90305676855895
VYD_01629,71.75673249551167,59.08587672052664,98.97217235188513,94.68447037701972,82.06807301017356,52.57301017354878,35.17773788150808
VYD_01630,51.75938622265754,47.0237512242899,78.35814560888018,70.96082272282075,67.81178583088477,49.51134508651647,39.270731309174
VYD_01631,87.40471253534402,67.4652214891612,106.16569274269558,98.95513666352501,80.33270499528747,43.43996229971726,25.40961357210179
VYD_01632,86.88526063511082,81.85590173756741,102.52546434991014,103.92300778909527,97.24985020970642,64.79029358897543,38.230976632714196
VYD_01633,74.60675339582933,77.87841974363879,130.6537210637076,129.32341687392378,100.0301320068873,75.07595178878896,44.71044576238758
VYD_01634,74.26532386610636,69.34879003043037,95.87248224894942,95.00623098101723,74.91131720040573,45.09375452832924,35.05825242718446
VYD_01635,68.18813503769256,62.8883972468043,103.1728941330711,82.50475254015076,65.02294329727957,38.78433300557194,26.992625368731556
VYD_01636,58.82966006723945,63.27530818079941,100.60104594695555,102.05005603287263,90.86215913335825,63.31527829660069,45.78931639895406
VYD_01637,61.45052083333334,52.541796874999996,94.95611979166665,84.99453125000001,65.21106770833332,42.97187500000001,28.077343749999994
VYD_01638,65.5444703530979,65.08411059293803,89.86175882744834,83.92421718854095,65.82978014656895,39.38657561625582,29.570952698201197
VYD_01639,79.97278000892456,65.59080767514502,103.48984828201692,83.51494868362333,63.62115127175366,37.97411869701025,28.280343596608645
VYD_01640,75.12518597236982,76.26376195536663,97.81147715196603,111.75387885228479,88.28799149840597,45.333262486716265,29.010201912858662
VYD_01641,52.3182705099778,66.91831485587582,106.49631929046559,114.59059866962302,115.7522394678492,68.66403547671834,38.48274944567627
VYD_01642,56.027661064425786,29.63033963585435,69.68084733893555,70.40458683473389,60.856967787114854,38.3327205882353,22.28545168067227
VYD_01643,85.43859242967935,78.76993865030677,117.93928695450863,115.38413010765133,96.9534668364394,57.66761199212872,32.062565111702746
VYD_01644,79.9707286926232,77.65228383617057,113.28507219506716,113.76796449238722,103.80931513006348,74.70588235294119,42.634249115118834
VYD_01645,58.86025029797377,43.2261620977354,70.77771156138259,55.847735399284865,53.026221692491056,29.81615017878427,15.182061978545885
VYD_01646,62.15645131603167,59.26872814283085,101.49512240014725,104.23596539665009,100.05853119823301,65.12571323394073,41.786858089453354
VYD_01647,77.25538582060322,69.62749706227966,63.19780650215432,45.07598903251077,44.361927144535834,32.64629847238542,23.77359968664316
VYD_01648,68.21635587508422,74.55597992960382,119.36194113682312,103.72275893057734,90.73189545420503,65.14408747098028,42.80281584662621
VYD_01649,79.91884846424118,53.52431145868752,97.15470928255696,55.603422872039,32.76606596395782,24.311345347387505,11.42570554233254
VYD_01650,64.8355776045358,63.93532955350814,101.57441530829198,85.10364989369242,71.41318214032603,42.448618001417444,27.470588235294123
VYD_01651,60.79058730472614,62.09175400435042,74.21119240656517,63.37492584536288,59.730670357919735,37.16828158987543,23.215345066244815
VYD_01652,63.3728088336784,58.00151828847481,95.14175293305729,89.99461697722572,84.67508626639062,56.09385783298828,42.658247066942714
VYD_01653,66.97372231069929,57.939771246561456,85.68922831909657,85.24366584624295,79.46069205154188,56.68864919646733,38.54705371362387
VYD_01654,50.66512573964497,49.32636834319528,75.07119082840238,84.47577662721893,85.17973372781067,49.62222633136094,33.19415680473373
VYD_01655,72.3089807555239,61.44333570919459,109.22523164647187,107.97897362794014,93.99501069137565,61.39130434782609,44.202066999287254
VYD_01656,62.4113848599245,66.09487383270411,97.30945757997213,87.82048480031789,72.94267832306771,51.106695807669375,50.30151003377706
VYD_01657,80.32228028503565,85.47724465558194,130.879809976247,126.0980522565321,102.70175771971495,70.08437054631828,43.043990498812356
VYD_01658,65.46476130235034,66.97228510553295,100.29096477794788,93.51739463346419,88.29479326186828,70.47536453825153,39.11869964711362
VYD_01659,69.02848664688426,64.09436201780416,84.02166172106824,90.40267062314538,74.14480712166173,48.3326409495549,33.97893175074184
VYD_01660,49.951652857264875,54.07943965149056,99.38207909797553,97.52225164431538,80.49039036473906,52.866660972068,35.90458699923122
VYD_01661,84.42687363570215,63.16395828280378,93.7319912684938,101.25879214164443,65.52364782925054,41.914867814698034,25.561726897889887
VYD_01662,77.86834319526626,73.29437869822488,100.37781065088757,104.81420118343198,89.59644970414202,70.89408284023669,50.115384615384606
VYD_01663,81.61162685894548,70.4970707525913,92.32897701667422,84.4855340243353,67.8939161784588,46.73853086976117,26.418296529968465
VYD_01664,55.29596735477678,64.9938790206433,110.89942390782528,112.91040566490636,96.85285645703314,71.50822131541045,50.854176668266916
VYD_01665,75.18722726328184,84.80681582046127,129.75292650827728,121.68677703123913,115.14622151416495,77.72916810971803,43.25559326729927
VYD_01666,57.14443500424807,39.827810818465025,83.69413763806286,92.86151231945622,74.2965165675446,49.107901444350034,32.19852732936845
VYD_01667,85.3589920132195,88.39080143211237,81.64913247039381,76.8518314513908,59.61043789589644,42.321261360506746,25.888598182318916
VYD_01668,55.83630088634403,44.09812534316417,70.69856459330146,76.11804847439014,67.92964154051299,38.55863204957252,23.624048945015286
VYD_01669,57.244323992636545,34.829924319901835,73.04510124769892,74.35671916547349,65.23593781959502,43.46901206790756,38.05369196154634
VYD_01670,62.83852175496087,55.656835973056616,77.04551247041688,74.39213544511195,67.54505734571273,44.52812670671765,32.348079373748405
VYD_01671,75.86901874310915,59.874310915104736,92.97442116868798,100.73450937155455,87.40485115766259,53.70760749724366,34.6103638368247
VYD_01672,71.70899266692398,63.01929756850637,89.3314035764827,96.5583429821176,87.18988807410265,55.03447832239805,38.68763669111025
VYD_01673,78.63446650959273,75.02909073424051,103.1027552050777,108.98783478386308,94.76833197095735,71.89325383468771,50.989373467327006
VYD_01674,61.06989924433251,46.83249370277079,93.08627204030232,105.4215994962217,92.5802896725441,59.63444584382873,42.236460957178856
VYD_01675,75.45649179917365,68.08977087767619,110.66946287717543,116.33103793664705,93.9053461875548,51.37823963941405,33.67534743958933
VYD_01676,72.84575467477853,71.07014404580835,104.10924219379079,97.47553010646863,77.67871521875279,47.36834570994005,40.34302585666993
VYD_01677,64.21948786165613,51.07283006318589,92.73960758230794,72.85999334885265,58.39674093781177,37.31127369471233,28.432989690721644
VYD_01678,62.01465083258035,55.81747773331612,93.91461210791273,95.28946689040919,80.65057441590295,43.74060926810378,36.189105460178126
VYD_01679,56.5778284597214,36.44994705546957,78.1420542477804,54.03046346827399,65.33656430724118,51.73576606662863,34.652928239797994
VYD_01680,69.28223322332235,70.76210121012102,120.84928492849285,117.97915291529155,113.38822882288228,72.2953795379538,36.594279427942794
VYD_01681,49.906958712928876,38.0017445241326,69.83388253537508,85.43923240938169,72.45357627447181,49.629773211862776,41.61368482264006
VYD_01682,59.742467491278155,44.56084152658843,70.616555661275,56.764880008457574,49.8749339253621,32.672586954223505,19.207315783909507
VYD_01683,67.55990300892756,69.94048275101947,118.6259230684448,111.12283698886803,98.33494985120686,64.53119144715083,40.88763363826738
VYD_01684,65.08050793650793,69.50044444444444,102.0143492063492,92.13092063492063,93.00355555555555,70.37079365079366,44.681777777777775
VYD_01685,58.14080926488242,51.506037709201344,83.24221453287194,85.32949650448417,80.29807217004452,42.91356542617048,28.114257467692966
VYD_01686,67.55350877192983,72.0450292397661,87.26198830409356,100.57456140350878,83.9377192982456,55.517251461988295,37.91666666666667
VYD_01687,75.33603375527426,82.45535864978903,122.77248945147682,118.19628691983121,97.01232067510549,68.85518987341773,42.15341772151899
VYD_01688,83.9114832535885,67.86842105263156,92.71076555023923,83.74784688995214,64.62464114832535,38.6578947368421,26.850478468899514
VYD_01689,85.34686542781293,78.50663671635694,114.40661629569125,108.65897488258116,84.25717786399836,52.29230140902591,25.813395956708185
VYD_01690,81.01847679134745,79.44840018026139,109.45606128886888,97.88373141054531,80.77106804867057,61.65660207300586,46.18116268589455
VYD_01691,50.41068654861757,56.6672879776328,76.78906492699595,67.94780987884437,55.55358807082945,28.741534638086367,17.667287977632807
VYD_01692,46.502816180235534,31.3200204813108,51.53149001536098,62.357910906298,58.93906810035842,39.53712237583205,25.831029185867894
VYD_01693,74.38272062227982,31.67700713028983,72.19825909806463,70.2243726270951,59.00888971201036,37.60255579220297,28.74423557736827
VYD_01694,48.45465980560319,65.07192681532304,103.27387078330472,105.34831332189823,76.25946255002859,48.21097770154374,34.968324757004
VYD_01695,49.555416405760816,38.06856606136506,80.7489041953663,88.47213525360051,78.77676894176581,62.37288666249217,46.31715716969319
VYD_01696,73.02614982310412,62.360021535148434,84.78687894170126,82.7111213659437,71.06929703122594,48.67112751884325,32.94823873250268
VYD_01697,57.43465909090908,61.051136363636346,103.65980113636364,104.37073863636361,82.71022727272727,55.371448863636346,40.23650568181817
VYD_01698,75.8210388476648,75.31209079004802,101.14709733740725,100.3321693583588,76.70144041903099,50.36927106067219,42.98734177215191
VYD_01699,82.7304354445798,55.80252740560293,105.13238428745431,98.21338306942754,80.70965286236296,47.77070645554203,29.398447015834357
VYD_01700,62.26730721852673,56.33481152993348,70.20768662232076,57.575757575757564,53.62897265336289,33.28258191672826,23.74821384577482
VYD_01701,76.67832990296971,67.0005880623346,103.04528079976477,108.30961481917083,97.73184357541898,67.6700970302852,48.10849750073506
VYD_01702,85.09994074659295,62.26348015010866,74.08295476989929,72.53031799328464,54.63677661465536,44.1819079597077,22.903416946474426
VYD_01703,79.21244227112197,35.31839174137462,48.834691659875034,39.40179299103504,42.768948655256736,36.714615593588704,26.37082314588427
VYD_01704,57.609879315183825,48.834689868088695,62.990457479652,58.56890261015998,55.32669099073815,42.103283749649165,23.795116474880732
VYD_01705,51.262019106635655,38.17304415182029,79.81776400722953,62.01409759876065,53.20180738445649,35.99762458042863,30.784972889233146
VYD_01706,56.187717601547384,49.53742746615086,81.70299806576404,75.09284332688591,76.90154738878145,52.64642166344296,38.83907156673114
VYD_01707,64.64407754230325,51.75357318876292,95.94036471168059,95.57696730737634,89.44545753244618,70.30335140463282,50.98735009035651
VYD_01708,60.063163626463364,33.39252654505851,51.4241083582902,46.11291859515381,50.6627416280969,39.63769398312004,27.54648788456302
VYD_01709,65.92703862660946,64.40109246976203,87.27545844713228,83.48888021849397,77.35934451814282,55.45532579008976,40.25673039406946
VYD_01710,78.81163300073011,75.38865904112923,110.74568021416404,111.43124847894867,99.14480408858606,73.52713555609637,49.603066439523
VYD_01711,59.74522774522776,71.05670005670005,108.14231714231717,119.2388962388962,100.66735966735968,67.76469476469477,45.878283878283895
VYD_01712,65.7134317862166,81.55801687763713,102.73241912798875,91.4929676511955,69.55309423347397,45.64521800281294,33.163502109704645
VYD_01713,80.76714451762881,90.99360712901974,118.5862068965517,115.07264626113908,98.24912824486634,64.80143355288645,51.90139480821386
VYD_01714,81.9692854833495,56.21079857743293,90.40543161978664,88.1113805366958,58.72340769479471,35.79841577756225,18.76608470740382
VYD_01715,80.73655913978496,80.37596006144393,110.36943164362519,118.05299539170508,103.59600614439323,72.39400921658986,52.67933947772657
VYD_01716,67.27948370501365,52.690360809352136,88.51073700649962,81.35408006246983,71.35226568062286,48.092303805608495,30.249902390850007
VYD_01717,70.45906690140846,57.098151408450704,87.58010563380283,63.44366197183097,54.856514084507054,34.29181338028169,17.475352112676052
VYD_01718,50.421063387717574,70.8035355427637,116.79692768827273,110.81692155727373,96.58993834939884,56.671991552845796,38.78401852924147
VYD_01719,58.26651028509563,48.11169252977264,72.46030313966077,74.45651389390113,72.45831829664381,57.003067484662566,39.54962107542403
VYD_01720,72.2968548039638,80.74536837570014,112.5394226626454,110.23352003446789,95.17061611374407,65.3153813011633,49.571305471779404
VYD_01721,77.02544910179641,62.12574850299403,80.89948674080411,65.74337040205305,57.82442258340463,35.424508126603946,28.190547476475626
VYD_01722,53.10381652661062,55.58070728291314,64.18399859943978,68.15266106442574,53.595938375350116,34.2142857142857,18.326330532212875
VYD_01723,61.21973895941356,61.09270516717325,98.13382799928483,94.40944037189347,77.539066690506,50.97103522259969,30.92642588950474
VYD_01724,58.59870617696161,71.62207846410688,112.84766277128548,114.93697829716199,82.56427378964945,37.48038397328883,24.18530884808014
VYD_01725,64.67679358190306,75.33629249687645,133.9099099099099,134.84053396462156,128.2685605313342,86.82593542447553,45.88117314394685
VYD_01726,72.93329262707984,44.58517783544497,60.688215539612266,47.64829796977561,35.931231872996484,26.579835139673328,17.457563730728133
VYD_01727,66.72540118243236,63.14885979729725,107.52855785472966,112.60557432432425,103.81957347972968,70.1934121621621,37.230943834459424
VYD_01728,52.273080912863044,48.81396957123097,77.91320885200552,67.7326244813278,56.042704011065005,29.413122406639005,16.532417012448136
VYD_01729,56.007818874082126,55.483614359532226,104.84960565678539,106.24496872450368,93.386864291542,61.076353005167256,42.96090562958932
VYD_01730,72.9299230275818,51.055564464400284,65.84605516356639,54.76727870429764,60.755372033354746,51.71772771007057,40.52874438742786
VYD_01731,60.45018704469385,62.08771411695216,119.49842488678875,107.52697381374286,88.97706241386102,52.70919472337075,30.78854105138808
VYD_01732,50.88229012649909,41.61023492689336,68.17841301133562,60.47297519303434,50.049449646788226,33.13175620174142,29.61984557253163
VYD_01733,60.777970323838396,48.90512292862557,79.11534712444492,77.993230802556,69.74401602945953,40.58491281273692,27.08897433120328
VYD_01734,75.64072520966948,62.90799210656143,109.36766156882096,113.42427232363102,98.091761223483,73.28823384311792,44.27910705476074
VYD_01735,71.59953061659911,74.83763601450823,110.06208662257308,106.77128227010881,88.01002773629186,60.74823981224665,44.22466396415617
VYD_01736,71.09386018237083,61.602917933130676,81.8126443768997,70.52060790273556,52.22407294832828,29.309787234042542,21.210091185410327
VYD_01737,53.02877918885702,70.90843916427693,111.5272429332241,115.46522941417453,111.28640925850065,72.2456472757067,40.61639696845555
VYD_01738,65.34667535082004,62.22339984605361,105.6943572739653,106.32239919474215,83.65841672094261,50.39066848244419,33.84036947125347
VYD_01739,52.970238095238074,44.8095238095238,69.9285714285714,69.07142857142856,66.87499999999999,46.94940476190476,35.50892857142857
VYD_01740,64.5156918687589,50.92475035663337,69.91761768901567,53.81455064194009,53.71255349500712,40.74572039942937,33.66619115549215
VYD_01741,73.65480121217604,81.98122936360758,135.87050522411687,143.37667918042422,116.20928128816314,78.85553394545211,41.088380297616354
VYD_01742,75.06831187410586,50.34549356223176,87.90477467811158,82.14136266094417,74.70708154506437,49.36963519313304,31.937052932761084
VYD_01743,75.06423115244105,57.427034207904356,126.46635669212881,123.68096977748255,75.31291929591498,44.26097641979409,24.648887412819654
VYD_01744,73.01162790697676,45.8822205551388,82.35296324081024,82.20292573143286,61.69017254313581,46.49437359339836,37.922355588897226
VYD_01745,83.3104253112033,66.77074688796681,101.15248962655603,96.05199688796681,86.94904045643155,54.184128630705395,31.70033713692946
VYD_01746,68.97611774507082,71.78950291585672,96.05415162454875,80.68592057761734,79.02915856706471,56.29408497639544,39.42654818106082
VYD_01747,77.91804320203302,72.39390088945363,108.86785260482846,116.48316391359593,97.0972045743329,64.88722998729351,38.73761118170266
VYD_01748,57.657074340527586,64.91409225560729,77.63337565241928,70.5047256312597,70.35364649456906,46.56256171533364,28.462688672591344
VYD_01749,66.13941253836038,63.999561595791334,101.91845681718546,86.82485751863219,71.31784305129331,39.561595791319604,26.32113108285839
VYD_01750,74.17700829858039,65.29980201356419,93.27907662496311,92.23202325287498,75.51265849446057,50.56232360251063,25.140991617170048
VYD_01751,80.38667442537097,62.49519930171662,70.68024439918536,74.28585976141986,66.55498981670063,45.66249636310735,24.974978178644164
VYD_01752,92.54376200561494,66.41924838693788,67.67290548194848,62.66906368516968,58.28059892626704,41.758410087179236,28.631236763039944
VYD_01753,74.81526452732001,81.02862098872505,112.94709453599305,95.87077189939288,58.11361665221161,39.010841283607974,29.02428447528187
VYD_01754,54.031117063179444,46.191350244209886,83.9436741767764,81.58492201039861,68.84969276823695,50.21466834725068,30.65794863715141
VYD_01755,61.10772058823528,46.8702205882353,87.06985294117648,78.52279411764707,69.13823529411765,46.01838235294118,32.163970588235294
VYD_01756,86.61418238181345,76.64905709119085,73.90855076207696,43.47390855076207,51.091190906742426,49.99237923017306,28.643632136398853
VYD_01757,72.29871356072228,66.78608521184938,92.9139619969314,97.98017231205,78.80361147173373,45.057122624808216,26.73486368464534
VYD_01758,73.7985760220487,79.56729444189253,131.1228755167662,125.6757005052825,103.56384933394577,55.00160771704181,36.800872760679844
VYD_01759,71.54033448106247,52.47171667486474,109.00196753566159,100.06173143138217,83.45843580914905,53.91883915395967,34.51795376291195
VYD_01760,74.72371329333752,59.24376381433534,87.54246921376696,72.1758762235554,55.11051468266498,58.823808020208396,34.89295863593304
VYD_01761,74.03308736015235,56.520510989446976,90.32635086884073,83.12616043799095,71.37062604141873,44.27485519320796,25.553598349599305
VYD_01762,45.025673189496565,47.63806656631543,79.32513798294025,69.95785248369289,58.36561297875899,36.88509784244856,20.410185649774203
VYD_01763,76.30252618607516,81.40542205791743,112.30345040049292,106.70209488601354,99.55113986444854,59.32193468884782,40.86568083795441
VYD_01764,63.03680336487908,64.09095688748685,103.57110935856993,125.82478969505785,94.43677707676129,60.56729758149318,42.08767087276552
VYD_01765,83.95449268632461,59.88205247271884,115.39354539122364,109.71093568609243,91.41351288599958,55.23125145112608,34.303691664731836
VYD_01766,66.2800796534377,62.85630939072109,102.46915176076027,92.14749860257126,79.07357462269425,48.136493851313595,30.719116825041937
VYD_01767,53.2276119402985,44.888059701492544,81.3705223880597,69.7865671641791,58.336567164179115,38.52164179104478,26.425746268656713
VYD_01768,66.00138643811448,76.61494832367028,114.16990168893375,116.64456768338798,89.74262667002775,56.02735064280316,30.014368540458797
VYD_01769,58.28139294673159,39.89316806846688,76.06108897742367,74.5595396193006,65.01298509665045,41.4664305740003,34.54419359598643
VYD_01770,88.11550716941052,90.62347318109398,95.2514604354753,71.1452469463622,68.21640998406797,47.94556558682952,34.83669676048858
VYD_01771,72.33307367015357,54.813487647451595,82.23213888270642,89.61261963053639,84.52403739149788,57.14099710661028,41.087024259959925
VYD_01772,58.34521679284236,60.24872677219545,93.13792154163794,96.51328286304195,96.32250516173427,70.66331727460427,46.28286304198208
VYD_01773,59.31435318813965,67.92227761742326,92.74794017318291,89.39601154552612,77.91356599317766,49.64497507215956,37.93891367095251
VYD_01774,78.8879486431281,87.43128100379339,125.16661803326525,117.26057776480886,103.95097753136852,69.17245404143566,45.66034432448206
VYD_01775,73.94583821805391,59.7698710433763,111.72930832356386,106.38241500586163,98.12754982415004,75.66682297772563,53.61453692848768
VYD_01776,66.15103437548603,65.74047285736505,94.73899517809923,74.23821745216983,57.21620780836833,34.89088505210763,19.96632446725773
VYD_01777,70.76656754460494,61.763381478334765,90.41079014443501,82.63870008496181,72.18372982158033,51.8695836873407,23.843882752761264
VYD_01778,78.10674857549856,59.99902065527067,90.05021367521367,59.05373041310542,52.447738603988604,36.93576388888889,25.32229344729345
VYD_01779,58.25734157650697,69.75553838227717,108.87351880473982,106.06749098402885,94.06929417825862,53.62905718701699,33.879701184956204
VYD_01780,58.792539556262696,66.46459824980111,96.84221691858922,108.466366127464,111.07248298417751,73.61018297533809,41.95933881375408
VYD_01781,72.41295546558705,50.200523934270066,55.63419861871875,55.28030483448442,46.68087639914266,30.83972374374851,24.214574898785433
VYD_01782,51.88461081402258,42.62875816993463,91.99334521687462,102.7574569221628,78.53891859774211,51.38882947118241,36.76838978015447
VYD_01783,75.1652404839186,85.71151765515886,126.16012589751152,121.22415658502997,104.83780859643946,72.2189436411921,50.0355070325563
VYD_01784,84.26673156485765,85.10038938914582,114.98296422487225,113.81783889024096,96.70625456315406,54.73253833049405,37.077999513263585
VYD_01785,81.64971550497863,80.85028449502131,118.60253674727353,98.71917970602179,81.37932669511613,64.12885253674723,40.103247984826915
VYD_01786,64.4635251472587,59.00724966017219,95.89729648089413,86.60877007501384,84.56491969994464,48.84896541307958,31.28439812717113
VYD_01787,52.14234790874525,42.00213878326996,86.38498098859317,99.557747148289,82.67205323193916,48.41444866920153,34.67609315589354
VYD_01788,71.80119521912353,42.94601593625499,76.2256972111554,75.02390438247014,63.97569721115541,38.1601593625498,27.027689243027904
VYD_01789,72.95273173726213,63.167587476979755,95.7166973603438,92.14149785144261,76.87446286065071,53.34591774094537,32.28821362799263
VYD_01790,67.82994923857868,58.86294416243655,85.02030456852793,85.21319796954315,74.84263959390864,50.80710659898477,37.31725888324873
VYD_01791,70.76255622188904,55.386619190404815,72.8731259370315,73.4010494752624,70.89017991004498,50.59970014992504,41.48257121439283
VYD_01792,82.08842770133093,54.599255583126556,99.88766072637043,102.79156327543424,85.28344236408752,62.60106023009249,47.30893300248139
VYD_01793,63.59641662018963,52.287925264919124,81.99825711098715,83.09871723368659,73.75209146681541,44.49491076408257,30.242261572783043
VYD_01794,82.2679786919207,63.19998520272271,102.3800680674756,94.78521751997631,83.75451316957678,56.11416099437703,34.116898490677706
VYD_01795,59.46395163130273,52.27561031257128,68.60118640200774,84.45357061373487,72.70031941592515,45.44102213096051,30.631074606433938
VYD_01796,81.43426883308715,49.161496799606105,91.88213934022644,60.1243229935992,53.53483505662233,38.8626292466765,25.316408173313643
VYD_01797,59.28017062005825,54.00832292967124,67.47648772367873,38.378485226799825,32.949126092384525,20.277465667915102,7.543903454015811
VYD_01798,46.29243523316063,36.85181347150259,69.08,53.25886010362695,50.36290155440416,27.007046632124357,14.671917098445599
VYD_01799,51.959010247438144,55.32908439556777,104.85486961592935,119.20161626260098,118.63692410230777,74.05506956594184,45.05340331583771
VYD_01800,81.8874643874644,67.98461538461538,105.13703703703702,92.04387464387463,72.81766381766383,63.157549857549846,38.97578347578347
VYD_01801,82.518757104964,74.28912466843501,107.04660856384993,104.3558165971959,84.64532019704431,58.25161045850701,41.21561197423266
VYD_01802,78.14463544754003,86.00740960284531,87.25400118553644,50.815945465323054,43.12833432128039,26.856846473029044,20.725548310610556
VYD_01803,63.87757361080365,71.50221385875581,102.37569183086123,102.91277396502107,70.44609253929603,42.502878016382574,35.380119548372825
VYD_01804,70.30131407471767,70.36984144222416,110.69656820156386,108.01987402258905,92.20232406602953,58.69032363162468,38.33552345786274
VYD_01805,71.62295893122217,51.99465611083622,127.2492825333993,94.93369619000495,71.8809500247402,48.64087085601188,39.932607619990094
VYD_01806,75.7375790424571,75.42682926829269,113.66982836495035,117.28229448961156,91.21002710027102,67.52439024390243,43.50948509485095
VYD_01807,72.49744214372716,73.0328867235079,101.34214372716201,88.4973203410475,87.12655298416566,68.51498172959802,46.77369062119366
VYD_01808,60.92915980230642,56.68451400329491,91.8830313014827,78.31713344316309,62.400741350906095,43.70181219110379,24.796952224052724
VYD_01809,71.36167543309364,74.20132220238379,104.14264343965638,106.12102494812522,92.60618636297832,71.88283549679099,43.44322733194998
VYD_01810,64.90657439446366,51.88538062283738,85.01513840830451,49.215830449826996,48.1916089965398,24.62846020761246,19.941176470588236
VYD_01811,47.91604570293096,43.92250372578242,90.16542473919525,98.4828614008942,80.96448087431695,51.21311475409838,33.78887232985594
VYD_01812,71.65652446675034,44.77446675031368,88.15391049769971,93.8507946465914,75.30625261396906,45.15265579255541,28.016729401923886
VYD_01813,75.72517992469375,69.93579905628904,96.24455459701636,107.99985701348838,92.37810399885612,64.18712168152139,47.586340021924606
VYD_01814,46.529678362573115,37.84590643274854,63.98143274853802,55.04824561403509,39.406871345029245,22.09239766081871,8.714035087719298
VYD_01815,55.256724520852174,30.87389981080858,62.88821255243891,70.94439417619478,60.92901209179895,51.26766471991444,37.90211400839023
VYD_01816,67.8421052631579,64.15789473684211,100.43077438819981,101.56319141803557,81.5692256118002,55.7723768018773,39.865236339255794
VYD_01817,88.5760971055089,87.1183139922636,98.23342670401496,73.6450580232093,68.4671201814059,51.33933573429373,41.4652527677738
VYD_01818,67.1963534361851,61.05722300140252,92.37924263674614,110.52538569424964,97.0468443197756,64.09424964936885,40.354277699859736
VYD_01819,70.8382880033734,67.66582331857475,101.67615433270082,89.81741513809824,75.71747838920516,57.72380349989461,38.97069365380561
VYD_01820,76.68320830929025,68.72186959030583,100.33843046739761,93.50317368724754,73.81102135025967,48.51702250432775,35.9197922677438
VYD_01821,79.72274292272377,52.92721882172914,82.49560061208877,65.89737949502675,50.43640015302219,27.07488523335884,24.253634276970157
VYD_01822,65.67222525970476,58.33351558228539,98.52104975396394,88.08228540185894,73.45790049207216,39.35046473482778,27.071077091306723
VYD_01823,55.99113095238096,46.34613095238095,91.00952380952378,71.59898809523808,65.23874999999998,39.05535714285713,32.43559523809524
VYD_01824,54.58953988745448,59.78086726249585,82.88381330685203,75.85302879841112,63.115524660708374,40.90003310162198,26.900033101621972
VYD_01825,79.41958920082516,79.48694950219749,118.90635931473672,117.44838102071934,95.61090680778544,72.45555655215712,51.1644990582115
VYD_01826,72.89464040311496,77.33996466199852,110.05117466134415,107.59911000588966,88.09914272626139,63.781493357764546,46.630194359007916
VYD_01827,64.05841130067876,65.29455145844797,102.5312786644652,86.07158319574386,84.5560814529444,54.09187305081634,29.143753439735832
VYD_01828,74.09432013769363,69.40654044750431,105.3111876075731,105.4313253012048,81.25473321858863,49.259896729776244,35.70808950086059
VYD_01829,78.18093534372606,72.20725785842065,112.88090978788654,101.12471249680553,87.23818042422697,58.51725019166881,34.05315614617941
VYD_01830,63.096869090144985,45.92645513763395,71.60706030678715,66.21538138264341,49.850388737129634,34.48896827064508,25.945576801849125
VYD_01831,84.24520255863538,76.43496801705757,118.72452025586357,120.31556503198296,89.46140724946694,64.96886993603412,38.09594882729211
VYD_01832,86.47945785684034,67.93456162642946,105.86975857687423,102.36764083015674,80.46823379923761,57.02986022871665,33.99258788648878
VYD_01833,68.67811908574758,36.388994031154475,80.487116028534,99.08036104236426,73.44810016013977,44.300917164070455,27.05954287378076
VYD_01834,74.13486312399357,27.278985507246386,43.1413043478261,45.39573268921096,45.47061191626411,32.07206119162641,21.456924315619972
VYD_01835,63.384394341290886,52.516799292661354,83.18567639257293,68.88594164456234,57.407824933686996,45.093722369584434,27.1867816091954
VYD_01836,59.30785973397823,77.71221281741234,104.11003627569528,95.073276904474,81.53494558645707,49.08730350665055,22.794195888754533
VYD_01837,68.14465798718743,77.93738375697457,105.28910932010746,81.51498243438726,71.5643728042984,47.95040297582144,36.098367431287464
VYD_01838,59.298828941865324,41.910706817231286,66.63989962358846,62.97448766206609,57.702216645754916,36.94730238393977,23.122751986616485
VYD_01839,57.49487222595832,56.425605245460616,105.13306993947542,106.85289172831197,86.85154673839945,61.248823133826484,45.316492938802945
VYD_01840,73.68380462724933,69.59275921165381,94.53834618680376,80.75342759211655,72.69344473007712,50.52377892030848,39.5248500428449
VYD_01841,69.72291703364452,50.5864012682755,80.53373260524927,77.68416417121722,60.50871939404617,41.97533908754624,28.43315131231284
VYD_01842,83.72798742138369,47.48045822102428,57.532120395327965,47.71967654986524,44.11657681940703,31.87982929020666,26.615678346810434
VYD_01843,69.3175487465181,71.15898864366831,107.05142489822157,110.3344761088494,97.7272337690165,65.99378615813156,42.25926719520035
VYD_01844,81.65185752585215,55.45040214477212,101.485254691689,105.0585982382229,82.7449253159709,49.28839525086174,30.675986212179243
VYD_01845,65.29196327246466,75.98462808212112,119.69235530795416,112.7427009181883,91.085938305994,60.13153822346023,36.76467553904881
VYD_01846,52.95685330122418,44.78105558900263,70.27031908488863,80.88500903070441,75.50571944611679,51.48023279149107,33.84005619104957
VYD_01847,63.4553375681601,49.11248524368993,84.73691607172971,84.81764011467759,81.94912586429814,55.32559446849176,41.131823036708084
VYD_01848,76.74437976716177,89.22741870734646,141.81834604576474,141.75240867121636,124.25511842633476,78.56533520674427,47.87986752308309
VYD_01849,73.270130454341,68.4651372019793,110.92262708052182,110.99415204678365,85.0458839406208,53.11088618983357,33.612460638776426
VYD_01850,58.478378378378395,21.233590733590734,65.2706563706564,59.32779922779927,55.36409266409268,41.03474903474904,30.091505791505792
VYD_01851,67.20443671161372,69.7198782079165,82.75010874293167,82.0358851674641,75.01348412353197,49.83579817311874,36.77838190517616
VYD_01852,47.02207111804702,32.02385464273771,63.984728569836136,63.32660795897888,60.54910266413998,46.38234310556237,33.76145357262289
VYD_01853,55.54286733238231,48.595934379457915,83.32603423680456,75.34379457917261,58.24094151212554,40.15021398002852,29.090442225392287
VYD_01854,75.78630934015075,89.90997046766871,142.49830299290338,148.2381099307974,121.46352536695024,68.1887204125711,40.568100674395026
VYD_01855,45.64925887624957,29.11668390210273,44.47897276801105,50.423129955187875,44.30472250947948,29.63512581868322,15.236642537056188
VYD_01856,55.653649744668066,47.730249324121345,90.23370381495943,90.96966055872633,72.70982276960048,49.07329528386903,26.055572243917087
VYD_01857,51.3997624703088,51.433729216152024,80.9600950118765,61.64204275534442,42.22802850356295,23.29857482185274,19.172921615201904
VYD_01858,80.85193621867883,68.38895216400913,99.44077448747156,78.15091116173123,67.58086560364465,49.865888382687935,36.87642369020502
VYD_01859,75.87756338150037,72.26685125897723,95.83230942286059,78.80522626979318,50.60301116206627,26.92610539067232,28.775806870295067
VYD_01860,71.00761597045926,72.64620355411955,110.40410800830834,112.04500346180475,86.32840987768293,48.98292176321256,36.42580198476807
VYD_01861,67.62763784887682,57.06489675516224,91.51622418879056,89.2427955525301,65.93782618561382,43.97345132743364,16.360789652825062
VYD_01862,57.352279175335724,43.46585965575941,75.70474749385282,85.12861736334406,71.54028749763572,39.167202572347264,22.731700397200683
VYD_01863,86.50311249444195,61.4393063583815,108.3156958648288,111.6863050244553,89.01267229879943,59.640506891951965,36.13139172965761
VYD_01864,70.11367781155015,52.713475177304964,99.45754812563322,103.24113475177306,76.96251266464034,49.27537993920973,28.493009118541032
VYD_01865,86.335059889932,62.54677889284556,101.32858530268693,115.44350922628682,89.92651343476854,62.30786662350274,43.15118161217222
VYD_01866,83.30387661525639,74.66611087953318,87.2505210504377,66.2576073363902,56.45894122551064,39.28261775739894,26.640683618174247
VYD_01867,62.592859119845,50.518959313589825,65.31525048436201,44.07722114586217,44.544146138942715,28.733739274840854,18.832825906448928
VYD_01868,73.13229652669779,39.18921721099015,75.54733022291344,78.24738206324523,64.35458786936238,44.55914981855885,29.90399170554692
VYD_01869,52.424322159935905,52.19208328566526,93.40521679441709,84.00606337947602,64.0062921862487,40.751973458414376,24.29367349273538
VYD_01870,64.04926065272548,59.37212354536703,96.03176130895086,82.23764108845916,75.63417621839177,46.386735497418826,37.337824831568796
VYD_01871,95.08285032390046,71.4053869757927,113.65768837367884,113.95874531196726,97.73099215819978,57.03341288782817,33.86703034435731
VYD_01872,64.86731818181816,67.52586363636364,110.44677272727266,99.54931818181818,84.19163636363638,53.13354545454545,41.518545454545446
VYD_01873,61.84342963653307,40.25815470643056,56.47679403541472,62.953960857409136,61.32656104380242,45.53960857409132,32.16589002795898
VYD_01874,79.07913669064749,80.72255239286832,120.42508601814204,109.78479824835787,89.94588676884582,66.45542696277762,56.57241163590867
VYD_01875,70.17048315549694,55.273108739959234,47.61443472005754,39.66850497542259,38.584102625584464,22.478000239779394,21.123246613115935
VYD_01876,75.47108808290153,77.22103626943004,98.13336787564766,81.8867357512953,72.48559585492228,51.744041450777196,36.86020725388602
VYD_01877,64.71401381427474,50.75201841903301,85.89614735226404,94.77175748273211,89.57777436684572,62.82029163468918,44.849117421335386
VYD_01878,56.58452405967641,48.877337675982346,91.0204874973734,103.95624080689215,92.537350283673,62.052321916368975,33.77043496532885
VYD_01879,76.2172869147659,63.43494320805244,100.48914950595623,92.58694246929541,73.84532274448242,48.296795641333446,35.274632930095116
VYD_01880,84.34016999260903,73.65419438285292,105.86566888396163,115.32649667405762,90.8260347376201,53.60559866962306,36.002494456762754
VYD_01881,73.54555062354683,86.83576410906787,128.17226801944625,134.4413443246671,108.9277108433735,63.538998097653774,38.712111604311986
VYD_01882,64.93281925458585,46.15772870662463,81.85150134361496,87.93165089379605,75.12653347353665,56.69926393270243,40.26381586633954
VYD_01883,51.1963087248322,42.78942953020134,54.51030680728667,43.956255992329815,38.60678331735378,19.40244487056567,12.407837967401722
VYD_01884,78.70722087378643,64.82827669902915,86.31674757281553,66.58252427184466,57.82038834951458,34.21966019417476,26.427487864077673
VYD_01885,69.04458431681093,62.28691319171256,84.46629950170468,81.98308418568058,70.57710464201415,46.102937319695776,34.933910306844986
VYD_01886,82.94791920175227,91.18982720856661,134.29496227792652,131.5629106838647,114.15648576295933,76.39693356047697,55.982234120223914
VYD_01887,68.63161160229565,29.482550023266636,50.423297657825344,37.54474949588957,45.05521948192958,49.0544439274081,33.33240266790755
VYD_01888,82.71322318440204,67.63135525686658,89.08213356000635,85.92259469797587,75.11709079317853,58.737608245231876,39.06051107687403
VYD_01889,60.49499488789022,26.382504696007793,49.37403999334237,59.59792662339204,32.12718453527354,18.88774758066434,17.4681265901039
VYD_01890,71.01098146877145,62.39945092656143,112.04049416609473,118.17673301304048,96.95641729581331,55.54941660947152,33.5178448867536
VYD_01891,85.46456692913387,84.20472440944884,124.76290463692041,126.28346456692917,104.60104986876642,62.52887139107614,43.09448818897639
VYD_01892,68.25067750677505,44.33028455284552,77.39905149051489,85.58197831978318,68.64939024390242,36.48509485094851,18.925813008130078
VYD_01893,56.79692022060829,53.96346857423687,86.95888166875987,93.456506306995,72.71872440342919,46.03740512204444,31.106372522251934
VYD_01894,65.29344483409767,45.132560021580815,101.78537901267873,121.00836255732398,94.52198543296466,43.56271917992987,24.67968707850014
VYD_01895,67.4481772694782,51.049559208958804,87.86895401477248,85.23707410054801,67.32975935191804,46.367643554920186,33.44484155349059
VYD_01896,79.82257441051414,50.89073572993172,77.95696430872313,67.02448138126532,57.05991495941245,45.46385775028991,34.42004896276254
VYD_01897,67.71738357625311,68.47742623533595,102.36900106647711,90.46924991112692,85.30430145751868,56.79345894063277,35.44436544614291
VYD_01898,63.3485656623901,56.95675363990199,98.92576041516507,93.81303156984288,77.95934842150787,45.27475854115613,31.668012108980832
VYD_01899,67.04983358819827,55.64109022218225,73.39947827651345,72.5037330214986,56.72006836376721,27.37977871727985,19.25420527120626
VYD_01900,63.6571339757538,68.57133975753807,100.33820329499532,91.98041653714638,75.93378924463785,52.47808517252097,40.0317065589058
VYD_01901,54.34593993325919,37.046347793845015,52.38450129773821,59.29699666295884,54.84278828327771,31.783463107156102,17.107156099369675
VYD_01902,70.84767432739825,65.91128715977723,111.12667660208648,109.9684681151463,100.85292964154054,63.86038120636915,39.56035767511178
VYD_01903,59.385220969762024,47.80133595753563,92.5499493051828,83.17427088924674,66.29397029880121,39.77121727202244,28.62599153098347
VYD_01904,69.4805933753302,49.039321276163385,42.609225767120506,27.61593172119489,34.33997155049786,24.210424710424718,23.32371469213574
VYD_01905,58.94385078686613,44.896833106664076,74.73751700019427,78.63240722751117,66.77074023703126,38.992034194676506,21.299009131532934
VYD_01906,88.44553376906319,74.53077342047932,92.02450980392156,87.56236383442268,78.27233115468411,54.23692810457516,35.748638344226585
VYD_01907,59.39084397383992,42.61787605107442,82.17253192151978,84.59358455309872,73.30021800062285,48.10183743382124,34.11585175957646
VYD_01908,81.74843240531729,75.81690494105841,118.03686982693753,126.17281163782292,114.52244795585653,75.01454727865566,49.46802106847253
VYD_01909,71.60634281399447,52.88270828089603,74.84268814497861,67.4014598540146,44.666750566322676,33.31814749559526,21.278127359677825
VYD_01910,65.91474033702937,65.20854475975692,105.36014533608967,116.26968614922008,110.99611601829226,73.66735576019543,49.68445780868256
VYD_01911,72.62359741584496,51.67426045562734,81.87385243114586,60.555933356001376,61.73852431145868,34.52363141788508,21.160489629377764
VYD_01912,72.05873600125301,65.20330487900382,105.51969613908688,85.70303077766465,80.17370193437232,57.10447176756205,42.75385699741559
VYD_01913,66.39597514057414,65.07413435927789,98.45472033145903,91.62503699319325,71.11615862681268,42.01894051494524,27.855578573542463
VYD_01914,65.41950231180844,53.892020364694254,95.59148527196221,81.15382617278821,73.1108369265936,39.83469271130969,27.27650787053874
VYD_01915,57.973310942513564,45.34467868174046,78.82319249107866,63.89291390529879,64.70567067502323,48.07745824212072,44.09506102497975
VYD_01916,62.161010975732566,23.834659148122043,57.63739804652099,39.29473366226968,29.637196656932836,20.566508911489276,18.990333299768405
VYD_01917,82.815578465063,66.986941580756,89.54249713631155,84.28980526918669,70.1792668957617,54.55395189003435,44.69736540664375
VYD_01918,61.37351689158589,64.81496241282493,89.12353953446247,77.86704102889232,68.6158862421882,48.86133502400145,31.8403224345621
VYD_01919,77.66954419889501,76.4198895027624,108.31284530386743,87.59064226519334,75.95528314917125,47.570096685082866,38.159703038674024
VYD_01920,43.85885436166229,39.765818045675765,101.24747285660801,96.01478846873827,88.00954698614748,52.79970048670909,34.5001871958068
VYD_01921,72.4055655758825,70.86266426178818,106.09404792579235,95.43055913424375,62.80520484411233,50.47539293996392,25.818861118268494
VYD_01922,81.15331695331693,71.63243243243242,100.86732186732186,100.85503685503686,83.36560196560197,58.38599508599509,33.8916461916462
VYD_01923,77.07686842853086,58.624467178175614,88.82622904234158,98.33120204603578,60.58269394714408,35.886899687411194,26.220517192384204
VYD_01924,74.29488158899925,79.69938884644768,101.72345301757069,97.08670741023683,76.61268143621086,47.91940412528648,31.77578304048893
VYD_01925,50.80054249547919,26.868454892505515,67.16566204540888,65.72501506931887,71.09557966646574,45.761744022503535,36.206530038175615
VYD_01926,68.93162751677852,67.46979865771812,78.0453020134228,73.434144295302,47.32130872483221,31.641778523489936,22.187080536912752
VYD_01927,64.14762456546929,64.40579374275781,104.95225955967553,92.26882966396292,75.4938586326767,55.598841251448434,29.320741599073
VYD_01928,68.06533776301218,64.03239202657807,90.70404208194907,95.0797342192691,79.58305647840534,50.72203765227021,34.985603543743075
VYD_01929,75.93687740408323,52.25091231876908,69.30259394417592,62.69060065095175,58.50330407338001,34.29046257027319,25.598776999704114
VYD_01930,74.91671324762436,66.70402459474566,103.3465623253214,89.11151481274455,52.78731134712129,25.045276690888763,18.521240916713246
VYD_01931,78.21804283200875,62.969423041921985,102.02214402717956,109.64502821088396,94.95395255718012,66.17478614329913,36.92204089061457
VYD_01932,69.01661713050525,53.289921642799236,80.30032423669277,89.70008105917317,74.53715212104836,46.35260740340448,31.61280734936504
VYD_01933,62.87871287128713,54.54430693069307,103.97400990099011,112.68960396039604,87.76905940594061,53.0700495049505,34.20148514851484
VYD_01934,79.06448247078465,68.28964941569284,112.47245409015026,112.07616861435727,90.89232053422374,63.18635225375626,40.01231218697829
VYD_01935,80.52765826674862,59.74339274738784,105.22249539028887,97.57221880762138,78.8761524277812,56.09834050399509,34.79655808236018
VYD_01936,60.881161971831006,39.48547535211268,56.997799295774655,53.41373239436621,52.22755281690142,34.29929577464789,26.031690140845072
VYD_01937,49.927217915590006,58.76485788113694,84.87166236003446,72.18432385874247,58.374246339362614,35.097329888027566,24.312661498708014
VYD_01938,38.31088287576537,32.006024096385545,73.92553821844756,55.322338534465736,53.12275330831524,37.23721113964053,30.9835078016986
VYD_01939,68.92106029711623,52.689193125546176,105.24497524031463,87.39178561025345,79.09379551412759,46.72909991261288,26.185551995339356
VYD_01940,62.18912881608339,71.39017125837675,104.63049143708113,116.45495160089347,97.14966492926284,64.54430379746833,34.850335070737145
VYD_01941,69.76421273251246,58.74954152475766,96.28425465024888,82.46371495939219,69.98139900445376,47.29421011265392,25.14671207754781
VYD_01942,60.40183100334035,37.15885191141902,64.5208462204627,65.87752072250402,60.44698750463936,47.749226772238025,45.01360880861067
VYD_01943,57.23550928531232,51.463984243106346,72.28165447383232,60.38210467079345,62.082442318514346,48.206809229037695,33.5045019696117
VYD_01944,64.33927907840953,51.914282175151776,75.541929889756,71.49907097733185,77.12349808001983,60.75424253685124,39.605846649324945
VYD_01945,75.92243205895902,63.98231229847998,100.45149700598806,101.12501151543071,85.0037770612621,46.30732381391064,28.99742054352834
VYD_01946,67.03607871720118,76.1064139941691,100.35860058309038,83.47448979591839,73.64285714285715,53.23833819241982,37.727769679300295
VYD_01947,72.67720524017467,63.65772925764191,109.0903056768559,99.16034934497814,76.90812227074238,49.53283842794758,31.552401746724893
VYD_01948,62.81236388004693,70.82626905679346,122.98927793600271,104.73998994806497,90.32819567766798,60.23504774669124,35.93734293851568
VYD_01949,85.20855920114124,69.58345221112697,108.8216833095578,91.1007132667618,53.66676176890159,33.62310984308132,26.614265335235388
VYD_01950,60.210943373224694,53.67206453054837,79.61178048235365,66.83678403803565,56.16811264400511,40.20935855497084,31.68783144035596
VYD_01951,68.59729629170286,69.54706684856755,110.57435197817199,105.72020339823891,105.3756666253256,75.32518913555751,51.51767332258465
VYD_01952,74.38411944350187,73.78724126230063,113.94977943671527,113.43501866304715,99.91347132677299,68.41635561588056,41.77163216830676
VYD_01953,73.04261399321695,69.5340095465394,112.2773520914458,108.92438135912573,110.1692312523552,84.81500439643261,53.078287903529706
VYD_01954,71.3283001389532,64.68930060213061,113.31533117183884,110.89745252431678,95.84529874942102,62.19277443260768,37.83649837887911
VYD_01955,71.90343188233545,58.020947853216455,91.55868370227306,91.96241271727826,74.25538552963897,43.71482692021986,23.68206804338137
VYD_01956,59.216051023119874,56.847462131278235,63.99760829125699,50.74541589157589,41.56072282753123,22.653202232261496,13.082381078926389
VYD_01957,74.0739474246634,46.359905962812576,73.10707416114553,67.39303269929475,61.02564650566361,46.275272494122675,30.813635392177805
VYD_01958,54.22758395826542,50.263123573524624,84.24029996739486,59.10368438213238,43.3123573524617,24.0156504727747,12.42191066188458
VYD_01959,50.09359747344245,62.05684754521963,91.60809646856156,96.9262130347402,84.3867355727821,55.757393051966694,38.65719207579672
VYD_01960,70.32134363852559,66.39030915576696,97.49108204518434,87.68073721759811,75.48275862068968,51.117122473246155,32.71700356718194
VYD_01961,80.83335614251172,69.74275808585377,120.81629487705858,102.25418548423883,85.6396605994252,49.36494685461431,27.725514346973227
VYD_01962,62.939429237041345,61.60551349252574,93.49388468258591,92.44797126771502,74.07862550960978,48.663269268103285,37.11415259172976
VYD_01963,63.85757192538731,54.618558330698704,94.317420170724,90.75829908314896,78.63025608599432,53.13088839709139,32.433607334808734
VYD_01964,73.89781691432766,78.1740964960558,123.97743533296645,136.3847000550358,109.1548339754174,66.33718583746104,39.29792698587416
VYD_01965,76.94529664799934,49.2428644861077,67.13386359332304,47.8364580797013,45.33606579552525,30.48859670481291,21.855585315044767
VYD_01966,58.31703910614525,52.928697441928854,86.23272566892092,82.40120552778593,76.7677888856219,53.90054395765951,33.848059394295795
VYD_01967,73.70687575392039,77.33011660635303,123.62082830719747,113.8343385605147,100.92521109770811,71.49738640932853,42.2983514274226
VYD_01968,51.66195970380573,41.605217840537286,75.59290511451695,71.67151713449283,65.51773721370759,46.75426209746857,28.0626829688307
VYD_01969,57.73089274245344,31.697067009205746,66.34831941768358,63.72939413401842,51.82723185613359,32.78312995076001,24.802825947334618
VYD_01970,81.07078569691072,71.81318414011193,101.95864753101436,95.8170761371929,90.60180004864996,54.89710532717101,36.01021649233763
VYD_01971,65.59891271519179,65.1658109332528,94.52491694352163,76.18695258230143,77.28027786167321,57.11386288130474,40.92872244035037
VYD_01972,57.516355653128436,60.0610318331504,93.95872667398464,105.68452250274423,109.90340285400659,75.13677277716795,46.75104281009878
VYD_01973,61.224927442760396,69.068848758465,102.52950661077072,99.49564656562401,84.66639793614962,46.29264753305385,26.73782650757821
VYD_01974,62.89142305700701,57.19735913006635,88.11321376453417,65.72595678576472,65.56519794755916,52.66395989267057,35.884762039259996
VYD_01975,45.45141657922351,39.60293809024136,62.932423924449104,66.52885624344178,69.62938090241346,48.948793284365166,34.49548793284366
VYD_01976,83.5235841357924,70.02170719764975,119.15439856373429,133.59686632936183,99.10135465970296,72.26717806430555,47.1470540231761
VYD_01977,51.45372330190493,48.81951125649411,78.53569366942466,69.63094092745813,67.78833942659226,43.76005387723685,31.5233788724264
VYD_01978,66.81406037814683,53.573592395278375,92.49994776976912,82.31808210592293,72.9259723527978,52.162923500121856,31.115393990041422
VYD_01979,81.35490307867731,81.86145952109466,105.60162485746865,86.81242873432156,69.26653363740022,38.633551881413915,28.90820980615735
VYD_01980,50.1547212741752,61.259442548350385,93.38623435722415,86.1719567690558,67.76996587030715,45.48805460750854,28.253469852104672
VYD_01981,87.78468439602693,60.8551746235181,107.8327459147709,126.78820890740145,88.56071771867991,64.79782121115026,41.57257289330342
VYD_01982,77.44413239719155,64.7778335005015,87.29869608826479,89.48485456369107,72.23981945837511,44.64493480441322,29.70210631895686
VYD_01983,76.09863224812175,74.24349836255055,99.15796570988249,105.06125987285684,92.62820265844734,65.97148911577732,45.91388942400309
VYD_01984,72.1108231891045,62.45793660359166,105.02271905508016,109.87567795588765,94.89297336386646,67.47384596842234,45.73918283717007
VYD_01985,70.79398434281006,75.00164812525753,118.8912237330037,105.66666666666669,78.99381953028431,49.63123197363001,43.72682323856614
VYD_01986,77.61144377910844,53.46347305389222,92.5478376580173,95.94437791084499,72.89061876247504,45.28010645375914,29.867332002661342
VYD_01987,66.79434272982658,51.41954858083889,88.13116342148598,88.90022280344859,83.03458297006684,59.23181245761888,40.70919306403177
VYD_01988,77.80458071666048,82.66014037680088,111.58367196158108,97.98042113040266,72.07129663834503,45.9785740672331,29.02068710749908
VYD_01989,74.45022307202044,79.62731038878272,118.8445506692161,109.08817718291908,87.38741236456347,56.272275334608054,43.20519439133208
VYD_01990,66.11353684473914,55.6798448642562,88.40316526961092,81.68816464406355,64.15469786062803,51.99787313899661,40.4194295008132
VYD_01991,61.950194250194265,58.01662781662784,105.19083139083142,91.31305361305363,72.50372960372962,42.05858585858588,27.747552447552454
VYD_01992,70.90383224873463,57.11713665943599,73.14533622559654,66.78645456736564,68.29211858279103,52.67944082911545,38.84357676548566
VYD_01993,68.06958460455292,74.99577563952123,105.29241961980755,116.87303449894391,97.0952827974654,66.65606665102088,38.04822811546584
VYD_01994,67.55588673621463,66.14836893525421,98.63868190097699,87.9918860738533,65.73339956946516,41.77380360986919,31.143401225368443
VYD_01995,72.79477806788512,73.61605744125326,110.32545691906006,104.35483028720624,80.32637075718013,46.570626631853784,35.743342036553514
VYD_01996,64.32459639834455,39.013832444726134,90.75012117370719,98.30696096342417,91.32672159874717,63.31631930203944,42.049401588307646
VYD_01997,75.05416963649323,78.41482537419814,130.59550962223807,108.72238061297222,93.48039914468995,57.312900926585876,45.38845331432644
VYD_01998,85.2195441446162,73.882368352109,91.41970133612786,74.04663348179199,64.37123395336653,42.721771024364685,29.691642651296828
VYD_01999,86.237482419128,73.81371308016877,99.39789029535865,95.25893108298168,76.11687763713077,57.282137834036575,44.80351617440227
VYD_02000,77.7222533632287,82.99649663677127,117.14349775784751,116.22869955156949,92.72954035874437,62.8925168161435,41.979119955156946
VYD_02001,61.388648180242626,36.934792027729635,50.96013864818025,42.52924610051994,43.183708838821495,31.293544194107447,20.89298093587522
VYD_02002,52.51657977059438,39.05276329509906,86.17101147028156,85.85547445255477,73.96704900938481,51.098435870698665,23.691345151199172
VYD_02003,74.72794117647057,43.718309859154935,87.87966031483012,70.67905965202982,47.13504556752278,35.593206296603135,28.85811930405964
VYD_02004,63.17524752475247,60.55136138613862,80.59480198019801,65.21188118811881,54.80272277227723,36.676113861386135,26.041584158415837
VYD_02005,67.38921308576484,66.93916887709993,109.57931034482762,101.68594164456235,80.40247568523432,52.334571175950494,38.04845269672855
VYD_02006,72.00521246458923,67.00271954674223,94.94968838526911,93.05869688385272,69.76045325779037,48.216317280453254,32.332237960339945
VYD_02007,50.10760998810939,35.76159334126041,60.83115338882283,52.744946492271104,43.98781212841854,35.13258026159335,24.46135552913199
VYD_02008,73.59268804535914,57.810978977209956,107.73178454401533,100.04948271418581,83.32149037222489,49.14252052575385,30.49931887633004
VYD_02009,46.993280333144035,42.01698845353019,78.79907249668747,86.47193829263674,76.84492712473973,39.11721559719856,33.28213136475486
VYD_02010,61.58040582316903,68.26041256815243,127.37451520431684,130.28334551177562,116.92681692990844,85.47574616379069,39.874037434657986
VYD_02011,72.12039616217889,51.90281646549057,86.14979882389353,95.19560507582791,80.21324667285668,51.31166821417517,38.86350974930362
VYD_02012,92.46635294117651,59.77019607843139,62.800784313725515,48.48800000000001,42.795921568627456,26.381960784313726,18.721411764705884
VYD_02013,60.260288615713534,52.41101015499732,70.92677712453234,62.518439337252815,48.923570283270976,26.757883484767508,22.436664885088188
VYD_02014,54.17211811078074,50.24002489454394,84.87649540142453,94.64055044602726,73.66710462623607,40.00020745453288,29.3486619182629
VYD_02015,58.70245783132531,69.25869879518072,129.5998072289157,131.60674698795182,121.81031325301207,87.50592771084335,42.47556626506023
VYD_02016,60.060010678056585,66.03876134543512,96.38291510945005,91.43651895355045,76.0485851575013,54.12802989855846,41.72802989855845
VYD_02017,55.34556606715876,42.75995425719931,67.27861524066951,71.07568354298785,50.261357729493724,29.86672211248571,25.03253976504835
VYD_02018,61.58670095518001,53.18423952975755,97.94470977222633,109.14915503306393,99.02369581190305,63.848824393828075,40.4235855988244
VYD_02019,75.48124807869658,73.14955425760837,78.87949584998462,73.26790654780203,60.51444820166001,41.27451583154012,23.485398094067012
VYD_02020,78.76939759036142,73.6513253012048,110.38867469879517,119.98433734939755,81.19132530120481,47.65975903614457,35.90963855421687
VYD_02021,66.06310916179336,61.78654970760234,100.31798245614036,99.49463937621834,98.03192007797273,62.441033138401565,43.796783625730995
VYD_02022,55.155738777646896,34.3235178641539,61.98416437639053,48.699123151419954,45.060855908912444,33.742572961654226,32.55202198665096
VYD_02023,62.89388145315489,58.49808795411091,88.14659018483111,83.05162523900574,72.9847036328872,45.57775653282345,33.021032504780116
VYD_02024,70.91941985803173,63.996801332048015,105.18705634913677,99.15980194549115,76.63565857505918,48.599158706511254,32.825256331609864
VYD_02025,68.44147962624022,66.59358443309893,88.67874000577979,82.95703689432617,66.18774684519798,41.335998458722656,36.82458337347075
VYD_02026,67.78025184275187,71.8416769041769,95.01581695331694,98.47312653562655,73.31649262899262,46.92966830466831,38.79821867321868
VYD_02027,62.851201389559,72.90847245006273,115.19781916433466,111.52132587088678,92.32167326063882,59.00414937759337,42.39255041976262
VYD_02028,70.0920720417438,73.7904393199798,110.04241710149807,93.83117320316447,84.85776805251642,58.59686921393703,37.28985019357011
VYD_02029,49.76843163538876,61.56501340482575,100.80160857908852,106.24296246648795,89.81065683646113,53.00804289544238,36.73894101876677
VYD_02030,53.94751246212492,35.57951324406217,79.36272114162836,91.8213273384811,73.3856905483335,45.36819470237513,30.895415892874603
VYD_02031,80.37487716999674,53.53734032099575,78.9670815591222,79.35997379626598,71.42368162463153,48.4449721585326,30.208155912217492
VYD_02032,66.43282674772036,52.50079027355622,78.85531914893613,102.77653495440724,85.1990273556231,53.538480243161075,34.845349544072945
VYD_02033,64.61315405799449,53.06350234893892,89.27539283978614,97.054754576381,95.91365624493761,61.32593552567633,40.860683622225814
VYD_02034,53.569929245283,48.24150943396227,77.75990566037734,83.95412735849057,74.37087264150944,43.19752358490565,25.79752358490566
VYD_02035,42.79217938200711,16.394585726004923,57.985507246376805,56.11074651353569,51.194695105277546,42.6428766748701,33.270440251572325
VYD_02036,54.51219200817055,35.42320949827653,80.6674326567088,88.13558023745694,84.67700753223541,56.246393463551634,32.27779905527895
VYD_02037,66.21908040324564,66.61519547578068,100.56823211212196,92.63707892795672,72.82124416031475,42.85788050159822,30.560609786083113
VYD_02038,70.7652990264256,73.24443671766343,121.00452016689844,127.04554937413076,96.6710709318498,63.447148817802514,38.702016689847014
VYD_02039,71.82324976454233,64.04229268511457,91.87904202359061,77.35215499843028,80.3116114275463,68.69345651881416,40.668654976005726
VYD_02040,70.12223828205661,52.93826140821806,94.67313648564942,86.59818294445594,70.64815197191824,50.1373115837291,28.755729919471403
VYD_02041,71.36659316427786,73.40922454979788,94.85501653803752,87.88257993384788,84.89544285189271,51.93623667769203,30.22197721425947
VYD_02042,77.98884066955982,57.71008989460634,70.92909175449472,44.50495970241785,51.92250464972101,48.71528208307501,31.012244265344076
VYD_02043,85.03028503562945,71.95991686460806,84.90617577197146,44.98485748218527,46.00059382422801,32.25356294536817,24.071852731591445
VYD_02044,70.55487966146521,30.498016397778354,67.70034382438507,76.47844485585821,71.92330071409678,56.32689764612535,39.85400687648769
VYD_02045,57.68008150789608,50.8167770419426,86.59483783324843,69.83596535914415,60.019018509084724,36.397181185260656,17.748683987094584
VYD_02046,69.15784499054821,72.02551984877125,120.38090737240074,132.96502835538752,114.3015122873346,75.7533081285444,52.51701323251417
VYD_02047,60.24417485076063,61.65068361255537,87.8264972077797,73.82514923936067,62.599075678798386,44.72905834777585,29.904294242249172
VYD_02048,53.33794600461268,48.261972595305934,91.63329263329265,102.82960249626917,82.58567358567362,51.58797992131327,34.06213539546873
VYD_02049,56.97954572132877,31.991959150135,81.83618969362598,99.74999999999994,96.08486911609339,74.31796572367648,51.69729428336657
VYD_02050,67.07461285781325,77.73181604880338,129.29516658845614,126.17010793054904,108.44157672454249,65.5100891600188,41.61567339277335
VYD_02051,76.23285864978905,50.73483649789031,84.0731803797469,79.04311708860762,78.0126582278481,55.59889240506333,42.963475738396646
VYD_02052,52.660377358490564,38.46408170330619,66.8954474640817,69.2331660031158,59.743465466505114,36.096589925566896,23.57953955340141
VYD_02053,56.501001602564116,66.42321047008548,99.04660790598292,106.87900641025642,87.02130074786328,58.066506410256416,37.77677617521369
VYD_02054,69.29551060680808,62.34977799703996,88.27084361124814,84.37296497286628,80.54267390231873,57.33695115934879,36.4972866304884
VYD_02055,68.71321147616845,47.39460897732531,84.81906524757056,87.06189264229522,73.91381304951413,56.03285515964829,41.048241554835734
VYD_02056,92.590694378838,76.33042040623525,129.081247047709,115.21091166745394,99.65611714690601,69.17855455833727,45.52739726027397
VYD_02057,52.6232315143195,35.8686267780193,65.39690348167639,70.05727796209437,68.7532700301262,42.09003546504976,27.638752240399644
VYD_02058,63.09225948706048,58.85493791342695,99.06916560287804,91.08320761285832,77.6624115121272,51.36010212370895,32.98885923175119
VYD_02059,59.008883624518816,67.82647320106604,77.18211430263548,76.5031092685816,67.17826473201066,36.44122001776725,20.657092093574178
VYD_02060,69.91224018475751,59.14483668756186,94.02573408116132,71.78587924777304,63.848784779500726,45.26064005278787,30.159903222258883
VYD_02061,61.1602696584982,53.19658498179315,95.0561460486173,108.38613325460099,102.94675720893618,64.28432240921168,33.3469146737526
VYD_02062,80.55407292474787,55.819860356865796,100.24142746314975,95.37858805275407,80.33219550038793,53.598138091543866,34.39534522885959
VYD_02063,74.27677206533104,63.72073376780109,98.16461501327538,74.03073457237102,72.28127765709223,56.47461581784533,40.93724354332609
VYD_02064,62.737218448337494,39.26843046120843,93.47257776188772,75.4315337861995,76.24819449410082,56.68058634250981,31.769967822667144
VYD_02065,72.26704832463375,45.03872705842734,58.49553796935512,39.79491496884998,30.631587809395523,27.869506650951333,23.916989392153564
VYD_02066,51.730176039881584,45.65150334943136,93.12930362984889,104.29584047359401,84.38214675183052,50.41501791556317,30.10422184140832
VYD_02067,70.20748052888969,61.140735374026434,92.3660568737547,105.93298315522547,86.38616192718708,52.83580873030248,37.135935518927724
VYD_02068,87.54389016879021,59.84884103624994,85.69688278715496,72.57120692087072,56.20457003150123,42.1321171658282,32.949645023273305
VYD_02069,67.60333839150229,49.5453717754173,101.05880121396054,92.11456752655533,80.63376327769349,52.95091047040972,38.02147192716236
VYD_02070,78.65827711468606,65.81136481577585,86.10534509600414,82.53295277633626,77.35443694862481,49.188375713544374,32.54151530877011
VYD_02071,82.41096817874069,73.75287745429925,117.87745429925525,111.46987136086663,95.97511848341232,64.55602572782668,43.84377115775221
VYD_02072,82.62311557788944,95.76381909547737,112.26712509918016,97.72520497222956,78.4482941020894,54.61888389314996,40.49378471303888
VYD_02073,60.142953381837785,28.110347615198066,51.14834276475345,32.28550255995689,24.126515763945033,13.42535704661816,6.965373214766911
VYD_02074,56.59152798789713,56.50937972768532,86.27927382753403,79.20105900151285,70.88124054462934,48.90408472012102,25.229349470499244
VYD_02075,66.37724727379899,57.89036251105216,98.70851753610376,95.35190097259064,80.57883878573533,51.441202475685245,30.69260241674035
VYD_02076,69.02486763998074,31.43087865661265,80.36632975025402,75.7304668698861,71.00005347879568,41.44446227070965,29.223434408257134
VYD_02077,87.26548358473826,91.65590062111804,132.1570541259983,133.43141082519963,117.2828748890861,78.98136645962735,47.14463176574979
VYD_02078,75.19085173501577,73.8392919733614,90.15842972309846,80.13897651594813,72.85594111461619,43.17823343848581,28.437259025587107
VYD_02079,63.65606143719142,50.118486012068026,98.64234777838728,103.78113000548547,73.34147010422379,44.91634668129456,31.417718047174983
VYD_02080,52.95494209106777,38.87275900364905,69.36014596224022,72.98476915754404,56.82198952879582,33.58511819768365,27.916864984927805
VYD_02081,65.29445644348452,61.90739740820732,110.31146508279338,107.98344132469401,90.43583513318936,53.92998560115189,41.60565154787617
VYD_02082,80.65921393269001,64.64191574488112,111.13979759943514,89.89774064485759,76.76147328783243,55.19192751235585,31.75770769592845
VYD_02083,61.8232790988736,47.783854818523146,80.21113892365457,87.69123904881101,74.47571964956195,45.72978723404254,25.35344180225282
VYD_02084,58.04737421961072,46.860668380462705,89.81777451340433,84.86235769372017,74.28564083731176,39.231803158281295,26.465883217040023
VYD_02085,86.21194637705753,80.40251145426778,102.9725097573392,101.28270829798065,80.95910402172066,57.35262175462414,44.061428813846945
VYD_02086,56.85823754789272,47.90942528735632,88.68260536398466,51.40168582375478,48.605977011494254,37.91647509578545,33.58513409961686
VYD_02087,75.20439844760672,60.53040103492885,101.09659335920657,92.74256144890037,78.3583441138422,56.575247951703325,39.81759379042692
VYD_02088,83.0872230080151,71.18694012258369,125.31447430457332,123.54243281471008,105.46157472890148,63.79231494578032,44.04031117397455
VYD_02089,61.792208999628116,67.78198214949795,104.413908516177,99.56191892896985,70.95704722945331,46.22396801785048,34.510970621048706
VYD_02090,64.14555183946487,55.41498327759196,109.58916387959867,115.4096321070234,105.2038795986622,69.18354515050167,44.44602006688961
VYD_02091,57.99368194649818,50.84989021821928,90.10592821615809,113.79710534570061,87.19178204955861,51.88900837926246,32.700318143119574
VYD_02092,60.299088649544316,32.45244843675054,61.23058474687132,61.76200235468538,63.57772642044215,48.85893690315264,44.25918981380543
VYD_02093,63.413050679032786,61.3583968201391,86.6637959589268,81.03279231533621,73.56873136800266,45.081152699569394,31.91785359390526
VYD_02094,62.285345272946444,51.8696400895471,75.21680730153263,72.14069226795247,78.85414155329775,58.162906836576525,42.102979163079056
VYD_02095,64.69704749679079,62.15511339323921,85.72015404364573,59.630723149336774,45.31514762516049,30.406076166024828,24.902652973898174
VYD_02096,67.59496442255063,44.49407042510491,90.41871921182266,86.57945630359423,78.54187192118225,44.82375478927204,26.20853858784894
VYD_02097,64.95884849603249,54.1385864550655,107.26886879498066,117.55914375346002,101.61293596604538,74.43282893522787,46.457833548625196
VYD_02098,70.90839947089947,69.42923280423281,82.7205687830688,82.30059523809524,54.472552910052904,31.515873015873016,21.88492063492064
VYD_02099,60.42105263157895,49.540540540540555,86.56578947368423,80.76422475106688,62.81187766714084,43.57183499288763,25.675320056899015
VYD_02100,83.8751614291864,74.07834696513133,104.78906586310806,98.75764098148946,69.83125269048644,56.85880327163153,33.34739560912613
VYD_02101,66.46047378227311,62.47351610327389,89.73569337237156,87.23210007985095,77.79504924141604,62.194037796113925,43.96539792387543
VYD_02102,68.4220816561242,66.58338125359403,90.78349626221964,88.5983323749281,71.45112133410004,53.69580218516386,31.564404830362278
VYD_02103,45.64675705386589,30.881641626969593,79.67478930010992,83.92359838768783,66.45071454745329,44.40747526566509,24.22169292781239
VYD_02104,63.34948877971052,81.13238613729915,87.87836940645332,91.03797636436065,72.56167839596337,55.26450670561679,33.82870800690479
VYD_02105,72.82671081677702,60.77255334805002,103.63642384105957,74.45967623252389,70.06239882266368,40.341133186166296,27.658130978660783
VYD_02106,57.675840233804195,49.422552362396495,84.13638577691184,81.02045786653679,70.15538236726739,44.27861665854847,23.671456405260596
VYD_02107,69.64235924932974,56.73857610962167,72.43854632112006,67.43312481382183,64.69174858504618,52.193208221626435,33.104438486744115
VYD_02108,69.88014981273406,61.33433560162467,92.77311810940546,85.86173972674997,72.40681542438145,47.03465738249723,32.15978266603365
VYD_02109,71.7850534836658,49.76515370530981,86.16146285053482,78.59684880023127,68.14541775079503,50.585043846969256,20.912595162378338
VYD_02110,70.9089416713692,45.14702713794694,83.21294823782897,101.96450007695066,93.5932898989381,51.11732416764991,26.936849125327043
VYD_02111,72.5324212626479,45.35713267778254,81.39347299415705,78.78694598831409,73.3109590993302,52.459883140943425,36.47712697734075
VYD_02112,58.09256953092569,48.75591531755915,92.93053825930538,83.27272727272728,64.37899543378997,40.252248512522506,28.15580462155804
VYD_02113,82.99418803418804,63.030427350427345,105.28615384615385,123.9155555555556,88.8580056980057,68.9992022792023,42.78826210826211
VYD_02114,76.82313892840213,76.34850640113801,103.97463252726415,93.46941678520629,81.85609293504034,44.894025604551935,34.15813181602657
VYD_02115,74.68115871706532,57.980930661361484,75.15410742879318,70.18593818234748,61.23843951671594,46.64331117472945,34.535348634091875
VYD_02116,53.53077816492451,49.74277971351141,78.83259775454896,60.900580720092904,60.902748741773124,37.839488966318235,28.640108401084014
VYD_02117,51.93825960136121,50.69299951385513,95.37360233349537,102.7122022362664,86.16504618376275,52.62591152163345,33.508507535245506
VYD_02118,59.15452830188678,58.2279245283019,88.62754716981132,83.16509433962266,72.59849056603773,66.53830188679245,48.48924528301887
VYD_02119,56.71746285030419,47.07958512017554,71.86396728832155,68.07509723745886,58.58053256208238,38.740001994614545,25.351949735713582
VYD_02120,56.93626399809387,57.366690493209425,91.09208958780081,81.24183940910173,61.54574696211579,39.243507267095545,23.32392184893972
VYD_02121,54.851833883174834,46.176935765573454,76.5896079953425,63.62196778575584,58.79094702115272,43.007083252474274,29.960848049679797
VYD_02122,53.57371721342816,43.772730748642644,79.46673548979119,82.0902729983941,69.92555632025692,39.029249827942195,28.80155999082358
VYD_02123,62.24284666177549,37.32954267547077,92.40437759843483,74.56578625580829,38.59733431156763,24.78038640254341,18.822572756175106
VYD_02124,58.22515494763838,45.23252831801667,64.61402008976278,53.717888437700346,55.193631117760205,35.994763838427005,25.35873049796965
VYD_02125,84.96355650522314,75.50914055080723,113.83392687559353,110.6253561253561,77.97376543209877,40.46070750237416,28.537393162393148
VYD_02126,68.9195719710045,55.52882292026235,77.95512599240595,78.27269589230238,70.04452882292027,43.870900931998634,33.914049016223686
VYD_02127,57.678321678321666,65.32358550540368,94.13064208518753,88.38684043229497,70.25651621106167,56.869993642720914,35.76636999364271
VYD_02128,52.62241141279339,57.42498849516797,97.01058444546713,92.45950299125634,84.21882190520019,52.96157386102164,37.76967326277036
VYD_02129,53.71550426492724,50.340441545408936,68.14450577019569,76.97717009533368,59.49849473156047,41.88158554942299,28.319869543401907
VYD_02130,47.781696053736354,48.811922753988235,85.0193115029387,87.63539042821158,75.57241813602015,48.88455079764903,29.656381192275393
VYD_02131,57.815861130020444,46.40452688904017,75.10057862491493,84.83015656909464,81.85976855003406,60.09377127297482,39.163716814159294
VYD_02132,75.15184229054213,61.34921379957757,84.88336071344757,91.00516310725183,69.77704764139877,48.226237972306976,38.411171086599396
VYD_02133,69.38959605143523,45.44655150019481,77.11176776204701,82.14320041563838,73.44733082218471,43.965774775944936,28.1982075594233
VYD_02134,72.57142857142854,71.07342277012326,81.9506889050036,68.102973168963,57.24383611312542,42.941261783901346,29.051124002900636
VYD_02135,88.43849658314353,68.99373576309796,89.24743735763097,75.72238041002278,53.523917995444194,46.79185649202735,34.04612756264237
VYD_02136,58.41912119748914,58.618257732837236,93.17544806430541,85.63581106030053,83.81870082654024,57.097310193995526,35.095918425313165
VYD_02137,59.30414661236578,42.9890781192151,63.46982599037393,61.12106627175117,68.84135505368381,38.26582747130693,26.898741206960388
VYD_02138,70.24090338770388,49.252697616060225,72.53350062735257,69.73048933500627,59.6220828105395,38.26925972396486,23.607779171894606
VYD_02139,74.07972665148063,71.1405466970387,105.57061503416853,92.04236902050111,84.95558086560361,62.930979498861014,50.475626423690194
VYD_02140,74.71784646061818,62.478564307078784,77.54855433698907,86.39322033898307,72.74376869391827,55.298105682951174,39.519042871385864
VYD_02141,74.61867924528303,55.98877358490568,42.088349056603775,44.13320754716981,35.91231132075472,20.412547169811322,15.0225
VYD_02142,79.63553270494145,55.72907740645532,91.22250785489864,86.29434447300774,65.04941445301343,41.10782633533277,29.032276492430743
VYD_02143,78.30936720344751,54.938761623951024,86.75481968700386,86.06509412565208,75.13540485370834,46.20798366976639,32.78090269902473
VYD_02144,52.5087542765144,58.35758847712965,70.31912140988415,73.30017537302705,78.91803467210997,61.79392231837394,36.16947934335738
VYD_02145,74.22688219018494,70.74501237803989,101.92747924858013,93.62487257900098,89.11635357506914,63.33012960535898,44.815348769477204
VYD_02146,59.13905366257414,47.473444613050084,93.5197958339081,104.32707959718577,94.71954752379635,61.23603255621465,44.200441440198645
VYD_02147,56.271573087107065,48.394120442664125,55.90881933600379,43.97515106252968,34.01561545250865,21.164030144612667,12.153642474030823
VYD_02148,63.995408056773094,50.452410770194106,95.8385514506366,78.21143811312878,59.86109371738676,36.1359841369234,23.126695888123564
VYD_02149,80.47094735330028,71.03260791496085,101.3247863247863,95.8289161818573,82.26107879049053,51.69589887236942,38.08740932270343
VYD_02150,68.99638079234794,51.98881923350353,132.05286628320292,109.64906611516832,69.63633425967811,48.51871001098685,37.95211012731855
VYD_02151,61.43081906524756,41.27001388246183,84.20939379916705,77.47431744562701,66.3611753817677,39.15131883387321,27.233688107357708
VYD_02152,79.54048940464176,66.63736125126135,100.09825933400606,94.75554994954594,83.64038849646825,49.91082240161454,31.97161957618567
VYD_02153,86.81592827004218,71.74446202531642,102.90875527426158,96.68776371308017,86.0435126582278,59.79430379746835,38.69171940928269
VYD_02154,89.92047531992688,80.96617915904936,129.49116392443634,113.00609384521634,91.55301645338209,75.78915295551494,45.895490554539926
VYD_02155,43.98294228225301,41.90078674371649,73.17572930446286,60.90371092390169,49.62292000278492,29.59555803105201,13.602938104852747
VYD_02156,69.80882352941177,66.79634581105168,85.92424242424244,79.65240641711229,72.68894830659535,40.41265597147949,27.369429590017823
VYD_02157,64.8699713308055,76.26838065291778,123.32201979099229,118.74724868214186,97.22297234809952,66.80292240821232,40.35216868584112
VYD_02158,67.02605014653209,50.69673287745578,91.2907847606643,84.15716921741019,68.31466406165202,50.79637468794096,32.8778899381309
VYD_02159,68.33321894303363,66.46122168840083,89.8881262868909,90.11358956760466,77.9790665751544,54.21413864104325,37.43445435827042
VYD_02160,74.28434504792334,70.48410543130991,124.63039137380191,126.44700479233227,114.4219249201278,84.19373003194889,49.4286341853035
VYD_02161,66.03308431163288,54.979722518676624,83.13927427961579,62.880469583778,61.254535752401274,49.27908217716114,38.37886872998932
VYD_02162,91.13230429988978,84.63616317530321,114.97772877618524,124.77772877618527,115.81719955898569,86.277618522602,50.50738699007718
VYD_02163,72.89533506985556,54.27492304049255,78.73952166706134,69.07980108927305,57.34572578735496,44.53942694766753,30.478569737153688
VYD_02164,72.45732401235574,68.00715330840515,110.10453584782962,95.14306616810278,77.5446268899366,43.490489351324996,30.280279629328568
VYD_02165,65.88979354463505,60.72579238150626,86.72084908403605,77.95318406513522,63.82553067752254,41.19511485897064,34.793544635068336
VYD_02166,77.75575737917613,66.06422315926045,102.45150827116446,111.00518975024326,99.86668829062603,54.43399286409342,41.49789166396367
VYD_02167,59.39179810725554,35.87781282860146,60.9541535226078,61.06267087276551,49.57329127234491,36.018506834910625,17.411777076761307
VYD_02168,86.66648230088498,98.13661504424782,123.16178097345137,105.81001106194694,88.47483407079648,62.51991150442479,47.61366150442479
VYD_02169,76.96927784577724,72.56609547123622,75.10452876376988,49.69094247246023,44.47600979192167,30.56511627906977,21.90611995104039
VYD_02170,86.74143703322174,84.51841359773373,95.87483904197785,84.27762039660057,77.00412052536699,50.89878959567344,29.51249034251867
VYD_02171,57.554743414039905,70.70564945941831,98.2354195218517,96.71813613522154,89.61732906959038,52.87300137048881,33.35221562357241
VYD_02172,66.48493408662904,64.31426553672318,101.23822975517893,89.76530131826742,68.20080037664783,46.15442561205274,27.292843691148782
VYD_02173,80.52555701179554,60.222280471821755,104.5309742245522,102.040629095675,80.43538663171688,48.88475316732197,26.096199213630403
VYD_02174,59.43568698703089,43.53630724891924,91.18526408119796,86.68448092224797,69.12875133137022,51.6421276862352,41.53718438694318
VYD_02175,81.96097560975609,67.04498644986451,103.95718157181571,88.1219512195122,75.52845528455285,51.37940379403795,31.476422764227635
VYD_02176,57.96662584200857,45.04164115125537,90.52980200040828,52.961318636456426,52.28138395590939,38.04613186364565,35.08858950806288
VYD_02177,52.776938915579954,54.044612216884,92.81839396019217,93.73781743308166,73.66630061770762,44.994097460535315,26.118599862731642
VYD_02178,78.20715350223547,69.36810730253353,83.47540983606558,38.58867362146051,38.20119225037258,24.044709388971686,17.679582712369598
VYD_02179,68.70555126365743,70.99878600595957,99.10131332082551,93.79737335834895,72.28826840304598,49.70422690652246,31.77441783467608
VYD_02180,49.69863219600182,42.78746430181874,76.4542311739065,77.92259131219,67.27070494513754,41.95866526379077,33.29806102510146
VYD_02181,77.13089197285564,70.28892828758327,42.89007764259949,34.40643149721831,36.1994253224919,19.942043161949005,20.924925108516227
VYD_02182,79.30252100840336,70.76039646627883,114.74703727644908,109.20081878905407,85.70760611937082,60.44193061840121,42.15233785822021
VYD_02183,85.04282315622524,84.46629659000796,112.24306106264874,122.24702616970664,101.20578905630455,67.26764472640761,46.16970658207772
VYD_02184,65.2432554362537,65.02571505909953,109.65198953351977,90.91834340882434,87.42641883966436,59.63538753045205,39.451502300821076
VYD_02185,65.66153846153846,46.72569558101473,80.3404255319149,75.32733224222586,72.43207855973813,45.29787234042553,32.36530278232406
VYD_02186,72.42946971284847,79.01278557954306,88.96436805701109,68.26095158247747,63.949067281492326,47.06602389436176,29.826032278348357
VYD_02187,95.66891322662175,78.10109519797811,118.33445661331086,107.044650379107,83.27801179443978,53.335299073294024,30.718618365627638
VYD_02188,66.3664286676546,68.69203825946383,100.26606493331535,85.7606089182271,73.97521217836452,43.683281692038264,31.91822713188737
VYD_02189,55.22607142857142,40.45214285714285,57.659642857142856,58.64035714285714,54.03964285714286,33.76607142857143,29.512857142857136
VYD_02190,81.56905130473244,69.89213843432107,116.57369526758072,113.99657231313579,90.99673816895177,64.6373286156568,38.071539141972565
VYD_02191,48.6052467207995,26.033728919425354,46.60899437851342,51.64490943160522,52.047782635852585,45.75046845721424,35.92379762648344
VYD_02192,75.37219367054371,85.26007573708411,124.64741682445226,126.31904246686503,113.37895591019748,75.68542061130647,50.88436570192047
VYD_02193,65.9512576381981,51.529202785277825,94.45559187153616,98.25522239590735,87.30780162000855,59.26858036094927,35.62924541708114
VYD_02194,67.5882687927107,77.585801063022,106.47057706909644,93.33997722095673,73.20918754745635,47.85706150341686,28.21507213363706
VYD_02195,62.053471757088644,55.8652601027015,83.09700826077248,63.4333556597455,64.79761107390043,44.189104710872954,37.12156731413261
VYD_02196,83.28594973217965,86.07210548001648,127.78862793572311,121.22043675319324,98.12402142562836,56.3502266172229,35.32880098887515
VYD_02197,67.84442816591888,68.49958794982143,92.49372768061534,90.76558923175533,71.73116015016944,42.90998992766231,24.8543173702042
VYD_02198,75.14212874442322,82.63671128107075,108.71000637348631,110.77182919056726,83.26003824091778,58.8667941363926,47.51752708731676
VYD_02199,57.629742833052276,48.156408094435086,77.80333052276558,72.5447934232715,61.51159359190555,37.89196880269814,31.177487352445183
VYD_02200,72.92480188838307,64.16203001180237,104.00016860563143,102.85483055134041,82.72938796155792,52.038947900859874,34.87894115663464
VYD_02201,64.81112582781456,56.07602649006622,77.54675496688739,80.8892715231788,65.94145695364237,41.99311258278145,34.34781456953642
VYD_02202,69.02180616740088,56.9297356828194,101.21079295154188,98.09162995594716,81.9603524229075,47.82224669603525,34.0262114537445
VYD_02203,68.80322003577818,64.10801601499276,97.16236476701594,89.19465031092936,69.22719141323795,50.85697248487945,28.926910299003318
VYD_02204,52.54157403290351,50.64072921298356,82.27301022676744,73.73254779902177,53.59670964873278,27.052690084481995,15.562027567807917
VYD_02205,61.786472148541115,55.18788682581786,84.56763925729445,66.29133510167995,35.736074270557026,23.730327144120256,19.13019451812556
VYD_02206,72.47252919099249,53.54868640533778,85.68697873227693,86.8435154295246,77.08413261050875,47.69281693077564,31.85680775646371
VYD_02207,57.592860588519045,55.99517607332369,80.51294420324811,73.39893873613123,57.139250683389626,31.035857854960614,18.200353754622935
VYD_02208,57.60193759794842,73.45419575438096,99.61760934606069,102.88502635703092,96.65222966234505,57.373557486821475,33.332098589542674
VYD_02209,65.60648736003695,68.8716380006926,105.52002770402866,78.6796721689946,61.89530185847859,42.87175343414523,35.163684635807456
VYD_02210,63.107599781301246,62.369218151995604,111.94980863860025,114.89529797703659,101.41448879168944,70.71000546746855,42.26260251503554
VYD_02211,58.20293797606092,61.751088139281826,93.51577801958652,81.45484221980414,71.9221980413493,49.96980413492926,29.86588683351469
VYD_02212,76.65712074303404,73.94143446852428,95.06372549019609,76.3093395252838,71.96620227038186,53.55366357069143,38.69401444788442
VYD_02213,71.97189010429915,67.10913253625031,81.35258204019333,70.07555329432712,48.891630628338845,28.368481302467572,20.16560671584839
VYD_02214,55.66184448462931,59.54462291245614,81.06286565259016,84.38602276353582,73.82374215508989,53.83725135623871,36.127965110094685
VYD_02215,54.166479730812384,52.03307162313729,97.89918282326552,99.64108315975005,82.95106553436952,53.65957378625221,40.423778240666564
VYD_02216,60.5524358974359,65.22410256410255,92.93858974358974,93.13192307692309,92.82923076923075,67.4420512820513,44.615897435897445
VYD_02217,74.17609963739552,40.763834147879535,64.13045877345101,54.7758946870566,52.37458615796939,31.856140627463343,20.835645593567705
VYD_02218,59.916533040762936,64.01915773482995,105.63153008692717,101.87087517934005,90.32070216895939,67.05730441387456,51.47387965229135
VYD_02219,84.40209634255129,64.00289919714541,118.87644959857272,125.31289027653884,99.37890276538805,70.40722569134702,46.48059768064228
VYD_02220,66.79407145661561,63.11994503337257,75.60306242638397,57.116411464468,43.168237141735375,23.28543384373773,17.926580290537885
VYD_02221,67.44104974539756,62.566392479435954,93.96474735605173,95.72032902467687,84.26909518213867,55.01919310614962,38.403055229142176
VYD_02222,61.76060779816512,50.29673165137615,96.959002293578,96.21072247706422,86.50344036697248,63.318520642201825,38.21846330275229
VYD_02223,62.622581972835775,46.32062011249829,64.58732336397311,43.73000411579092,40.44807243792015,22.132528467553854,15.405679791466595
VYD_02224,48.12381276209904,57.398889266689324,118.432143261929,116.05680607503113,88.6351581094866,48.81831576561258,38.13022781366882
VYD_02225,57.090219560878246,53.33253493013974,111.83393213572857,111.58922155688622,109.34051896207588,67.71776447105788,51.78842315369262
VYD_02226,57.076425689143875,52.98590111332587,71.38669842967573,77.95405707618262,54.42787690213428,34.43769750595557,27.11264524284117
VYD_02227,80.36526126742496,64.09681005729921,107.4491576156675,103.87873086461988,81.22688788163858,51.12135465663216,27.25374155477637
VYD_02228,74.06106022758813,43.492367471551496,58.18762142658896,61.726061615320575,51.01054676658341,26.661948376353042,16.65500971412712
VYD_02229,80.11900795854153,79.8249120858782,45.74347584675181,43.1900795854155,39.7314454932445,24.749768647047933,22.701647233018694
VYD_02230,68.6051515151515,56.99545454545455,104.48666666666665,105.61696969696969,76.37545454545455,44.205151515151506,33.057272727272725
VYD_02231,66.40713571190396,72.05435145048351,91.9296432144048,92.68789596532176,89.97932644214738,56.074691563854614,31.92164054684895
VYD_02232,74.95736754966887,47.808360927152314,76.28145695364239,73.86382450331125,50.7603476821192,28.13327814569536,21.513245033112582
VYD_02233,42.94273127753304,33.56692646560488,58.9220603185361,61.43375127075567,62.653337851575735,48.69434090138936,35.69400203320909
VYD_02234,71.50417933130699,80.53039513677811,106.53248480243163,98.38411854103342,83.10011398176289,59.3125,33.284004559270514
VYD_02235,48.04241509433962,35.086792452830174,62.3263396226415,84.92362264150943,72.6543396226415,41.66369811320752,26.241056603773583
VYD_02236,69.49947905813711,54.06918107939155,98.9143571577412,84.05751198166286,71.29110231298189,42.55261512815171,29.16357574494687
VYD_02237,69.02160451355441,64.12900784367689,129.28526214393833,145.13169120682537,115.81409109673861,78.54424108985825,49.634925003440195
VYD_02238,58.711165828069795,48.04785354887057,92.43935338828818,107.46087142704206,93.15886950005353,66.81864896692001,47.4578738893052
VYD_02239,82.5141255121846,75.93088203579903,112.47692473582059,98.0875566098771,86.65818417080007,55.238300625404364,42.88936812594349
VYD_02240,61.638558043512795,63.160552644116265,101.0855963157059,109.1378434175004,75.28060981419725,38.77894235350168,34.02016833412736
VYD_02241,71.0194321940463,47.413864388092605,75.19749173098126,66.52577177508267,61.3864388092613,48.27839029768467,26.292585446527013
VYD_02242,64.96321642429426,39.21321642429427,67.07549187339607,61.588751069290005,50.9174508126604,33.59345594525236,17.602010265183917
VYD_02243,57.87928464977644,44.177753691911654,92.0754640292643,99.70031161089281,93.7837691369733,65.70762769272454,47.799756130605616
VYD_02244,59.968515742128915,51.97601199400298,88.43598200899547,76.38860569715143,71.5967016491754,51.175712143928024,36.4047976011994
VYD_02245,70.34108858057634,43.61494130202776,61.99797225186765,48.8852721451441,48.166808964781225,24.789007470651022,19.005656350053364
VYD_02246,53.19015069131583,39.025477707006374,75.54590647817307,90.624980581016,80.37408730775205,44.57278235202737,26.579928538138883
VYD_02247,65.17314365024289,41.238029146426086,58.28417765440665,57.82859125607217,54.241151977793194,34.44760582928522,20.611034004163773
VYD_02248,66.48420796890187,52.047983479105945,91.17189018464528,66.63046647230323,52.58381924198251,29.80830903790088,19.32531584062196
VYD_02249,73.34404420794107,34.50839132214491,60.53622595169874,55.164961113385196,60.556897257470325,50.59291854277528,44.038272615636515
VYD_02250,71.12909516380655,69.96684867394696,109.03042121684867,98.76248049921996,77.01755070202807,53.15366614664587,33.79875195007801
VYD_02251,58.402468289338366,47.55570791909496,72.15632499142954,73.25299965718204,67.8148782996229,52.574562907096315,35.53171066163867
VYD_02252,86.3720593557727,75.76149113282666,109.57944263481723,109.64277958740503,96.10097719869708,63.29098805646037,48.941368078175906
VYD_02253,83.40700692041523,66.33615916955019,102.2543252595156,83.92941176470589,71.99307958477507,40.58044982698963,28.13503460207613
VYD_02254,68.15544230069167,50.94430287586458,106.92136876592647,102.57280669821625,92.72824899890789,60.31943938842374,39.96559883509283
VYD_02255,43.414285714285725,42.210261569416495,83.12414486921527,101.98531187122738,80.64708249496982,46.04567404426559,27.998792756539245
VYD_02256,90.50262390670552,79.48236151603498,88.4902332361516,70.6586005830904,77.96880466472305,61.763119533527714,39.33673469387757
VYD_02257,64.23986679848066,69.03657838597222,108.6985795306728,91.7876060148811,80.96003954420105,54.420157136167326,37.42801394453405
VYD_02258,60.35145482388974,61.06929555895868,82.41232771822361,71.63782542113324,66.56259571209803,40.290390505359895,19.663859111791737
VYD_02259,65.1150274202883,59.02670377821258,87.47220767768073,91.22536996720586,80.42425662082842,54.456912944029554,34.05078953895336
VYD_02260,78.9159663865546,66.76954418130887,94.72421695951108,84.0819964349376,76.82683982683983,66.28163992869874,42.86834733893555
VYD_02261,90.29779314012228,92.53496410529114,95.55703270406806,73.81254985376228,69.15687317202871,53.36958255783036,37.29699547992555
VYD_02262,81.61709380128771,75.98510289104911,121.43555106678447,125.1012498421916,101.55864158565836,73.05996717586162,49.073980558010334
VYD_02263,72.17296718972896,64.57655729909654,100.33036138849262,91.11138849262962,76.64645744174989,49.432596291012835,35.35532572515454
VYD_02264,75.86643522748035,67.85072172483098,97.50758267860405,96.86753151836288,65.78604056276266,44.40014617211766,33.38388452402703
VYD_02265,75.94094157208913,64.42097519966373,93.26839007986551,96.03257671290459,80.99201345102985,54.8930222782682,38.8213535098781
VYD_02266,66.18823529411766,58.439037433155086,108.66613190730841,106.84848484848487,97.10909090909092,65.17379679144386,46.930837789661325
VYD_02267,59.32618433555045,54.24039636215557,96.52205782543778,119.3188543504819,104.10207682910278,73.49762454187595,48.00990905388897
VYD_02268,69.78256265442994,58.169784680550656,88.0171196611366,83.26544299329332,73.38016237204376,47.85421814331098,30.009883515707735
VYD_02269,69.72243775128732,49.56817380263808,58.83282781970799,62.31367708259859,61.273682725541384,50.74303449248784,38.71037596106368
VYD_02270,67.43167848699764,67.0756501182033,87.0513002364066,86.05484633569739,74.69243498817964,46.24964539007092,27.86903073286052
VYD_02271,66.36880584890332,78.13674519360953,109.69184944489578,109.43677227186569,102.01380991064173,74.35824532900081,49.94421879230976
VYD_02272,84.82491536899117,69.87122545700748,107.63249830737985,123.76194989844284,100.60649966147595,61.38672985781992,36.61936357481382
VYD_02273,53.636215038140215,46.97675263349073,61.5227025063567,42.42698873955685,38.71249545949872,30.92026879767527,28.811841627315655
VYD_02274,63.72917227154513,48.167877320419684,87.97614563716256,77.29791050130031,65.72719935431797,50.593579051206156,37.97928436911488
VYD_02275,63.483975451755875,84.6980906921241,127.15837026934875,125.23508353221952,118.04244800545516,72.0034094783498,50.455165359699954
VYD_02276,91.3073727933541,93.78322949117342,95.55555555555554,69.7666147455867,67.1754932502596,49.47923156801661,35.10539979231567
VYD_02277,53.9103657381088,44.66881435158867,75.34874613100878,80.28065188554105,75.54506979975999,48.818773292906336,28.316657191586128
VYD_02278,58.19896848137538,57.06704871060174,96.49501432664759,101.00343839541553,74.0087106017192,47.90074498567337,33.594269340974215
VYD_02279,51.71873925501431,70.1408595988539,126.3648137535816,124.3551862464183,102.08034383954157,58.4472206303725,38.05530085959885
VYD_02280,59.815445026178004,48.67997382198953,105.41999345549739,95.36321989528795,77.11305628272252,44.991655759162306,29.39545157068062
VYD_02281,72.21628588166371,50.62530755711773,70.62003514938488,59.67369654364381,50.147744581136486,33.83268892794376,32.24182776801404
VYD_02282,52.47467092142003,31.45313123254887,76.70083765456722,78.00717989629041,71.49102512963702,52.831671320303165,36.10530514559235
VYD_02283,74.68574438202253,52.8539325842697,99.91046348314609,84.64624297752813,78.83110955056185,57.17363061797752,41.648700842696655
VYD_02284,67.12054919386998,45.29151711958069,90.36973736683188,93.73286617672191,76.18213410812966,47.408648094342844,39.18008317666496
VYD_02285,67.35787828149425,54.04846099940705,86.60859252870465,89.75747938116544,90.88340251199394,64.68432968573123,42.60751441970785
VYD_02286,66.6263990051519,53.967312133593886,94.98454432403625,90.63990051518921,74.44910286018832,55.48676496713447,35.13945638656954
VYD_02287,62.17630057803469,75.06599229287093,102.28106936416188,87.77552986512528,80.96604046242777,56.44460500963393,37.76469171483624
VYD_02288,74.18205973978375,60.85165842037749,78.8861095840205,95.07833974711379,76.40993219717794,66.21724390690858,48.39179036100422
VYD_02289,72.06723387922209,68.89169651995905,104.58725690890479,92.82151995905834,81.83361054247696,45.023349539406354,26.995585977482076
VYD_02290,53.35339578454334,46.460421545667465,78.81334894613586,84.77798594847782,82.53278688524593,59.58313817330211,43.30421545667449
VYD_02291,58.64024560424225,50.709182249511585,93.10066052656063,111.69429714392035,101.93999441808543,71.53353800353524,46.05330728439855
VYD_02292,79.01900393184798,65.93403232852775,104.62319790301441,96.14373088685016,79.55766710353866,55.60222804718217,28.58409785932722
VYD_02293,69.01425047958345,44.91504521786791,60.30337078651685,59.84845163058372,54.0750890654974,30.76240065771444,18.841600438476295
VYD_02294,59.33382844411438,56.374303750464186,89.64686223542522,90.40920906052733,75.91050872632755,49.65503156331232,33.91793538804309
VYD_02295,57.33442176870748,29.77360544217687,69.38979591836735,68.49469387755101,56.37727891156463,49.18299319727892,33.671564625850344
VYD_02296,84.36676403765011,80.31223628691984,111.32554365465764,107.56702369360598,85.91041869522884,61.36854917234666,41.98101265822784
VYD_02297,56.535825545171335,62.7247238742566,106.61059190031153,117.40073633531577,99.05664117813652,57.13848768054377,35.53525913338997
VYD_02298,81.12048468221309,78.2535436671239,121.40443529949707,109.1262002743484,94.31915866483767,62.03086419753087,44.095564700502976
VYD_02299,83.42460835509138,80.2748041775457,129.704634464752,133.3632506527415,120.23563968668408,73.17526109660577,44.05156657963446
VYD_02300,68.16219924983994,54.20080504985822,87.13402250480286,89.73872472783825,83.15634434178028,52.92105022413322,35.026164120391556
VYD_02301,61.16467780429594,62.372655983634495,90.00988748721444,89.46062052505964,75.29832935560857,54.72042277531537,44.92090010228434
VYD_02302,55.91467201758157,35.99082700300988,78.14113038077491,73.03110219291959,55.541971238832346,33.34059528928385,26.62161387415794
VYD_02303,56.4638937030618,40.651646447140386,55.42056614673599,54.32928942807625,54.01559792027729,33.73079145002888,27.93067590987867
VYD_02304,62.207505518763796,45.05877483443709,85.05380794701983,82.19122516556293,74.63879690949226,55.43405077262693,35.80767108167771
VYD_02305,56.12702824519228,31.258338341346146,63.93937800480766,65.46574519230768,64.30911959134615,54.33097956730766,39.208158052884606
VYD_02306,61.1492799438005,29.831401475237083,52.63382507903057,46.451001053740775,49.33315770987003,33.57341060765718,29.739726027397243
VYD_02307,75.6673225764135,49.8921028466483,91.23232323232325,81.75449298176571,61.26984126984127,41.53272989636627,35.00951069132887
VYD_02308,50.979299541233104,34.73055835291485,43.614971466935216,47.73206892693299,42.37143336690165,25.70941031666107,24.384469061206232
VYD_02309,77.44437869822487,63.16331360946747,92.00502958579884,96.29940828402367,83.957100591716,65.32988165680474,45.3319526627219
VYD_02310,50.37469333836574,44.60756746555955,89.00169843366673,65.81883374221552,69.05133043970558,40.32411775806755,34.4538592187205
VYD_02311,66.60290055248618,64.48595764272558,108.60819521178635,99.30490331491713,74.23123848987107,47.4482044198895,31.85819521178636
VYD_02312,49.05100574712643,63.88641443167306,95.12683588761176,81.09011813537674,74.60416666666667,58.88290229885056,40.0647349936143
VYD_02313,75.29265785609397,53.61747430249633,77.90778267254038,59.637298091042574,58.33113069016153,43.44140969162995,31.454185022026433
VYD_02314,57.95004541326066,68.21781851209641,106.86954008752373,106.4746924283709,78.05267938237961,45.932127817686386,24.087936586574187
VYD_02315,57.513781921361996,57.889573134607595,97.81678151601139,83.7624957126376,72.28466527392352,47.1664587945496,34.34825855133922
VYD_02316,46.41443271053344,23.5445437313837,43.85337124289196,66.37408610885458,75.77267803953424,40.50433252098564,25.693880314107776
VYD_02317,53.892354562599735,58.15087770201655,97.16915711591469,106.25083417960252,92.62585231394169,69.06804004062091,47.89612650515014
VYD_02318,62.31918214452943,50.63914468550024,80.65849851724678,64.3324488840331,42.107226471047305,24.284844701108156,17.610894334321834
VYD_02319,90.47980948436529,74.49202733485191,105.63532822530543,103.13522468419958,71.93787533650857,45.78318492441498,31.15220542555394
VYD_02320,55.5902303214376,41.691470513793966,69.85497342444953,65.24879777271576,59.856492027334845,42.43609212857505,30.35383447228549
VYD_02321,57.778709136630326,72.57720033528919,92.69455155071248,76.16295054484493,59.537468566638715,37.46253143336127,28.129253981559096
VYD_02322,52.75168316831683,43.903603960396026,74.22051485148515,70.54455445544552,58.47897029702968,39.77100990099009,25.303762376237618
VYD_02323,69.06729055258465,75.88458110516935,109.05347593582887,106.0975935828877,88.68092691622103,47.85204991087344,30.699197860962567
VYD_02324,61.70775347912524,56.55822209599544,82.03706333428003,69.60366373189434,66.75589321215563,40.04501562056233,23.922323203635322
VYD_02325,72.78919239904988,59.47936460807599,88.23211104513062,90.00244952494059,77.25319180522564,49.67896377672206,33.32845902612824
VYD_02326,54.272947894361174,58.11188436830837,103.28379728765165,97.78219129193435,73.68518915060673,45.11795146324055,29.875481798715207
VYD_02327,46.91570881226054,58.15119363395227,116.12849985263777,112.90657235484822,99.4521072796935,62.194812849985276,40.12614205717655
VYD_02328,85.38973995271871,55.90132387706856,87.01877068557921,89.96411347517731,83.08037825059104,65.87271867612291,44.082458628841614
VYD_02329,69.20696187544401,68.73798247691218,96.0055647643855,78.37952877101581,76.1544518115084,56.86135448733127,34.22336017049492
VYD_02330,95.68584070796459,80.20722713864305,131.77581120943952,139.79240412979354,107.59033923303834,65.7820796460177,54.72345132743362
VYD_02331,65.46513761467891,61.23761467889908,81.77706422018349,83.2908256880734,73.1045871559633,45.93669724770641,30.70733944954129
VYD_02332,82.14002557544758,87.97278041651441,98.20688710266714,116.19528681037632,94.80882352941177,58.911125319693106,34.59079283887468
VYD_02333,83.67231322413099,83.26171261153284,78.17557597549606,39.204128379278195,33.120628579038474,24.661472899187643,11.106778532427748
VYD_02334,59.6286244695898,63.94262729844412,67.48178925035361,81.9285714285714,59.29915134370577,36.79490806223478,27.363242574257416
VYD_02335,58.4725119513255,55.68100825727943,79.52803129074316,84.71229900043457,78.55204259017817,44.02498913515861,33.354954367666224
VYD_02336,66.371467025572,47.970091221773586,76.36017646179151,82.54964857185581,84.33789442201285,62.34596979213398,42.29916255420964
VYD_02337,69.83500040009599,59.469712731055445,92.61118668480431,98.64807553812915,82.34752340561734,49.50340081619588,36.385292470192844
VYD_02338,64.80932077929766,67.44436548824541,108.61088411203886,112.4046307810742,104.37194291466805,69.04387990762126,39.84390359448097
VYD_02339,60.709009740259724,58.46732954545453,72.85836038961038,52.22930194805195,46.058340097402585,24.658887987012974,14.648031655844154
VYD_02340,68.75229598530571,83.70165310942009,97.939910784571,75.84413539753346,66.82314353188139,40.63841511414327,26.63316714773025
VYD_02341,65.42719266497767,55.56991193147544,91.60497848554307,100.5866007158081,96.3728636345357,62.405879277757656,40.66385169099611
VYD_02342,84.90357296599225,91.62806715454155,98.57296599225141,78.34309083082219,63.08738699956952,50.645716745587606,32.62376237623762
VYD_02343,66.29519642524669,48.3824241295848,91.57475330478495,113.39415378886612,88.08555203872649,47.04412586110593,29.782256563023644
VYD_02344,61.81237911025145,54.527616591446375,94.06640876853645,91.44637868042125,68.24242424242424,42.558994197292066,39.62174940898344
VYD_02345,60.96957175056349,70.11194590533435,104.4177310293013,106.88767843726521,68.72577009767093,41.84184823441023,36.01051840721262
VYD_02346,62.06829144452907,57.26387407971568,89.70667682152835,98.02315308453926,85.98344757552682,60.483726834221876,35.095811119573504
VYD_02347,61.70321811680571,49.59773539928486,84.16150178784265,83.59624553039332,75.65882002383792,52.36352800953517,37.031883194278905
VYD_02348,66.99196452486532,75.38585161155915,132.4821880301181,132.1869587214666,125.59179786315883,89.60343442159457,45.24954614446
VYD_02349,65.54815002534212,65.40572731880386,98.06183476938672,85.90091231626967,77.36746071971618,51.44956918398378,34.024581855043074
VYD_02350,71.66941612604262,75.58748841519925,87.1437442075996,77.39731232622796,69.6620018535681,56.2808155699722,41.2253938832252
VYD_02351,60.06795624873406,59.04521976909054,85.193032205793,87.07190601579909,83.00131658902168,62.792384038890056,50.72371885760583
VYD_02352,61.133061049011204,34.017780370961816,83.00973467632966,89.04114973590468,85.27616386193343,57.91671784793024,43.92887851615282
VYD_02353,55.66691607432348,40.009477490958965,59.309140790622294,46.74161366753961,46.577254021698465,27.26661678513531,20.00773163736127
VYD_02354,66.07095743942237,37.34777476914531,81.704644865653,74.31076858987713,57.28542664722628,45.89078664167189,32.39033534680275
VYD_02355,77.00198412698411,68.1859126984127,83.45615079365079,67.58095238095238,56.3001984126984,34.13115079365079,22.556150793650794
VYD_02356,74.22543602141253,36.460240027629105,71.98273182524608,70.23959592471076,58.94206527370059,45.68830944569159,37.67850975651874
VYD_02357,56.58505338078294,47.53309608540925,80.16476868327403,73.65480427046263,52.11565836298932,27.350533807829187,18.49679715302491
VYD_02358,59.92293789023988,53.259612224778174,77.34390404206374,66.98044692737427,58.51068024975353,37.03943476832072,26.66776207689779
VYD_02359,65.43942914039161,44.980584135413196,73.27580484566874,58.939761035512774,49.457019581812126,28.423166279455685,22.107036176568204
VYD_02360,59.274401159321464,41.594919444207655,79.22862501065552,77.67019009462108,70.07356576591934,46.02369789446763,39.140141505413006
VYD_02361,55.858233594717305,37.911060668592654,64.11535286834504,38.73937267849772,35.890940982253404,29.573049938093273,29.430767643417248
VYD_02362,72.50886952870789,71.33609740736854,109.60386270599348,110.65403589797415,101.81232287183789,70.306812217907,46.64941744515587
VYD_02363,84.60760135135135,78.19611486486485,107.11807432432433,94.28277027027025,79.6202702702703,62.66030405405406,42.41216216216217
VYD_02364,66.15313787254665,55.72401259995154,77.74848558274778,78.27841046765207,72.36515628786044,43.982311606493816,29.814150714804942
VYD_02365,60.4070561227572,65.66743188545885,115.73630157675346,119.68622002054006,111.79260556998734,74.5154956805413,35.130127469340906
VYD_02366,76.60789049919482,73.9975845410628,98.71282877079979,91.42216854535695,84.90579710144928,61.64546430488459,44.38566827697263
VYD_02367,64.85724446250762,63.29191221296483,96.45996748628329,100.57650883966672,91.24212558423083,64.26061776061773,36.79628124364965
VYD_02368,67.72711005070087,49.88428273188191,94.99403519236505,87.8016701461378,73.57262153295557,44.00775424992544,17.511780495079037
VYD_02369,80.62297128589262,63.23595505617976,104.42072409488141,123.24914509037616,111.9421918254357,85.37773435379691,46.76974434131252
VYD_02370,76.10640539401602,64.13885377159714,99.18879056047197,94.41635061104087,79.47745469869366,49.29498525073747,35.12726506531817
VYD_02371,59.78381763527055,66.63827655310622,102.38915330661322,97.07252004008015,78.76703406813627,49.46831162324649,33.34055611222445
VYD_02372,57.4332450097156,63.47330860272038,100.34622858152271,110.31146440558204,96.61052817523404,60.209962904080555,32.53962197491609
VYD_02373,81.05109489051097,65.64233576642336,111.9718842930522,108.44336307110031,86.03622600702894,58.60773181941066,30.77264125439308
VYD_02374,67.32154772937905,42.41028730305839,51.47474513438371,24.39101019462465,28.795319740500467,24.33776645041706,25.373957367933265
VYD_02375,70.17277284998073,57.0478210566911,92.41419205553414,79.24103355187043,71.52795989201698,48.35287311993828,30.577709217123033
VYD_02376,94.5689433477044,85.12865895166777,88.13418047046365,67.64753044399063,74.29158157476739,59.58149913017171,39.036154602526274
VYD_02377,73.6807887844708,61.201817901710065,89.95963641965803,68.56524418425512,62.465413649668776,46.88075797257742,36.73393930057002
VYD_02378,57.253368221801544,57.64758935530562,100.35458189511185,85.44694354748908,66.87300968711722,43.75709831867272,39.52410644694353
VYD_02379,41.80213675213676,34.883974358974356,78.55555555555556,83.51175213675214,70.83376068376066,50.40854700854702,33.38034188034188
VYD_02380,96.05248677248677,95.74645502645501,130.4520634920635,119.83132275132274,106.45693121693122,76.17714285714287,62.00888888888887
VYD_02381,88.92314901593252,82.4386129334583,94.54482974070605,77.07341455795064,68.88159950015621,50.1674476726023,28.016244923461418
VYD_02382,82.10775862068968,67.10560344827587,105.87099753694582,93.9445812807882,82.61976600985221,69.68088054187193,48.788177339901466
VYD_02383,82.07096409386484,87.39440203562341,127.32315521628496,122.78739044387899,100.13429459994346,71.12397512015833,47.64927905004241
VYD_02384,71.73728813559319,75.25632230293249,105.19558783965564,106.56221415119725,96.74535916061336,74.90375302663439,46.19969061070756
VYD_02385,81.82795966019178,67.02180932982266,111.15743454717078,109.92036365442895,92.7397784291321,63.18644741417855,33.907794724030005
VYD_02386,52.83802737246917,42.59823549372241,91.59156204049316,107.43569731930774,102.28933378577082,70.90306526411038,42.00316706254949
VYD_02387,58.627838929915015,66.74223213041662,82.50118433886028,81.60554549254564,77.2684965863174,58.867772049602905,45.86554270586595
VYD_02388,75.51708918062472,83.75639429606157,116.65634902670894,110.0273879583522,107.58374830239927,76.07537347215936,45.948506111362605
VYD_02389,68.19629576659041,46.08731407322653,77.06207093821511,84.08152173913044,87.32990083905418,51.53155987795574,31.298197940503428
VYD_02390,61.54817838712165,57.71924824770853,86.00462142802124,97.42193637834089,80.1534314103058,60.08873141800817,40.228760687052294
VYD_02391,72.3066743383199,44.66570771001151,96.2445339470656,105.60745109321059,97.80840046029917,68.69260644418871,41.76165132336017
VYD_02392,74.2189945331761,60.15178475720869,73.82549040626003,66.54850466287918,55.20098617215134,38.02100975452888,25.967091864079745
VYD_02393,62.52008700102352,56.85203428863869,94.71519959058335,100.367835209826,73.65417093142273,49.05661463664277,36.82580603889456
VYD_02394,57.39938625902144,58.66994374041031,102.1870205148605,97.63652895379893,87.6078877081321,52.85327044382566,36.65482752741946
VYD_02395,75.55372028403828,74.10126582278481,99.30271688792838,73.96233405372028,30.948440876813837,22.021302871256555,17.366316764433467
VYD_02396,99.7427659574468,101.48553191489363,124.95085106382977,121.17574468085108,101.90063829787235,71.90319148936169,54.817659574468074
VYD_02397,42.303556658395365,36.82464846980976,67.07278742762614,59.31596360628619,55.54425144747726,38.2398676592225,28.443341604631918
VYD_02398,56.31422868548616,38.50727117194183,62.63501568291988,73.41973196464214,67.79868833761047,48.40205303678357,28.332192757342458
VYD_02399,71.48525280898878,53.37663857677903,88.21605805243449,94.69147940074909,91.10135767790264,56.40308988764045,34.94077715355806
VYD_02400,87.70817780794029,74.65151001017986,67.74652188666442,41.52697658635901,35.35052595860198,18.31693247370207,16.145911096029867
VYD_02401,60.1297911174204,66.10221050496857,108.22977083755832,101.22875684445347,87.09207057392011,60.911174204015424,42.43987020888259
VYD_02402,75.63384086444007,73.2379666011788,109.48514243614929,85.10621316306484,71.19327111984282,51.146733791748524,39.17227406679765
VYD_02403,45.48474801061007,31.038461538461533,60.974137931034484,57.047745358090204,50.505305039787785,35.24403183023873,25.32228116710875
VYD_02404,65.5995391705069,31.91004608294932,61.76534562211982,46.06811059907834,32.9011059907834,30.536405529953914,25.85511520737328
VYD_02405,73.06692617953287,80.02588875340022,128.84368258137133,130.78702748335053,107.69848044273522,72.80799174561486,41.50342369383736
VYD_02406,75.77731876332622,50.75666311300638,87.07489339019192,77.02132196162044,70.33715351812366,53.28691364605542,36.13219616204691
VYD_02407,71.97654962606161,50.226517936367095,82.68994802890101,69.13537837495247,59.120420839143115,34.94321206743566,25.33502345037393
VYD_02408,88.73636535195322,80.92583506321948,123.46065295338747,108.76674844310247,88.5516135119834,59.204000754859415,43.000377429703725
VYD_02409,67.98363095238095,59.225115740740705,92.73024140211639,80.61954365079362,66.54489087301586,38.330687830687815,24.099619708994698
VYD_02410,56.871352240032884,76.63392245513086,121.17714755445954,118.78914919852036,96.82340046581723,55.09097136594055,39.556514591039864
VYD_02411,67.59294320137693,60.69736087205968,98.60814687320713,85.85398737808377,72.46242111302351,41.91910499139414,26.523235800344242
VYD_02412,76.15162885141693,56.84634060210117,83.80475854153792,75.15074600512051,68.4700273682352,43.12381919307849,29.40421117683411
VYD_02413,77.26994189117802,67.07871104067618,98.06973058637084,85.90649762282092,69.5203380876915,47.87480190174326,38.0390913893291
VYD_02414,65.26904176904178,55.97911547911547,115.26003276003274,112.93939393939391,96.25020475020473,71.68366093366092,46.45843570843571
VYD_02415,75.7267223983857,46.23493802248487,79.30738925723071,95.0611127125973,86.21831459594505,62.2965311809359,45.56269818391467
VYD_02416,59.85883905013192,34.52638522427441,68.29859278803869,86.78803869832893,66.36279683377307,39.23175021987687,32.82102022867194
VYD_02417,56.54685408299865,44.53636769299418,85.9239178937974,88.0673806336457,74.79071842927263,48.191878625613555,32.1954484605087
VYD_02418,66.10969546302049,57.672156619018004,89.17453905117047,88.51574476900763,80.61321731924586,53.17899316345554,34.04609488295005
VYD_02419,55.71815519765738,63.87408491947294,105.20754026354318,103.50915080527088,88.24267935578332,60.07320644216693,39.76390922401171
VYD_02420,88.83397143725314,67.45919173503495,93.49589790337285,84.72859313278639,68.26994834396845,53.160498328775454,41.63245214220601
VYD_02421,67.92790911369143,52.63536880795255,89.54957814718902,69.30306574221034,54.371481079274915,29.690752652242928,22.66744632862752
VYD_02422,66.92699789078976,66.56198734473865,100.15912819310988,85.69861729552376,76.18174361378013,49.19041481134285,32.59608624326224
VYD_02423,48.9143192488263,48.671801643192495,106.71728286384976,90.09257629107982,72.77772887323943,50.813233568075105,39.13864436619717
VYD_02424,62.4168618266979,61.41083974573436,100.08815657410506,103.98929407828709,93.71729675476746,70.4867012378722,51.750752760120434
VYD_02425,58.34620347119134,37.358204192621955,69.23306372174969,97.56528253721605,92.58803535010198,64.82183437617057,47.24359383454263
VYD_02426,60.52302345786274,34.1837532580365,75.24022589053,46.83970460469158,43.205473501303224,38.07558644656821,26.867072111207655
VYD_02427,53.16851851851853,53.159629629629634,83.31851851851852,88.75259259259259,87.34962962962965,70.76629629629629,45.9662962962963
VYD_02428,75.46230440967285,80.07361308677099,115.5910384068279,101.59317211948792,82.18100995732576,52.774893314367,34.790540540540555
VYD_02429,66.15134856553858,49.14378972685107,75.44373818931456,68.00824600584095,61.310427761553,39.63391169902081,26.75966328809484
VYD_02430,51.54497189256715,50.5687070580887,98.80668332292318,106.76858213616491,102.71798875702686,72.80293566520925,48.204247345409115
VYD_02431,66.49543676662321,62.103259452412004,98.81851368970017,82.07092568448505,70.20286831812258,46.23702737940027,30.995567144719693
VYD_02432,85.65067502410803,87.18394406943106,113.67839922854385,108.88379942140791,90.89416586306655,61.07015429122469,43.21576663452266
VYD_02433,58.095837705491434,42.50821965722282,86.04354669464851,100.67401189227002,75.2971318642882,49.00647079398391,41.013116474291714
VYD_02434,77.3725855642155,50.90709364057382,61.515136112052396,62.01016604540834,65.94877442674805,51.39365186942279,38.695639896080436
VYD_02435,76.51160791057612,69.79753173840477,94.24353851600836,96.39057204997223,82.68130089525066,60.213089879115905,43.65161094532398
VYD_02436,78.54087346024637,84.51997013811125,135.2982456140351,131.63605823068315,113.49757372153788,80.17655841731992,42.772303098170966
VYD_02437,50.106884336978304,46.75681503157246,98.30232558139535,90.28476821192054,66.62960110888649,40.23825658401356,30.946557831510855
VYD_02438,81.09046849757674,70.25815831987074,99.07851373182552,107.8022617124394,88.10920840064621,69.22617124394185,40.360904684975765
VYD_02439,77.04560810810813,37.56334459459459,57.84163851351351,59.17820945945946,55.79391891891891,37.952702702702695,26.858952702702712
VYD_02440,67.32052845528449,34.96138211382111,59.34969512195115,69.03932926829263,62.43556910569101,52.334044715447114,43.14705284552842
VYD_02441,70.16681587585796,58.82005371530886,93.65428230378994,100.79528498955536,86.23619814980603,65.0193971948672,49.13697403760072
VYD_02442,64.28551236749117,43.166481574962155,64.21877839475013,43.73730439172136,32.980514891468964,23.3711256940939,18.207975769813228
VYD_02443,65.6160674656014,44.324012427873946,87.8126941855304,68.61517976031958,69.07456724367509,50.4150022192632,29.99644917887261
VYD_02444,84.02970107917105,97.50759239805173,103.77604813293857,64.29978034571674,54.35889599847198,35.4890650367682,22.916435870499473
VYD_02445,76.24345709068774,66.77054169202677,110.38202475147087,112.3969026847907,85.13613308987625,52.936227767633724,35.61614932034897
VYD_02446,79.91606305922453,75.95824456753301,107.90200255645503,94.45845760545376,80.08649339582443,51.34000852151682,33.007669365147
VYD_02447,62.80992167101828,38.54130548302871,86.17117493472584,75.38422976501305,39.255874673629236,23.459843342036546,16.810548302872057
VYD_02448,70.72130792550888,53.33802511909918,107.87981810307491,110.61141186660892,84.6202901689043,62.3556734517107,40.39151147682982
VYD_02449,66.88627582731397,67.81185956660504,101.90601377456746,94.83781286746176,83.70426675625734,52.39627078783807,40.40307408029564
VYD_02450,63.526683431126024,55.87440625873149,92.02640402347026,91.67546800782343,75.44733165688743,44.814613020396756,29.164850516904167
VYD_02451,60.70525451559933,40.68177339901477,88.61469622331691,74.89663382594418,76.85467980295566,57.75944170771757,34.60615763546798
VYD_02452,63.57957130882526,54.04442581726736,70.27541611783016,74.09699437193144,57.267752364986194,31.782541013052313,19.914381511196254
VYD_02453,93.64996420901933,109.84788833214031,146.43557623478884,138.97959914101648,122.7877594846099,78.4463135289907,50.377594846098795
VYD_02454,48.27057842046719,42.63494160177976,74.3843854282536,66.63744438264737,69.975180756396,57.013695773081196,39.135984427141274
VYD_02455,51.94816414686824,52.377009839212846,104.56995440364766,105.434845212383,105.37245020398369,74.91984641228703,50.3472522198224
VYD_02456,48.7680265654649,56.29720113851993,105.4449715370019,105.9537476280835,94.9573055028463,56.81736242884251,42.54957305502847
VYD_02457,63.66196509682047,59.50896485775759,96.96294525460199,96.09610327516137,77.03992349988044,57.101601721252685,36.01147501792971
VYD_02458,74.6543598304867,55.15468087838704,54.833889816360575,35.40638243225889,36.72524720688326,25.482149736740716,21.069538975215092
VYD_02459,56.468776732249815,60.917878528656985,85.50042771599662,76.52095808383234,63.162532078699776,37.29512403763901,23.303036783575713
VYD_02460,58.70986729452054,59.47666952054794,78.61076626712327,90.79013270547942,75.81260702054794,54.05811215753425,36.053617294520535
VYD_02461,73.16741431903824,80.8787008792392,134.39637538130273,131.15862192714883,115.85573299838512,80.51552126323348,47.250493450565244
VYD_02462,59.01161004975736,62.68775723324528,106.42508753608944,121.95656981387063,114.38939738313162,72.54530376558756,37.79802199152282
VYD_02463,76.02749140893472,78.74348089751366,124.49181322013344,111.52840105114213,96.39377400444715,75.0830806549424,46.060238528401065
VYD_02464,58.07838416265383,55.11811128945961,81.96134296415192,105.47552166934189,107.69890315676832,66.07263242375602,37.77461209202783
VYD_02465,64.92221567472012,46.63140836770772,85.07248084855631,70.9236888626989,60.86210960518564,35.261932822628175,27.344725987035954
VYD_02466,80.66485252808988,66.47226123595506,86.60797050561797,77.13044241573033,62.22963483146068,43.21190308988763,26.229985955056176
VYD_02467,51.835168304328974,54.64875103587074,94.48080186259423,88.6919221814451,80.81737105875854,47.627126001341686,30.4774476145377
VYD_02468,49.08502335481582,54.61296044462838,85.00201028794416,92.1891444451014,67.95796133152014,40.03925974102761,39.817773310471225
VYD_02469,65.32338308457713,62.715588723051425,94.62064676616917,77.58540630182422,64.02280265339968,45.356135986733015,29.971807628524047
VYD_02470,71.61753772140827,67.95232888694511,94.46883883664992,76.30614476273782,67.79050951235514,43.11699103433195,32.93724032363875
VYD_02471,49.88876313662087,42.31430881164108,89.48860145513339,98.05141471301538,80.11802748585289,47.2944219886823,30.603395311236863
VYD_02472,69.04726056043496,46.311166875784195,85.0849017147637,97.04140526976161,76.09201171058136,52.71350899205353,36.06733584274362
VYD_02473,72.70839952343128,75.12048252581411,114.89887807783948,118.5052124702144,97.23083796664015,65.18462073073866,36.103306195393166
VYD_02474,69.99693016116652,72.31696085955485,91.06715272448194,87.91174213353796,65.81005372217959,45.408672294704516,27.127782041442813
VYD_02475,74.1126197340277,34.241513996094106,61.3866827861992,68.84711243373943,58.760159955361296,38.428066586069,26.88207941969683
VYD_02476,68.68698458228755,72.42954463965577,117.98870562925777,109.91914664754388,86.96916457511652,55.52689135891,32.993904625313725
VYD_02477,50.46902322083295,31.570837642192352,77.12042869230044,91.11845445144309,74.78358559744285,45.10604493748235,33.86452947259565
VYD_02478,58.443817393933244,32.87745641439079,68.32208001612413,64.62148543787161,48.64476468809835,36.279955658571005,27.70774967247807
VYD_02479,59.401660771951406,64.66784560971858,86.94341073350763,89.31539289558667,78.20575119175763,58.27125941872984,39.149777025988
VYD_02480,55.79362512992261,49.149208915579166,88.04030488509068,74.324517842707,60.061785425568765,43.85483312160758,33.565885206143896
VYD_02481,65.49661814836858,57.84632866186894,86.6292949515719,83.26118716519666,63.58378875601967,46.31789405335207,35.259617986039714
VYD_02482,70.97892644135189,47.88926441351891,96.8007952286282,71.05964214711732,72.12259774685224,53.35089463220677,32.078064943671315
VYD_02483,71.89003645200486,72.10115431348724,119.69015795868769,126.4665856622114,102.30801944106923,70.55346294046173,52.75759416767922
VYD_02484,58.99260235337635,53.25528816145367,89.41803638717434,87.80500265852923,77.40888179947757,47.88126777169015,28.39341609450494
VYD_02485,65.39704118352661,47.603358656537395,62.11035585765695,65.9720111955218,63.976809276289494,42.07596961215515,29.707317073170742
VYD_02486,76.5694154488518,45.418928322894935,78.80880306193463,76.02974947807935,66.24756437021576,43.63500347947114,28.017049408489918
VYD_02487,90.359466875735,92.3669149353195,146.41669933359466,137.52136417091342,119.6789494315955,95.36769894159156,60.529988239905926
VYD_02488,63.71191306130817,60.27547672749641,89.69648349395115,81.92731187205247,81.01906909985644,65.25061513225342,48.14711913061306
VYD_02489,61.24702676829045,52.0697374719246,83.47431790566664,89.14297286350751,74.99904267461984,58.29220516219301,35.561213594020394
VYD_02490,61.450235183443105,60.34393226716839,107.6246472248354,92.13885230479775,80.04985888993416,49.40395108184384,32.398306679209796
VYD_02491,58.141950688905006,46.463741841914434,85.26852791878174,78.43176214648295,58.60449601160262,41.39253081943438,32.25674401740391
VYD_02492,78.70059582919562,42.590367428003965,49.87140019860971,34.13455809334656,40.4428997020854,31.712512413108236,18.50347567030784
VYD_02493,78.89862822599396,66.36049755870727,98.74087421529879,71.51313647988842,54.015229016507796,37.47907463380611,19.534061846082313
VYD_02494,69.65230338062707,64.59502539849359,102.0284638290418,83.22753547031003,74.68348222105446,48.62515326677178,31.64144333508496
VYD_02495,102.08981555733764,97.37770649558944,112.61507618283885,71.55974338412192,67.10344827586208,56.640737770649565,48.45629510825984
VYD_02496,82.80268843014882,61.072431589054226,97.14420307249156,92.68957033125301,86.52820451272203,64.9698751800288,39.9897383581373
VYD_02497,64.21703178694158,55.37210051546392,88.49119415807556,87.15549828178693,64.41033075601376,42.2948883161512,33.10889175257732
VYD_02498,65.27435697583789,32.695245518316455,80.43335931410755,63.93725643024163,53.14770070148092,33.79501169134842,18.066640685892445
VYD_02499,63.70621563072822,49.747708715214124,94.73121146475589,102.97367105482421,90.57873687718714,60.952341276453915,35.42426262289618
VYD_02500,75.08127208480566,81.24886420999493,122.05603230691571,121.87279151943466,101.81978798586573,56.197879858657245,41.275113579000504
VYD_02501,77.06845373315161,51.037558685446015,91.77010449795547,89.77071028320461,68.23443889141299,47.298349235196135,35.50522489777375
VYD_02502,87.5922752111277,75.4030054644809,117.09960258320915,122.91219572776953,104.59128166915058,63.86810730253354,38.05178837555887
VYD_02503,62.91558651976669,62.628969539857415,107.45009721322101,107.63318211276736,90.31011017498379,67.46516526247571,51.75486066104991
VYD_02504,65.51935628073315,84.41063924899419,105.83889137237374,100.83486812695575,93.42762628520339,72.25561019222174,54.87465355386677
VYD_02505,72.60045662100457,65.53694479036945,121.76442507264424,124.48982980489829,94.24242424242424,65.36903279369034,41.630759651307606
VYD_02506,53.14321192052979,36.1591059602649,53.78725165562915,50.19850993377483,41.39139072847683,18.28658940397351,4.938410596026491
VYD_02507,68.68537517602094,56.5924361295514,88.11587205793603,76.7982297324482,67.01247233956954,45.09555421444377,25.56729028364514
VYD_02508,64.91648254529386,56.9478568272205,80.61820592134333,78.52761820592136,60.72956252761819,41.97437030490498,25.213433495360142
VYD_02509,79.53529839883552,78.72889374090249,93.891557496361,89.94432314410481,63.40465793304224,45.87227074235808,33.1972343522562
VYD_02510,66.93401797175866,54.405776636713746,90.38793324775354,110.25571245186138,81.26842105263161,39.696790757381265,21.093068035943528
VYD_02511,79.53214503351612,61.211710339224005,101.76899248425754,106.83673573024576,92.13888888888889,61.2740706886045,39.837345114767416
VYD_02512,54.212811171827575,46.78445658773528,68.79538554948391,68.13357619914999,55.673649058894966,36.12689738919248,26.09836065573771
VYD_02513,74.06146135584281,65.12186758111316,112.45634397256661,88.68003165391715,73.49063571616988,53.9227116855711,30.864415721445525
VYD_02514,68.30418738969999,65.69934221081341,82.24450505374617,79.29359858815978,72.6427081662121,43.655703513556865,28.917535697096096
VYD_02515,44.81194029850748,40.32288557213931,64.49784411276951,83.06368159203984,75.92868988391379,42.33781094527364,26.61824212271974
VYD_02516,56.501752848378615,24.934268185801933,56.192375109553026,66.4811568799299,59.397458369851,44.76687116564418,34.42813321647678
VYD_02517,76.83567182748136,50.18679153995026,95.3386784628145,103.69380702239427,89.47532485485212,56.973113077135764,38.00072573956317
VYD_02518,80.10716981132076,70.89075471698115,106.8316981132076,96.16320754716983,80.46698113207546,53.26679245283018,32.92113207547171
VYD_02519,71.12419462341701,59.58831370806487,76.14107976005329,58.74194623417017,46.60231059764496,27.771606309708957,23.642634970006668
VYD_02520,62.67912641747165,48.062018759624806,63.954360912781745,44.53114937701244,36.19305613887722,29.284474310513797,19.119977600447985
VYD_02521,71.53829644533872,58.32027721886877,87.1995528727923,62.007869438855344,51.61806393919071,42.315314106863404,33.67619047619048
VYD_02522,68.18470185412492,65.3679824278054,92.12946572776019,82.21894179210543,83.6587634860133,66.243620388914,42.92596420957425
VYD_02523,79.66972419425767,61.23151347615755,116.65923226738703,123.8634164729534,102.55311930640191,67.38424326192117,40.5913802852296
VYD_02524,74.82267235252307,49.583422174840095,105.49386993603414,119.98658493248047,93.12082444918266,64.56369936034113,39.33981876332622
VYD_02525,48.475459350616674,55.52252705763908,87.36647369745785,62.99169393405488,53.039768436949416,35.30279385854517,17.191794613642084
VYD_02526,65.29192006950476,74.0318563567912,124.57109759629306,115.69012452939471,99.0304083405734,64.50159281783955,36.78830002896033
VYD_02527,49.78542853679233,30.23554370226694,73.04436901442598,71.1756576554734,53.95150927385137,38.45387319675111,29.250697054188386
VYD_02528,68.87965451055656,44.507581573896346,91.59999999999997,100.20451055662184,85.6660268714011,60.257677543186155,41.26785028790786
VYD_02529,62.39550496205487,60.40309398715703,92.8990075890251,109.46964389959138,97.96468184471689,70.16929363689432,37.60887332165791
VYD_02530,75.84477240398293,69.3017425320057,111.15718349928876,117.32610241820768,99.54996443812233,74.16109530583213,46.41020625889047
VYD_02531,83.15609078276984,65.39995368226032,93.90528022232517,90.21653543307089,91.32352941176474,61.04608615099585,48.56577119036592
VYD_02532,68.12330603127327,82.99568131049891,104.28816083395388,88.00982874162324,74.16753536857782,51.3228592702904,42.76470588235294
VYD_02533,69.59681555541128,71.48136726611699,122.74360514185545,124.97119067714077,117.83873271440622,81.49516327988056,48.07303771992467
VYD_02534,67.28078518668418,56.77365172518463,75.05130021248605,55.05362744106039,45.42709703531317,33.869270464433875,22.088738237377314
VYD_02535,49.48755483015407,37.00647760889525,75.8644802611446,87.45526879526679,73.24620014281344,52.369274711822946,36.18734061001736
VYD_02536,66.08327018607392,54.98156100025257,83.61572787741014,49.154921276416594,43.43630546434285,33.350509387892565,24.876652353287874
VYD_02537,73.91408554572273,55.36762536873158,93.72160766961653,91.10877581120945,73.34365781710916,47.65707964601771,30.727507374631276
VYD_02538,78.82127368180781,72.98790230540972,108.0867381876284,90.80141520200868,71.47477744807122,45.37434375713308,30.054097238073503
VYD_02539,83.94126699153628,81.67042831495253,99.49910233393177,92.9107463452167,71.57245447550652,56.96845344960246,38.76506796614516
VYD_02540,67.02788419267723,50.678954970796916,61.788544872197406,34.00383093638132,35.58456321045027,30.492683539534006,17.83250643722916
VYD_02541,83.02113876576882,63.58472553699282,73.88816911012611,73.17558813501533,62.00954653937948,43.958404364132285,27.928741902488905
VYD_02542,80.63157150932729,71.4891181458451,92.62196156020349,89.92425098925946,76.66153193894851,48.924109666478216,32.45166760881854
VYD_02543,70.39914045354794,65.8194038039503,61.351225310899785,41.20208485735187,38.57745062179957,25.10524871982444,16.24487929773227
VYD_02544,67.93479462147724,37.5122950819672,48.944096518695886,48.071836433965736,44.83141462516115,16.609504512801607,15.131561981948785
VYD_02545,69.53484276729559,63.5509433962264,91.12830188679243,81.81509433962262,66.53584905660377,41.836981132075465,24.952452830188676
VYD_02546,74.86487841564302,68.02473468705607,119.85618784992059,113.67025988134034,98.59730926715127,62.1174897635163,38.38271914431352
VYD_02547,75.31198954590003,74.72819340084939,103.71871937275398,98.00653381247956,70.94903626265926,48.68703038222802,31.90689317216596
VYD_02548,79.57392594162205,45.192721301054185,64.27165333474596,60.18535784287758,61.37400010594901,43.673571012343054,33.32272077130898
VYD_02549,72.57357594936708,78.27360232067511,105.97600210970462,88.97652953586497,76.7738660337553,63.993934599156134,44.318565400843895
VYD_02550,50.52945945945946,53.451891891891904,83.12135135135135,75.61135135135137,55.765945945945965,29.742972972972986,16.936756756756758
VYD_02551,68.54464791391354,62.095903341514045,74.32376817066265,77.29960354917877,65.30517273928639,46.95072682650557,33.04417594865018
VYD_02552,55.214837398373994,57.978252032520324,105.09288617886178,111.38841463414632,81.19674796747968,50.43699186991871,31.86504065040651
VYD_02553,62.79921888869164,60.02432096573762,68.38487484466538,71.1494763003728,69.80081661636785,52.071897745428736,36.364459435469556
VYD_02554,85.52013808975836,94.07633294975068,106.37130801687765,87.09551208285387,70.62102032988109,53.674721902570006,39.52627541235136
VYD_02555,84.15550618851157,68.0168200571247,102.75880672802282,105.7867343700412,85.98762297683272,59.5449063789273,38.13424309742938
VYD_02556,88.11883408071748,73.6407381855812,106.62935494998273,101.66781648844425,72.31976543635734,46.20110382890652,26.28061400482925
VYD_02557,79.199212733185,76.53962005818926,112.44976895430428,108.4011637857265,100.67739175081294,66.98750641793599,43.25072736607907
VYD_02558,58.47475869138121,61.14213718288201,99.91680191338514,97.50106773725116,70.94524643375756,43.191338515418124,31.23345007260613
VYD_02559,89.21736311239191,79.51433717579249,113.3844380403458,106.971469740634,88.68667146974063,47.929899135446675,28.401440922190208
VYD_02560,65.67571731176584,59.47044097823993,106.40304255728861,72.23223570190638,51.59560947429229,29.92181783169651,17.685730791450023
VYD_02561,75.09411917434764,100.14463340401288,123.09618186276627,45.201003937859696,25.03966708497411,12.120400421192315,12.195508243541473
VYD_02562,51.441574803149614,48.79700787401576,84.32362204724413,76.24503937007873,53.536535433070874,36.099370078740165,19.98866141732284
VYD_02563,80.01262942314261,63.07930367504837,104.06121287973605,96.49596086016615,71.079645010809,47.23233587438844,23.111958129480037
VYD_02564,79.98632511556242,67.9869029275809,67.11344375963021,57.35323574730355,45.80874422187981,24.813944530046225,17.58359013867489
VYD_02565,62.690222144481375,76.18786076613608,107.42417351757919,99.7568654888928,96.55168794822461,61.502886129088694,32.49431520027987
VYD_02566,74.31208712729872,81.08069987502232,112.33476164970541,102.41385466880915,80.61899660774864,62.14997321906804,40.444027852169256
VYD_02567,73.00071816969326,55.08146096234741,90.89124858930955,84.06022365856164,74.20744844567562,41.59207961424029,25.18631373756028
VYD_02568,71.63036040145984,66.27360857664232,101.84135492700729,112.53866332116787,93.3664461678832,65.25821167883211,43.32903740875911
VYD_02569,67.27611548556432,59.42125984251969,103.09081364829395,113.17244094488184,97.19803149606301,69.58110236220472,42.02677165354331
VYD_02570,71.57902511078288,73.08035450516988,108.22570162481537,101.62363367799115,79.12968980797638,54.520236336779924,46.7648449039882
VYD_02571,64.13463105911684,76.13837081075899,113.35709833628995,91.1341516037781,79.0327947451695,56.149302392482106,45.019130268015545
VYD_02572,63.75507389162564,62.67428571428573,87.30029556650247,91.77990147783252,87.97359605911332,56.063054187192115,43.20689655172414
VYD_02573,53.83329583802027,46.93363329583804,98.92665916760409,98.40764904386954,84.43172103487066,55.36827896512937,45.95185601799776
VYD_02574,89.84275702165782,74.24479633240239,55.622806555303804,44.26998471834326,39.79032513042104,24.734204563418874,17.189545238973498
VYD_02575,52.49592797031939,54.204099176545085,115.02045063795127,109.74595059270648,92.85100895846524,57.61270473260338,32.08542213374353
VYD_02576,58.82192186266775,48.979380426203626,69.85299921073405,61.73500394632994,63.17788082083666,42.21231254932912,36.41022099447513
VYD_02577,40.92256791270024,21.989087531924767,59.14429997678197,47.72869746923613,48.456001857441365,43.389714418388664,34.45170652426282
VYD_02578,47.78081075575474,27.501629659808515,72.47636993277652,84.71093909146467,75.47005500101857,63.25422693012836,45.46027704216745
VYD_02579,93.96214267319083,99.46098377543136,120.47386041720323,107.92196755086275,94.81328869430855,64.87277877929436,48.22405356682978
VYD_02580,46.93010979729731,46.66110641891892,84.01224662162164,85.2635135135135,76.41744087837839,45.25401182432433,31.211359797297305
VYD_02581,66.8480853735091,63.583804143126194,101.38125130780497,93.644277045407,86.726511822557,62.960242728604285,41.03787403222431
VYD_02582,60.52506880459495,47.79579992820391,95.54912049778629,113.81362929280844,91.1077539787005,41.43711858322364,22.73321766184038
VYD_02583,63.74950445986124,47.09712586719524,82.13181367690783,78.05128840436075,67.98463825569871,42.78964321110009,23.275520317145688
VYD_02584,73.05468039987883,70.55346864586488,93.61132990003028,88.03468645864888,74.32338685246894,51.76007270524082,36.90820963344441
VYD_02585,67.86762422360248,58.868400621118,88.28105590062111,106.16420807453414,86.27950310559007,49.090450310559,30.328416149068314
VYD_02586,67.09302325581395,66.32597224936485,101.10553058432676,106.39183115106508,85.87688098495212,57.12292358803987,34.613054524135244
VYD_02587,70.44901262544514,55.89316931045647,69.4257041113629,51.36225315636127,45.02071867918421,35.6005179669796,25.786986079637423
VYD_02588,68.55273528048214,58.866713027352766,96.94355586462682,94.98701900788134,80.7009735744089,46.66608715808995,30.940542420027807
VYD_02589,63.02923331494761,62.8568119139548,110.49167126309985,105.09663541092112,89.94241588527304,58.34925537782683,38.94230557087701
VYD_02590,84.53469852104666,75.63215775502465,97.69093667045885,93.25142207053472,79.73075464543042,52.11566173682215,46.14182783466061
VYD_02591,82.11592208342158,77.73756087232692,69.28265932669915,49.23851365657423,36.47766250264664,28.16705483802669,20.046157103535894
VYD_02592,55.865727699530524,41.662441314553995,76.97511737089205,73.3098591549296,62.33051643192489,41.51455399061034,28.31455399061033
VYD_02593,74.43449349179399,67.16129032258065,93.98783248443692,95.03197509903794,91.45981890209393,66.22976796830785,46.29131295981889
VYD_02594,63.568568994889276,74.77470187393529,113.64522998296424,117.13543441226577,96.50298126064735,65.09540034071551,47.22700170357752
VYD_02595,89.19912408759123,107.38131386861313,150.31445255474452,148.24291970802918,115.58423357664233,84.16934306569343,50.616642335766436
VYD_02596,59.94131108814409,44.93134504650818,66.9230769230769,85.49269156946697,72.9500959692898,53.234977115015475,38.327033810719016
VYD_02597,82.18824375572119,79.31698705374654,140.7731136393357,143.42703020792464,120.10265463580488,71.50895776121354,46.578854452726574
VYD_02598,56.240000000000016,31.981538461538467,57.55824175824176,68.0167032967033,64.82989010989012,47.91648351648353,32.06065934065935
VYD_02599,65.84994896223205,61.98502892140184,74.95406600884654,59.70568220483158,59.14869003062267,37.62538278325961,28.22184416468187
VYD_02600,71.08478921382452,60.92252183820737,82.42195214584123,87.00921002658565,73.93268135206985,50.848176984428406,38.011488796050116
VYD_02601,67.37579774177712,62.8135738831615,102.7374815905744,94.3069464899362,85.19869906725582,64.5785468826706,42.71502209131075
VYD_02602,66.3748707936143,50.67038015389917,65.18444929367178,50.61410359480877,39.53497186172045,28.97668542551969,19.298495463420235
VYD_02603,65.28072884496602,68.70722668313776,112.65276919909408,119.44461601811818,108.138665843113,76.65318097591104,44.93514515132798
VYD_02604,64.92206265222138,56.92273452590913,96.34248761232888,88.22012261694805,78.70420760896951,62.03938859494414,41.55866297136138
VYD_02605,60.52250032421214,76.59570743094272,115.04409285436383,110.82713007392036,97.91687200103743,61.40922059395666,44.76689145376733
VYD_02606,77.992,62.13347368421053,108.70105263157895,114.8265263157895,100.38484210526315,67.17726315789473,44.26147368421052
VYD_02607,78.94766245221994,71.87915319023817,122.52807997647754,133.05645398412236,98.9064980887974,63.08350485151427,40.18582769773596
VYD_02608,54.702835372554745,34.59975089750164,68.74921239651256,71.7364642098322,59.31430874056708,41.22734266246611,27.63660341416952
VYD_02609,96.98798273247002,102.39143623847862,139.08820441022056,130.814374052036,113.95251429238132,78.20126006300315,61.509975498774956
VYD_02610,66.40277461905845,45.11212190129633,63.52831476006367,62.508528542187854,55.231066636342966,38.90106891062086,28.228110075051173
VYD_02611,79.5004081632653,53.48857142857142,103.2889795918367,98.65061224489794,77.37673469387754,49.19469387755101,33.26204081632653
VYD_02612,84.54285714285714,72.52829594647775,89.25045257772528,82.8095238095238,73.45029515938604,49.62613144431325,34.065564738292
VYD_02613,69.32250427462844,72.96803893200052,101.39773773510458,82.7652242535841,67.98855714849402,40.65855583322374,28.41233723530186
VYD_02614,53.9575608666518,34.824547688184076,74.54757650212197,81.06499888318072,72.73375027920484,52.535738217556414,29.49519767701587
VYD_02615,63.94158125915081,45.67027818448023,80.59180087847731,78.64407027818449,68.7360175695461,39.51961932650074,25.55226939970718
VYD_02616,70.8418999541074,62.162230380908696,101.48921523634698,86.79944928866453,75.11955025240937,49.87677833868749,32.233363928407535
VYD_02617,58.297309027777764,56.29340277777778,95.79210069444444,110.13715277777777,96.31119791666664,66.43706597222221,37.528211805555564
VYD_02618,61.77078249552626,52.57003416300635,80.38539124776315,65.89311859443632,65.33561086708966,45.503009598177975,27.026028957214898
VYD_02619,51.51910112359551,50.535035750766085,75.86394279877426,69.3605720122574,76.51807967313586,56.03758937691522,38.25863125638407
VYD_02620,69.3100795755968,66.41511936339522,98.95809018567638,89.13633952254642,65.98488063660476,47.05092838196286,37.92148541114059
VYD_02621,62.3976117886179,53.04293699186993,99.5962906504065,85.20884146341466,69.84603658536588,45.53887195121952,23.906758130081297
VYD_02622,83.74346602332125,84.66827503015682,125.6131885806192,105.55609167671895,83.3385605146763,53.876156011258544,41.92722155207076
VYD_02623,79.5779460657554,66.84724787587731,98.9188523580839,83.10620613224971,68.72848171407458,44.431720231498566,33.017485531338494
VYD_02624,81.18913171884228,80.23733018310692,119.4706438275251,113.66272888363847,90.84937979917305,59.036975782634364,49.65410513880685
VYD_02625,74.56887755102042,71.13042091836736,100.44196428571432,84.96109693877551,70.38998724489797,50.46556122448979,27.83864795918368
VYD_02626,69.85265115230744,59.19338479743056,89.82058939539077,77.23226460810278,75.31802558178848,57.16797205161434,39.707556206682824
VYD_02627,57.10460829493087,57.7342549923195,83.06497695852534,78.20384024577571,64.58878648233487,50.25806451612902,33.52964669738863
VYD_02628,75.10909236113883,73.18108852773224,102.39252485724553,100.69652198219067,88.24350117797387,69.41951842830326,45.64137683184922
VYD_02629,60.50208955223884,55.865373134328365,85.25223880597018,70.99611940298509,58.279402985074626,42.74626865671643,22.557014925373142
VYD_02630,59.56817278388763,46.75606201139526,78.92261825891082,68.75579700543263,57.45090764542204,35.998144958261555,24.17636146813303
VYD_02631,51.07404770380921,47.119615521537916,90.20612317550732,88.4239943040228,66.24492702029193,47.3058027767889,30.831612673549316
VYD_02632,63.65310671496238,56.84466425188076,86.10991919754807,78.86124268598495,61.41975480635275,35.3949568124826,24.813736416829197
VYD_02633,70.56110448269983,63.076018408045016,106.99846599625022,105.26998465996252,68.74518493267428,43.51883415715016,32.34787796147946
VYD_02634,59.996353268797236,55.99312646421785,95.22337886221992,92.26077443309906,75.9370110064978,49.12538124917122,28.410312513813373
VYD_02635,78.54908505006328,57.834733571181935,97.0111635401082,82.78133271953044,76.23708136724595,63.47220623777188,43.55714121302797
VYD_02636,67.08197863446357,65.12192289828148,75.94728286112402,72.98002786809104,61.86878773803997,35.815838365072,25.585229911751046
VYD_02637,60.2813430367185,53.15564009262323,105.44756864042346,100.8850479655971,87.76314918954682,57.972378432021166,37.09345021501821
VYD_02638,56.36584993511947,39.8081062514312,70.08411571635754,73.52873826425464,68.81039615296542,33.795740783146336,20.096328524540116
VYD_02639,59.71975226719754,53.70979871709799,83.60053085600532,80.5414731254147,74.15151515151513,44.487502764875,31.53793408537933
VYD_02640,87.87619047619049,75.87278911564624,113.99081632653063,110.2091836734694,90.47857142857144,52.03095238095238,33.7108843537415
VYD_02641,84.3993610223642,88.97908800464712,112.06012198663953,112.13389485913446,91.33270403717684,65.68806273598605,40.66758640720301
VYD_02642,62.241951219512195,55.57602787456445,94.16648083623693,83.58919860627176,66.57867595818813,43.08585365853658,25.682229965156797
VYD_02643,65.12859051436207,44.515364061456246,61.7625250501002,46.98597194388778,56.40447561790248,47.95056780227121,38.135938543754186
VYD_02644,66.42655889145499,63.74780600461894,97.15311778290994,95.90473441108547,88.21270207852197,54.05069284064666,38.398614318706706
VYD_02645,60.3748035862834,43.52195212126814,89.09307699417691,104.69664479157036,89.48109806821333,65.1749699602551,45.544135317496995
VYD_02646,81.9230577998757,75.6089496581728,93.4985705407085,92.2954630205096,75.71945307644499,51.11547545059042,41.56246115599752
VYD_02647,70.54126342656596,74.8025630118047,129.13812081250663,126.34435818355834,118.8043975327023,76.62232798043173,44.97429012017438
VYD_02648,63.0834054834055,49.300144300144304,95.79971139971141,68.66551226551228,74.49090909090911,52.62409812409812,41.73116883116884
VYD_02649,81.63188684834121,61.36048578199051,97.05235485781986,103.33027251184829,82.1242224526066,58.37014958530805,37.26099674170615
VYD_02650,64.98396533044422,67.61560130010835,99.49577464788733,94.52784398699896,86.7098591549296,56.17269772481042,38.38786565547129
VYD_02651,65.25545171339562,71.56653315531821,96.45304850912328,91.73609256786828,79.6297285269248,53.00445037828216,42.69470404984424
VYD_02652,54.41423637759017,54.325978511128156,76.9687260168841,90.33326937835763,76.08729854182654,45.79240214888718,29.347275518035303
VYD_02653,71.96129320239766,66.14561280448922,102.73960591761252,102.01712154061981,83.56861369723248,55.903424308123974,36.646027292437196
VYD_02654,70.04436860068259,67.94019884255823,110.1838551713904,122.57308205965278,95.36503932334172,59.164119305534946,42.83217094524411
VYD_02655,48.829579288025876,52.793139158576054,80.40135922330097,81.83372168284788,75.36614886731392,51.1935922330097,31.254304207119745
VYD_02656,74.62879134976632,80.29930663734382,127.29799321909645,135.50673508659395,101.07831638107456,61.7465408228718,35.13179999389108
VYD_02657,73.69218543046358,63.74225165562913,109.78754966887418,112.33218543046355,92.43629139072848,53.32026490066226,33.28768211920531
VYD_02658,67.81486640496392,59.710902874509316,93.72483221476514,76.15702165379257,60.788274028111935,39.27402811194125,31.244649867038127
VYD_02659,60.523370429252786,62.347959724430304,110.64038155802862,112.63905670376256,109.61372549019607,73.29878113407523,46.66369899311075
VYD_02660,68.11826418693373,43.78493085360039,92.59942775393421,95.87720553171198,81.75965665236053,50.33929422985217,30.844062947067243
VYD_02661,63.83030391158936,75.46735495128691,120.2317871164752,115.43187436382145,96.45819397993313,62.864039552130286,49.709320924821874
VYD_02662,69.42954954954955,75.0657657657658,106.46252252252255,101.10756756756757,76.17891891891892,56.72684684684684,42.45081081081082
VYD_02663,41.70028540646797,25.563233598578666,50.82915304213055,57.341410399380045,60.174457066172714,37.151284329105806,26.888502466592332
VYD_02664,69.86281041792854,62.207147183525144,88.14900060569353,92.27892186553599,81.65142337976984,53.40369473046639,43.28104179285281
VYD_02665,65.18023083752588,55.59899378514353,88.92542172240307,77.27167801124594,64.16395383249483,43.851139390352174,32.42261023971589
VYD_02666,78.74239631336404,73.37811059907834,100.54815668202764,85.92672811059907,76.28571428571426,59.25069124423962,45.96751152073732
VYD_02667,63.88208215297449,48.154036827195455,67.90084985835692,57.468130311614715,57.82471671388101,37.90049575070821,33.83675637393766
VYD_02668,76.32860862019092,57.458490020248774,90.97194098929708,90.64477870986406,82.21434770031821,57.20740526468037,41.27509401214927
VYD_02669,56.07963729548593,59.2688744332742,78.62704514094226,78.38911886457718,61.08042578356004,40.70628819239109,24.242854326828308
VYD_02670,57.19108952702704,56.92884290540541,86.7702702702703,88.10768581081082,81.38407939189187,50.44256756756756,34.90477195945946
VYD_02671,49.32930951231289,63.88025108643167,98.08377595364557,83.9297440849831,80.20762916465473,46.44857556735876,32.93867696764847
VYD_02672,60.47383362132806,39.99493952110589,81.96173784250804,76.10725746729202,62.686744013823734,57.020488768205375,38.95457911626758
VYD_02673,80.37257969880696,77.47271660473305,103.5196557793859,87.30158419714456,52.270682573831415,33.70056718169373,24.296694699784865
VYD_02674,53.524142926122664,61.852245292129425,94.84282955094157,89.86817962337035,83.38870111057462,58.24505070014487,31.79237083534524
VYD_02675,68.0758254057079,72.41270285394516,100.36625629546727,84.80805819809737,68.40486849468384,46.70201454952434,29.847229994404028
VYD_02676,54.471959238475584,45.81244190449962,84.7240334630082,89.72279409233309,71.20057148758912,44.02626777291979,37.18666299445725
VYD_02677,54.68038879359633,36.033090337335615,87.97648656375071,74.50414522584333,63.581475128644946,36.90237278444825,27.837692967409954
VYD_02678,67.12591235208248,54.02316986054603,87.38938410410907,92.80749759294343,79.7846383203404,56.08171568779702,34.57020840450973
VYD_02679,52.479307108115016,42.11204027647411,122.83701681030806,91.84648860824305,55.67898284836589,35.34781124669342,33.32366242853486
VYD_02680,80.50366221456268,79.40413614821199,127.49475800660636,130.8104265402844,121.72483125089761,76.59011920149361,40.83239982766049
VYD_02681,62.318873668188765,59.58409436834096,66.85159817351601,51.55745814307459,44.20814307458145,25.347412480974135,12.1982496194825
VYD_02682,65.23466145196772,53.752383280371554,95.38792471278416,98.39305793204595,71.3666585186996,43.87313615252994,31.671229528232708
VYD_02683,58.590906579746964,55.76371471189435,85.44190928677972,97.50035909618249,78.48157560355777,53.140931440251904,37.11386111264569
VYD_02684,84.04285177296082,64.07893747650672,102.26061897005391,82.47562962034834,76.63914296454084,54.274151108883615,39.812680115273785
VYD_02685,68.69763703584634,43.775438032470674,95.5462144349783,99.85404275839899,70.99196270696032,41.52692493168302,25.666773830573877
VYD_02686,65.81753435650518,62.27234426722842,88.10412278061996,89.1216771993179,78.86437957668774,53.08807302638181,38.169625840104324
VYD_02687,66.77693231878254,52.8475503938059,73.39660926445067,70.76318248564948,72.14657589106929,48.68281938325991,36.90708850620746
VYD_02688,70.37836006324827,46.86017619155184,87.37316467133502,91.51140727354868,75.3209848655975,43.21142986220918,27.76394849785408
VYD_02689,46.14499049687754,43.66331794732555,92.71870757534616,89.38392614716263,69.72997556339939,40.26907412435514,29.92682595710018
VYD_02690,73.7204630575417,61.97344228804901,83.85461355124275,67.20394960844396,57.03506979911472,36.74361593462717,28.419475655430706
VYD_02691,55.745807590467805,48.276257722859675,75.21712268314211,74.18534863195059,66.18932038834953,46.373345101500455,28.515445719329218
VYD_02692,64.55018587360594,61.984665427509285,97.95492565055763,90.85548327137545,83.98187732342005,56.19609665427509,36.67983271375465
VYD_02693,73.57942708333333,53.64496527777778,89.70442708333333,83.02039930555556,64.28559027777779,42.168836805555564,25.195312500000004
VYD_02694,51.776459420977694,43.72456889732637,87.3138743869641,93.89479512735328,78.86014871064707,52.13241575700049,41.526498971681704
VYD_02695,49.11707882534774,21.828052550231835,52.86707882534776,58.921561051004616,70.99574961360122,51.39799072642967,36.660355486862436
VYD_02696,65.58181295790838,62.30900732653357,99.54676052291339,81.87961499784517,68.58698462864533,43.484413159028904,32.043097256141365
VYD_02697,70.62449226514563,57.47264713507907,110.08331172759483,103.0179759744188,83.75507734854378,56.80399274047185,36.22288479820241
VYD_02698,63.47479338842975,69.09586776859504,102.62768595041322,101.6615702479339,74.16322314049586,52.42314049586777,37.20578512396695
VYD_02699,69.82665576451346,54.11438175706368,98.17080039974562,97.40174434450805,84.92005087671481,53.826837467066404,38.34205505587353
VYD_02700,71.37591274609481,71.99768925039281,107.86911914224972,122.97901839356683,114.72622238654218,78.6759404750901,51.25030039744893
VYD_02701,69.82990981963927,47.615731462925844,81.20315631262521,68.60370741482966,55.48046092184368,32.497244488977955,22.440631262525045
VYD_02702,94.03195954970423,112.79479107040639,148.4388475481778,130.88733066208738,107.47939324556384,70.14233924823507,45.85642053043313
VYD_02703,58.42664776754076,54.08362863217577,80.46680841011104,92.21852114339713,73.4384597212379,47.12851405622491,29.677061185920156
VYD_02704,67.89632968448166,57.14262717321314,95.76368319381842,93.21088216355444,73.49034127495172,51.56600128783001,28.502575660012884
VYD_02705,70.74543334628837,67.3361834434512,112.73552273610565,106.5544111931597,87.87213369607461,60.121453556160105,39.64710454722114
VYD_02706,64.83964169667163,70.41907438306842,103.59411609730395,94.54904715904098,91.75698603670848,65.3705804865197,39.83855273557565
VYD_02707,72.74803391496684,61.61618333742937,89.72345785205214,82.56359056279183,72.71694519537971,45.20041779306956,32.01923076923078
VYD_02708,75.72220482305042,60.940964610084556,96.0092389602255,76.46006890072033,68.43454431569057,41.32586908863137,29.551832132790476
VYD_02709,71.47396694214876,61.96239669421488,97.70247933884298,83.19008264462809,70.68760330578512,38.69752066115703,26.027685950413215
VYD_02710,68.90072297654734,69.8941985540469,101.6261682242991,109.95062599188856,103.00335037912184,72.83688943748899,43.46728971962617
VYD_02711,59.52744291589847,50.78485321231032,91.21996879875196,81.03091760034042,72.08495248900864,47.44107218834208,28.01460785704156
VYD_02712,66.40767103947285,51.213777281016505,85.74216130360603,71.97129242896635,68.43126066239185,55.74163186069764,32.16353903170774
VYD_02713,77.49190742701556,63.95719255785811,101.57525336560279,116.8130388746029,92.88927545000756,57.487672061715315,43.87188019966722
VYD_02714,49.400484783194194,40.44573121465124,75.82036089415568,87.89496364126045,82.40425531914896,43.76407217883114,27.794236466469165
VYD_02715,54.47196439923714,51.75651621106167,84.69332485696124,84.96694214876032,62.75918626827719,33.93490146217419,27.35092180546726
VYD_02716,108.03642276422764,104.48552845528455,158.46569105691054,152.6747967479675,126.65951219512195,94.8130081300813,70.52552845528456
VYD_02717,54.690993788819895,65.8332298136646,104.2472049689441,108.92950310559004,91.04472049689441,57.916149068323,40.894720496894415
VYD_02718,76.57904629307339,79.87163243995819,102.41914375217539,103.88249216846499,96.03912286808209,70.39728506787326,41.15753567699268
VYD_02719,77.74306190911865,67.43778591033855,60.38975297346754,20.985056419640138,23.804056114669116,22.3956999085087,16.37663921927417
VYD_02720,62.404761904761884,66.54692489240593,108.98035540746908,108.68464528668608,100.94439816743022,71.49666805497706,38.75267249757046
VYD_02721,72.74911296045418,76.4541642474679,123.77433713953937,118.18960067092446,112.53493323011418,73.4952583704277,46.11554093284303
VYD_02722,62.27579963789982,45.394387447193715,92.49294659022328,75.88801297525646,57.96492154496076,40.47453983101989,30.55299487024743
VYD_02723,52.541069100391134,66.07275097783571,106.93011734028686,102.04485006518905,91.89048239895696,59.96766623207302,38.526466753585396
VYD_02724,70.52896269478985,33.36943176452069,47.17739650558791,41.65181803872186,38.89792224146072,32.54643475523374,32.25869667873445
VYD_02725,64.8309748427673,54.54009433962264,94.42963836477988,82.12185534591195,62.63522012578615,41.23977987421383,30.874999999999996
VYD_02726,68.09319266515953,59.69002763124845,88.86711881436825,91.58703843255464,80.88394875659384,54.16227078623462,31.855061542326048
VYD_02727,56.2677383592018,60.53861788617888,92.7518477457502,74.34645232815966,57.093126385809335,40.87028824833704,20.86862527716187
VYD_02728,68.34742536565815,70.17170907633738,100.66800240432775,82.10819475055095,62.16489681426567,35.76698056501702,23.74273692646763
VYD_02729,70.00452488687782,67.03129713423832,93.39705882352942,107.5471342383107,92.25527903469079,58.278280542986415,38.53996983408748
VYD_02730,75.03826879271071,58.96765375854215,87.18815489749431,79.50478359908884,69.2355353075171,41.60136674259682,27.391799544419136
VYD_02731,74.01172821556652,60.61917223999223,78.70243287777456,88.3674517786178,77.87486672482308,49.36968110884945,33.362120771542116
VYD_02732,74.79023334135192,62.07824152032715,86.34393793601156,88.11775318739475,74.24428674524898,53.84694491219629,30.119196535963447
VYD_02733,60.40968443960827,67.21817192600653,97.12758433079433,90.17083786724702,73.43117519042437,44.89771490750817,30.55495103373232
VYD_02734,71.56729617687701,56.10069092584063,89.31331183786276,82.35559649930907,70.74380469829572,52.763795485951185,34.657669276830966
VYD_02735,75.69064084831717,76.42369755647763,75.56293222683266,61.70147533425542,51.72014753342554,36.649377593361,25.204933148916545
VYD_02736,73.23332253886014,67.58759715025907,103.8327396373057,97.75404792746116,84.31654792746116,53.66920336787565,36.13843911917099
VYD_02737,49.5354991394148,44.22472030981067,75.39447074010326,80.71148881239243,66.38500430292599,40.23450946643718,28.75849827882961
VYD_02738,66.3539575657477,64.59115741328932,109.03608181933684,109.82911955278874,93.70194384449248,57.41176470588235,36.99872951340364
VYD_02739,86.15953307392994,53.6018158236057,89.65585819282315,81.63337656722867,70.11716385646345,40.5028102031993,26.87505404236921
VYD_02740,82.37995177402684,83.28522218394761,98.63176024801928,102.33413709955215,84.40578711677576,60.297623148467096,37.186358939028565
VYD_02741,68.33906106167537,58.23320036821109,76.19351539326992,62.110565613173776,58.67116702464968,37.415158023933714,26.8754219085609
VYD_02742,72.26032190342896,67.94121763470957,99.4884534639608,94.26766969909028,79.79461161651503,51.96501049685094,41.466410076976906
VYD_02743,88.62718531468529,67.86013986013985,104.0763403263403,93.15792540792542,76.78758741258737,50.573280885780875,28.664189976689972
VYD_02744,70.23079136690647,48.44546762589928,86.51021582733811,72.52258992805756,72.6008633093525,50.930935251798566,39.24172661870503
VYD_02745,61.657653228449675,45.675953239375055,73.53938599366327,80.1779744346116,77.4366327979897,59.38653993226265,44.68015951054298
VYD_02746,83.38467829880044,91.08328789531079,89.99925027262812,47.71121864776445,41.33737731733913,27.44697382769902,17.73343784078516
VYD_02747,73.53008720930231,74.26987645348834,115.46671511627906,102.8625363372093,75.13582848837208,55.92281976744189,36.559156976744184
VYD_02748,59.48012241636638,49.54238591307233,87.12903468966248,83.38543064328897,71.43070359258867,43.1032699642701,22.864648505223805
VYD_02749,82.10043795620437,57.30905109489051,109.99810218978101,100.17124087591237,85.71547445255473,51.20554744525547,30.503065693430656
VYD_02750,58.27156796444787,48.991305187904544,80.03960969954592,77.30103371654911,59.22973625736642,45.119795188870626,43.49869577818568
VYD_02751,72.15329512893983,60.80286532951291,97.02034383954154,96.33180515759314,83.49856733524358,64.1157593123209,45.6785100286533
VYD_02752,95.11845493562237,81.73047210300429,134.58111587982833,134.46866952789705,109.95836909871248,71.35064377682404,46.80772532188843
VYD_02753,69.07551408329014,58.861931916364256,69.29756350440644,55.832642128909626,50.69837566960427,28.394159322619657,16.996371176775526
VYD_02754,59.847621681415944,63.69496681415931,113.09679203539824,112.8431969026549,104.1570796460177,67.22759955752213,41.18611725663718
VYD_02755,61.40883590462834,77.0895278167368,117.54815334268353,117.10776063581113,104.3770453482936,61.71458625525947,40.04628330995793
VYD_02756,69.60084419159482,48.730133969535714,81.17140759772435,63.191044228298786,56.56120389062215,42.25628555698293,30.079188841989374
VYD_02757,80.44203784175271,93.92008419337324,129.11404580843754,129.54476733659249,119.14890005431832,75.20095509686769,44.426240267970314
VYD_02758,75.98343132014965,53.64147514698023,77.29812934259755,87.40513094601819,73.4072688401924,50.284874398717264,33.85056119722075
VYD_02759,62.89815415462641,56.93330188122899,83.42991095122956,80.24798018517424,70.74352774665331,44.081028483811984,31.51200094356313
VYD_02760,77.18638426626322,72.33313161875945,101.83903177004535,97.1963691376702,75.22390317700452,50.897428139183056,38.40756429652043
VYD_02761,47.22498036135112,32.8358208955224,70.7980361351139,77.29238020424194,71.25153181461114,48.046818538884516,28.991044776119402
VYD_02762,77.73812351543941,69.81670625494856,92.33353127474268,72.00178147268412,56.62806809184484,40.89192399049883,27.900435471100565
VYD_02763,55.12287334593573,61.77378701953371,106.23125393824826,104.83868935097665,82.96093257718968,54.16383112791429,29.50850661625709
VYD_02764,62.78201519842385,46.504784688995194,98.60357444413172,97.73853081902617,76.95933014354065,45.90008443568814,31.05629045876724
VYD_02765,55.09866442906089,62.89252499825183,115.77302286553385,120.1133487168729,121.489056709321,79.83875253478777,50.609467869379756
VYD_02766,80.26927860696517,61.593656716417925,98.14701492537314,76.57624378109453,66.7365671641791,56.85074626865672,40.217412935323395
VYD_02767,44.60976466455919,23.619716660812553,60.508488467392574,59.29434492448191,60.535066151504516,37.07563517152559,33.97822269055147
VYD_02768,73.00970496894412,63.87875258799171,89.82867494824018,84.41097308488611,82.3592132505176,54.28959627329193,38.30732401656314
VYD_02769,87.62526614620302,71.48537181610283,104.95150224745683,96.38482769497676,78.4819020581973,58.6677706805457,39.79993691349262
VYD_02770,51.55875702564764,51.89262872278572,91.92816073389753,111.65514568124554,109.52884553265717,76.98236320175721,48.51624781962657
VYD_02771,60.06155097613882,64.25718546637745,79.82809110629069,72.17868763557483,60.494983731019516,40.81439804772235,22.320363340563993
VYD_02772,69.00920411478072,67.94802382241471,94.36654033567945,89.15322144017324,79.53817000541417,48.60801299404438,34.26042230644287
VYD_02773,63.33506020722486,50.54886586390368,71.09843181181743,81.74068888266594,71.4603752450294,53.98655838700644,41.869924390926904
VYD_02774,71.69520983467572,67.91903348876643,92.1343789741416,73.8083933870284,66.47647308181433,44.770665536244174,26.464603645612545
VYD_02775,70.73419347631814,58.447050938337775,92.00067024128685,93.08875111706881,87.75296023235029,69.41074620196599,47.57255361930293
VYD_02776,59.939401084649845,51.87703371846261,86.30311247347323,81.53973119547277,70.27163404857345,54.556000943173785,32.612355576514965
VYD_02777,67.77474963060256,50.474552618617636,83.94229190609096,76.55245444097851,63.697258249876874,39.32252503693976,25.47332129371203
VYD_02778,66.40029112081511,63.08712830110211,88.38386358910374,79.11041796631312,65.6643792888334,48.46849656893325,35.73903098357245
VYD_02779,63.00637996219283,75.14319470699434,94.14366729678639,89.52882797731569,74.10207939508507,55.49645557655955,36.87098298676748
VYD_02780,61.18156028368796,50.004609929078015,95.60602836879436,86.37730496453901,73.74290780141844,48.5886524822695,31.015602836879435
VYD_02781,74.27799115877957,60.01260960939196,95.04384375679395,63.745198927458475,61.47293282121893,51.45061236321471,40.25356909921007
VYD_02782,66.49978438982322,36.69210866752912,64.30444156964211,57.69469598965072,55.79948253557569,37.404053471323856,28.468305304010354
VYD_02783,63.5054141059409,66.15005853087504,98.6559116183787,94.73141644717589,73.36033069944392,44.46700321919814,30.339698565993555
VYD_02784,68.4717929388114,55.24349792687524,106.61439879381831,101.26347531096873,79.71642166101269,46.794697826360085,33.535243120995105
VYD_02785,61.579487528036424,69.23421464011416,108.73621966967987,116.76102766261126,102.61850064568749,72.03609053218237,51.44579623462243
VYD_02786,73.89723549928952,52.50413383283815,83.7885932050123,96.26411316367394,78.40279033716575,44.145071696163306,26.49832063040951
VYD_02787,66.24232986548274,36.267775495328344,92.2362997813266,107.21237823868526,104.57133390762704,67.82022397455437,48.376582068782724
VYD_02788,70.6980403375769,62.46359605206695,85.04563009583751,68.8638249177514,61.45415534258332,43.65112287226435,34.750250321842366
VYD_02789,65.3040593903017,55.65613647133156,123.82719949455064,128.00142157637023,102.29576686147531,64.39211814879167,44.25280366450797
VYD_02790,65.09460929004194,74.12531717673865,111.80581016001241,98.74755320801617,82.59929573818033,48.380353166589,31.594117342447312
VYD_02791,52.04404217598208,54.19464402351404,90.08388541569467,99.31697303349816,92.62890734347296,67.91574134552579,40.50377904264253
VYD_02792,52.37015718397167,33.00475979632499,80.32665485941997,91.15220278946201,92.26378127075492,57.03586451184416,36.487823776843044
VYD_02793,56.47219003476244,46.490730011587495,64.5983777520278,71.54067207415991,55.39895712630359,38.028157589803016,22.7811123986095
VYD_02794,80.18849522292993,66.1765525477707,104.36365445859869,104.31608280254774,92.43192675159234,63.6918789808917,41.666799363057315
VYD_02795,65.98618268305114,69.5760801857409,99.75581856277252,80.35279460898123,78.21286596069994,59.48405911999548,36.88028767200859
VYD_02796,74.76817204301075,61.823655913978506,59.26666666666667,53.96387096774193,40.4094623655914,24.598709677419357,13.945376344086021
VYD_02797,64.91194968553458,51.86477987421383,75.28930817610063,72.66666666666667,69.72955974842768,44.59748427672955,33.10377358490565
VYD_02798,44.818459069020875,34.76821829855539,56.248796147672564,70.14719101123598,57.818940609951845,34.16324237560194,19.68459069020867
VYD_02799,82.85607644072857,64.57330546431771,99.61033144222155,87.65750970438937,67.56733353239773,44.74649148999701,30.21319796954315
VYD_02800,62.13059067748633,43.79524438573318,77.58879033779961,76.35280241555013,60.17257973202492,36.461973957350445,20.97301377618419
VYD_02801,53.01702395964689,37.441834804539724,67.74511349306431,78.29728877679696,82.16960907944517,62.83165195460278,41.087168978562424
VYD_02802,58.47635726795096,52.171628721541154,72.27355516637476,60.70332749562172,51.23537653239929,26.929597197898424,13.540105078809106
VYD_02803,89.14736842105262,81.71578947368421,116.64868421052634,115.6907894736842,79.57664473684213,54.516118421052646,40.31907894736843
VYD_02804,63.06618495354909,59.29904669378832,97.97121865322727,102.71103284959621,78.88311372882383,57.67988341732953,37.92835023377253
VYD_02805,83.43053435114506,78.66802374893979,103.20067854113657,108.00441051738763,89.97404580152673,58.426972010178126,40.38134011874471
VYD_02806,60.02849246374335,44.918312106447836,75.50434510072081,62.924950850500046,65.20654186967546,48.23152976037838,41.36097102316436
VYD_02807,63.46548507462686,62.870335820895534,87.07276119402985,84.75816231343285,73.30876865671644,50.43843283582091,27.9755130597015
VYD_02808,78.17199422561353,77.36687976902455,109.20354712311818,94.4937100433079,78.77376778717262,52.77294287481954,34.70880593936895
VYD_02809,69.4300124146493,52.70608317815021,93.16247672253262,102.50791433891996,86.87197392923649,55.66666666666667,41.76458721291125
VYD_02810,67.88116888849652,67.30820164209409,109.21347223448394,93.69268120420236,76.91056767016863,50.407521850445846,34.09278714575791
VYD_02811,67.86362562042069,63.45686598912787,98.86362562042069,75.60198534625385,60.26022216969983,33.75608603167101,22.124793193098554
VYD_02812,67.31066925923602,33.06504422003387,77.1973593426582,74.92109389700806,66.94401931882327,43.160289782349594,35.37129147588282
VYD_02813,53.74785801713586,40.08345387782352,82.7736730833426,87.8197396239012,64.38611327473018,41.83798820518526,35.29475909647268
VYD_02814,76.33417024935515,45.144797936371475,103.13358555460017,87.23803955288051,65.10789337919178,40.45279449699053,26.678452278589855
VYD_02815,55.733424782807504,42.69455875628715,62.78829446730682,53.844383478128336,56.50327693949092,40.655997561347355,30.42645938119189
VYD_02816,51.75445974836157,40.695370273017225,81.53839414011847,73.0638909333053,58.91977710019978,39.142431570462286,32.727858970315076
VYD_02817,57.21880000000001,49.46320000000001,86.28359999999999,96.5168,82.714,53.46000000000001,37.735600000000005
VYD_02818,76.42557544757034,70.66905370843988,92.40409207161126,74.68056265984656,56.926598465473134,40.57826086956522,26.006649616368286
VYD_02819,68.29419451704389,56.77658065951177,93.87040538286162,95.60294444753379,87.5307651671023,60.270213535005276,37.83229994995274
VYD_02820,68.78830645161291,67.39660138248848,117.78801843317973,111.31883640552998,99.82690092165899,61.52476958525345,41.17972350230415
VYD_02821,73.91815138108335,57.013511897644364,86.40774841564027,78.54794930049023,68.4845749133086,43.41910797560683,30.61963410259475
VYD_02822,57.52647573441386,69.31826135003223,112.18896767658163,111.89557049452067,96.90109586518095,60.35408416981306,40.72207385578782
VYD_02823,68.97451523545703,76.07534626038783,101.73393351800551,91.48116343490304,100.08033240997231,66.35914127423824,43.00595567867037
VYD_02824,58.20541520093806,51.12695874640227,113.37949045943921,87.23281100095936,75.2782219379597,52.07696407632448,31.97963969726042
VYD_02825,48.3184713375796,26.811812391430227,76.67458019687317,83.28054429646787,79.56716850028954,59.21916618413434,41.43514765489288
VYD_02826,53.02282016348775,45.41859673024524,72.49012261580381,73.61648501362399,54.046321525885574,35.682901907356964,31.166212534059945
VYD_02827,88.18515151515152,92.09424242424244,123.81666666666666,123.21696969696968,102.82363636363637,64.72060606060606,51.357575757575766
VYD_02828,58.201764569305766,41.989784072440216,94.56164383561644,79.67076851636867,68.34281402368237,45.48560482934757,41.841072672393786
VYD_02829,69.28636412287273,62.73017232152414,102.12865246708766,97.24810018195436,75.15567804773626,48.317135823611245,33.600931178422364
VYD_02830,61.59721146398142,70.99147947327654,95.86754453911698,83.45855925639039,81.09062742060418,59.61967467079784,35.12548412083657
VYD_02831,51.3940144747995,41.68311925409139,96.02823237921368,93.70691791093428,85.14272673925798,51.65436526048118,34.018908521875204
VYD_02832,63.528040008990786,51.313272645538355,106.19543717689366,102.5695661946505,93.26888064733652,58.10659698808722,38.03748033265903
VYD_02833,69.78085564789167,71.59956909818408,96.25823330255466,87.92890120036935,59.62296091104956,40.59002770083103,24.04124345952602
VYD_02834,83.08540822235088,83.66705269253038,128.46757382744644,117.21424435437173,79.47915460335844,56.80081065431384,33.73103647944413
VYD_02835,78.04607411614366,62.18678120119265,90.39120403237254,83.32542950447252,71.03762601164273,47.80452222064461,34.2037484026693
VYD_02836,63.96159191408719,61.2976626658244,114.57372078332287,122.96272899557806,114.55173720783326,71.10979153506001,45.214782059380944
VYD_02837,71.24776345716451,72.01213040181958,114.41637604245643,107.29097801364668,88.03002274450346,58.96406368460956,38.01546626231994
VYD_02838,65.16076058772687,42.16473638720829,61.123336214347454,45.58435609334485,41.111235955056166,30.7276577355229,22.877787381158157
VYD_02839,72.27869026173572,77.09240224647665,108.19963971601148,98.382006993748,85.71696513722581,53.8666949242344,35.08562043022146
VYD_02840,71.54056772463116,69.6616003576218,90.27972731336608,78.48122485471612,73.76206973625386,59.714573088958396,43.230219043361636
VYD_02841,80.77050720100189,55.49154664996871,82.81433938634942,77.5854727614277,57.40513462742645,34.630557294927996,17.525360050093926
VYD_02842,64.98249082180175,59.428410053657174,85.78734820672126,68.94041231290596,55.523580909347636,36.29793843547021,19.368539960463146
VYD_02843,72.33260987520345,72.44329896907215,101.0314704286489,85.36733586543676,78.66250678241995,60.882257189365156,42.568095496473134
VYD_02844,60.63163426169205,51.42669469259065,97.8594324750394,94.45086705202309,73.61245401996847,45.97136100893325,34.52863899106673
VYD_02845,54.24592833876224,43.628583061889245,88.59918566775244,84.27614006514655,66.72019543973943,39.23615635179153,25.477931596091203
VYD_02846,51.12156602521567,44.13364299933643,82.44644990046451,72.16403450564036,54.70112806901128,32.31254147312542,28.16509621765097
VYD_02847,71.02595269382394,60.9230179588261,105.09143670608849,116.00952693823918,108.62516425755584,70.72820849759088,46.35753394656154
VYD_02848,61.293446656229044,48.38895101766942,86.68306866472825,91.41154104227243,70.88615522254531,46.485126369939614,33.480653097741005
VYD_02849,85.21252796420582,83.6605944391179,135.5433045701502,141.38478747203578,113.64365612016618,66.81559603707255,45.158836689038026
VYD_02850,57.31110276160058,41.38465151230508,103.27954161187297,101.38258500845383,88.05354123614502,64.63601352620701,47.25136201390192
VYD_02851,59.81711472926922,51.07118515713745,81.38886785308597,83.00643695569862,65.14653540325634,39.48958727754639,27.69556985990156
VYD_02852,74.08528383104654,68.19908528383105,105.52748632409644,101.91346067617253,79.78423459779394,50.152273338714004,34.693570083400594
VYD_02853,69.82782608695655,48.99188405797103,82.68724637681161,72.00086956521741,57.028695652173916,36.83507246376812,22.354492753623198
VYD_02854,66.87290583477758,65.73753129212402,106.45696129404973,110.09512805699978,95.65915655690351,66.2318505680724,51.40785673021376
VYD_02855,56.88325862404987,47.42691483141685,97.96823231338915,98.59335412200342,88.0463847203274,53.69918144611185,33.19430910153965
VYD_02856,82.26453035806952,86.09327970939286,126.0551375194603,110.3994551115724,97.29592631032692,56.111831862999495,39.04073689673068
VYD_02857,54.00013119916033,58.22671214904225,100.72448176331672,109.2072946733141,85.04998688008396,52.105484124901594,33.769483075308315
VYD_02858,67.77110849056601,50.11886792452829,99.00353773584905,112.60943396226416,99.14952830188679,67.49292452830187,48.25058962264151
VYD_02859,79.5622207327971,65.9397899910634,99.62086684539766,79.96626452189453,71.28619302949059,65.20442359249328,50.86438784629133
VYD_02860,76.37293729372936,71.6120515277334,45.07697221335035,38.56339827531139,36.3829447460875,22.90077717449164,18.153518577664215
VYD_02861,52.76808727108298,46.73366493330318,87.90029391815509,97.00910015826362,78.58642324214333,55.04239204160071,37.97337779787473
VYD_02862,84.70562724772584,73.21155066638465,100.5613496932516,94.95885339538823,87.33033636555959,63.85265496086316,43.26422678231439
VYD_02863,56.89069616135329,62.25656039904576,109.19345044458902,117.15116026892215,110.73953589243115,70.84385165907612,51.43309477336803
VYD_02864,62.54784211334666,65.86392259253573,113.29718937183232,110.8845031485179,90.27522653970203,53.805252649362636,38.734449393334366
VYD_02865,73.49128296826105,60.177320816569804,104.54477723141109,87.45105051408132,73.34853226046786,51.481448368350435,33.65936522127849
VYD_02866,60.67001003009029,51.76116585049267,93.56351407162666,81.47330225972036,75.11770605935453,49.04820343383091,34.44911204200839
VYD_02867,83.50246502331777,67.2614257161892,109.45769487008658,115.39213857428376,89.75363091272482,58.00506329113923,37.87435043304463
VYD_02868,64.84905963671437,74.93714836842952,95.1552805015271,85.5600385790066,70.50924288699566,48.607619353801645,36.93907731875905
VYD_02869,60.014373572307164,44.32848357055,89.02322966086807,67.90237216657886,55.205868915832035,40.63429977156916,29.122017220172218
VYD_02870,51.75204132644561,51.39526745542411,79.60323279453426,68.08881853024496,46.93901016497252,26.355607398766878,16.426428928511918
VYD_02871,51.01965932808187,43.95731502053457,69.63838955093247,56.808052245337635,46.92297852285732,35.00713660539959,34.076011580152155
VYD_02872,77.52628001812414,73.49954689623921,102.15246941549613,81.14635251472585,63.56343452650656,43.8117353874037,35.42772995015857
VYD_02873,64.95373714920811,61.99277577104751,108.95998888580162,99.44734648513479,85.80425118088358,57.83648235621005,37.01639344262295
VYD_02874,83.40813589628969,69.93026374608853,115.78453285650424,122.51899865891822,89.91640590075994,69.68126955744302,44.67277603933841
VYD_02875,63.695121951219534,43.3311444652908,65.3813320825516,79.02063789868666,74.03424015009381,52.97396810506567,36.65924015009381
VYD_02876,50.99701492537312,39.713134328358215,85.12835820895525,84.25791044776122,80.51552238805972,45.02686567164179,29.860597014925375
VYD_02877,67.5656449762334,33.77249631207999,71.78905097524995,87.98639567284052,61.80347484019014,36.99114899196853,23.96656285854778
VYD_02878,79.52682425488179,79.09722507708116,120.744295991778,114.41993833504621,94.07050359712228,61.897225077081174,39.47667009249743
VYD_02879,41.595171643873854,40.17429528328218,97.95729835333523,101.63131454088754,91.36617359754398,52.15880547027633,35.45227463019816
VYD_02880,70.40170587426054,78.673407621406,106.24487549869308,108.75766955564728,88.25450543403494,60.247351767781005,38.78305131379833
VYD_02881,82.7284679878049,65.82679115853661,102.86413871951223,100.0659298780488,80.16977896341467,58.11566310975611,40.75190548780488
VYD_02882,49.566233766233765,50.052319109461976,83.62597402597403,87.65565862708722,71.41632653061225,48.12430426716141,30.398144712430426
VYD_02883,53.58284132841328,44.578228782287816,58.47306273062732,53.54649446494466,43.814391143911436,23.78690036900369,17.14760147601476
VYD_02884,73.77865404837014,82.16561514195585,114.07623554153524,107.7665615141956,80.46740273396424,56.92797055730811,41.67245005257623
VYD_02885,61.128562381253964,54.397086763774546,85.65231158961366,75.9221025965801,63.789107029765674,40.18999366687776,27.93603546548449
VYD_02886,69.31618144888287,53.41469194312795,110.9879823967502,111.21225457007449,96.33327691266078,68.09732566012187,42.579553148273526
VYD_02887,70.40312291147701,65.68087368612919,111.80986086639528,135.26070842700045,132.71760131235195,105.42581566316306,58.11571176863722
VYD_02888,47.51271860095389,42.293720190779005,82.96104928457868,92.61009538950715,80.76430842607311,54.02344992050874,40.834260731319546
VYD_02889,65.57263910158242,45.867415347966656,82.6138846350178,69.52958992683338,66.10808235494298,49.34180704441041,31.333775735919687
VYD_02890,52.26711185308847,58.18813406960318,92.45721501648048,89.60322760155816,82.02362912546553,44.737939300543644,29.387483412525153
VYD_02891,64.5645240951104,44.21872574613701,77.85373597685741,69.68101319410147,61.912227474775946,40.015169688844985,30.88344034431665
VYD_02892,53.56829629629629,27.854518518518514,57.94696296296297,60.88711111111111,61.064000000000014,39.52651851851852,30.98844444444444
VYD_02893,62.90781281381802,55.19883510745129,79.57340831492269,91.43884314119302,72.74894557139987,50.085157662181146,34.19039967865034
VYD_02894,71.5104509792178,57.80661196622147,103.80367730730069,105.13056237647481,72.74767922381265,36.78888423070013,26.94819428639875
VYD_02895,75.10599835661462,64.26910435497125,90.24979457682828,78.95316351684471,68.82333607230896,50.11462612982744,25.655299917830735
VYD_02896,58.940860215053775,59.0350631136045,88.27162225338941,64.58158017765311,56.923796166432915,34.74263674614304,18.12061711079944
VYD_02897,71.05813081308129,47.13336333633363,96.08952145214518,99.49193669366933,92.73256075607564,62.31484398439845,41.99092409240923
VYD_02898,59.2504682322432,29.45015127503243,75.21185708111223,70.85520818325888,64.56115833453393,36.62728713441867,30.141406137444168
VYD_02899,83.09083227714407,76.67342627798904,116.6117448246726,119.84157160963244,96.45162653147445,75.34136037177863,50.503591043514994
VYD_02900,67.07447864945381,43.54716981132076,86.7312810327706,103.6023833167825,85.52353525322742,52.76802383316782,31.798013902681227
VYD_02901,71.28056995876368,86.05205568938061,132.50924754011348,129.6486751316702,112.51557587882249,74.0258032907361,48.14289797084878
VYD_02902,67.90595009596929,60.57581573896351,84.71497120921306,83.56078055022391,73.67146513115803,50.01151631477927,33.59916826615483
VYD_02903,57.53632105152762,71.2672865832343,95.96679018387749,97.49192477102707,74.82570090190869,53.82423267845907,35.02859539956651
VYD_02904,57.14768413059983,57.25816249050871,63.45292331055428,51.63895216400911,47.6586940015186,27.695520121488222,17.034168564920275
VYD_02905,73.17282196969694,70.5591066919192,114.06431502525254,116.9874526515151,96.53977272727272,72.78227588383835,48.87870896464645
VYD_02906,64.04389312977099,64.3729007633588,97.20114503816795,102.26106870229009,75.66564885496184,42.83473282442749,33.272519083969456
VYD_02907,75.98293871866295,74.63718662952645,90.79038997214482,88.17722841225626,71.32416434540389,52.42722841225626,36.5041782729805
VYD_02908,80.65003065161731,53.658901590278035,88.4957628646641,76.59846381306117,64.94641376077313,43.46586852259204,26.148858678013777
VYD_02909,62.088756630870755,53.24737999741234,78.57484797515849,83.75132617414933,83.19679130547291,47.13843964290335,26.2705395264588
VYD_02910,63.97519505373175,82.4497276608273,120.16391873987926,113.64227881642864,105.49087295745615,67.9668776681878,46.978948918003816
VYD_02911,61.6962785378085,65.39469053798446,108.9118022258391,113.63753134210187,103.67076496722831,64.88644261646068,42.583556943650215
VYD_02912,57.67777375347094,60.13932150187128,97.25226367258234,101.25172039116262,99.25003018230113,73.03404563563929,43.3031510322347
VYD_02913,88.05544827586206,71.13627586206897,103.58455172413792,97.37820689655172,81.26565517241379,50.94124137931035,35.224551724137925
VYD_02914,75.80132219902575,69.40848990953373,104.50939457202503,81.26826722338204,64.79540709812107,38.568545581071675,24.634307585247043
VYD_02915,51.539035718235084,20.40915625345571,60.37382505805594,82.92668362269158,64.21005197390245,36.3701205352206,32.971414353643695
VYD_02916,91.544375185515,72.89907984565154,115.708964084298,100.73078064707629,75.22143069159989,44.59676461858118,29.90100920154349
VYD_02917,82.13322091062393,67.2129005059022,96.4317032040472,84.97259696458683,75.85666104553117,50.68170320404721,36.09401349072513
VYD_02918,72.1603331598126,58.67490890161373,76.37948984903693,66.79880270692345,65.8651743883394,45.42373763664757,34.40994273815721
VYD_02919,63.45137346951724,59.078665228700125,85.97481443887582,92.08101249762106,78.68762291441988,62.33940239802068,41.74186385840261
VYD_02920,64.96853932584271,66.70112359550562,91.32584269662921,71.06966292134831,64.33333333333333,46.02771535580524,28.907865168539328
VYD_02921,53.05343845816907,44.74288217257995,81.21462987297417,83.19491896627245,69.06263688129654,38.17958826106,21.077967586508983
VYD_02922,58.66538149350652,67.87439123376625,85.11018668831169,85.67167207792208,81.9521103896104,59.236404220779235,36.486607142857146
VYD_02923,59.01875960451156,37.83499086665313,77.58380933051113,72.11626895531909,60.03102438458637,35.50100031894226,28.269100292846986
VYD_02924,49.70060830468131,25.379000264480297,72.31102882835229,61.8894472361809,54.491933350965354,37.492197831261564,24.631843427664638
VYD_02925,70.09785932721718,70.9625382262997,90.44304281345568,89.57785423037716,72.75229357798165,42.26095820591235,26.42915392456677
VYD_02926,77.54830864470486,74.21092195445503,102.38514260446608,96.48728719876193,78.02432014149902,49.08556267963741,38.863586115410136
VYD_02927,67.08564139941691,61.51093294460643,104.17638483965013,110.59839650145777,106.28644314868806,67.62572886297376,42.629373177842574
VYD_02928,85.92175802946151,89.05699106496016,106.12774692103358,89.0888674233277,86.83772035740161,63.76285921275055,37.46051678338565
VYD_02929,66.74360892879412,59.864945753834625,86.25493619320781,70.0327555389284,71.31221681838969,59.91815272062185,43.06152055534771
VYD_02930,71.0779053546518,64.73816933147333,89.35121794183925,75.46560789784311,65.75823586221699,46.23929606180922,29.643523983260003
VYD_02931,78.52654155495976,73.39356568364612,122.48739946380698,120.69436997319038,109.63592493297588,71.40536193029489,47.5426273458445
VYD_02932,76.53269938099932,71.8947698932448,100.94034269310124,90.59379205167308,77.59944379653717,50.52049878891181,29.091863281600425
VYD_02933,63.96649572649573,61.350769230769245,91.18871794871795,85.88256410256412,73.81726495726495,47.91350427350427,33.06615384615384
VYD_02934,60.72550396853271,48.542459787876645,70.30526093980471,72.63222589028585,65.27379363629979,47.0277446091171,32.23881435695722
VYD_02935,64.34982780496647,32.33985861881457,56.53652347290194,65.82127968098604,61.84139931121985,43.06380279137212,25.1636759108211
VYD_02936,69.70396401461906,54.283291162965035,93.28732077593479,67.87939274669665,51.21872364351983,39.67313278980414,29.371755224440072
VYD_02937,64.77499046165583,66.53071346814191,105.41587180465474,102.65681037771846,88.22167111789392,44.504006104540245,29.7789965661961
VYD_02938,72.65501432664757,48.303724928366755,78.91461318051577,84.82406876790832,84.75988538681952,47.8352435530086,32.74842406876791
VYD_02939,77.13559636431087,69.54813578185863,97.50732702652569,94.41086996846595,85.13503988128363,63.341866073084766,43.16082359488035
VYD_02940,63.46558005752635,72.61610738255035,96.69664429530202,82.70354745925214,89.72195589645256,63.064237775647165,42.54956855225312
VYD_02941,60.81714383094753,50.73142467620993,85.77164280845265,80.60344239945469,69.83912747102931,39.99778459441037,29.390763462849364
VYD_02942,83.04063091482648,74.46233438485807,90.97514195583595,93.06561514195585,79.27835962145107,61.70006309148265,44.742208201892744
VYD_02943,73.0548644941588,83.80934588279807,123.53365179964996,120.41919311356004,114.23989027101167,79.80267700893911,45.81729177505557
VYD_02944,70.31719184430027,52.839202965709,87.0885078776645,77.20227062094531,67.08572752548658,39.324837812789625,26.713392029657086
VYD_02945,71.15461432506888,40.819903581267226,81.04063360881547,74.45006887052342,71.51394628099175,50.487775482093674,36.56800964187328
VYD_02946,52.66230248306998,58.20293453724604,83.85395033860044,90.0297968397291,82.00993227990969,66.75981941309253,46.70677200902932
VYD_02947,69.18082043149855,84.11138004423488,111.19984976839297,104.14046655260192,94.08204314985603,61.16571380878856,33.73797103868463
VYD_02948,70.05473684210527,59.36807017543862,77.6642105263158,95.10508771929825,85.16789473684213,60.32122807017546,42.925087719298254
VYD_02949,74.14833950969211,54.136259977194946,94.04585946408207,76.91341220068416,72.38348061573545,50.643707240592924,29.568450684150502
VYD_02950,53.70492938244254,54.0949875380781,99.00636942675159,111.77596233730269,104.77845472168376,65.62932705621712,44.7428690113542
VYD_02951,67.881469115192,61.73344462993879,84.98831385642738,74.8272120200334,62.3116304952699,38.91012799109627,24.367278797996665
VYD_02952,75.7307439104674,64.19535878867674,99.21938775510202,98.76925608953258,88.74226464779458,58.94107965766951,39.18285055957866
VYD_02953,66.87852964541054,85.77041958546975,124.67610312703111,118.82552177366934,113.01913771936157,68.88957897017401,50.16992850436916
VYD_02954,70.86154864328259,82.40630928744758,109.86115155526139,102.64028237370393,93.33893668652102,74.97807191705272,55.7595852636223
VYD_02955,76.56734317343174,67.19526445264452,80.22693726937268,73.66113161131612,64.64821648216483,44.350246002460025,30.0310578105781
VYD_02956,52.56737320211959,39.35876500486643,81.59019141343136,81.16908186438845,74.52222342381309,53.93716881150641,37.11387477019573
VYD_02957,54.326902692389226,54.185499258002956,84.15560737757046,53.892304430782275,53.1305914776341,44.19185923256306,33.16090735637056
VYD_02958,64.99589603283175,63.77229200348215,80.72453674916055,88.86718069891802,80.93010819549808,52.7741574431041,40.19947767690585
VYD_02959,73.34709821428571,59.649553571428555,72.94587053571428,61.831473214285715,61.43610491071427,40.55133928571428,30.035435267857142
VYD_02960,46.26528599605522,47.46834319526625,85.76015779092697,102.12578895463506,101.98210059171593,66.45956607495066,36.76425049309664
VYD_02961,73.99142734676384,59.53793399057009,96.17959708529794,96.35533647663952,92.0668666952422,57.817402486069454,36.63694813544793
VYD_02962,68.50522267127432,75.32616802358497,116.65286319529862,117.5735176399383,118.83508073175973,66.82393252503952,35.67287530018158
VYD_02963,46.428660017570145,33.771588031626266,69.86315952663946,84.8612474807503,70.34664875200247,39.575732520283196,33.82595214717586
VYD_02964,77.34005037783375,68.82997481108312,102.68702770780857,95.56423173803526,90.77707808564233,56.07115869017631,35.17191435768262
VYD_02965,74.77437231395612,62.35444469577019,79.63707306039359,82.79993214204931,64.2471160370957,38.03732187287945,28.945148156525676
VYD_02966,66.56591704301984,59.284769641012986,93.88872790048862,92.07392450329083,78.00137182668743,50.167254959384685,32.06293447600844
VYD_02967,65.38581142339073,71.8383499546691,119.76015412511333,124.39796010879425,116.89261106074345,81.6870353581142,56.623662737987296
VYD_02968,75.39386189258312,68.31329923273657,94.31116794543904,83.60656436487638,72.1018755328218,45.69266837169649,30.039215686274506
VYD_02969,72.19430966034409,74.53087781208646,127.10035288928104,121.30943978826646,104.35200705778564,72.00198500220556,44.95015438906043
VYD_02970,76.17302712280225,63.90990868202265,101.39498432601884,101.04388714733541,85.78833310617416,66.18938258143658,46.75391849529781
VYD_02971,77.20896165445927,58.086169754416204,96.73761309780268,66.50193881947436,60.82205945713055,40.86126669538992,31.06333476949591
VYD_02972,69.03661804108364,48.23697529026497,89.83358142304257,110.20214349508782,88.34176838344744,56.76034534087526,40.486156594224475
VYD_02973,74.68153756552124,77.80128130460105,105.99475829935938,107.77355853232382,102.06849155503788,60.12417006406523,41.459871869539896
VYD_02974,75.01516393442623,70.3172131147541,83.0174180327869,65.57766393442623,67.89959016393442,55.32602459016393,40.035348360655746
VYD_02975,49.35808303124464,39.01573019161061,81.19810547212158,83.35724149836012,71.96957534955985,36.66750819955122,30.72028741584671
VYD_02976,52.02503951944355,49.41523869743913,75.8766361049636,81.0094846664559,78.80063231109703,50.30920012646221,28.66348403414479
VYD_02977,55.6717612809316,41.09813197476952,71.4790150412421,68.75363901018923,57.053736050460934,35.653808830664715,26.967127607957305
VYD_02978,68.70726085286209,64.22973492124473,90.0541682673838,81.29965424510179,69.76488666922782,40.532462543219374,28.86553976181329
VYD_02979,73.78163787188923,51.086384332314594,55.04334809455498,44.914613609430546,44.02045780577559,29.13896338801222,30.46585168090812
VYD_02980,79.26655650184316,61.22600737256896,89.98614465488753,100.55510359730518,84.55395957798399,60.19524596415407,43.864370153807045
VYD_02981,65.41792219473804,43.399482797391514,70.48335956824826,71.62873847537666,55.65684731279514,33.37238587812008,19.279964020688112
VYD_02982,63.51141809980266,58.4116154496758,90.89596842402028,95.64984493938549,91.49703975190305,57.28531153087117,34.48886382858753
VYD_02983,74.97601279317695,57.170042643923246,74.22857142857144,63.59957356076758,52.502025586353945,29.296375266524525,23.32526652452026
VYD_02984,60.164414596650175,51.09482967877658,86.23145076462494,77.9227688324298,74.21814062626422,57.016870296949584,41.874383040699065
VYD_02985,72.53811612581336,78.57740681454379,116.54316778579302,121.51907365444981,101.69696276739495,62.08883021848952,36.05253310604328
VYD_02986,58.672811486799425,69.36062992125986,106.61454377026399,110.54349235757297,72.58953219082908,46.07938860583603,32.162019453450654
VYD_02987,66.23652453740948,55.644006436041835,87.67860016090104,80.56275140788414,63.872485921158486,36.495575221238944,21.498793242156072
VYD_02988,87.8297227036395,62.01998483535525,99.29411286828422,109.52824415077986,104.95615792894277,79.98329181109185,44.79229852686308
VYD_02989,70.60673955906077,72.3774870048396,106.93905717870591,86.80462448467466,79.86753898548127,61.21365836171358,38.1844416562108
VYD_02990,70.32946594632892,57.3404481445399,97.45478699849438,93.94703746346646,83.91958196793905,55.278451864316686,36.56921441856345
VYD_02991,64.075811986274,68.06479929774157,106.34586226159125,106.36222169020827,107.28297821402916,69.54895858271485,48.3731545766499
VYD_02992,74.34314349347757,64.67928730512253,100.23683582564432,97.79784441616295,84.64953865733375,52.45569519567293,40.09433662106268
VYD_02993,68.63663663663664,67.5024024024024,105.73903903903903,96.57747747747747,86.06426426426422,56.26096096096095,36.26216216216217
VYD_02994,54.92018108172505,35.78794376935907,77.80819633071242,65.39361448653803,51.335477722182524,39.0385989992852,27.86943054562783
VYD_02995,76.97199784598816,71.52575839167116,109.63462574044158,106.14324178782987,95.73837731107525,64.63965176808475,47.617752647639556
VYD_02996,70.31668009669622,59.12006446414181,92.79613215149072,77.89000805801771,72.98912167606767,54.145044319097494,37.90451248992748
VYD_02997,59.35906938439364,72.53880996499898,93.34362775375747,100.74655136915793,71.95079267037266,39.53036854025118,31.052913320980025
VYD_02998,69.73656128056064,68.89615353985825,32.804969339810455,23.044039181333115,27.314406307238986,12.301982957712836,19.71362586605081
VYD_02999,68.12333049161695,69.12958226768968,114.88434214265418,103.46291560102303,92.61238988348963,57.78800795680592,36.248650184711565
VYD_03000,77.20800676194867,53.265560165975096,78.54887044721069,80.88589211618255,75.41885661595205,55.42177654833257,40.72153065929
VYD_03001,75.34213925090995,80.80368674415877,103.93002230832452,90.09029000821887,84.28883409651286,48.85945755547728,32.72114594340731
VYD_03002,66.57032704068068,57.34432331826641,81.17681467694764,73.02366391917045,65.9279446955597,42.764424355224676,22.670300452007446
VYD_03003,74.5781818181818,60.10181818181817,90.47999999999999,88.14727272727274,77.03636363636362,46.734545454545454,23.89454545454545
VYD_03004,78.79511442744588,44.03814248197089,64.37950727416731,59.01367293342779,61.00137563049729,43.778606861478146,33.77114510817455
VYD_03005,81.9458282529176,69.6521511931719,95.39592405504266,83.69203971433546,74.87545723741508,54.510712419439116,38.267897578819024
VYD_03006,54.337401638027934,47.58647823992291,63.3542636903806,65.52529307852897,72.05122852095711,53.780793319415444,39.85321984904448
VYD_03007,68.6236813386686,57.160785740269176,88.75409239723535,79.17842851946165,68.81320480174608,46.02801018552201,21.186067660967623
VYD_03008,67.06014805675508,41.08173966687229,58.3482418260333,64.25339296730415,66.66116594694631,43.527760641579285,34.423195558297344
VYD_03009,41.013655206047304,35.03389417215313,65.35296269202632,65.69885393806388,63.156547183613746,39.44720799804924,33.91136308217507
VYD_03010,80.03224953740414,63.593595408028364,111.58940372342437,118.61055096106637,104.92572032778217,91.35485820021896,51.34145236207091
VYD_03011,62.61546184738957,51.15261044176708,72.06526104417672,66.60040160642572,51.967202141900955,30.716198125836687,22.654283801874172
VYD_03012,46.11081603090293,26.85997102848866,76.47947851279574,95.45436986962821,96.7682279092226,64.5154514727185,41.282472235634955
VYD_03013,68.85775759024622,57.519722687066704,80.61104470475738,83.97418120965816,75.35094429835048,51.922304566100884,30.52043987568731
VYD_03014,67.38521180030256,61.77231467473525,73.80956883509833,56.065052950075646,53.541414523449305,35.53782148260212,22.47692889561271
VYD_03015,84.22043618739903,76.71882067851374,133.94491114701134,129.6965266558966,114.48594507269792,89.94224555735057,58.54547657512116
VYD_03016,67.2101149187286,48.214256134175365,87.54886634227147,86.89667667460398,73.75742830520755,40.57366186975876,28.80173931048762
VYD_03017,63.03847762442493,52.26725219573402,83.52823086574658,73.05437055625262,67.84441656210792,50.181514010874125,34.67126725219573
VYD_03018,52.92591921753308,45.453541025176605,75.94167723238544,67.56928092736824,58.51077703314616,35.527078427821046,20.33454084404999
VYD_03019,59.80507757404794,40.288293370945006,75.9215796897038,94.13653032440057,71.99125528913963,48.31396332863188,34.1836389280677
VYD_03020,62.62183438544375,64.62383958410693,99.97378388414408,92.24025250649835,82.20995172669883,52.60111399925732,34.394949870033415
VYD_03021,51.134562149753556,49.259874417662544,87.85389237728714,84.95894942947811,75.74215110390926,48.60097225035445,36.73391398285059
VYD_03022,49.78949427413045,52.563162387083004,99.41411195675366,97.9706237997013,78.08755957038197,46.74158901771108,33.653033643929156
VYD_03023,68.60505035093072,52.66447970704914,82.25190723222462,78.83796155019837,72.88693927372597,54.5327281049741,28.293484894720784
VYD_03024,86.16079238487262,63.24654832347138,108.51530743503983,74.30494811765713,48.8351770860132,33.32895978046479,20.494983277591967
VYD_03025,60.301554133472656,51.933916677549945,80.70131905445996,82.32088285229203,78.47916938748858,44.7130730050934,25.117931304688526
VYD_03026,68.79975124378109,69.19776119402985,98.07898009950247,84.69589552238804,74.5643656716418,48.24440298507462,35.907960199004975
VYD_03027,63.14634146341461,73.34170136823319,108.14741225461034,102.90446162998211,107.96906603212373,82.80916121356336,53.425461035098145
VYD_03028,57.06649053280493,33.407309555262,65.23645970937913,80.69220607661822,63.4544253632761,38.01232937032144,33.31792162043152
VYD_03029,68.67316620241412,62.81383472609099,112.35089755493652,127.69034354688952,113.10677808727948,75.48491179201486,47.067084493964714
VYD_03030,74.39552988448015,62.95479658463084,75.16700150678051,69.1240582621798,66.79558011049723,48.575841285786026,32.7880462079357
VYD_03031,76.91705611775522,73.7132290708371,126.19308187672495,119.2318675252989,110.21081876724922,82.83551057957678,44.874590616375315
VYD_03032,63.240952732644026,48.65149556868537,93.26190915805022,107.01394017725259,91.98910635155093,56.52954209748892,38.06046898079763
VYD_03033,75.84980517180304,73.15515409139212,113.83776124690043,102.49380092100601,91.53170386114063,58.90683669854764,36.95749202975557
VYD_03034,52.32050442188012,55.15738617753031,114.14166393711105,120.5204716672126,111.04651162790701,75.67523747133967,40.25237471339667
VYD_03035,74.63745883168659,72.75186340786964,76.77760443751085,70.13789218235395,69.01187380828566,49.12489166233316,34.01603397469232
VYD_03036,63.5619273560209,62.977585078534005,85.66982984293189,74.93218259162299,79.56020942408372,65.45541557591618,41.54732493455497
VYD_03037,70.58388963061861,55.202937249666235,95.76657765910106,90.83222073876283,86.08856252781489,56.214063195371615,31.569648420115715
VYD_03038,61.228701536904694,68.96122952374927,115.22686737081776,113.07760419960785,102.42634874454492,60.94478527607361,36.28195560053126
VYD_03039,75.04874151018778,74.80783060327609,100.66719936076709,107.70155813024371,94.66919696364366,70.7568917299241,43.73152217339194
VYD_03040,49.41732283464565,28.08216364258816,85.89695309825402,76.27798699075657,58.968503937007874,39.57719958918179,24.389250256761382
VYD_03041,85.02331606217615,69.74404145077719,107.10362694300515,98.14507772020723,76.75595854922277,54.57357512953367,33.35958549222797
VYD_03042,79.21982167352539,76.95679012345681,102.31241426611797,109.63786008230454,83.55675582990398,58.64711934156377,40.720679012345684
VYD_03043,60.10844741235391,61.17215358931553,88.59098497495827,85.70257095158595,63.1645409015025,38.00781302170282,24.70497495826377
VYD_03044,37.1768459978528,18.964630800429443,47.68442085172373,37.26082548013838,42.19402361922939,27.848860789693436,21.810986520338783
VYD_03045,68.39306666666668,49.55973333333334,102.43439999999998,91.69413333333333,64.89413333333334,40.19173333333333,17.637066666666666
VYD_03046,56.90092954990215,54.844911937377695,86.50195694716243,79.64138943248533,64.61276908023484,40.62035225048923,20.583659491193732
VYD_03047,57.451347844889725,45.10523280957186,91.39037047715154,86.95242900389218,57.299553120945646,38.91739945221279,33.77324491855269
VYD_03048,74.19090567455842,63.83013904547163,90.63284479518978,103.23562570462234,85.01352874859076,46.726606538895155,32.0695227358136
VYD_03049,54.80731003526771,55.66688041038795,101.29416479640912,98.66752164155177,96.89403655017634,63.73533183712728,40.25200384738699
VYD_03050,63.09210526315789,70.35849056603772,107.8282025819265,106.94364448857993,76.29568023833168,36.95357497517379,22.55039721946375
VYD_03051,89.76338492768333,56.3861963968536,109.88365896980461,109.813625983253,84.02512052778484,55.13943161634105,34.30778990104035
VYD_03052,79.97929542645244,55.108196847960464,88.90903121137207,96.42892459826943,73.19441440049441,52.27800525339926,35.84904202719405
VYD_03053,60.641349292709464,36.8861806311208,66.19651795429816,73.6128400435256,54.445266594124064,30.46964091403701,17.613492927094672
VYD_03054,66.75701897484333,46.64883661028593,67.51472482184255,51.74499871211473,65.55473512492489,57.36962307890445,43.861423542543136
VYD_03055,61.23040466642362,51.367298578199055,94.76157491797302,78.187386073642,64.0061975938753,40.464454976303315,26.560699963543566
VYD_03056,46.035158549920084,31.490958028429645,75.71124568929264,92.8015812936328,98.6559004121457,66.6466481621667,46.20296071999328
VYD_03057,63.59157701390711,58.14707425872474,97.02007347152978,94.4829441091577,80.64392547887692,46.62293361322487,28.900813434794014
VYD_03058,74.20940938693015,68.132382663373,95.4249943858073,98.87761059959574,92.52380417695933,63.765326746013905,44.58971479901189
VYD_03059,65.0365419751899,59.91960765458213,93.26560246177512,92.50639484565819,77.64996634291754,49.50524088854696,31.289547071833823
VYD_03060,58.77803121248497,72.51236494597839,111.89975990396157,105.88943577430972,108.3863145258103,83.74069627851138,53.880552220888326
VYD_03061,65.92937971500419,79.84262363788766,113.15255658005029,108.67393126571666,89.25586756077115,56.040653813914474,35.69572506286672
VYD_03062,64.78356648978935,67.12767325936645,86.66264672776973,86.52452162727123,58.95722785013667,38.96607171570992,32.11111111111111
VYD_03063,68.13888888888889,61.88562091503267,89.45424836601308,77.75462962962962,65.62118736383442,44.3014705882353,30.419117647058815
VYD_03064,72.59306666666664,62.35226666666666,84.03226666666664,80.16159999999999,71.96959999999999,45.06933333333332,29.801866666666655
VYD_03065,61.94667609618105,61.49985855728432,107.23295615275815,105.8216407355021,92.13295615275811,56.269165487977375,39.210749646393204
VYD_03066,64.48908801849979,71.46683046683046,113.64084405260876,119.23934094522329,89.63361757479404,56.44240497181675,35.555427084838854
VYD_03067,71.93161671591388,75.51245251160827,99.41663149008023,94.34571549176867,82.52933727311101,52.14183199662306,38.447446179822705
VYD_03068,57.096559310639854,55.77620240787141,100.97176556866101,117.88455662164637,97.58870622746439,56.56346635702499,40.63747479068631
VYD_03069,59.91189720487358,54.52303675642469,76.47563223098186,86.08728371045352,78.37002150097264,53.310740247773104,38.19089792157262
VYD_03070,68.11078773767949,72.03424524641055,112.97846332945292,114.97991850989526,90.07537834691502,44.3418703919286,27.999417927823053
VYD_03071,51.41947723440135,47.65113827993255,76.38293985385049,78.79735806632944,63.5394182124789,39.920390668915125,33.056913996627316
VYD_03072,70.45103545103545,53.90242190242191,89.65707265707266,65.27553527553528,71.49806949806948,49.22885222885223,39.38013338013338
VYD_03073,74.80028452615451,58.06500328299411,93.16546290216675,102.59772379076384,96.92503830159772,75.06018822499452,48.96421536441234
VYD_03074,61.441892971245984,55.01148162939295,83.36471645367413,68.09295127795527,57.50279552715654,36.19568690095846,26.86781150159744
VYD_03075,68.01506129597199,64.02942206654993,90.70577933450089,76.45148861646237,52.21155866900176,32.89387040280211,22.776532399299477
VYD_03076,76.13971699409261,70.32078582222832,82.30182717406237,77.96400604478637,56.88789668910564,35.909740348949036,25.801346338782793
VYD_03077,72.31105710814097,67.06342648845687,92.72855407047388,92.13997569866342,93.06974483596599,61.14556500607535,30.72077764277035
VYD_03078,72.35711955635297,53.83917794813245,90.70135377589301,63.57690425705433,53.29725982710815,41.28869678682108,29.712118740825318
VYD_03079,56.738253012048204,23.232228915662656,47.20120481927711,38.64608433734939,38.100301204819274,25.790060240963857,18.521385542168677
VYD_03080,64.32295534609156,57.34475864038844,81.19356374369228,81.41283442825859,78.60163762734454,61.282585927830155,47.92649719127869
VYD_03081,71.5308663028649,54.344361073215076,86.12397680763985,91.79865848112777,90.49835152341976,74.15609367894494,49.36215325147795
VYD_03082,64.96025815217392,47.43070652173915,76.40030570652176,66.43240489130436,52.75084918478264,30.65998641304348,26.12279211956522
VYD_03083,78.2759897006759,58.24171226263276,94.14950112648862,86.2214354682974,67.92114579980688,57.734792404248466,33.9040875442549
VYD_03084,65.13313285948607,49.870420995079286,96.61973756150903,83.9589939857846,64.69764898851831,36.33515582285402,27.759158009841443
VYD_03085,76.32990476190477,59.781333333333336,87.88876190476192,83.71085714285714,75.19466666666669,44.61714285714286,34.02933333333334
VYD_03086,83.92907507258401,78.85939444214021,119.85068436333475,104.19037743674825,87.44421401907923,60.756117793446705,42.188718374118636
VYD_03087,67.69883578431374,64.4886642156863,104.61172385620917,105.51613562091505,104.38092320261441,73.82700163398695,47.84783496732029
VYD_03088,87.99868247694337,84.645147123408,120.64602547211247,92.89459815546773,84.87527448397013,52.283267457180514,39.790074659639885
VYD_03089,48.628868803067654,45.86387291153107,91.4646672144618,101.99096138044375,94.66652971788551,60.060531361270876,40.1206518761983
VYD_03090,61.77661795407098,76.78622129436326,103.3490605427975,109.27348643006265,96.33110647181626,70.78956158663881,44.25344467640918
VYD_03091,69.86373448461953,78.39017808958447,99.89584457636265,79.92228818132759,73.09363194819211,49.47166756610901,30.321100917431192
VYD_03092,81.70214390228382,56.49914116674088,78.98893059354923,75.10382339843503,72.89299573764231,46.29833322730455,31.043577835740205
VYD_03093,59.01369257950532,47.907243816254436,77.3480565371025,74.5768551236749,60.9386042402827,35.50441696113075,20.450088339222617
VYD_03094,49.32477702849685,44.851424842288445,75.46030019577987,83.74374592125298,84.01261692408092,52.83075919077658,33.83184685664564
VYD_03095,75.5813122287465,68.48608629052846,76.89251978555015,52.115394434516205,51.15751850906305,36.36226704110289,27.205259126882815
VYD_03096,65.83829002747926,48.442798010365586,92.61864760513413,125.42641483182027,96.90164875300007,64.07848968659779,40.650700893944155
VYD_03097,60.56630824372759,59.89772586824866,108.01569645284881,109.10072920528981,96.75744654554441,59.474972191323666,39.103695464095914
VYD_03098,68.16585138597716,61.1416259026322,88.99883531330073,78.0535755881668,67.96925227113907,40.87817377125552,26.13393897041696
VYD_03099,75.14026423015187,65.9365353747376,50.41548339301146,39.61649586368688,34.75120385232745,21.4801827386097,17.515001852080495
VYD_03100,57.11831425038972,37.36021071870128,78.57657367091328,73.82599580712785,54.880771918507754,39.66204375638338,29.894855668440563
VYD_03101,50.353341780171064,58.2412100095027,96.93443142223634,85.53832752613242,75.61815014254039,51.812955337345606,36.16693063034527
VYD_03102,56.75170765027322,55.650045537340624,86.9476320582878,87.47324681238615,57.52868852459016,31.275159380692166,22.66848816029144
VYD_03103,85.79741026061303,74.19865595803968,101.8233076544829,99.66644812325849,85.26044910670383,52.700213079822994,32.59318144566465
VYD_03104,68.89937817976259,50.321085358959884,85.27501413227819,98.46396269078579,85.60867721876771,56.706048615036764,33.585217637083105
VYD_03105,73.28764166216945,71.95196977873718,111.78413383702106,90.61791689152727,73.37560712358336,51.93416082029143,32.41068537506746
VYD_03106,65.09659207554915,57.697238760008204,70.45016423732294,71.1263087661671,63.88888318620407,31.40597413262163,22.19610962841306
VYD_03107,55.03404703404705,51.05967005967007,88.61705861705863,81.27729027729029,66.5900315900316,46.72095472095474,24.169533169533167
VYD_03108,74.0285588752197,56.838752196836566,82.53778558875219,77.29173989455185,66.20738137082603,47.22275922671355,26.990333919156424
VYD_03109,87.1795363575717,76.14109406270845,105.55470313542362,105.36107404936624,92.74583055370248,63.505086724482986,33.2771847898599
VYD_03110,55.40407217348121,50.56811786128124,73.61380566131433,79.7958947194173,72.04303923191523,52.94322132097333,34.609005131600725
VYD_03111,64.12644595133627,75.35460710011967,105.45313123254887,101.9369764658955,101.51854806541688,69.10530514559235,44.97008376545673
VYD_03112,66.74174372523119,49.13857331571995,78.05852047556142,72.33963011889035,67.60528401585205,55.87080581241744,45.345574636723924
VYD_03113,49.10587679218527,46.396722861194256,71.03954624231923,73.20088230660156,60.2323932566567,36.20324562785568,21.49424925161494
VYD_03114,70.12727982598025,65.87138156060014,95.5814044285794,96.08410954319815,89.55072787104689,71.13927157119751,49.59105360031233
VYD_03115,70.35045317220545,48.250503524672695,95.16842900302115,75.54405840886204,58.05891238670696,33.483383685800604,17.171953675730116
VYD_03116,39.31105559025609,46.659587757651465,82.03591505309181,96.17301686445974,80.79762648344783,49.251405371642726,34.99125546533416
VYD_03117,62.2098022355976,40.8701633705933,62.74247635425624,48.595012897678416,46.27171109200344,22.411865864144456,13.670679277730011
VYD_03118,52.6072434607646,47.87927565392356,65.57424547283703,52.84144869215292,45.60201207243461,40.37062374245474,27.405231388329995
VYD_03119,52.18218567047672,67.67521605798719,101.25020908837467,82.00223027599664,79.06509618065235,48.34234736548649,32.80262057429607
VYD_03120,77.33344515263336,76.30795035223079,94.67695404226768,82.7440456222744,69.24119423012412,51.132505870513256,36.63871184166387
VYD_03121,70.57794731538795,62.187275082769546,86.37814884122642,92.48567727076436,61.38952065639846,42.761623722470134,33.88743342449978
VYD_03122,75.48726287262873,61.26720867208673,56.35844625112918,50.97289972899729,49.67389340560073,24.942547425474256,22.514182475158083
VYD_03123,59.779829545454554,53.14772727272728,72.75980113636365,76.8768465909091,76.20213068181818,40.97954545454546,28.60355113636364
VYD_03124,61.872229465449806,40.093350717079524,71.10169491525423,76.57574967405475,61.91629726205997,36.5089960886571,19.42086049543677
VYD_03125,63.99399304457793,72.38212667298974,91.84539993676886,78.78164190114866,69.13678996733056,58.76730951628199,39.66171356307302
VYD_03126,63.80013867221358,70.98266597330563,103.19691454324841,102.79892529034497,86.8459005026868,58.514820592823725,39.2721442191021
VYD_03127,82.20974000776098,68.52160134523346,102.0356357521666,90.88552580519988,69.48454274996766,45.483184581554795,31.1849049282111
VYD_03128,61.34014869888474,46.60920074349441,70.65473977695167,60.6203531598513,56.84386617100371,35.26951672862453,25.039033457249058
VYD_03129,59.75159509202454,63.86245398773004,109.07521472392638,113.55092024539877,97.69503067484662,73.27871165644171,48.449263803680964
VYD_03130,62.06584797798009,55.887359728985814,81.93626932034721,84.0810925259369,74.74592420071988,48.08257463476603,35.97543933940292
VYD_03131,69.34649725274727,32.32314560439561,51.884271978021985,57.37122252747253,51.473214285714285,29.96703296703297,18.777129120879124
VYD_03132,72.59447674418604,72.12536337209302,102.5501453488372,87.10247093023256,72.76598837209302,53.752906976744185,32.304505813953476
VYD_03133,77.50799353332133,80.5449973055505,114.51437039698217,107.02945931381352,101.26163104005744,77.52398059996405,48.477815699658684
VYD_03134,59.882647770480474,75.58831662633945,124.03871413757346,130.3415139993087,118.62357414448672,81.72951952989978,44.25216038714138
VYD_03135,71.5897067280046,70.03622771707877,83.01265094882116,72.37809085681427,52.24611845888442,28.34617596319724,19.390741805635425
VYD_03136,48.33005806163466,68.74899508709244,100.781152300134,92.79365788298347,85.01116569897275,52.12728896828941,36.72264403751674
VYD_03137,69.43415139993087,45.965779467680605,77.28828206014518,68.20601451780158,66.88938817836156,45.00103698582786,32.89388178361562
VYD_03138,59.21167883211678,36.491484184914846,63.753041362530425,63.22546634225468,64.91362530413627,47.907542579075425,39.06123276561234
VYD_03139,70.98437001594898,68.82679425837321,97.66251993620415,94.1323763955343,78.37735247208933,51.177033492822964,28.67591706539075
VYD_03140,77.33397405093702,59.40057664584335,87.86910139356078,95.79490629505044,73.0748678519942,54.233349351273425,38.00480538202786
VYD_03141,44.61967174400757,52.75853111347267,105.61093399456841,98.59263195182432,77.70043688747198,44.56252213956783,29.181131184319277
VYD_03142,72.56130268199233,57.77827752790273,88.94361152756954,76.15958687323004,69.4638514076295,54.92695319007164,33.246543394969194
VYD_03143,63.757389122429686,39.82288917131032,68.07602567862615,73.5557076286375,66.8536513833219,43.968488284941515,28.842278489262558
VYD_03144,93.38253459910783,82.74265126386823,86.52836554958252,75.56302184604826,63.4070685119524,54.801841473178534,43.301040832666125
VYD_03145,61.35024135475191,52.5810714568331,79.15881934003322,60.450819023502405,37.93218327134604,22.794650629105004,18.71662578143546
VYD_03146,67.10700757575758,63.39621212121213,100.33977272727272,98.64318181818179,89.7539772727273,55.97462121212123,39.997537878787874
VYD_03147,73.33221589004357,44.99027824337915,66.7167281260476,74.7076768354006,65.6262152195776,42.210191082802545,29.87294669795508
VYD_03148,47.71943159286189,47.6219431592862,84.43787177792467,94.74454725710511,83.06609385327167,66.90713813615336,46.56807666886981
VYD_03149,79.0593220338983,86.85988700564971,105.3056497175141,96.13446327683617,74.82542372881356,56.61807909604521,41.0316384180791
VYD_03150,59.31815346225828,64.18590143480972,106.24516531503433,92.88958203368685,80.48190892077355,47.248596381784154,29.870243293824085
VYD_03151,43.020375421145516,37.781726295523825,69.28669982351998,76.24241938071553,61.16396598748596,37.48467832504413,28.911920423552065
VYD_03152,59.899251466720614,46.14040056645762,94.748533279385,97.10722233461463,79.04653044709688,49.05725268055837,31.796075257940526
VYD_03153,58.02146768893757,52.27458926615553,96.59331872946333,84.03198247535593,66.51566265060241,42.30098576122672,38.36232201533405
VYD_03154,65.86541850220266,41.07422907488988,75.4035242290749,86.49669603524231,77.77643171806167,57.99823788546257,46.636123348017634
VYD_03155,49.64723985381804,36.626658972879405,62.52779380650125,45.71129063281401,44.295249086362766,36.343719946143494,16.8091940757838
VYD_03156,61.03951140471146,47.091860899912746,56.55178860775271,34.16215879346877,31.61174124392372,23.785117786364204,16.46104948273713
VYD_03157,69.87235915492957,57.943485915492936,100.43538732394364,100.34718309859156,84.55246478873238,57.64419014084508,35.947183098591545
VYD_03158,70.78451804986976,72.03944919985113,96.36248604391514,90.73725344250091,82.78154075176776,58.164495720133985,41.79233345738743
VYD_03159,77.41917882962763,56.347292320283735,76.39817214568271,68.45287136816259,51.70849815850498,42.20488337198199,31.242122493520668
VYD_03160,74.94183864915574,71.40501876172611,108.90032833020636,108.88109756097565,92.06543151969981,63.357176360225154,48.158536585365866
VYD_03161,51.12730249693,50.80010915541001,85.51139309592031,74.04502660663117,64.94692318188018,45.26961386273707,26.751534997953335
VYD_03162,87.80508218971501,81.8728698537174,141.4054441260745,147.05881465842256,125.76353491177807,72.80146282611976,53.79248982053991
VYD_03163,73.81270887698575,45.64340978803279,82.8498832577943,66.45703429016163,50.98264890353889,35.277846449663514,24.548322116925345
VYD_03164,59.5306600093618,55.96918396005616,90.82064284599778,94.69714464034948,72.55554688718988,44.19176158527072,27.235762209393034
VYD_03165,61.915730337078635,48.06843718079671,73.08094994892747,76.6123595505618,69.58273748723187,53.88304392236976,38.461184882533196
VYD_03166,64.41101152368758,66.89244558258643,110.26760563380283,112.6692274861289,92.4024754588135,60.18565941101153,40.30857874519847
VYD_03167,69.88766202592414,52.12337974075853,89.58249319891183,106.38710193630983,82.20323251720275,53.83917426788286,32.55688910225636
VYD_03168,58.793839541547264,72.95601719197708,108.53467048710601,102.41618911174784,104.08538681948423,79.11045845272206,50.05716332378223
VYD_03169,84.26889534883719,57.82703488372093,90.01453488372093,73.13008720930233,64.23255813953487,45.90588662790697,27.60428779069767
VYD_03170,64.79707482837001,34.96500815098847,39.406837646086366,37.47126489564439,38.18997543223199,28.21174201547541,19.903244323008746
VYD_03171,68.34934740349902,65.8820697954272,93.63315745626214,106.71285753957233,99.09830602610381,72.07525687309081,46.12552068869758
VYD_03172,52.52304974642431,42.16832867969687,73.49991452504415,54.993218986836865,58.72277622656563,41.360419397116644,40.44498262009232
VYD_03173,87.54157035269553,91.74259935873535,141.73812541943175,140.37439415405262,111.53128029229732,69.26783983297292,50.258146297815216
VYD_03174,78.28127515697952,90.92271775881498,135.52841732410235,134.16744485590075,112.59338270809849,66.6853968765094,40.861133472870705
VYD_03175,69.6862133499688,70.54809731752962,111.15670617592014,90.16182158452902,71.53886462882095,45.244416718652516,30.643917654398
VYD_03176,65.26761835923382,44.71955186122154,70.53867003975424,49.76563064691,49.70762558727863,38.45482471991326,27.619262739428976
VYD_03177,63.97810287871636,60.33789523360076,88.43879188296366,93.086267107126,80.98452100047194,57.930816422840955,41.04454931571496
VYD_03178,54.231518180251605,44.58978114768223,76.88256074444253,72.3655006031363,61.626744787179035,36.741857659831126,20.922884714802688
VYD_03179,79.43657270029674,80.13278931750743,117.67321958456972,119.75927299703265,103.6494807121662,74.5404302670623,51.03041543026706
VYD_03180,75.81954798597397,50.65942776320828,103.17871349854137,113.65480154403745,100.12019329934877,55.30020331791262,30.253764328019578
VYD_03181,83.92688413948258,74.59092613423321,112.75403074615677,112.00974878140232,93.79490063742033,67.64754405699291,44.91601049868767
VYD_03182,71.53250329687377,59.35982468388796,100.42766271041809,91.10759444573732,82.74668373283684,46.57881467690635,29.797804669924755
VYD_03183,65.7351821642197,35.610657966286034,84.05954323001629,77.28955954323004,59.03534529635672,43.907830342577505,30.699293094072868
VYD_03184,70.1450252951096,60.48081787521079,86.71732715008432,95.84359190556492,82.67116357504216,51.69919898819561,39.151138279932546
VYD_03185,83.45258221083049,79.28554289142168,93.54910836014608,78.28723346239843,63.091672574575945,49.535965534165875,26.588536838086913
VYD_03186,59.05849838783971,58.59235375403039,88.46338093044677,97.40304007369878,84.04237678489177,48.812989405803776,35.47673883003225
VYD_03187,56.173586256263434,49.61363636363637,77.53793843951324,62.52308518253398,56.03274874731568,31.733536148890472,17.889405869720832
VYD_03188,74.73312943962112,59.72898579321229,109.84619179163377,103.42205998421466,86.39640883977901,55.61977111286504,31.897198105761642
VYD_03189,65.09178488248993,75.16959559601945,97.46982849883544,90.7650857505822,80.78255346178271,56.21903451196271,34.43881007834002
VYD_03190,77.29714215925745,63.86553492916461,97.53089887640448,84.48094772838297,77.53847093307279,59.20139228138738,34.86529066927209
VYD_03191,52.30789596636036,25.47079894097492,45.26023983803147,46.32674038311789,44.265690702382805,37.14063230026475,21.474536676530132
VYD_03192,55.29894556853803,66.17269877457964,113.68367056141348,110.28697634653744,88.60074095183812,63.67284126531773,37.14990025648332
VYD_03193,69.37300864815657,58.16636322257625,86.6670459717797,82.17387346381427,68.17364588074648,40.03095129722349,28.6162949476559
VYD_03194,58.98558462359851,36.974105712760284,76.12466631073144,55.76027762947144,55.673518419647635,43.03924185798185,25.365990389749065
VYD_03195,72.06124234470691,75.97987751531059,98.46062992125982,65.0262467191601,57.686351706036746,39.03980752405949,21.875765529308836
VYD_03196,58.220352564102555,42.32665598290598,103.0667735042735,108.51068376068375,91.73611111111109,58.811698717948715,39.80422008547008
VYD_03197,61.6470588235294,56.617320261437904,86.3238562091503,102.65653594771241,84.09215686274509,49.768300653594764,31.073856209150325
VYD_03198,77.71414335277184,72.63892374695503,111.70273861371518,93.04694766368937,79.90983243522548,52.34786299549713,30.339853842179057
VYD_03199,68.48611967921038,74.08245938720954,113.72979642196177,110.18548221262594,97.30392761669751,56.54390294057167,33.395434916718074
VYD_03200,78.7500385981164,63.738922340589816,113.01621120889297,112.03288559518296,96.3176624980701,62.43994133086306,37.51798672224795
VYD_03201,70.8291415313225,68.01048723897908,118.7692807424594,105.07897911832944,91.93930394431553,66.11238979118328,40.08872389791184
VYD_03202,45.1621410431725,35.761672201601876,83.64758741941787,92.27778863059191,76.77886305919125,46.90369212736862,30.21469036921274
VYD_03203,70.2605681223034,68.95525849814197,132.39102676010663,122.14706835922878,107.79669301942785,63.80412499688254,45.951692146544595
VYD_03204,76.19277589303532,65.73498303731792,95.1323089203752,74.50249451207343,57.02255038914388,42.92596288166034,27.42247056475754
VYD_03205,61.346301585738175,69.80360484585836,118.5177779966512,122.42627794740469,99.8455628878164,65.76204077612529,42.08145375751008
VYD_03206,70.32377410198691,54.80630322012333,81.3296466673192,72.04169521385927,49.83341489674073,27.214348634628564,22.180581383967905
VYD_03207,57.96570764312702,59.07875617553039,92.06509735542,95.0645161290323,88.3487358326068,58.469921534437695,36.665504213891325
VYD_03208,57.118816458622305,22.715980890738177,65.35845276621974,60.03914316535676,50.543381106487914,34.18677762367083,29.84265680382186
VYD_03209,59.77774699907664,56.1331486611265,84.39316712834716,80.03656509695288,68.50341643582638,43.27682363804245,25.340812557710052
VYD_03210,68.2327779159413,66.35016165133051,98.35637901019645,86.6806764486446,79.60855508579952,48.61999502611291,39.233026610295944
VYD_03211,47.07679917160443,44.760685727434854,89.89570269803829,96.08864983029396,80.60668469194042,38.50186964275441,22.082897083357295
VYD_03212,84.10170056685563,76.79293097699235,120.54918306102034,101.77425808602871,87.38446148716241,52.85195065021674,35.594198066022
VYD_03213,73.67826257861635,55.205680031446526,85.38711183176099,86.22307389937106,75.63848761792451,45.66602790880501,32.62087264150941
VYD_03214,58.20910047343503,54.49750131509734,109.15228826933196,103.81351920042084,85.08521830615466,59.40097317201474,43.32390846922672
VYD_03215,73.16848818371174,54.65258312546608,110.01820659860616,114.26564147401447,110.76786586777067,69.46424254892378,41.14274693342247
VYD_03216,74.28776119402983,53.32107462686566,50.338507462686565,47.73826865671641,41.18817910447761,24.559044776119407,23.638686567164182
VYD_03217,74.03051043126905,81.9465655149666,123.67221901542014,120.17432176135891,107.4548528077843,64.06506143316565,37.06168054753854
VYD_03218,61.50388120148497,58.467094161323,97.33513331083361,82.04893688828889,73.25143435707054,50.58555518056025,32.072561592980094
VYD_03219,62.36350488128241,44.56116668675425,84.93551886223938,88.38833313245753,65.85934675183802,42.80378450042185,25.768952633481987
VYD_03220,59.29831246597713,40.575394665215036,73.68780620577029,76.39711486118672,66.77735438214481,43.765922700054446,29.57022318998367
VYD_03221,67.76235496347228,56.976364417705206,81.66566394499354,65.50580146110873,48.3785990545767,34.08336914482166,19.278470133218732
VYD_03222,83.84761801174679,66.09854252773548,100.93593648031323,87.4224494235371,71.13530563410919,46.34261474874918,30.90461170328474
VYD_03223,60.9457886676876,48.87228177641653,80.66003062787136,78.08882082695253,67.95436447166921,40.292802450229715,22.065849923430324
VYD_03224,69.33539731682146,59.67776057791538,98.88906088751291,76.41202270381838,68.62512899896801,41.523735810113536,29.506965944272455
VYD_03225,90.46519692841218,60.141689373297005,111.1122120386426,107.38444389398069,86.90388902650484,56.914540500371565,33.12063413425811
VYD_03226,49.67222407469155,43.74191397132377,76.10670223407803,74.39746582194063,63.466822274091356,41.7619206402134,28.279426475491828
VYD_03227,57.980645161290326,49.73267882187938,80.62047685834501,60.83674614305751,54.16998597475457,30.612342215988782,17.447685834502103
VYD_03228,89.68395931142409,70.24452269170577,97.02507824726136,93.88783255086076,75.43493740219093,57.019835680751186,43.76482785602504
VYD_03229,73.65823501651724,54.05606418121757,79.7735724398301,57.65408211420482,47.50514393581878,30.96790939122228,16.601038225578108
VYD_03230,93.13340336134458,93.24789915966387,109.45018007202881,109.34813925570226,96.9957983193277,68.63070228091239,53.3763505402161
VYD_03231,60.0025465402178,49.127590446083616,96.27493853178781,90.82727432384966,76.82499121882685,45.81954689146471,29.003512469265896
VYD_03232,63.147074805288916,52.09038217714183,78.33617098351748,75.7648976634668,52.62706031516031,33.692809273682315,29.855098714001088
VYD_03233,54.60006419515327,54.039640507141726,94.96838388701656,90.76665061787835,78.48916706788637,59.52591879313112,42.580805649173485
VYD_03234,88.62962962962962,99.42592592592592,129.65740740740742,113.50925925925927,98.3888888888889,64.27777777777777,49.98148148148149
VYD_03235,69.61731799558777,34.17956192877403,46.78317050110306,39.219350772139926,38.83005042546486,32.580050425464854,32.378348566025835
VYD_03236,82.2117117117117,75.90041827541828,111.63376769626765,109.92414736164731,96.5691763191763,61.48527992277992,37.29448198198198
VYD_03237,69.54976946026581,62.007187415242754,100.06278817466776,110.89096826688362,82.65337672904805,52.17236235421751,34.4019528071603
VYD_03238,74.50962135319678,53.462445685909394,80.29546865301054,82.80477963997517,75.67318435754188,46.034450651769085,35.197703289882064
VYD_03239,69.87449799196786,84.85662650602409,130.74357429718873,135.13935742971887,119.80040160642571,76.279718875502,45.671485943775096
VYD_03240,46.994823529411754,60.07294117647058,108.88414117647056,107.56912941176469,86.83548235294114,53.10635294117646,35.09138823529411
VYD_03241,59.03955656336608,50.886117409926925,72.77828168304356,76.12849584278158,66.11312673217434,38.640211640211625,24.847820609725364
VYD_03242,74.51892057965074,76.52061037431511,82.22074863024218,63.05658251830609,72.89482308361923,51.80091146500075,32.438066465256796
VYD_03243,60.99465630313336,73.15739616225406,117.20111731843575,123.32426524168083,101.00680106873938,54,34.28928831673549
VYD_03244,77.71167948488643,55.67841173314256,102.25004471472009,114.97245573242712,83.29976748345557,52.56501520300483,29.097299230906824
VYD_03245,78.0086594322043,49.11882056341116,71.00361723117395,62.338923599693054,50.01446892469583,33.27227885563959,25.958785487230074
VYD_03246,68.33201892744479,55.50315457413248,99.88958990536278,86.50788643533123,74.66587802313356,45.244742376445835,29.700052576235542
VYD_03247,53.76163873370576,58.45158286778399,83.45916467145517,93.02394253790902,79.98177706836924,59.671721202447465,39.19273743016759
VYD_03248,67.59778289060867,55.33863208533779,94.16481907550721,92.10499895419369,83.4781426479816,58.91194310813638,42.04078644635013
VYD_03249,67.17500407365162,51.064852533811276,96.19618706208244,107.34601596871427,87.84984520123838,54.434984520123834,33.94093205149095
VYD_03250,62.663415407795085,47.994845565203576,101.2494746441457,107.61873042306013,83.0840172871813,50.74818603544664,37.773125569961536
VYD_03251,81.10250182171485,52.89264027204275,100.61938304590723,92.03570561088172,77.97595336410009,50.18897255282974,29.64512994899199
VYD_03252,82.7598170034312,75.42089210827297,109.8776210446054,101.83911551658407,82.91002668699961,64.54593976362945,45.50095310712924
VYD_03253,66.23006300630064,59.702070207020725,88.5074707470747,75.61908190819082,64.54671467146716,38.68388838883888,27.834743474347427
VYD_03254,67.3475329451425,33.75911737664726,76.81397486975176,89.63806313208705,64.31474103585658,37.34171008274595,26.93594851363776
VYD_03255,54.435778073342185,53.40148204446131,85.74330229906894,77.79251377541324,61.87934638039139,35.668630058901776,25.728481854455627
VYD_03256,53.51446798815221,47.09182046024152,104.73182957393486,110.35680109364323,98.20095693779903,64.22715880610616,38.882433356117566
VYD_03257,86.37496613383908,66.8982079962844,105.9832023841777,93.04145218098078,76.00251577195495,45.830475674420406,26.11088748693734
VYD_03258,67.65663736759072,57.665201712869056,72.97295469912102,81.44252873563218,85.05206220419204,57.8166553977913,38.102884832093764
VYD_03259,61.217958757504576,52.17776037588097,99.71730618637433,110.23544766379537,90.92978334638475,54.42156095014358,28.949882537196565
VYD_03260,58.64976958525347,64.9078341013825,96.6408410138249,76.13191244239631,70.85080645161293,55.71673387096774,33.70622119815668
VYD_03261,70.19868201042588,57.56368643651026,93.96990262614335,67.71781253073668,61.54076915510967,40.51362250418019,29.671191108488234
VYD_03262,89.6157474600871,66.69267053701017,121.161465892598,108.60921625544267,96.24782293178521,62.46589259796808,37.107402031930334
VYD_03263,51.127256317689536,49.84070397111913,76.59657039711192,68.66425992779783,48.95126353790613,27.978790613718417,18.843411552346574
VYD_03264,81.91904840574922,80.36015199074838,125.31240707087397,124.03304146704113,99.45977201387743,67.04724929786883,46.846026763588306
VYD_03265,65.79848594087959,48.05587599134824,86.86301369863014,77.82408074981976,66.03208363374189,42.17952415284787,21.940879596250902
VYD_03266,65.4438727782975,64.17906142812598,97.37036170876213,105.74929840972872,98.46858434674151,74.520190208918,42.315871531025884
VYD_03267,74.62474736132943,68.79474511565238,107.16011677520773,97.60992589265663,81.36065573770492,47.67437682461264,32.960700651246356
VYD_03268,73.8189419795222,58.87474402730375,102.53941979522183,101.83071672354946,85.18088737201366,47.04470989761093,28.552389078498294
VYD_03269,81.71124620060792,87.05197568389059,100.42431610942249,94.66443768996963,75.29300911854105,54.1340425531915,34.744680851063826
VYD_03270,48.261156284013055,42.46033676931941,83.70138933350404,79.02657020295794,72.37780907868621,41.426723861962984,29.323324156476083
VYD_03271,68.11757269279394,60.70448798988621,92.50458280657395,99.04819848293299,78.06953223767385,55.07269279393174,37.19595448798987
VYD_03272,70.52295121365056,68.8877673636145,119.73155491468397,124.57966834895456,102.70824321076661,77.98317712088439,46.97116077865897
VYD_03273,64.15054794520547,55.20835616438357,83.48849315068496,86.32493150684934,74.19013698630137,47.89095890410959,24.149863013698624
VYD_03274,77.34535233888775,63.75021080104394,97.83332664123668,100.91335073278455,91.78181088134907,55.21822927123067,40.21256775747841
VYD_03275,86.79325643300801,69.87000887311444,104.90017746228929,109.16060337178352,94.3500443655723,65.88819875776399,43.42102928127773
VYD_03276,84.72653061224493,78.70979591836736,86.42979591836735,79.92428571428576,63.89183673469387,43.92795918367347,32.73632653061224
VYD_03277,67.62079960755456,64.64876134412557,112.78170223203338,110.66789305862152,91.35467255334802,62.6102526367427,40.172430708854556
VYD_03278,65.00455823877412,70.05954805547475,101.31354863737754,89.53816312675784,77.41392687421198,46.924061681699165,32.11453787217534
VYD_03279,73.58918482647297,67.50295937584073,44.351627656712395,32.28396556362658,22.848264729620663,15.08622545063223,16.4348937315039
VYD_03280,74.81402257872847,59.09284016636957,78.44028520499108,76.10145573380869,64.67364824717768,41.58704693998811,29.47058823529413
VYD_03281,63.88937238493724,59.848702928870296,93.90326359832635,74.08953974895398,63.45924686192468,41.75899581589958,33.411548117154815
VYD_03282,67.0349340953083,28.2225089870034,53.06323163425199,43.37800718960273,53.332104341413945,31.94193013180937,22.392570743847354
VYD_03283,62.802544247787594,48.079203539822984,63.648506637168154,50.7351216814159,42.955475663716804,30.334513274336285,29.515320796460188
VYD_03284,63.1957055214724,47.37596535546735,86.38314687838329,95.50775893179357,79.04705882352944,43.17621797185134,35.22894261999278
VYD_03285,71.23163636363635,63.29490909090908,70.104,65.39818181818183,60.332727272727254,41.29527272727272,29.197090909090903
VYD_03286,61.868593699253,39.82877557648587,65.74673595323158,71.06573562845081,60.344072750893126,31.281909710945115,17.687106203312762
VYD_03287,50.78141315697875,41.834145492516534,75.53028193525931,71.50417681865645,59.70501218238774,34.796032022276364,29.325443786982245
VYD_03288,65.79815144382572,53.580630346173706,91.41512141914002,82.73844652391064,70.60175670245133,56.732246397611796,39.10477065273552
VYD_03289,55.782160483999355,44.11176564241363,73.2177997134214,57.34628243910204,58.150214933927685,40.72357108740647,38.06440057315712
VYD_03290,80.34369235135519,67.39052078898823,76.34823329076202,71.23754789272031,62.46005392365548,45.67730949340146,34.43451113949199
VYD_03291,58.50621649366945,57.26132086232463,106.85673548534277,103.66932816242728,91.37424432531083,54.489677198585596,37.82057716436637
VYD_03292,53.33220296407938,58.24189902034665,91.79879427279582,97.48430042702839,78.7459181110274,50.37314745038935,40.74177342376287
VYD_03293,67.6222760290557,65.6541565778854,91.6698950766747,91.24656981436642,69.77239709443099,51.47820823244552,30.044794188861985
VYD_03294,82.65244444444447,81.2968888888889,103.16800000000002,87.08444444444446,72.63733333333334,45.99466666666667,30.20355555555556
VYD_03295,76.0055009363296,54.00889513108616,97.45856741573034,106.01685393258428,90.03171816479401,57.635650749063686,36.481858614232216
VYD_03296,56.64216960584558,52.739829972598905,85.71678493641542,87.8841424857725,77.29881261856252,46.89643785568751,35.05037588702312
VYD_03297,55.31079187105817,35.942186405045554,67.13454800280309,73.55606166783463,71.24106517168886,46.768745620182195,36.536790469516475
VYD_03298,51.70608695652174,51.54811594202898,77.25507246376812,43.923478260869565,38.92753623188405,26.257681159420287,17.26782608695652
VYD_03299,73.13907325848272,61.50803300043422,98.24192047639724,101.23125116307918,95.25544321071895,63.31623348427515,41.30593635630542
VYD_03300,69.61840386253904,63.886225504118144,103.55796648679352,107.32928145413233,92.20255609201931,63.56427151377447,38.939165009940346
VYD_03301,62.17057317313376,36.49970454993107,63.946228087453214,65.07484735079773,61.86704746897775,35.34291904668112,21.612172542840263
VYD_03302,78.60882512181918,71.16080129940445,113.15322144017323,105.90308608554412,94.04872766648619,59.549269085002706,39.89740119112073
VYD_03303,55.64824968367778,66.5671306059328,114.26247715450582,99.98734711092366,85.02727400534235,45.89737101082526,34.96274427105301
VYD_03304,84.27146171693738,69.07661074424419,67.40505086560776,49.00539889344998,44.53939853649832,41.171782973407126,35.531144029983956
VYD_03305,75.12524056254624,59.835307179866746,35.559067357512944,32.78016284233899,33.561658031088086,16.324278312361212,18.43471502590673
VYD_03306,70.24129930394432,61.71726881007623,96.6105402717932,73.7709645343056,61.60125952933379,37.42061650646338,28.487901889293994
VYD_03307,80.5063576702215,76.08613617719442,103.53117309269895,71.31316652994256,63.366899097621015,40.51189499589828,28.160377358490567
VYD_03308,62.78455031720363,65.53937056847865,85.6692374673467,62.91889538499812,55.35483269063315,36.164448314466966,23.813471824853835
VYD_03309,71.67411268304791,53.43410275502605,115.09357160585752,102.8217920079424,75.7500620501365,46.86026309257879,35.36013899230577
VYD_03310,74.4940796555436,56.026372443487624,101.69985647649804,109.62450663796196,96.7967348403301,60.74721923214927,39.32167204879799
VYD_03311,70.7495285983658,71.97642991829039,104.07479572595851,114.90571967316153,96.86895034569454,62.29289754871151,37.912319296040216
VYD_03312,71.99508840864442,56.22626064178129,86.90766208251475,77.07138179436804,65.939751146038,45.08840864440081,30.450229207596603
VYD_03313,89.39522821576764,97.88623789764868,125.86721991701248,114.61998616874133,91.36791147994471,69.51383125864456,46.743775933609975
VYD_03314,66.22121356903969,63.02508361204015,86.99522216913522,70.893215480172,57.91829909221215,37.45891065456283,25.555422838031536
VYD_03315,64.35714285714288,63.819614209320086,107.29125286478227,129.83708938120702,113.90078304048892,81.05357142857143,45.105233002291826
VYD_03316,63.593983765717,50.12907846570109,76.12637275187014,71.4768422727996,62.921056819990454,43.65319115072416,21.832404902116824
VYD_03317,62.40131169785718,67.40317747498162,117.63634307683611,129.81890654152767,124.23808446881891,74.24616950302483,36.214225137106354
VYD_03318,78.29375649381315,55.81137243789548,92.25682440729192,95.3735713611032,83.92405780674409,55.999811089071486,33.72192311325209
VYD_03319,58.70787671232876,42.50102739726029,82.20034246575342,76.96883561643838,64.55034246575343,44.88732876712329,30.851712328767125
VYD_03320,60.69259863058364,49.41193348549071,84.143919139224,79.73739810890119,61.845321160743396,42.23045321160743,32.32905119008803
VYD_03321,81.48290650655557,45.84879304006862,65.45251807376546,48.67810317363069,33.506310501164066,32.809582159049135,21.599191275578967
VYD_03322,66.52276357827478,55.96805111821086,80.94488817891374,87.48282747603834,73.85982428115017,50.69249201277956,27.761182108626205
VYD_03323,79.6870179948586,74.5745501285347,111.89010282776349,111.22480719794343,100.39460154241642,64.7077120822622,43.872750642673516
VYD_03324,68.5455747240399,73.94877387798265,118.51087315751198,123.51146804150963,99.543790072047,59.286800185075,32.89834093462885
VYD_03325,75.65094137783481,63.1363928112965,94.32916131792895,96.90725288831837,84.8522678647839,56.62034659820283,39.486307231493356
VYD_03326,52.3294590484467,55.958125135781025,108.04931566369764,112.10466000434504,107.08499891375195,74.62453834455795,50.189930480121674
VYD_03327,52.58894945490584,48.594152626362735,88.3525768087215,108.57185332011892,87.55203171456887,58.682606541129836,42.050792864222
VYD_03328,49.82271468144044,49.13200293968003,75.84617558934927,60.39335180055404,54.44649217027531,34.228616654418,17.703544575725022
VYD_03329,61.812200050517816,68.89896438494571,111.70964890123771,107.49709522606722,109.74804243495831,84.37610507703968,52.966658247032086
VYD_03330,58.934107967667416,49.48137990762122,102.82563510392606,83.64903290993068,75.02627020785215,47.7175952655889,30.112370092378743
VYD_03331,70.83647981411565,73.0007261109498,109.26154516410112,110.42709846064484,88.57246587278539,52.37467325007262,37.18573918094686
VYD_03332,66.5979032803517,49.819749746364536,72.18735204599255,83.86371322286101,70.66976665539397,41.46229286438959,29.18430842069666
VYD_03333,97.58783981292018,69.13782519731072,70.0222157263958,49.26907337035955,46.38000584624378,33.44840689856767,22.705495469161058
VYD_03334,54.12674462466992,52.99094681252357,77.90833647680118,78.0882685778951,68.72915880799698,48.23802338740097,30.188985288570347
VYD_03335,69.52729599090134,69.47682684105773,96.47824850725051,72.94555018481663,61.9051748649417,37.85243104918965,25.835939721353434
VYD_03336,78.47237884941445,78.21406884586567,118.67686605417767,126.8691691967982,108.44635463901261,69.45057371554748,39.43350025629904
VYD_03337,71.67132579650566,77.37643028434393,98.43048989379922,79.45200411099691,63.7673175745118,44.51257279890373,37.95697156560465
VYD_03338,74.15894495412844,67.72224770642201,105.70733944954127,104.48371559633028,92.79678899082569,62.665596330275235,43.74426605504586
VYD_03339,65.86681186816797,66.23013068135118,108.9651927344456,113.68804964247556,99.69466589956436,60.98746609681923,37.745664502342386
VYD_03340,64.97023287842744,59.554776511831754,88.22761988230879,82.3282208588957,73.04353950169026,46.239107299361486,33.188024289470405
VYD_03341,69.37175132316929,67.81949601074332,101.92013587171182,112.09558416936568,93.77099296942886,71.58993601390314,56.66924717592226
VYD_03342,70.95233056595583,64.71344077269521,109.10700526344351,102.59970698355855,88.37636334038741,51.191247490368426,28.283629062890014
VYD_03343,70.67627997407648,41.35137178656297,85.4160725858717,70.76668826960469,59.266580254914686,38.14927630157702,25.143659537697136
VYD_03344,55.702205882352935,45.93878676470588,78.97086397058821,81.3283088235294,73.79705882352941,41.362775735294115,24.840533088235293
VYD_03345,70.496632996633,69.36826599326601,96.69234006734007,103.13341750841751,93.85058922558923,67.62415824915826,41.198232323232325
VYD_03346,73.86089582284849,80.0085556114746,104.15445395067941,96.31927528938097,92.64584801207853,72.55797684952189,49.0716155007549
VYD_03347,55.19225429822377,61.60484818282135,102.78371836400531,97.24041576193362,82.42238279998578,50.793400491225555,43.23119638344071
VYD_03348,65.27151785336405,66.2396907580097,92.13807259850742,75.49055485800542,71.19982224228661,47.80807810053187,33.580689304910905
VYD_03349,69.12188074599423,56.117415287628056,77.76858418702392,65.00906225374311,51.58510638297872,35.34016285789336,22.58458103493565
VYD_03350,83.89703661759155,79.03982634956586,85.63788221970555,55.58909022272557,38.75726689316723,22.293035107587766,15.615892789731976
VYD_03351,59.65914221218962,38.07945823927766,64.3803611738149,68.83408577878106,53.86117381489843,40.22460496613996,17.651693002257332
VYD_03352,76.37664919573466,70.17115488884872,106.63871317549248,102.62931501897702,79.3274896078077,46.20657870956081,34.52069401771191
VYD_03353,70.30805863071305,58.13903147999256,107.56732018059243,105.77308429711171,88.13346527305335,59.292164017564446,41.27385738140885
VYD_03354,80.10240963855424,79.61811531841656,120.01914802065407,109.6871772805508,95.09079173838211,67.3384251290878,47.768287435456116
VYD_03355,82.19574826352348,53.660913491896444,84.26352346874343,76.6432330035782,64.18859187539465,45.31277625762998,34.18143548726584
VYD_03356,61.61163241566497,51.55168670027143,85.30019387359442,91.51353237689027,70.85730903450947,39.72888716556805,26.154711128344317
VYD_03357,53.97262708851759,52.29825808745111,105.2214717383576,93.90863846427301,75.0771418414504,51.724493423391394,35.2161393530039
VYD_03358,74.61293320940115,60.80547072101977,84.26902137830301,77.51546939317487,63.52449873854733,36.00092949143539,22.175275527818354
VYD_03359,74.43971217425126,69.12673408531053,107.86684817840012,119.04758200440818,99.86963568002076,63.77790742901595,43.14948787760923
VYD_03360,49.99080252479711,39.56627592425608,64.27159603246167,49.227231740306586,45.80649233543733,34.589179440937784,15.571145175834083
VYD_03361,77.18999366687777,68.44437407641969,45.28646822883681,37.59341355288157,26.984167194426853,19.72472028710154,16.84314967278868
VYD_03362,78.73667252489749,73.25893380199183,106.97451669595782,100.47978910369069,89.8523725834798,71.49853544229646,47.95225541886351
VYD_03363,61.083461117196066,55.02760131434832,75.37765607886092,70.20547645125961,66.62453450164297,45.21511500547647,32.374808324205915
VYD_03364,63.89564106204744,49.07397415873919,87.51597330682951,89.98523356524211,71.11174215533154,38.8754791992049,24.838847082209284
VYD_03365,60.05243274184316,50.769662278191184,71.45621064682312,62.88597595878651,46.87784773898112,29.14413279908415,27.75901545506583
VYD_03366,53.469942594718724,59.8733869115959,113.70369690011479,119.21097588978189,89.09667049368544,48.743788748564896,40.35246842709531
VYD_03367,75.9228334956183,63.836051606621204,102.02263875365138,94.65433300876336,95.84731012658224,74.13364167478089,47.06779454722491
VYD_03368,59.607566599507486,52.3841504365346,80.1114842175957,80.88023281844639,67.16140586523395,43.10991717036042,20.22229684351914
VYD_03369,72.66598488216987,53.377234326367265,98.45851489550911,97.73881725211201,75.47896843041349,41.17536682970208,24.066429524232994
VYD_03370,54.85002026753141,55.31516011349819,90.51337657073368,85.49169031212,76.27543575192541,49.692541548439394,36.507701661937574
VYD_03371,77.95210631895685,59.93956870611836,78.16675025075226,60.88716148445336,55.409227683049146,36.16624874623871,21.590521564694086
VYD_03372,57.691895577634924,41.84414572374829,81.62594973699588,84.09925969218779,79.33947009546075,61.40989674654197,41.77001753360608
VYD_03373,48.85950692333671,30.019925700776774,84.49510300574131,75.32556568726784,58.83215130023642,38.95103005741304,24.898682877406287
VYD_03374,82.03205360376676,76.39460340456358,114.00416515755161,112.26276711336469,102.98044186888805,76.28413618254257,51.47971749366171
VYD_03375,49.23934934159566,45.67002323780015,97.32946036664084,109.19184095016783,86.81771236767362,52.71598244255099,34.502194681125744
VYD_03376,65.79586152009549,55.38161559888579,92.20851571826503,76.79148428173497,64.55232789494626,41.81734978113808,26.205730202944693
VYD_03377,62.06662357449562,49.44166397340597,92.72191698601048,71.73969250657929,60.98642596611113,48.435061637194714,37.1288609815781
VYD_03378,71.14220210802122,75.60453760495447,104.95182516524743,92.95039599833264,81.51390460310849,62.78276662895257,41.47335199190141
VYD_03379,71.266261925412,73.23487640936689,97.38936470078059,77.48010624457939,54.24663920208155,41.115026019080666,33.977612749349525
VYD_03380,69.36550808058446,69.72216072614565,98.28403807837057,95.72105379676772,82.59375691830859,49.32676555235775,34.4153199025902
VYD_03381,71.01300672013873,75.63689572946022,119.4524170821591,119.85540862779104,106.03685237372642,74.2670713201821,42.66377628441362
VYD_03382,62.12596954898017,38.56779661016948,69.01177822464807,64.95777075553002,58.84846308532029,34.31327204826198,21.036627405917834
VYD_03383,60.83049978015538,45.22746592408033,81.44342664517076,82.01472959108898,75.16107284185843,44.9302359665836,27.337388245639755
VYD_03384,59.43393347574,58.08819041806531,95.87763198046994,95.87854745193778,83.35672871528838,59.616112297833396,44.51480012206288
VYD_03385,70.45748903279711,54.89053687069143,88.48830165030287,85.79110089826607,87.32724044286604,55.129726342176696,45.77041988719448
VYD_03386,67.19487951807228,67.1722891566265,120.17048192771082,100.68524096385543,78.74638554216868,59.24126506024096,41.328614457831314
VYD_03387,61.71643459701188,64.34241284683401,106.99842463665004,104.63543042992173,97.08430734830773,57.25602195345053,40.269234678320956
VYD_03388,87.1119842829077,83.55613247263541,117.60103845074376,87.6619421835532,72.94288520909345,52.77490878473198,38.653943306202635
VYD_03389,77.86227375565608,78.53945135746606,119.42024886877827,121.13772624434387,108.09983031674204,75.83116515837102,50.75791855203619
VYD_03390,71.80231026446447,39.759651433782544,71.19698044381393,68.35555780727529,56.79805451413517,33.380686999696,20.46407944067281
VYD_03391,67.84848484848484,69.05271897052721,93.56330427563306,91.28912411789123,80.7041303445413,63.73121627231217,43.69863013698631
VYD_03392,53.78456857368242,26.84609894444235,70.96716877652979,70.29281394387888,78.3509259607077,65.6680815897224,44.53694451748617
VYD_03393,76.49596231493943,70.59892328398385,101.6487213997308,91.88559892328398,74.47543741588156,45.540376850605654,28.95794078061912
VYD_03394,52.43463293571371,50.13705868225121,84.51308942438551,64.6303738691858,63.96477463773914,40.62669121767672,29.876791289728597
VYD_03395,73.45466578424885,67.2819324950364,94.95433487756453,98.61217736598279,86.50562541363337,60.95896757114494,41.34645929847783
VYD_03396,66.98234095539962,44.882499434004984,85.52297939778131,66.78763866877972,56.438985736925524,33.107312655648634,24.25696173873671
VYD_03397,66.89318196073515,58.32092454368689,88.81314683560184,77.26851909929123,76.46145643856238,60.270463526312504,41.0658282631876
VYD_03398,59.4974419519874,37.04329004329004,59.99330972058244,62.63597009051554,60.33175914994097,33.59228650137741,24.479732388823297
VYD_03399,53.775486638073225,59.260145166611665,86.75140217749914,81.55658198614317,86.15951831078851,63.275321676014514,43.58874958759485
VYD_03400,54.94623362445415,37.313045851528386,89.50627729257644,79.76910480349345,64.57614628820961,43.2674672489083,26.7224344978166
VYD_03401,62.78315715995213,50.04053649780615,83.16748105305147,56.156661348224965,58.083466294375725,40.00428799361786,32.00962305544475
VYD_03402,74.87019579405367,72.67621464829587,107.07722987672227,110.18237853517043,91.88759970993473,62.40174039158812,45.693981145757796
VYD_03403,77.75793347684187,68.68932713006039,109.27595305881533,97.10082633150478,79.39115339212553,51.27032844941323,33.406568988264695
VYD_03404,52.02606442434713,54.67152728381263,80.58489990854589,101.04760695051317,85.90727568336553,69.58647495173254,49.626867188293886
VYD_03405,79.33094221463136,73.6421861656704,90.4093367492172,97.03153999430687,75.36259607173356,55.16481639624253,42.72724167378311
VYD_03406,74.28417085427137,51.1170854271357,63.70854271356784,66.58819095477386,54.90778894472362,26.810552763819096,18.084422110552765
VYD_03407,46.145278206591044,49.05698369018054,94.4229478488489,86.0001006778979,73.21330290623533,43.824249949661045,36.07567621988052
VYD_03408,72.38459037711314,28.587126137841352,64.74967490247073,50.74122236671002,57.10500650195059,39.539011703511065,32.78966189856958
VYD_03409,66.07113202324938,65.88416828120675,102.05120398560756,90.9219485192361,75.30071962358151,48.53888735123167,35.57722114586217
VYD_03410,68.43194790578023,81.00265294637833,127.1793552536378,119.46563228555353,100.75383873301713,48.60832864378167,32.628587507034325
VYD_03411,48.37752104953982,32.92167613080086,78.42882318386529,91.91168983747792,83.60563931858232,61.06951243391422,43.53162326218913
VYD_03412,56.224594363791645,39.29846285226304,63.89666951323658,50.194918872758336,52.29782237403929,40.0706660973527,20.651366353543988
VYD_03413,62.79004329004327,54.058802308802285,92.99242424242422,102.47113997113996,82.00757575757574,48.08730158730157,29.648629148629148
VYD_03414,82.75552016216608,68.3370737710852,84.31361760660248,76.33714616665456,62.15984941721565,46.01303120249039,28.28379063201331
VYD_03415,76.96229576874737,65.04105571847506,107.63385002094678,108.13615416841225,92.75953079178885,61.08965228320067,44.75576036866359
VYD_03416,71.05241460541815,71.37247028589786,102.75543420066387,113.57832744405185,97.05514509048078,71.96894742477781,46.78145411714316
VYD_03417,48.39188481675392,35.96910994764398,82.44947643979059,90.39659685863874,72.71596858638743,40.479581151832456,26.646596858638745
VYD_03418,71.08661740558293,50.69211822660098,86.20669129720854,87.87828407224957,74.85693760262727,45.14388341543514,30.978858784893255
VYD_03419,46.86470697329377,40.23803783382789,80.84866468842728,76.78542284866467,59.848942878338256,37.28329005934717,30.645678783382785
VYD_03420,69.60094899169633,64.69513641755636,108.01138790035588,83.11814946619218,59.26548042704627,37.97841043890867,20.42135231316726
VYD_03421,70.27554179566563,74.8456656346749,108.01176470588233,96.99210526315787,80.71269349845198,51.653869969040244,32.911300309597515
VYD_03422,54.975903614457835,61.7738955823293,87.43453815261043,100.71084337349396,89.64417670682731,71.31405622489959,48.48112449799196
VYD_03423,66.5140457573125,49.14277439907327,65.44540978858963,67.68664929047205,60.08919779901537,38.051549377353034,27.630755864465687
VYD_03424,49.04249030112694,45.906151856641436,66.03473120266028,62.26916682061707,59.16940698318865,37.78810271568449,21.17106964714577
VYD_03425,87.63384903891236,82.88818565400844,88.86685419596812,67.20534458509141,63.9308485700891,43.03984997655884,33.90951711204876
VYD_03426,51.72240085744909,59.632904608788856,94.32073954983923,84.65541264737406,75.25133976420152,45.63638799571276,35.706591639871384
VYD_03427,60.83651226158042,57.15803814713898,100.41829741557264,96.47659152836266,73.99636693914626,37.49682107175296,23.649327058046413
VYD_03428,66.224478285392,43.46520022560631,60.51742808798647,54.122165820642984,37.16570783981952,28.383530738860685,13.197631133671743
VYD_03429,79.2757408337519,70.42290306378702,91.30169094257494,84.44115184999161,70.16306713544282,41.670015067805124,26.894525364138627
VYD_03430,55.19757159825787,51.11614095288371,88.89745281773789,93.60538471690643,79.82816418107433,49.87976771809422,40.25247459416656
VYD_03431,73.31414868105516,74.7796762589928,95.89088729016784,93.37260191846522,63.6294964028777,42.406774580335735,30.368405275779377
VYD_03432,58.2016855008619,51.195939475196326,66.78241716146331,59.6326374257805,53.37808848879525,36.620570771882775,22.973951350316035
VYD_03433,62.19505464179268,54.77856275527101,86.30356551495753,79.16392537807708,74.71818081465949,53.03830444861465,29.557567060381945
VYD_03434,69.51809632373894,72.61014534055286,93.39783414078083,91.04217725847818,68.10145340552863,58.95810772299801,35.8241664291821
VYD_03435,69.27948319409361,60.56540217602487,121.03851758305817,125.54237905576062,115.85462405284632,77.5550077715174,48.044734796969095
VYD_03436,67.18462304055736,50.99369660777972,97.49489922866383,111.38044289624284,106.19946918802358,74.22982499792653,53.460230571452264
VYD_03437,74.78416441496766,77.19061655612872,112.55883075411448,112.73528207647585,101.94710554327348,69.7328256775567,40.91116023908949
VYD_03438,78.06385353873632,49.23353427104264,64.05068095557044,49.67090868497432,46.891716901093986,30.292922527349855,22.117883456128595
VYD_03439,76.73899188876015,75.68366164542293,124.15266512166859,124.18337195828508,95.71263035921207,74.16512166859793,38.82068366164543
VYD_03440,83.11777378815081,79.8520646319569,135.99461400359067,140.57737881508083,111.2190305206463,83.89658886894074,52.23159784560143
VYD_03441,63.38380566801618,24.899493927125505,59.07773279352226,30.56862348178137,31.01396761133602,21.73117408906882,25.26012145748987
VYD_03442,45.96251142944225,22.198110332215784,56.75495275830539,53.74459006400488,39.76013410545566,34.61566595550137,26.606827186833282
VYD_03443,65.81450143191877,53.68354595157511,99.6720906014059,100.37555324134341,79.7116636292632,51.800963290809676,27.586826347305383
VYD_03444,62.61620170421383,55.24115793159799,94.38356484183494,97.35018092681219,90.97548733512313,56.081592155947234,37.754172989377835
VYD_03445,70.61763738071737,62.695842930788615,102.82998793462764,97.88406273993641,78.1770319183942,48.21410551716574,32.48733135899968
VYD_03446,66.30020013342228,60.47587280409162,94.36357571714477,74.53235490326882,65.00644874360685,50.62686235267957,37.096508783633524
VYD_03447,70.4769426289034,71.64506172839505,98.64488017429194,97.7363834422658,74.96514161220043,44.44281045751632,25.391975308641975
VYD_03448,71.37324120603016,50.837185929648236,81.12688442211054,81.72864321608041,67.45992462311557,47.297424623115575,33.4679648241206
VYD_03449,70.45700648817956,58.85107017674692,99.55306137668727,90.40286374822878,82.37482288015511,52.742262659407835,38.66738757550897
VYD_03450,44.802341920374715,47.40056206088994,84.5703981264637,84.08421545667446,66.74032786885243,40.97723653395784,29.96562060889929
VYD_03451,60.64097087378641,44.63592233009711,71.735145631068,53.665631067961186,44.60291262135922,27.08699029126214,13.329320388349517
VYD_03452,70.60987153482083,45.76240703177823,58.00027045300878,34.577958079783635,33.06923597025017,28.293711967545633,14.377822853279246
VYD_03453,75.54337631887456,55.630422039859326,100.98710433763186,96.18903868698708,76.66764361078548,49.494138335287225,34.062133645955456
VYD_03454,87.05211081794195,85.59718557607738,131.11961301671067,121.91974494283201,98.78320140721195,76.23262972735269,50.49626209322779
VYD_03455,68.23880070546737,50.11499118165785,69.53827160493826,54.425044091710745,45.71252204585539,36.337918871252214,29.01798941798942
VYD_03456,67.32347959969204,71.6846805234796,114.35365665896846,106.04187836797537,94.59799846035413,62.38414164742111,41.652193995381054
VYD_03457,68.64077450463346,81.04573193701496,103.3773073156031,96.65448655164623,83.14420251638664,49.729300082875014,34.52120846831914
VYD_03458,65.31325033348155,61.24321920853712,102.80502445531347,112.73432636727433,94.68363717207644,70.50622498888396,44.392841262783456
VYD_03459,76.47083756345172,54.805,52.2759390862944,37.47022842639591,33.526776649746196,12.835710659898472,7.39213197969543
VYD_03460,67.2051406401552,57.89856126737796,96.99555447785322,94.65975590042031,80.17567895247333,58.944592628516,37.65878596831555
VYD_03461,65.00873806136961,40.42410079252183,74.254927860191,72.22576712050393,50.62639707376548,27.089209510262144,16.724243040032515
VYD_03462,52.79282448118184,47.9915582131551,93.98065423848047,96.99120647203658,90.88720834798919,56.360417399460644,39.3590104349865
VYD_03463,70.92893140307517,64.83796103104034,118.10047186466794,131.4148878117677,117.91098770583895,83.83747953648123,46.638943279940925
VYD_03464,68.34667093469912,61.4881562099872,93.48367477592829,80.34699103713191,69.31338028169016,51.818181818181834,37.32074263764406
VYD_03465,69.10339239412271,60.64660760587725,117.77517286084695,118.63839671564388,92.06503889369056,59.12629645635262,32.79321521175453
VYD_03466,72.16718680338829,51.95430227374052,91.86179224253233,85.78800713330358,72.68100757913507,52.42420864913062,34.405929558626845
VYD_03467,78.9553628773282,66.98619139370585,105.1335902376365,105.56133590237637,90.21579961464356,58.894026974951835,34.14065510597303
VYD_03468,80.65721148347248,71.59121582980671,99.65469518471922,82.4778680086927,67.81997026192384,45.0185291090015,31.688207709024375
VYD_03469,79.55109823062844,69.36912751677853,97.84106162294083,80.69295302013425,64.9748322147651,35.006253813300795,24.026998169615624
VYD_03470,46.93972905722976,38.801861579577924,103.24311123398765,104.97779006543173,72.53875218873839,38.710994378398304,38.343931434890784
VYD_03471,70.02448362396244,66.91532076442957,92.34704973939898,54.32687729232352,51.59619715591016,41.06730583617528,33.95511871822918
VYD_03472,49.153520849724615,26.789142407553108,68.73652635719905,59.89870180959874,53.63493312352477,35.178206136900066,31.884834775767114
VYD_03473,57.90783346076318,57.02842844234377,90.45874748036421,94.19177034823107,78.96628901091262,51.976089525265856,31.50288454855076
VYD_03474,61.980551053484604,72.66450567260941,102.22852512155592,77.62560777957862,64.81888168557538,44.60210696920584,20.777957860615885
VYD_03475,72.77155386985892,49.38101220813082,84.33713405238824,81.89716723954007,75.09121725731893,42.420267867725464,31.31786179921771
VYD_03476,71.6912769663674,65.29606056545623,108.11208629237568,91.61784805038185,91.9455312876859,66.5663942114431,41.58669435883691
VYD_03477,67.1767918088737,59.08828213879412,94.08486916951081,73.57747440273037,63.191581342434596,37.52468714448236,28.829806598407295
VYD_03478,80.03697205163559,84.5039478631408,93.51397418222838,117.66950745707487,96.4553202155659,64.14274971800978,39.50006266449431
VYD_03479,67.60786279095664,64.5842521438913,105.6060808553291,89.29357389464306,81.0559082303152,62.111705089653626,39.4509410847533
VYD_03480,85.35147955726225,81.31014230856113,110.75649423989157,97.06302236277389,82.97944431895192,61.682403433476395,47.34786537158347
VYD_03481,65.08827785817655,70.17395079594789,100.5316931982634,97.99073806078147,93.65528219971056,59.75282199710565,40.01997105643994
VYD_03482,53.87538252295136,48.909044542672554,98.65606936416185,89.93250595035701,78.49982998979935,51.19500170010199,28.65725943556614
VYD_03483,74.06582482536272,60.6472326706072,78.55158516926384,68.61418592154756,71.17544331004837,50.321869962385804,31.278344975819458
VYD_03484,85.83230218169976,89.32627808531421,135.16834907196358,127.52002605014654,106.48550960599151,64.54249430153044,38.76717681536959
VYD_03485,63.50596450392785,42.16191446028514,88.8929298807099,90.81393657259237,79.72345068373582,54.70017457084668,28.891766075065465
VYD_03486,63.675302245250435,51.71905584340818,87.05555555555557,76.79418537708693,66.66350028785263,43.645365572826705,24.681059297639607
VYD_03487,65.12602262837251,80.29895561357702,99.5158398607485,87.98694516971283,67.47302001740644,44.15352480417755,33.96275021758051
VYD_03488,69.99689787213417,80.49028161504528,125.49357762590272,119.05186370025689,104.41127429596236,68.68353448693715,47.50632543260141
VYD_03489,62.2696935451705,53.432559994681924,88.43349066010772,86.37705244964432,84.11998936382368,56.02599215581996,37.46613042611182
VYD_03490,59.10211989970368,64.72452701162524,108.4622179165717,92.7757579211306,74.38722361522683,50.26846364258036,30.927570093457955
VYD_03491,61.89165302782324,63.452373158756124,98.01505728314243,91.11243862520458,86.27855973813419,58.25270049099835,37.71096563011456
VYD_03492,59.53031049778216,53.599802858551016,89.14465253819614,100.61113849186792,93.23632331197634,76.09093149334646,52.236323311976335
VYD_03493,51.793889176592444,23.464048121738433,53.019200892323646,50.40720232641515,49.98231287097158,45.2474604628929,34.457435366290895
VYD_03494,76.22382141283593,58.957409311205765,105.75400205610221,104.17609046849755,97.30430312821265,64.73329416948157,42.150682919665144
VYD_03495,52.0493881118881,63.60533216783216,92.0799825174825,96.8159965034965,90.85970279720277,55.753059440559426,43.56118881118879
VYD_03496,60.77894628312197,43.98958655531498,55.101969275183016,45.709970100010324,42.61026909990722,32.81565109805135,26.71966182080627
VYD_03497,52.38956805215973,55.906275468622646,80.17033414832925,72.81635425156207,58.79299103504482,44.05786471067644,26.357783211083945
VYD_03498,50.14017589017589,41.301694551694546,71.57014157014156,70.29654654654652,61.32979407979407,38.33526383526384,26.79633204633204
VYD_03499,82.8318376550169,65.85208568207443,105.39954904171364,101.47526493799324,85.53411499436301,61.07756482525363,40.23697857948138
VYD_03500,62.6325910931174,50.320242914979765,78.62550607287447,82.97004048582994,74.52692307692308,54.52995951417004,40.14453441295546
VYD_03501,80.29750749027859,60.47650921144897,79.6025371326576,75.03378593740038,63.083253649518696,42.270861222668444,29.801810416268236
VYD_03502,75.26585045911675,68.57761259291648,106.22125054656755,102.38303454306951,69.9986882378662,39.642763445561876,22.54438128552689
VYD_03503,57.75579710144928,40.068115942028996,82.20748792270533,83.45,67.256038647343,37.295169082125604,22.39516908212561
VYD_03504,85.56600222431346,69.73821541620326,97.50269484130375,93.65446145949183,77.42852254256137,43.884592351783716,32.625203182479254
VYD_03505,76.47366100947762,66.84615384615385,93.66607890676659,105.73065902578794,92.25898170597313,58.78223495702005,38.27881860260084
VYD_03506,67.9079754601227,49.28123990958993,79.48918308040038,72.98353245075879,63.37003551824346,38.146916370681296,26.89861155957378
VYD_03507,56.212788259958074,39.994409503843464,77.33123689727464,79.09189378057302,65.37526205450732,43.41998602375961,29.140111809923138
VYD_03508,61.44255491446503,57.469480716671754,83.72972972972975,51.34396193946757,48.28221479906874,38.49832979046462,31.012956777001726
VYD_03509,66.07896804068302,56.45197833546949,89.79945838673669,96.34940257162937,89.9550998470253,58.7451730268326,34.35355769628315
VYD_03510,67.10747004933054,68.57505285412263,92.63706835799863,82.67159971811135,79.32875264270615,52.3893587033122,38.96863988724454
VYD_03511,57.38037109374999,53.840332031250014,79.14086914062499,75.10693359375,65.950439453125,33.90966796875001,24.067138671874996
VYD_03512,78.79962823246406,76.79465310808595,103.89880268984747,101.93160570772513,95.64397791263467,62.808867749166275,39.50926685255043
VYD_03513,56.045337423312866,51.097975460122676,92.08515337423309,97.48251533742325,83.84693251533739,55.70889570552145,30.86110429447851
VYD_03514,68.39443215818918,81.3654221412775,126.05008455834526,116.25939898529988,102.04410042929628,67.88005723949526,43.857031351632635
VYD_03515,83.83275663206459,75.95340253748559,107.58039215686273,96.40472895040371,77.01188004613608,57.63910034602076,42.48892733564014
VYD_03516,73.08376267242812,65.32856905434602,94.52650822669104,87.55210237659963,70.9835466179159,43.686388565730425,28.867375768655474
VYD_03517,52.13314729918277,37.45006976280646,93.97159657165635,105.51425154474784,105.71367351006576,68.29429938210085,42.38230017939005
VYD_03518,54.55727957216243,60.0013369924706,83.02445288860747,82.51182182816129,82.1726127647597,57.80254732249668,37.485222714798404
VYD_03519,73.00797473774354,53.85511667737102,100.24769856561764,97.14873688717618,88.59002354956114,57.18759366302718,40.74100834938985
VYD_03520,69.26360392506689,65.2792149866191,79.99375557537913,60.407225691346994,50.949598572702946,35.20026761819803,19.586975914362174
VYD_03521,63.33496917075623,62.62426072731842,94.06524474644515,96.90807852019623,80.8577450610293,48.73757392726812,29.05297596577324
VYD_03522,63.215703794711416,66.8680925920755,102.78150392315641,98.93622427610084,90.79635886409964,78.80719291877249,52.507860274202116
VYD_03523,65.20734908136482,62.375590551181105,93.02178477690288,103.33333333333334,84.1816272965879,45.949606299212604,25.46272965879265
VYD_03524,64.33029837648091,72.23716542343135,113.27566915313734,106.60892935498026,92.27380430013163,57.550351031154015,37.905550680122865
VYD_03525,76.18195996880688,72.17130231349103,108.98388354561996,99.05172861970368,77.04860930595267,56.46347803483234,35.494151286716914
VYD_03526,74.44034396273736,63.57828735220351,107.79075600143318,123.63418129702616,99.30705840200642,55.98065209602292,34.2515227517019
VYD_03527,63.62051709758133,50.686405337781494,81.3765638031693,85.47372810675564,67.76772310258549,45.22643869891578,26.971643035863224
VYD_03528,85.53557220834492,71.17929503191785,106.61226755481546,106.0354334351004,90.18595614765472,58.630955685077254,38.50245166065318
VYD_03529,75.4369378508149,82.51237573544327,112.14123892608376,100.64715628592684,83.41942246567935,64.03188611618312,38.46148644079259
VYD_03530,62.86795626576955,64.62195121951218,105.93608074011775,77.60344827586206,69.13330529857022,45.489907485281755,30.23507148864592
VYD_03531,72.54545454545456,64.87693731205182,90.71131158917419,74.43095072866068,62.7756187832524,45.142262317834835,24.43950959981495
VYD_03532,75.4383797309978,86.50007819831093,111.53737879261806,102.32217704097593,94.74890522364718,72.26689083515797,58.16961213637785
VYD_03533,70.52668581047627,63.9856421427864,98.79195959996035,99.1047628478067,92.39528666204575,62.38657292801266,42.50331716011486
VYD_03534,71.90770482157072,69.55294036205048,116.02777681630963,113.59916583018932,89.04546398532415,53.527153784915726,32.72377210896127
VYD_03535,59.20438325656731,58.203067267297655,94.9079313660981,95.52315634964823,95.33451434934452,70.3167991091765,41.0174621653085
VYD_03536,56.93537577788416,50.83915749162278,79.46529439923407,66.01268549545237,65.12063188128292,47.0416467209191,36.17783628530396
VYD_03537,82.52029956641704,76.48640126133229,96.95348837209305,106.93772171856524,95.95427670476943,69.95821836815136,51.253448955459206
VYD_03538,83.4477481416703,70.26016615653694,102.89396589418453,83.60406646261478,78.44271972015743,50.870572802798435,40.115872321818976
VYD_03539,52.69615384615385,51.54020979020978,80.47097902097902,62.22727272727272,54.70874125874125,31.225174825174815,17.507692307692306
VYD_03540,63.8239639103708,74.07391433670433,108.72362680943878,99.28579218719015,84.25956771762836,51.11605195320245,32.65640491770771
VYD_03541,84.67868609533221,81.68189676463324,88.7792047419116,69.16325018523095,66.18473697209187,46.40232156087924,33.65596443566313
VYD_03542,74.94562446898894,82.7604078164826,119.55989804587936,119.17544604927785,98.04460492778253,51.866185216652504,31.58963466440102
VYD_03543,42.180311664146984,30.936097220607046,70.13425979765086,71.00348877776482,62.891557157809046,43.69618560297706,29.881963018955677
VYD_03544,73.37944975840645,67.86411596489499,97.23252144758897,94.28586924366428,90.2240410215955,64.1889360023666,48.463267922295614
VYD_03545,73.86708443271766,52.67480211081793,82.68403693931397,81.39116094986805,71.07783641160947,40.4518469656992,29.00395778364115
VYD_03546,46.49981813038028,40.08573468590442,63.94794487329747,46.6916299559471,43.026296999824865,32.754300879710044,23.75956836276926
VYD_03547,81.16349656009714,67.9421286928369,102.3257790368272,98.93282072035613,83.57588021044113,67.30190206394174,44.39336301092675
VYD_03548,87.19456779923576,82.47015387793039,107.50748734896203,110.1784054528555,93.52623153981202,64.70608282557058,47.145977486316205
VYD_03549,76.16566626650659,71.52861144457782,113.79271708683471,112.33413365346141,95.95238095238092,64.35894357743098,41.97118847539016
VYD_03550,62.88218070273287,74.24595649749024,104.1857222532069,87.98103736754042,84.7834634690463,51.1823759063023,37.52105409927496
VYD_03551,78.942722744881,76.64803541781957,102.4687327061428,76.93359158826784,74.14554510237963,49.37603763143331,36.90149418926397
VYD_03552,63.000955109837655,46.064522975697784,66.60087021118542,63.75867558102515,57.908946195479146,34.05253104106975,23.191658707418036
VYD_03553,58.769376591019885,29.40210150029789,74.02155662676702,68.51790066619726,63.107566484319996,36.71472675079889,32.32638249471917
VYD_03554,72.77648623640988,37.40388619014572,82.35501966227154,76.38844552394167,54.86953504510755,37.143071940781844,31.39613694193847
VYD_03555,99.53968614964748,92.75255856265636,133.02069592904255,119.50397998635435,103.0218330680009,73.30407095747103,49.697975892654085
VYD_03556,74.54347600787645,48.51155560161674,70.71064359000933,51.65281376308427,45.04705150792828,33.43631464400455,25.04839879780288
VYD_03557,64.83320195491093,41.48699353618162,55.43228756109098,49.49787166955699,52.64385937253665,34.34794261390509,23.781333753744285
VYD_03558,65.47450609251152,72.13143262746952,123.50112386135098,112.68827635159116,94.56074766355142,64.45936353957175,39.47710871879806
VYD_03559,54.125898649833424,63.275118358758554,103.17657373312292,107.04313519200421,102.3757671401017,76.57548658600737,47.318604243380676
VYD_03560,60.23582658408767,69.46927108146737,102.83706526917581,73.11267270128633,63.87160552644117,45.002382086707954,31.46593616007623
VYD_03561,66.12134754211067,60.810129483213025,94.59997708261714,79.6687292311218,80.2134754211069,56.57167411481608,46.436690729918645
VYD_03562,48.865254097003806,44.81294487667606,96.67919218672405,109.36169508359545,88.26932627048504,55.08624399933786,34.81857308392651
VYD_03563,74.72278146640969,68.69458128078817,105.70079246091241,96.18355108160209,93.6064110801742,61.65481544941815,46.06910830299137
VYD_03564,77.76078215917889,64.15430911769846,105.22480833104413,112.2526533975976,104.37754414004947,86.71378268361514,50.459655869939795
VYD_03565,71.01045922536363,59.61652230756659,83.50743585553194,77.53660728877269,66.14912567412976,41.952770060467394,29.041183199869263
VYD_03566,79.36956736956736,68.6017226017226,97.59716859716856,101.07504207504205,92.15632115632113,58.90228690228688,36.022671022671005
VYD_03567,95.90111420612816,70.89229340761372,70.34168987929434,46.31592386258123,47.5761374187558,35.919220055710305,19.298746518105844
VYD_03568,63.808937915429205,44.23794371376041,83.8710931975675,80.17281855465988,77.1584641493424,49.24579267430348,37.661363314948375
VYD_03569,75.26503567787972,55.38532110091745,88.3501529051988,81.37996941896026,63.084352701325194,41.894495412844044,33.043323139653424
VYD_03570,61.60491697218029,40.45816260513263,87.79685141255122,80.98781539788654,78.54151390985551,55.69646323053698,33.1713392279491
VYD_03571,62.616770389780555,62.71568948575173,80.74189321978385,63.583688175565044,52.87815263675076,40.82934818211596,20.907304290861454
VYD_03572,81.43555054490795,70.10559939872229,52.017662532882376,49.41012150820494,43.686959789552795,41.357509708129776,21.785669547789052
VYD_03573,72.62242332830569,73.99736048265461,112.13059326294619,95.91101055806939,85.23139768728007,50.61877828054298,38.14366515837106
VYD_03574,69.12441379310346,52.20744827586208,83.68772413793107,66.168,68.51641379310345,49.49434482758622,37.254896551724144
VYD_03575,84.38083708059496,78.5658941542719,118.58180560359737,84.15392597717054,62.59010722933242,49.196471809062615,31.044621238325842
VYD_03576,59.45388955693275,29.51318101933215,84.69373785958746,71.56710757561741,74.95606326889279,57.06160392193137,31.260105448154654
VYD_03577,81.53181166611533,73.86007277538869,75.93654206637999,37.9737567537766,35.28398941448892,26.687617157349216,17.840555739331794
VYD_03578,49.60426287744226,49.51261101243338,75.13534635879219,84.0621669626998,71.25328596802841,45.397158081705136,29.85612788632327
VYD_03579,72.01321003963012,62.882959048877126,89.57001321003963,90.53461030383087,91.65535006605018,59.78573315719947,32.67899603698811
VYD_03580,54.05535055350554,50.33333333333333,84.8214022140221,73.03296432964328,71.51758917589176,59.60738007380073,45.07527675276752
VYD_03581,75.56373467151997,56.873802876630016,68.57931936247658,63.964554546418356,73.65992861434071,60.97377813902533,42.280771813266405
VYD_03582,72.30092961487384,63.01407702523239,110.61049136786191,107.89827357237718,86.1058432934927,50.752191235059776,34.98857901726427
VYD_03583,49.54946613902786,28.626023544637768,60.06914059583365,61.32086413300482,67.31481619751614,56.5335871972921,41.65688543766643
VYD_03584,75.14261769421365,53.35322839236265,82.62141087305055,69.73305640577176,62.73691881649904,42.4685905844629,29.792231453140943
VYD_03585,52.68259078478204,43.003634853048055,84.65029251912621,62.92086405649596,54.1714612109253,35.36365839304874,30.14504794544256
VYD_03586,77.79829837355591,55.18725409117108,57.32921083627795,34.93390221286622,24.406924291406654,9.809989223867882,5.246861138260278
VYD_03587,76.30348144754925,68.37150710032066,104.74782409528171,87.60879523591389,86.74118185982593,62.76797984425104,50.9846541456711
VYD_03588,54.050727834142045,51.78429642699603,90.6219673577415,73.87957653286281,71.36965152183505,43.6846052051169,34.471107190119106
VYD_03589,79.95202545588054,50.23461020682902,75.22114796230575,54.353445110757555,51.1949577775058,38.2827071349896,25.928650104026435
VYD_03590,74.25334468499148,65.72160058379956,97.12332765750426,90.0173923619557,88.25407443444414,55.348941863293604,33.32534663099003
VYD_03591,54.71004016064256,51.94243641231593,83.83641231593039,67.19866131191432,66.1376171352075,50.650334672021415,32.16171352074967
VYD_03592,75.06974789915965,89.07142857142856,111.52142857142856,98.48571428571427,82.00084033613444,49.05210084033613,33.99033613445378
VYD_03593,68.30048373328273,51.02304846817794,90.47244617281609,98.02105662524899,78.85668215877836,45.437256947737836,35.388314521483444
VYD_03594,69.23083298798176,53.42188147534189,73.2905097389142,55.056361375880634,59.0232076253626,38.76004973062577,23.67840861997513
VYD_03595,72.37703112090335,64.41696502340955,94.5771137427706,81.28587166069954,78.97948223629852,67.66193885981825,49.91255852382263
VYD_03596,76.63631346578369,78.40728476821192,108.14210816777043,97.86865342163357,96.86948123620313,52.68432671081679,34.35596026490066
VYD_03597,77.04517589361504,39.97859096482129,86.4835423936622,44.40648872960483,35.11930585683299,19.317174384608133,16.071866452890692
VYD_03598,69.18113725076485,76.87794071104547,108.57110454689312,102.6532334634455,91.44983648064138,62.01513872771389,40.648908112670114
VYD_03599,59.585673177537494,70.73587373561216,104.27951691663759,112.27746773630973,113.10154342518315,77.15874607603766,49.66598360655738
VYD_03600,79.50712547792841,53.637469586374706,88.88216892596456,84.62356621480711,71.07646854362183,51.28397636426834,33.25929787973585
VYD_03601,52.604163224847206,60.024847183214945,119.00561704939697,119.38727903518918,105.38628779117793,75.38119940525358,45.783545349413515
VYD_03602,68.2890438247012,72.588379814077,101.83884462151393,113.85683930942893,110.75272244355908,81.16148738379813,51.496945551128825
VYD_03603,67.42923346693385,81.23133767535067,115.92635270541082,109.34193386773543,104.1147294589178,70.00212925851703,45.75914328657314
VYD_03604,59.95167040802853,41.54078084422731,82.08226594480391,78.95968132400193,61.6165324178001,36.007262643602274,27.393547251199443
VYD_03605,78.32284345047921,91.10623003194885,142.50223642172517,145.66317891373797,116.8272364217252,69.66685303514373,43.81741214057507
VYD_03606,77.71678743961354,64.02838164251207,95.18055555555557,94.98520531400968,73.46648550724638,44.180857487922694,31.948369565217394
VYD_03607,76.4150515697608,76.04040575767877,108.55145642071854,95.79275756545387,83.2003286863878,56.311572027654975,35.34750085005098
VYD_03608,67.50937420825944,45.42563972637447,63.16480871548012,32.33329110717001,34.44134785913352,23.87484165188751,21.39701038763618
VYD_03609,78.10262593783497,61.875669882100766,110.47508038585208,108.32717041800647,85.81913183279742,58.2336548767417,41.140943193997856
VYD_03610,60.21777955484471,39.32240437158472,79.13421298147408,83.5680394508863,85.7125149940024,57.66999866719979,39.692656270825
VYD_03611,71.21296693860027,52.60927436668099,93.36625161013313,94.89480463718337,65.54572778016319,41.90940317732934,38.6857020180335
VYD_03612,72.42886317222599,82.10083390061266,114.0712219196732,123.88606194690264,119.93430905377805,76.66312117086451,43.77331518039481
VYD_03613,75.69884853852965,78.35628875110714,120.52435783879537,121.35119574844994,98.27081488042516,57.82196634189547,43.29007971656334
VYD_03614,56.94982456140352,41.90093567251463,65.95134502923976,80.33146198830407,66.98982456140351,51.67228070175439,36.72631578947369
VYD_03615,69.97954246804443,68.2408015768725,96.14517381435908,100.10599092103689,78.58789272488352,55.277326484290995,35.060327320511306
VYD_03616,62.52239876986159,47.768631471040486,100.66642747309069,104.19015889287543,100.6091235263967,66.11471040492056,40.42050230650947
VYD_03617,83.18594748048262,32.528832505322924,46.918204400283884,44.9317778566359,38.97613555713272,25.284953867991486,21.216731724627397
VYD_03618,73.68036998972251,86.79239465570402,113.53511476533058,108.8259677971908,92.98732442617334,72.76772867420348,49.992463172319276
VYD_03619,53.27667984189723,56.76548089591565,102.61166007905138,104.3774703557312,93.06389986824766,61.07707509881423,44.7463768115942
VYD_03620,82.68292682926833,72.40790580319596,103.24095878889823,103.16904962153069,87.80067283431457,60.58957106812448,42.128259041211116
VYD_03621,63.8575116159009,54.948717948717956,83.42127000516265,98.11839614524177,76.2927207021167,46.39993116503184,31.09258303218036
VYD_03622,57.049327354260086,72.08772421524664,120.47057174887892,112.24467488789242,97.07146860986546,60.94927130044842,38.0210201793722
VYD_03623,72.77914925939992,72.41245727307253,97.01139384732245,92.22958602354727,82.69597417394607,52.99563235852639,35.62742119255602
VYD_03624,58.74024184907393,61.245063523649144,108.17710087249347,97.16791673044543,80.90234195622223,52.58105005357416,41.34792591458747
VYD_03625,63.783170080142476,69.3993766696349,115.42965271593943,107.43633125556543,91.39982190560997,56.90516473731077,18.42297417631344
VYD_03626,56.45974613110762,62.84820031298904,96.47852547383066,97.20483394192313,72.95722483046427,46.90610328638497,33.13510693792384
VYD_03627,65.280658436214,80.18765432098765,109.9761316872428,113.40411522633745,88.56049382716047,49.39917695473251,36.26172839506173
VYD_03628,51.30189259886134,40.683874442221864,73.70526234805354,64.23118941375593,73.81435605477765,56.392137251884904,41.6080166179412
VYD_03629,56.4242671009772,71.68973941368078,108.98412052117263,102.96131921824104,75.82654723127037,37.22964169381107,20.563925081433226
VYD_03630,66.58365164247519,48.74666509960626,87.04354469060354,82.4022448140095,79.74343303755069,48.0151025445143,33.31703590527118
VYD_03631,76.69139465875374,84.81509643916918,106.25723293768554,106.09532640949558,84.61053412462913,56.014651335311584,37.6730341246291
VYD_03632,59.91198008201522,39.35574106619801,101.8403632103105,94.53148799062684,85.8226420620972,58.950058582308124,43.537199765670756
VYD_03633,69,71,121,89,71,48,35
VYD_03634,53.0940591353774,56.22107449308632,92.64436792916872,95.04120894135652,85.70558014975136,45.22533748701972,28.171066295021046
VYD_03635,83.52965463371088,66.41761981811082,104.41817776041957,105.61568933772251,88.8581710651119,59.03314177314067,35.40713050270602
VYD_03636,48.174444096461,45.08142812402129,86.91293454431572,99.47854682117134,89.31663012840589,64.7134356404635,48.32790479173192
VYD_03637,71.72236503856043,64.05355612682092,105.50128534704372,101.04413024850045,92.5839760068552,56.047129391602404,43.98414738646101
VYD_03638,74.35775532727736,69.29645980134137,89.75278037184822,90.82120723321164,72.41981492486629,45.907037948892096,31.994821292130073
VYD_03639,70.12604998173946,67.23261334585487,105.89977565607558,115.47738300203477,103.22697866124071,76.46747013095427,54.904366880576006
VYD_03640,63.14595170454546,35.59907670454546,79.51704545454547,91.96164772727273,81.80397727272727,58.912997159090914,40.66086647727273
VYD_03641,91.38055130168456,72.1738131699847,116.75727411944875,105.19754977029099,78.58039816232774,54.11332312404289,31.705972434915786
VYD_03642,84.91897926634768,82.89792663476874,101.03987240829348,103.644019138756,79.98277511961723,47.55566188197768,30.480382775119615
VYD_03643,57.71712509419745,52.16738884702335,89.44611906556142,96.48125470987188,87.49095704596834,59.038997739261504,36.54521477015825
VYD_03644,70.5232690124858,56.24744608399547,91.93955732122588,72.0598751418842,56.69040862656074,35.95119182746878,26.312996594778657
VYD_03645,60.92769119246103,52.21583907212758,78.9840521928235,88.3124320405944,76.71837622326929,55.02772743747735,41.136643711489675
VYD_03646,75.69117973783604,76.2763830259942,99.45723172628303,82.42701621861809,61.5401021995112,46.67829371250833,37.68207065096645
VYD_03647,49.97583318481553,48.050294065229004,80.7442523614329,92.9772233113527,80.63589378007481,48.886936374977715,32.48337194795937
VYD_03648,49.825958338469114,36.34007149020091,58.93196105016642,45.2732651300382,47.48785899174165,33.60212005423396,12.752002958215211
VYD_03649,59.694244604316545,49.312192351382066,108.12504733055661,98.96535403256344,69.14710336993562,47.57932601287392,34.65183642559637
VYD_03650,74.26674364896078,35.35989222478832,63.203618167821446,74.92340261739805,62.292917628945354,37.952270977675155,22.409160892994628
VYD_03651,78.66517252163037,65.00719274470966,114.90649431877412,114.08266444282289,105.64745126654854,69.03054310434692,44.94902533097049
VYD_03652,57.996339869281044,45.38928104575164,66.65176470588237,63.43346405228758,64.1511111111111,37.06039215686273,25.724967320261435
VYD_03653,74.81110046700994,46.07903245120345,89.0630463417555,104.36792000957968,85.75242485929827,57.0406538139145,41.91629744940725
VYD_03654,69.55020408163264,47.15265306122449,83.75238095238095,65.70829931972789,52.76380952380953,38.690884353741495,25.280816326530612
VYD_03655,71.95055346064954,68.90135020070551,107.74778007541661,98.81589830920811,84.03284271986375,54.81218829826054,33.50796740055954
VYD_03656,73.06716587247563,53.5915588835943,85.55570683004315,77.64828681642841,78.23349217154528,53.16246879963696,30.897662809167237
VYD_03657,67.0320945945946,43.80417917917918,70.39301801801801,54.927677677677686,50.104291791791816,34.01726726726728,20.460335335335337
VYD_03658,53.0511119781506,29.768045259461562,62.742489270386265,61.28579789309401,45.174990245805695,36.7206398751463,29.952399531798665
VYD_03659,68.53807148114832,60.535454322401264,93.70156211662716,81.88468144270878,67.11629999182138,43.55058477140753,30.222540279708834
VYD_03660,43.34599156118144,32.208971796580066,61.7121918720853,64.75993781923164,68.66844326004886,52.391738840772845,39.457250721741076
VYD_03661,79.55221044939715,82.47928388746803,115.93598830836677,111.67365728900249,100.3497990500548,76.56419437340149,44.26181951041285
VYD_03662,65.43451652386783,53.56456548347612,78.57802937576501,73.88219094247248,54.95532435740515,32.25581395348838,20.49694002447981
VYD_03663,68.39225663716812,74.34734513274334,119.90464601769912,121.0971238938053,110.21902654867257,71.54203539823007,47.77898230088495
VYD_03664,63.20151334129829,67.17045001991238,113.93150139386697,126.85424133811233,108.94743130227,76.17323775388293,54.306252489048184
VYD_03665,79.0172320947765,72.09423801830908,108.16047388260634,100.66989768443725,88.40064620355412,57.58804523424878,38.16962843295637
VYD_03666,61.92269689043882,62.27840743969775,82.1639058413252,85.58849171752397,72.60476605637896,50.55361813426329,33.991281604184834
VYD_03667,74.19546868058642,66.19609062638828,98.10599733451798,99.39378054198137,85.5253665037761,52.177521101732545,32.5118613949356
VYD_03668,76.91648234981862,70.14075909050695,113.42997434309471,105.48911793329204,97.56197469698309,57.31491639387773,36.47540475979829
VYD_03669,73.16085747013582,60.53477335951562,103.69595810832924,102.77957781050566,79.46506300114547,51.33038782523318,35.11569301260024
VYD_03670,86.02721802406943,68.7542681220263,109.86607892527289,103.06423173803526,103.01525328855305,76.25076966134904,47.84179960817242
VYD_03671,57.640030586885885,55.16478684763908,97.72089466641178,87.04683616899256,71.69833683808066,43.99579430319251,28.966545593576758
VYD_03672,71.28530397319292,77.64289133556727,123.77764480612736,109.73887027285788,91.94830062230736,61.56390617520346,42.331737673528025
VYD_03673,79.19468196037543,67.68237747653808,89.81637122002084,97.73649635036497,86.04765380604798,58.8934306569343,38.927111574556825
VYD_03674,74.13872781584956,67.11114039711823,96.90889123176946,77.69126691266911,63.41767703391318,43.42461781760674,30.31866104375329
VYD_03675,75.36119605844378,82.38090383961942,110.70880054366289,108.93849813115868,96.60686374447845,71.10737342847435,49.778457356439006
VYD_03676,61.77619893428066,68.43090586145648,79.95328596802842,86.81332149200708,86.37388987566608,56.52486678507992,42.79129662522202
VYD_03677,87.43755877374457,70.55322550310323,111.32894489373703,108.36458529245813,92.15403422982884,49.70951664472446,31.277412074478086
VYD_03678,63.38567493112948,49.66797158184717,81.31056981296219,77.80614760040599,68.26837755545891,40.15050021748586,25.73075250108743
VYD_03679,51.95825204838081,44.305501365587205,83.78423722200549,82.74814670308234,72.6205618415919,54.191182208349595,41.862660944206006
VYD_03680,54.246954756380525,55.07874129930396,90.53625290023203,88.80901972157773,79.20069605568447,55.27581206496521,44.480423433874726
VYD_03681,83.86976565501344,73.45582020745293,127.22877449097194,139.3457548981944,108.47944679216289,75.42028428736073,42.605839416058394
VYD_03682,62.89156888309432,37.92883528900479,62.60191221208173,75.24511082138201,58.23392003476749,28.988700564971754,16.698935245545417
VYD_03683,80.13416644970926,73.535711186323,102.00286383754225,90.4406838496919,77.15811854551764,41.38010934652432,33.50932916775145
VYD_03684,70.71988734835352,64.43793327556322,101.14709705372614,89.27491334488732,74.29961005199306,38.387889948006915,23.647638648180237
VYD_03685,82.75987738419619,79.42881471389644,116.62329700272477,117.94959128065396,96.20810626702998,64.61410081743868,43.012602179836506
VYD_03686,71.99593697354074,79.45059954414822,113.8471905658507,115.43008621543949,94.82360519274597,60.65573283123573,42.727380834406866
VYD_03687,75.35825771324863,63.18112522686026,90.80671506352088,94.11597096188748,84.1722323049002,60.80707803992741,38.87749546279492
VYD_03688,67.50611309220578,48.7238920020377,84.20478858889453,83.99579724910852,81.94625573102394,58.5722109016811,32.55387162506368
VYD_03689,66.02861651762228,54.73098369279327,89.24124145186742,78.55981062598634,70.75097317201474,55.192004208311424,34.87427669647554
VYD_03690,65.33860845839017,47.12447476125511,73.56938608458391,41.01053206002728,44.71661664392905,33.498390177353336,30.270559345156887
VYD_03691,62.448839208942395,75.84995700773862,100.45313843508168,114.04084264832333,87.91358555460019,50.10877042132417,31.564058469475498
VYD_03692,71.0090766823161,64.87699530516431,114.46291079812205,128.52863849765254,105.28325508607196,71.37245696400625,41.95211267605633
VYD_03693,71.09623149394349,56.9663526244953,88.9236204576043,86.28028263795423,82.00033647375504,55.413862718707946,42.35195154777928
VYD_03694,43.14613142554319,39.04292527821939,97.24112347641757,83.63328033916265,80.49788023317431,52.41441441441441,41.23423423423422
VYD_03695,73.65466970387246,62.574031890660606,87.75660592255124,77.94544419134397,64.24236902050113,44.39123006833714,28.928246013667422
VYD_03696,69.72044374009508,40.94580031695722,81.40950871632329,92.70776545166402,78.07036450079238,49.236767036450075,37.54896988906497
VYD_03697,63.12562732718147,63.25983487129675,99.24121741945929,97.8700016189088,75.03691112190386,42.13631212562733,31.215072041444056
VYD_03698,60.104270048397964,44.03602278992831,71.62274091772346,83.00851559149665,75.75886785517368,58.77871714758316,46.447650554432386
VYD_03699,74.89833822091887,63.746334310850436,98.1080156402737,98.53470185728251,79.06695992179861,66.06989247311829,43.997556207233615
VYD_03700,76.36776699029124,43.13359223300969,75.11145631067959,75.70135922330095,64.89631067961163,40.17475728155338,24.513786407766986
VYD_03701,62.36154329718685,53.330111582586824,89.50487191576299,89.78987898789879,64.49096338205248,32.03889674681754,33.12729844413012
VYD_03702,80.6679384458858,66.48709144092582,95.14561872059006,91.15070583746662,71.49968205519522,44.03014116749331,31.682945440671492
VYD_03703,58.584828058951224,34.86530332457443,70.63304010053699,68.54621272706503,54.355420998514816,29.80418142351195,21.89386496058495
VYD_03704,52.097100107974725,50.429199444701545,107.62525065556073,137.37266697516583,107.05738084220269,74.87474934443934,48.59972235076352
VYD_03705,66.20871559633028,59.97706422018349,108.41743119266056,110.11353211009175,78.4461009174312,47.17889908256881,27.8302752293578
VYD_03706,70.33856597369537,57.19495120916418,84.43190496393721,82.9467543487484,62.522486211285525,41.78532032244377,34.22486211285531
VYD_03707,45.47348564242298,64.82184028505559,121.22151191224765,118.03116048347661,104.01453224341509,72.39359323691751,43.26486410955078
VYD_03708,69.0452257531365,58.416647885207716,88.80106678686799,68.41537074599954,58.528510254676576,27.943129742318376,22.260010517616998
VYD_03709,84.1488040898302,78.77560708417016,115.73507394559063,113.62178199744385,101.36525470147889,55.154464122694925,38.726949059704225
VYD_03710,63.75781975843915,46.93062867760916,87.0994115825333,88.67017652524,74.2536388974915,53.738309074016726,34.746670795912046
VYD_03711,56.77706539659279,59.90053123282652,86.727605788606,77.27788972339256,60.15076021249314,37.31196189778348,18.135555962630516
VYD_03712,86.49180327868848,72.05343631778055,99.72667087011351,98.74243379571247,101.26166456494325,69.77254098360655,44.332755359394696
VYD_03713,58.86954220693307,38.75654935168035,58.31939666578461,54.78301137867162,44.15427361735909,20.6930404869013,8.560465731675048
VYD_03714,54.10856453558504,56.51899879372739,91.03136308805792,94.78739445114596,71.04071170084438,45.550965018094104,37.12002412545236
VYD_03715,52.16517295597484,46.38867924528302,73.20227987421383,78.33199685534592,64.0379716981132,44.8882075471698,28.54331761006289
VYD_03716,75.85493482309123,57.96468032278087,100.07454996896337,96.90825574177528,94.48466790813157,77.8788330229671,46.551893234016134
VYD_03717,57.49126984126983,53.31360544217685,99.37137188208614,108.85566893424033,96.23480725623581,74.8094671201814,49.903174603174584
VYD_03718,68.24457868649323,60.09789343246592,91.26456009913261,79.27958488228009,65.99938042131352,46.11957868649318,25.798327137546472
VYD_03719,66.7984866587017,41.38504864311316,102.45707458610684,121.78506002161916,92.15122034476876,46.38817773226378,27.423906241110547
VYD_03720,77.67949020533398,53.8692471088034,81.9870191173,64.54024073637008,58.939107859334435,37.0627802690583,21.781685154590516
VYD_03721,66.35628255208331,57.03906250000001,71.03434244791663,84.69677734374999,57.68701171875001,32.021158854166664,22.428385416666664
VYD_03722,72.15900233826969,63.5190958690569,98.82930631332813,83.57209664848011,63.00545596258769,38.38113795791115,31.171473109898677
VYD_03723,66.06287866382841,48.40903880792534,84.54805960373344,94.23464876371379,82.83920091698053,58.96528573767807,45.88112002619947
VYD_03724,58.24770182182852,64.54788567608223,97.78823332776201,99.03727227143574,99.18368711348822,71.34514457629952,42.812134380745455
VYD_03725,63.2631625441696,54.031007067137814,87.20556537102473,84.50803886925793,73.39787985865723,44.15432862190813,31.91643109540635
VYD_03726,61.64791158317784,60.65078225922207,88.41222907994835,70.78728290512416,56.235538969427296,39.74163915602125,25.462178843117552
VYD_03727,60.75992970123024,55.321265377855894,90.04042179261863,96.2242530755712,92.28681898066787,63.84885764499124,43.674868189806695
VYD_03728,71.60707593960105,56.480546676953615,96.06392593409016,101.92670561005184,81.72148131819685,56.621845034718405,35.56794885925272
VYD_03729,61.54525210752343,53.63114362971209,90.23119134722441,91.57380308573244,82.37076507078095,55.23540639414665,37.77747733418163
VYD_03730,73.01008282319052,55.54951386388188,89.05473532589127,78.6013683831473,68.9355419517465,38.75837234425641,26.75441123514584
VYD_03731,61.12374517374514,54.708558558558565,91.1569498069498,91.06344916344915,85.49305019305022,63.711196911196915,49.88108108108108
VYD_03732,82.93305597579426,60.63161875945538,76.91187594553708,80.11838124054465,60.061270801815425,36.890317700453856,22.934190620272318
VYD_03733,65.9646094503375,73.777531340405,118.50371263259402,118.13384763741566,92.47000964320154,57.36181292189006,35.42261330761812
VYD_03734,58.620707596253915,56.26916406520985,72.65383281304197,77.9363510232397,65.6566077003122,40.30575789108569,32.07492195629553
VYD_03735,71.93151782138565,67.36083299959951,79.90748898678414,72.27593111734082,66.64036844213055,50.92270724869844,33.293952743291946
VYD_03736,81.01254275940707,82.855330672748,105.71522234891671,81.48546180159634,80.29090649942987,60.42916191562144,41.703819840364886
VYD_03737,76.77622377622377,71.03496503496504,101.1958041958042,101.23776223776223,77.95104895104896,53.9090909090909,36.16083916083917
VYD_03738,75.0899510726383,56.976289047798275,91.68046669175762,77.60594655626646,66.84945427173506,48.722619495671815,32.494542717350406
VYD_03739,82.33230330401709,55.42096505823627,107.49227478012834,107.04920370810554,84.36985975754692,52.03470406465413,26.25861659139529
VYD_03740,82.35997741571222,68.75383126310695,102.29730601709949,97.83957089853197,86.3907081787385,63.36780125826745,27.411034037748017
VYD_03741,62.2639190166305,63.241142443962396,82.05097613882864,61.51735357917571,53.776934201012295,34.79501084598699,21.16630513376717
VYD_03742,83.84660210111618,83.47849638870649,100.93442219304002,98.76239330269208,92.6271339461589,63.77371963230467,45.21158896913986
VYD_03743,63.644801427933956,56.32418563141454,93.1726907630522,82.99107541276219,80.87929495760821,62.14234716644355,38.81302989736725
VYD_03744,65.68477574226155,52.68540745420089,92.86734049273534,84.27079385133715,81.55948620762265,54.04274584122974,43.206569804169305
VYD_03745,56.21601615074024,48.301704800358905,82.70457604306863,77.46769851951548,59.251682368775235,42.79901301031852,30.703903095558548
VYD_03746,78.7898631525595,66.48585909782058,97.67957425240748,93.03233654333502,69.32448048656867,36.353269133299534,24.329346173340085
VYD_03747,52.05709557302442,47.20024824162186,85.00186181216384,77.3725693007861,73.07261067438975,50.68535374431113,27.3251965246173
VYD_03748,76.64457384859713,53.24309158284807,76.34875595553203,64.24775013234515,41.115616728427746,30.508205399682385,19.28851244044468
VYD_03749,70.51264800861142,44.16778794402584,76.841361679225,88.31754574811629,76.4803552206674,52.28955866523145,31.152045209903132
VYD_03750,71.54081222356253,50.096702854845205,77.90570969039004,77.69179734620025,70.651186168074,47.07398472054686,33.459589867310015
VYD_03751,75.18221258134491,49.75887201735359,94.23895878524945,75.01154013015187,69.40937093275488,52.594273318872034,37.260390455531464
VYD_03752,67.78368623676614,65.91217516843119,85.38534648700671,85.1775745909528,73.51467757459095,55.79114533205006,38.12463907603464
VYD_03753,86.87330316742081,75.45701357466064,108.91855203619907,122.82126696832576,93.19268476621416,64.68514328808448,41.06372549019607
VYD_03754,68.2446266968326,59.35953996983407,95.27969457013576,101.2535822021116,83.16346153846155,54.398095776772244,34.314856711915525
VYD_03755,66.42137610553141,70.07375206116026,119.2471893269375,142.41942737220805,120.75565882176589,85.29186029081099,43.82311497526608
VYD_03756,70.42256637168147,68.93737708947891,105.83382497541794,101.61854719764015,87.15935349065884,51.66635939036383,36.21251229105215
VYD_03757,54.626386233269585,39.47170172084131,73.50803059273423,73.78814531548755,67.52676864244742,55.4604206500956,38.18298279158701
VYD_03758,91.10331314570718,67.12219451371573,106.01086569291063,92.71677947987178,71.62718204488779,53.24296401852513,31.628072675454224
VYD_03759,58.30932132733034,39.51875937968984,75.05177588794398,78.2647156911789,58.1097215274304,38.77397031849258,24.676504919126227
VYD_03760,69.05194629051948,50.852434558524365,105.47375559473758,102.03105927031065,93.46168452461687,62.06333921063342,34.319408653194095
VYD_03761,60.50994728787621,64.65022955279716,115.06563509607209,113.1588165278014,99.59224621662982,60.77333786770959,38.171399421867015
VYD_03762,74.75588628300234,71.3781965626872,104.62346219416666,101.49771920932588,88.51172648942546,62.431645394645926,41.9249873289407
VYD_03763,65.37079551521623,56.77415910304324,88.51735184196473,73.56753870795515,71.03870795515216,46.73304858515751,36.954618259476774
VYD_03764,49.880546923555,42.172218769422,60.923244251087624,48.33244251087631,40.271970167806096,26.786451211932867,20.5302672467371
VYD_03765,58.98260988634807,65.95385458030945,82.55374503628649,84.40490209502947,72.18143228810078,55.392304532383946,38.1963576612351
VYD_03766,60.6783790941997,32.85053412200935,77.20808687207554,80.06391807186367,78.69815485124036,53.20137724022246,37.297784055795866
VYD_03767,68.64141183630001,49.97048531872812,91.72564531669966,84.65616917693598,68.33652822151224,45.74354683300369,31.827425325827868
VYD_03768,76.44102248229133,66.14243917462275,50.54727440714506,36.83892824145365,28.676470588235304,21.865106251924864,15.468740375731445
VYD_03769,57.651463655300944,71.68874026970728,126.55103607060626,135.45685780067973,129.01721302488755,76.05832693783577,44.178160289441934
VYD_03770,67.20335950700729,50.42242321836796,74.6699135274824,92.27194115893053,76.19093529470233,47.85061127124542,31.63313785905973
VYD_03771,49.439133986928084,52.484477124183,104.40547385620914,95.29730392156861,72.44517973856208,36.3767156862745,26.669444444444444
VYD_03772,76.2130081300813,75.86504065040648,87.14986449864497,82.22303523035231,54.75067750677508,37.74688346883469,27.85636856368563
VYD_03773,79.50061208324331,71.04781450277235,111.30409735724058,111.95513789875423,83.98408583567367,49.15273277165695,31.11665586519766
VYD_03774,69.42665289256199,49.95661157024793,92.0621900826446,68.25795454545452,67.10578512396694,46.9035123966942,29.65836776859504
VYD_03775,64.5954316686024,60.84552845528455,104.45063879210223,99.85520712349982,79.72396438250097,49.32210607820363,31.21602787456446
VYD_03776,71.52268802009735,59.21369131731827,89.69885382320614,77.51436646255299,71.97550635892605,46.930915371329874,27.325168786308684
VYD_03777,80.45133149678604,68.0771349862259,107.39531680440771,112.9369452096725,96.5355065809611,63.44964799510255,40.95194367921643
VYD_03778,71.0152981579769,80.22670152981578,122.62222916016233,121.41738214174207,110.74188261005307,72.27501561036529,46.93549016546985
VYD_03779,56.45245529378371,56.68776610843032,84.97189894975874,78.24581322736306,66.33096792506387,45.18875957990349,22.021288674425204
VYD_03780,66.26611430978795,74.49347001825586,101.66156438702428,108.72461732902683,101.58151944951551,72.26765903665213,44.934419323128765
VYD_03781,56.26182055816101,42.298608441608366,76.81094795110322,72.70016145152609,56.350003844083965,40.65299454140078,31.448719920043047
VYD_03782,55.293247565053015,47.82955371420261,79.34260066870178,75.81523477249596,74.5005451373746,58.35622910306728,38.6349033289722
VYD_03783,67.88517903006498,66.56352923402326,119.9553809739638,99.24706652565847,91.91534471471016,63.4887948834164,39.998035957093215
VYD_03784,55.211109854055856,58.73390655051473,91.53648602783122,99.20771580495528,90.88426292567033,65.80337142210657,51.96820907342458
VYD_03785,76.80593456086899,67.71991875303576,109.06102353512607,87.51194418686805,69.96697134278273,43.79953194683623,28.23226034353337
VYD_03786,75.75141052631581,53.80505263157895,79.2570947368421,60.75747368421054,51.66964210526318,41.81052631578948,32.017936842105264
VYD_03787,53.39549102025221,55.469239587313716,116.82101643102789,118.86427206725256,112.03752388230801,76.69239587313719,40.46113870844479
VYD_03788,47.641985033477745,50.45546615652955,75.90772520114784,69.8948967535025,62.74269960051763,38.353119900973375,27.713498002588192
VYD_03789,69.10901096016273,64.72759292074119,107.3673514033821,112.96705388199776,96.51604646583976,69.83472249567939,45.468071142613354
VYD_03790,84.25679598838742,60.01847453153865,96.33874373185537,91.68593296384269,83.02098178939036,50.283584059118496,35.802058590657175
VYD_03791,69.86004514672685,45.69180970228712,56.32969887985004,38.76847395544953,36.004557263937976,23.34860939563012,20.03121938753779
VYD_03792,75.68154108753963,67.84759814679344,108.6588636917825,92.20775420629114,81.90733967325043,51.300414533040716,33.227505486466725
VYD_03793,69.97823819787247,36.84266147535285,84.6753806577209,76.0763401237572,71.61551832023915,42.835083084196604,29.045122714315507
VYD_03794,57.606518092499385,79.00071890726097,122.5348670021567,103.17277737838485,87.74430865085073,55.45866283249461,41.54589024682483
VYD_03795,57.631523758164036,38.71684942177479,77.2611900053927,78.86368266522855,67.27991491401517,43.30166576787101,31.548804601833524
VYD_03796,86.01896720509055,60.0752569750367,92.60058737151246,82.34459128732256,75.53438570729323,52.08015173764074,37.74229074889868
VYD_03797,66.07612575507963,68.77464305326743,108.69096650192202,104.65115321252058,85.95950027457441,54.94597748489842,37.4970483250961
VYD_03798,85.21729674406701,81.87852619458836,88.59739013625025,91.85658542826074,73.9049446683298,58.433250175909926,46.42071259515129
VYD_03799,64.33663869819478,53.616831934909754,105.5822527332825,106.45792016272567,91.82506992117979,66.08288838037123,42.87948131197559
VYD_03800,65.30841539838853,45.94136078782453,76.45613249776184,77.68755595344672,67.02506714413607,43.82855863921217,28.599820948970457
VYD_03801,73.87841191066997,70.55662531017369,97.91464019851112,79.37111662531018,70.8594540942928,49.26143920595532,37.35364764267989
VYD_03802,65.99521721801516,74.9202869669191,127.5842965324831,111.89318453567161,81.99681147867676,46.007572738142684,29.42208051016341
VYD_03803,80.76812092064583,95.1226382686362,127.21848162143593,125.49604946753689,115.81827550669874,67.5953280659567,48.318103744417726
VYD_03804,67.00732256853172,61.06571535861812,90.01182876455125,84.34998122418328,65.96019526849419,43.66184754036801,24.51483289523095
VYD_03805,84.93854505971768,70.40803474484258,111.72399565689472,115.60369163952227,87.1941368078176,68.38675352877308,42.56264929424539
VYD_03806,70.61190074680802,79.29077330763674,93.30065044567574,75.49457961936885,66.11057576487595,41.35413153456997,25.81787521079258
VYD_03807,68.12396193771626,61.578027681660906,97.67006920415228,98.69974048442906,86.82491349480969,47.3279411764706,30.541435986159183
VYD_03808,56.26742015069681,29.245949189837958,78.14852970594117,69.89707941588318,55.994732279789275,36.57998266319931,32.248216309928644
VYD_03809,65.94580304031726,60.2985239039436,97.82705441727252,93.61246970698392,78.290592641551,49.72042300066092,34.1998237497246
VYD_03810,70.27942661013526,73.19382192610539,96.7918433272764,91.73046638400969,83.51726226529378,57.095093882495455,43.10417928528165
VYD_03811,84.92440244580325,70.93051695386326,98.65619788771542,93.29655364091164,77.94385769872153,52.46303501945526,39.84408004446916
VYD_03812,80.48237623762375,73.48158415841584,109.7439603960396,95.66217821782179,85.46613861386142,55.122574257425754,30.33762376237624
VYD_03813,62.67603692986084,66.6763125258371,93.95094391621882,94.67686371778976,62.97188921041754,38.540994901474434,30.541821689403342
VYD_03814,51.828377527460994,59.5029035192052,94.42797173441546,99.43965577555446,85.82243056041415,65.24669418596514,45.754495207444215
VYD_03815,54.139718182075924,54.78840974171416,117.97127952141986,93.5634373848204,87.03260468940488,59.81956848402374,37.07192878001758
VYD_03816,76.89124793583392,55.47808052213573,91.01437052764017,93.73940394747189,81.87076354486122,55.001258158370675,36.666588031768484
VYD_03817,62.245173516522556,72.6550988984958,100.68530143313987,101.22338031505389,74.5667416794978,47.950254648821506,25.397725926803265
VYD_03818,65.23391299256396,61.6290766438316,105.95204637273842,100.3884887873997,84.11136483400668,52.11241875988056,43.5384390186779
VYD_03819,68.01992853216049,30.114431006047273,72.37155030236393,66.212039582188,53.961105002748724,34.6095931830676,28.848488180318842
VYD_03820,80.29731903485253,52.411796246648784,95.12386058981231,101.96621983914206,74.37372654155497,48.43163538873995,33.53190348525469
VYD_03821,74.69235874099354,68.93818733409175,96.87561623056504,84.93022373909746,80.27815699658704,59.853905953735286,33.75208570345089
VYD_03822,60.46405109489054,67.85656934306571,98.18813868613142,95.58850364963507,94.71861313868615,65.90693430656935,48.66642335766425
VYD_03823,88.97737556561088,68.684766214178,94.39705882352942,90.69419306184014,83.22549019607845,58.903092006033184,31.73755656108598
VYD_03824,57.671257702065965,64.56723450525553,83.80898876404494,78.63791228706053,62.40558173251177,39.059079376585714,23.32693004711852
VYD_03825,64.77712344280862,65.79445073612686,95.28142695356743,99.53057757644396,85.38901472253683,62.66160815402037,37.40283125707816
VYD_03826,65.18395434709632,60.7106411547499,87.4614523889448,86.4877475662974,70.33870426317556,48.194248629293945,38.01767931073066
VYD_03827,52.234067897558056,32.81215008933888,74.65265038713518,79.63579511614056,71.34121500893389,42.745503275759376,25.832936271590228
VYD_03828,75.3583339171863,46.86344846913752,63.99407973096057,47.44689273453374,27.335283402227983,20.629720451201564,19.47225530722344
VYD_03829,64.72237359975779,57.223433242506815,85.02512867090525,85.16379049349075,72.34937935210415,44.571298819255226,30.52194974265819
VYD_03830,58.74641333850331,61.55292749127569,84.53470337340056,99.424583171772,77.81698332687088,47.11826289259404,26.304381543233816
VYD_03831,58.510134709807375,52.7235301523354,104.7003651013471,92.67833312350498,75.31021024801713,50.14176004028703,31.917663351378575
VYD_03832,87.06140780663075,60.307855626326976,80.6998203495019,75.6844683978442,71.9772987097828,52.33072023517882,40.65752082312592
VYD_03833,78.5455255959359,76.79601406799532,121.78038296209458,117.63227823368504,95.00039077764752,59.94255568581477,44.32825322391559
VYD_03834,58.88907834514943,61.741272547787865,111.15292111639593,106.46307098626939,89.99362828681684,62.76388764246615,46.98644889168089
VYD_03835,74.42940364862794,78.57642189176761,102.12816188870156,97.77663651694009,86.12616894067149,55.303081404261846,39.52383872451326
VYD_03836,64.91547708489858,59.394440270473346,93.33076634109696,89.02516904583024,72.03512396694217,44.767280240420746,31.483095416979722
VYD_03837,70.56115107913668,39.490601067533085,68.6927361336737,88.51566488744491,73.47064284056627,49.19099559062426,30.68368530981665
VYD_03838,77.74672273064559,82.9146673262429,119.58842443729907,107.06752411575562,89.31090774177592,62.33143705169427,44.13851100667822
VYD_03839,68.10524137931033,72.84110344827587,106.90275862068967,105.37475862068965,76.38482758620692,42.44744827586208,32.43737931034483
VYD_03840,84.68113726689086,83.04967899724856,79.89712626108225,62.62564964842558,45.322684194435965,35.95781106695202,24.15453989605626
VYD_03841,74.85084202085002,61.55934242181236,68.18323977546109,63.46511627906977,48.3476343223737,32.18003207698477,21.176824378508417
VYD_03842,70.23601398601399,60.09615384615385,94.64615384615387,86.58076923076925,72.60069930069933,50.044055944055955,33.15349650349653
VYD_03843,71.56716101694914,61.295762711864384,98.85360169491524,94.33241525423728,80.22563559322032,46.34343220338982,32.77711864406779
VYD_03844,59.11004064428722,63.11192232425109,103.38213156706304,112.29685383110039,107.27035977720914,73.78104771940386,42.80626223091977
VYD_03845,65.06477941936149,68.35272238867653,111.59665254675068,102.45025312532286,98.50707717739434,61.21004235974791,31.436512036367386
VYD_03846,69.59639213540241,65.06676308486104,114.74336473439394,123.01002618926631,105.58108900441701,74.95354336864325,52.19028260954543
VYD_03847,63.379923247828714,55.19592001615837,91.23550797818626,87.01272470208043,87.78468996162391,56.51726923853768,46.275499899010306
VYD_03848,50.43790616296509,41.42790830536313,72.76662143826324,72.91009069485114,53.15582375205314,34.8362493751339,26.495108191101917
VYD_03849,70.84636301835488,71.17516428733288,131.69759800589165,143.79209154769995,124.17912984364379,78.96408338998414,53.91536369816452
VYD_03850,75.63714230095387,75.79949386801637,118.8504963986763,117.34845240412697,108.13509830640454,75.02160794237881,51.92583219778083
VYD_03851,72.08128736801936,48.038671924691506,88.7267523215876,91.23215875842772,90.18076580587712,61.15214349319426,43.46673451214859
VYD_03852,66.54143732474817,46.12010593000313,63.48055353619275,62.683404299511885,54.918501402014776,38.93729878492056,28.039490082043834
VYD_03853,64.89549639213735,71.41826324956455,115.14506096043796,102.75989052002986,83.21821348594177,54.309280915650675,34.784523513311775
VYD_03854,83.99804381846636,86.49491392801251,119.61600156494524,115.41392801251953,91.56533646322379,61.34017996870109,42.072965571205
VYD_03855,65.81046487814866,24.948904362072494,58.17765717796436,40.509932418595106,34.784763465082925,22.917571165267248,19.958529592463645
VYD_03856,69.77999233422767,59.73725565350709,96.43944039862015,89.61824453813722,85.23303947872746,59.89517056343426,38.014948256036796
VYD_03857,54.871485516874834,48.97475418549028,67.20967313313844,65.7674196120117,52.887164496412424,28.994791389848523,19.801435025245812
VYD_03858,51.225004377517074,53.46270355454388,106.27420766940998,118.62607249168275,106.42812116967254,61.289966730870255,43.839345123445995
VYD_03859,65.77565426997245,61.27358815426997,95.75792011019283,83.78219696969698,72.8042355371901,46.92527548209367,32.97296831955923
VYD_03860,75.87981395348834,60.649116279069794,78.94269767441857,63.10027906976746,51.40967441860466,32.032186046511626,25.604279069767443
VYD_03861,59.09460616438358,66.13184931506852,90.61943493150689,86.9088184931507,83.98202054794521,68.9533390410959,47.407962328767134
VYD_03862,87.77733473242394,60.153200419727185,113.05309548793284,114.75278069254985,91.45876180482686,61.534312696747115,31.852046169989507
VYD_03863,65.56836882105395,54.67100056529112,85.4847685446894,75.38892029395136,73.6136549211733,56.93398655863325,35.883047547264624
VYD_03864,67.62150784538844,60.18561040949097,102.42690394182927,108.18178339073854,106.80820257685924,74.63432835820893,50.81917336394946
VYD_03865,40.992339531722976,36.62704639525545,59.647433125347504,37.572311113856806,32.294248470995235,26.64088466053006,16.839006610242784
VYD_03866,67.73588257292448,49.37415856394916,87.45129020194466,93.15047681376217,78.48508788332087,46.41590314136127,26.07194278234855
VYD_03867,75.56696070569366,79.40817963111469,80.47297514033681,66.26110665597434,59.44554931836408,39.242181234963915,27.882117080994394
VYD_03868,75.7495980276557,65.82522242469715,102.56946082109549,101.39650552042016,89.26396183942542,58.31010826455138,35.97111158752277
VYD_03869,84.8362054109943,65.76718938480096,119.8788557642598,105.27175598828191,94.25452352231606,68.91021885231777,41.05031880062037
VYD_03870,71.17540900657781,60.86549165120594,107.55810423342892,103.42574633159049,81.18835385393827,52.84811941305447,35.59415584415585
VYD_03871,91.11553273427471,75.4599914420197,120.62986735130512,128.334189131365,93.12922550278135,50.39409499358151,36.86136071887035
VYD_03872,66.88732658417699,74.28027746531686,89.34739407574054,75.82264716910386,72.88226471691041,57.11304836895389,36.53299587551557
VYD_03873,61.41669046667045,37.612098017935686,96.03758496601357,78.80870508939279,83.47415319586452,66.32227109156335,46.00222768035643
VYD_03874,67.81846664209363,70.9423147806856,79.9382602285293,78.82325838555106,72.64006634721709,57.294323626981196,40.09012163656469
VYD_03875,83.11613636363639,80.19363636363637,128.99681818181818,121.28295454545456,102.33159090909092,72.65909090909093,55.08840909090912
VYD_03876,73.87892049598831,60.41317398866634,125.72322280199742,126.5827862873815,96.84851035179261,64.53335577624416,41.291421197329306
VYD_03877,64.2452668734624,56.24195101080332,93.20536955824154,101.76414589795701,93.61193710557282,69.02920098406248,41.205262594929955
VYD_03878,78.49395973154363,68.96812080536914,88.75536912751677,74.50536912751677,63.621476510067126,41.48456375838927,26.41677852348993
VYD_03879,56.61471660075989,41.51267736682951,67.08482592851051,59.86702333876096,44.05846320849812,27.087927424982563,20.204078467860743
VYD_03880,67.80423455462739,56.13365313042756,97.2282689603837,82.55264246133486,68.01902241336528,39.51947729716317,24.758415350260513
VYD_03881,66.97406807131279,72.49486763911399,102.37493246893568,106.17963263101025,88.09319286871958,63.03889789303078,47.98163155051323
VYD_03882,72.4431724705237,40.510556621880994,55.7327255278311,55.47079791609542,37.24712092130516,22.700712914724427,19.530778722237457
VYD_03883,62.564966978958694,72.88657656273999,116.06465980648132,119.1410689602212,99.91852250038394,55.54676700967592,33.50053755183535
VYD_03884,50.70426452410383,50.290791100123606,90.94561186650185,106.06211372064276,93.16872682323859,66.21291718170582,48.52503090234859
VYD_03885,73.47572410918941,84.71139820795999,114.18107939153994,104.05376120025005,94.05667847468219,58.85496978537196,39.04521775369868
VYD_03886,61.0214111922141,58.02043795620437,92.46155717761556,102.11484184914839,84.08126520681265,54.689051094890495,35.20486618004867
VYD_03887,61.82352941176472,67.25603864734302,103.10826939471443,104.23728331912476,71.27962489343564,44.01392441034386,36.1716396703609
VYD_03888,68.06751157689494,56.15330246161346,79.54374847672435,64.5868876431879,60.720935900560555,40.83475505727516,28.46331952230075
VYD_03889,70.80481423338566,64.14416535845106,109.52354788069074,118.95395081109369,93.02354788069074,50.35949764521193,32.75431711145996
VYD_03890,54.3386996904025,67.68648090815275,94.21279669762646,81.61197110423117,66.34922600619196,43.99391124871003,28.26687306501549
VYD_03891,66.9192812321734,44.824871648602375,97.44352538505416,78.24500855675983,72.23274386765544,51.261551625784364,37.22618368511123
VYD_03892,62.81586435854872,46.01209390562009,80.95162437751955,96.41629120227651,83.30685321318471,47.26571022053594,30.95648565330804
VYD_03893,61.236115420415764,53.091219360843944,74.00465404902265,75.8209742475954,65.67638845795842,45.21377598510704,36.07787775364567
VYD_03894,64.32738354375273,55.632128863735296,91.77797126686983,85.19677840661733,61.400957771005665,40.902481497605564,30.934697431432305
VYD_03895,63.34972321719308,69.09052425919896,78.09052425919896,77.6476717681537,73.58059264083361,57.164441549983735,43.2608270921524
VYD_03896,47.96969103872501,34.53250384454075,81.57486369355514,96.77405284496015,98.97662519222702,65.96105130714385,47.15554312875716
VYD_03897,61.540271712760806,50.46749150897624,70.56465308102862,48.718583212032996,36.34716157205241,27.919820475497332,15.984958757884526
VYD_03898,60.96856784877702,60.82655117938661,111.42893719017268,115.4134662526557,108.85122841422891,76.2168110257667,43.691071525848464
VYD_03899,64.31398437500002,68.15757812500001,116.43156249999996,137.84109375,125.17265624999995,84.6165625,44.704140625000015
VYD_03900,53.55653144409937,57.945700698757754,97.08904309006209,103.92328222049689,69.7081715838509,44.38397709627326,29.86427600931676
VYD_03901,76.5994372801875,72.37313012895657,104.2766236811254,97.79540445486509,89.09120750293077,64.85608440797185,43.900492379835846
VYD_03902,57.54492171146276,23.912333584526493,88.00770325713806,78.69521895671103,79.95980909319267,57.172402243992266,31.20748555639285
VYD_03903,60.42832244008715,51.51503267973856,85.93769063180828,100.36165577342048,86.67015250544662,54.055773420479305,35.38039215686275
VYD_03904,75.08231420507998,73.46166509877706,97.4282690498589,93.60395108184385,79.4167450611477,53.07761053621825,33.02022577610538
VYD_03905,65.71929913661758,61.21617572371764,112.7024123920772,117.07001015744034,98.94687658710008,68.47714575926867,47.28499238191977
VYD_03906,62.97021149836163,51.33184390825143,73.79058683348228,66.0971105153411,64.48972296693476,47.73786118558238,38.25767053917188
VYD_03907,61.52391261562685,62.61483959850423,94.38968706947449,95.93052548710885,76.48671521354065,57.328085022633324,36.509938988388114
VYD_03908,52.07455647877836,41.81922299573323,80.25735459240961,80.33438131596677,68.53110262744217,46.64114080395241,34.28565012351224
VYD_03909,70.7685286600949,66.82146768893756,110.32749178532309,111.41055129609344,96.55969331872944,72.78203723986857,52.94487039065351
VYD_03910,54.93543104456662,47.81483214411042,76.94034389987132,91.24564276523571,63.309743829687676,41.39735641595508,27.074862557024215
VYD_03911,88.07384726224784,90.83177233429394,83.77881844380403,72.39265129682997,61.793587896253605,39.98198847262247,26.857708933717582
VYD_03912,68.47544283413848,68.62318840579708,121.28140096618355,118.56119162640898,98.0978260869565,64.58132045088567,33.706119162640896
VYD_03913,59.76359537898001,63.38067061143985,81.19582981121441,68.45618484080023,58.67173851789237,36.50774866159482,19.353338968723587
VYD_03914,64.47779295274515,64.13733952472005,89.79732313575526,75.97317672767004,75.92275334608033,52.63075662387325,36.16225075116089
VYD_03915,57.17152497372641,63.31384479230046,96.49239449084574,89.16510868963992,70.02555451075834,52.76160185850986,34.49930859007688
VYD_03916,78.46791583795667,80.129069402282,114.84633099549882,98.11535643253427,80.64241599497541,53.58662200355909,34.86977912697582
VYD_03917,81.2795211318701,66.7137069955862,86.82290344035312,82.56708386238589,72.33653788016204,58.97932160348268,39.80149948606324
VYD_03918,65.40516962843297,31.422724824986556,67.26311254711902,83.18406031233174,62.27269789983845,37.21884760366183,17.228540656973628
VYD_03919,48.25485472331727,27.489633523142057,47.53088042049935,51.20287633231128,54.4454664914586,54.851949189662726,40.93750912541975
VYD_03920,44.668548724383115,25.103722291928065,68.7977833542451,85.59086156419909,89.75355499790884,63.90192388122125,41.51662484316186
VYD_03921,70.956199103744,51.3827398448417,105.28810292487832,122.73849563918465,124.87852358695129,90.11853707897649,48.944875439695444
VYD_03922,74.07926829268293,72.87995426829268,123.34527439024387,101.4233993902439,94.05945121951217,66.125,41.4561737804878
VYD_03923,62.08597911783504,41.846580012784976,73.73865331344552,67.20487960792667,59.183251651395665,36.171212444065624,19.23609631365864
VYD_03924,61.75859491778775,67.24947683109116,92.31763826606876,70.46008968609866,62.63034379671151,40.22615844544095,34.44155455904335
VYD_03925,88.63816878102591,88.55736348593493,106.6573359073359,94.63568670711525,89.10934914506343,63.55570876999448,37.581770546056255
VYD_03926,59.25412630553601,50.18572433573246,85.22739325721088,90.35212944423398,75.5932680339845,42.285675631798235,26.872936847231987
VYD_03927,74.43638001801982,55.702572830113134,90.48283111422566,104.85594153568927,89.43277605365903,55.452197417158885,35.33647011712884
VYD_03928,52.41705272446502,49.49702183984115,68.34954776086475,89.30145598941098,65.26549746304873,43.57180675049635,31.199426428413847
VYD_03929,49.5109066121336,48.01431492842537,74.38650306748468,54.07941376959782,48.536128152692584,27.108384458077712,12.613156100886167
VYD_03930,49.57458703939009,36.298094027954264,78.29072426937739,82.06836086404068,68.35196950444728,39.53392630241422,26.924269377382462
VYD_03931,62.72956835427292,48.21967906456028,89.06020649334494,73.10523696977236,69.88792138325663,50.79164075133723,32.645975867645234
VYD_03932,78.77885567214412,77.20362304494161,84.07156998614136,79.72352009503066,67.93357750940409,38.984755493961586,27.05216788754701
VYD_03933,74.07281408534767,79.22769322590273,96.27364965681885,88.46314532975232,79.89256938227396,46.82303789913458,30.293643688451212
VYD_03934,65.8048907388137,47.65088449531737,109.43426985778699,129.2698577870274,93.67898022892821,50.24323621227886,29.366198404439817
VYD_03935,56.26318407960198,70.23014925373131,104.65701492537312,102.0009950248756,78.03651741293528,42.18437810945272,33.136815920398
VYD_03936,43.168208642105704,32.152708393075436,82.77561616131128,80.62995608011225,75.11862897505168,51.76289297734577,36.90277253724133
VYD_03937,78.70163060520538,65.50580119159612,107.94559423016618,109.08905613044838,94.82753214173724,62.75133270617748,34.56067732831609
VYD_03938,79.59862555720655,75.79030460624071,130.88744427934623,135.65304606240718,109.18406389301637,73.15527488855871,61.96823922734028
VYD_03939,69.45565172679751,60.16351015511184,99.87582483503299,102.5826548975919,95.77804439112181,74.47064872739739,49.28468591995886
VYD_03940,61.68520859671302,44.84955752212388,65.20527812895067,71.17177623261692,61.54503792667507,31.149810366624507,18.57443109987357
VYD_03941,62.43063002680964,49.10221179624665,64.2905495978552,53.282841823056316,52.45609919571044,32.932305630026804,30.16890080428954
VYD_03942,69.95504840940524,66.29564315352697,101.97544951590594,98.30463347164593,74.95228215767634,50.49204702627939,38.90248962655601
VYD_03943,74.26630186958505,70.00364797081622,71.99644322845417,68.6424076607387,66.7267669858641,46.32950296397628,32.46146830825354
VYD_03944,75.7421912542047,59.32244113407014,84.32003844305625,87.85319557904853,78.60211436809229,53.96492071119655,35.18548774627583
VYD_03945,79.62759544541191,73.15103817816478,117.88747488278635,116.40187541862025,103.52813127930342,71.75351640991292,48.35599464166109
VYD_03946,53.48616874135547,35.773266152934205,78.77919383521042,67.85743924125666,59.65016795099782,41.311400908911274,33.7246591582691
VYD_03947,79.88284214775936,57.634396447315304,93.61542188130804,86.00492531287844,83.15284618490108,64.94808235769075,48.60347194186515
VYD_03948,70.73955195056007,55.164117419853206,87.82267284665895,86.77404403244492,72.89262263422168,42.75241405948242,27.75079181151023
VYD_03949,55.45398248985692,43.56299380738842,68.10879777920135,57.19197095878708,49.352872090540245,24.92259235532778,15.055092889173606
VYD_03950,84.75649452269174,76.80923317683883,107.96338028169016,107.3532081377152,95.64147104851334,66.73067292644758,36.81439749608765
VYD_03951,43.427607534439126,34.639583919032894,61.0342985662075,52.02698903570423,36.32696092212538,19.51054259207197,2.945178521225752
VYD_03952,74.50901328273245,45.814041745730556,60.35531309297913,40.40749525616698,25.41318785578748,24.57210626185959,21.344402277039855
VYD_03953,72.68762760310328,52.32838800417403,83.25325529694658,61.65940746790074,54.08765482509868,44.70627466993329,36.76793248945147
VYD_03954,62.43417057686999,64.075075903947,82.68120342257797,58.33176925200112,48.96494617720121,43.399392768423965,26.967154292023185
VYD_03955,64.80966567361801,38.14995034756704,64.92039059913937,73.59980139026814,72.43909301555776,52.864448857994056,39.87603442568687
VYD_03956,65.94863731656183,56.22327044025154,91.87295597484271,83.88406708595383,63.81257861635219,40.12348008385741,27.910901467505223
VYD_03957,85.91585127201567,74.47031963470322,72.56360078277888,62.57403783431182,57.77299412915851,37.67188519243314,26.42106979778213
VYD_03958,67.18527488496007,44.79220150157423,60.415596996851555,43.57883264713006,32.36449503511747,23.064906757084046,17.911116493097605
VYD_03959,82.1226684590825,58.90631826583763,85.2525625945219,56.36523273399427,51.92396235926737,41.73533859855483,24.646445975466296
VYD_03960,62.46454227297847,39.96002947135754,64.58482225087494,40.06483698655369,50.29618714312027,36.089150856511345,19.460858353287904
VYD_03961,69.74994150678523,50.48695601310248,64.188465138044,58.933668694431454,53.36979410388394,39.7123888628919,22.058493214787084
VYD_03962,81.70385852090034,69.21816720257235,112.46913183279744,116.22709003215438,90.75080385852091,62.23673633440514,37.07604501607717
VYD_03963,75.61611517754517,69.56699534208454,96.02897586352904,81.92359808843989,70.43935636077669,43.634081422781435,28.61472385215653
VYD_03964,57.8410691421255,34.33482714468631,64.9911971830986,55.400928297055074,52.74487836107554,38.969910371318825,22.36379641485275
VYD_03965,70.98197295943915,64.70981472208312,93.07786680020031,68.08437656484726,59.81497245868803,27.549323985978972,17.256634952428644
VYD_03966,89.02557373046879,82.85650634765628,90.80200195312503,97.99566650390626,78.7591552734375,60.88580322265627,48.34130859375
VYD_03967,81.816715542522,79.12060117302053,119.26087487781038,118.97592864125123,103.82734604105573,73.32282502443793,46.166788856304976
VYD_03968,57.83791748526524,48.46168958742633,72.28192534381138,72.21316306483301,49.25196463654224,29.23821218074656,24.18467583497053
VYD_03969,93.57535676992691,90.20779672815873,120.74730247128439,107.16359206404456,87.63487643578142,56.418378002088424,45.485555168813086
VYD_03970,64.50142508143323,57.192589576547235,99.25427524429966,108.0816368078176,99.86706026058633,64.1062703583062,42.73004885993486
VYD_03971,53.149003414229014,38.040601642521004,76.37429639199041,87.75842022700009,60.88230137491926,37.473724277936704,24.842530220540738
VYD_03972,71.18670124097054,55.96443785886274,87.37655121318761,96.00907575476938,83.3765512131876,49.331913317280964,26.670679755510278
VYD_03973,59.84565473849783,59.075009830908364,92.48682658277625,86.94573338576485,66.3626622099882,40.864923318914656,24.604600865119934
VYD_03974,59.56866465751388,54.64051047363919,107.39345909141649,109.70670089667752,91.93153997842023,53.68880455407971,37.5788592476839
VYD_03975,77.35592558865616,39.94965526213088,77.20437101600106,69.78275009756733,56.37088591127878,37.450500845583456,21.538181345128137
VYD_03976,53.818391600323054,37.508711203415245,76.33973693319487,67.4453674858659,60.25349025037495,33.746971270335756,20.629168108918883
VYD_03977,70.39299007444171,72.2186724565757,101.62500000000003,82.70409429280396,67.40415632754343,51.266129032258064,31.464640198511173
VYD_03978,74.82273342354533,67.92331980153361,87.52819124943619,81.93008570139827,75.4700045105999,48.141181777176364,33.91384754172305
VYD_03979,62.67219152854513,48.23888450407787,76.8902920284136,71.2336227308603,64.26703499079191,46.139173901604835,28.877663772691395
VYD_03980,59.16843811925777,65.54882003242658,86.53882183390378,65.92992253647988,57.693208430913344,36.46424067735542,23.16573590344082
VYD_03981,95.67563559322033,81.69555084745762,85.67161016949152,96.7684322033898,80.47033898305087,56.04724576271185,34.7802966101695
VYD_03982,57.48554779899612,61.830381353487546,80.07015519529223,88.61472336006463,72.20660012692551,42.767033981422706,29.17215715686839
VYD_03983,70.12008648495375,64.51355757983907,87.93676673873746,51.22308864707761,49.8980611774714,40.73005352142629,32.00173678800553
VYD_03984,79.12296364473079,62.374413253566495,75.8440865163369,65.93483663138521,65.46783248964564,49.30971007823285,33.09470777726646
VYD_03985,62.13495440729483,62.903343465045594,96.09939209726446,83.69148936170212,72.45075987841945,47.93981762917934,26.648632218844988
VYD_03986,67.03346039813638,51.0029648454045,101.50190597204576,71.98559932232105,65.34773401101228,45.29775518847946,33.755612028801366
VYD_03987,82.74454132737625,67.18058658211429,102.63291777761765,99.08481660301217,81.84903077033941,53.2994163003531,34.69020681703538
VYD_03988,54.36957547169813,51.97452830188681,95.85813679245281,91.71214622641506,60.07665094339622,37.62346698113207,20.897287735849055
VYD_03989,57.569652908067546,35.80558161350845,73.46177298311446,73.83114446529083,59.936210131332096,38.412992495309574,28.56144465290807
VYD_03990,72.37581141100101,48.081653570208395,85.51178681243593,93.40826785104201,70.20157157499146,46.68670994192004,33.51861974718141
VYD_03991,64.22240855256263,38.867833560423435,75.07169059846977,58.67068441463159,44.84781469447647,33.41672780630963,24.015826433287916
VYD_03992,83.91749023213058,72.0962997012181,113.02137439669046,110.35141346816826,96.71776603079753,66.69087566076766,43.70213743966905
VYD_03993,90.017523364486,80.63551401869158,89.21144859813084,66.8913551401869,55.913161993769464,34.6113707165109,25.52336448598131
VYD_03994,72.39685393258426,72.76584269662922,119.32404494382024,119.83191011235961,100,58.75191011235957,45.03415730337078
VYD_03995,73.08642765685019,78.05633802816902,120.78457106274008,118.14852752880923,105.81818181818181,71.93533930857876,44.4375800256082
VYD_03996,81.03654908627287,75.69953251168722,111.30046748831282,107.33914152146197,99.7267318317042,61.57883552911177,44.95027624309394
VYD_03997,74.87377311116184,78.64619949783155,103.88290344670169,101.081488244693,79.0917598721753,60.645742981054546,40.12462908011869
VYD_03998,68.79464550578464,77.84796796202907,112.52098783743695,106.35894393355089,85.65981904479385,53.876075348561265,32.411079798279445
VYD_03999,92.22818181818182,73.77818181818182,116.98272727272729,101.76045454545456,75.08772727272726,52.70136363636364,37.38227272727272
VYD_04000,39.343121082151114,50.20653249752557,80.9039920818212,101.92444737710328,80.33256351039262,49.57769712966019,36.50478389970308
VYD_04001,51.21704907050746,52.79199464076369,80.61346508122593,86.85563557193099,87.14737899849273,55.94757996985431,33.10869201138837
VYD_04002,58.74029359308548,50.25463026478257,101.71299217999726,97.62306214844291,69.66113321443271,47.624228289202925,38.06928248045
VYD_04003,71.91484022084659,60.51229713903296,107.2243600468463,102.51664714739837,78.86514974067259,47.574535720261,34.70503597122302
VYD_04004,67.60667293233078,65.35079887218043,110.04231934001669,96.39946219715952,82.71164891395154,55.05683479532162,34.68948412698411
VYD_04005,68.29177057356605,57.7802022720975,82.81338320864496,85.97984206151281,83.0183568855638,64.41798282072592,38.53574397339982
VYD_04006,86.67558002359416,78.87396775462052,111.94003145890677,117.28352339756192,95.96893432953203,58.17420369642155,37.59103421156115
VYD_04007,47.047988708539165,39.90366972477064,79.79463655610446,85.30980945659847,69.74170783345097,39.20783345095271,18.97776993648553
VYD_04008,57.03361012257811,42.23368920521947,78.58362989323845,74.87149070778966,72.8477659153816,46.8533017002768,29.90272835112693
VYD_04009,65.20590887391924,59.51201400307643,86.46454145228873,76.27109743807351,63.26181509574072,40.68630987110805,29.810534132498805
VYD_04010,74.82062146892656,86.98069679849343,116.34227871939737,98.93220338983055,76.60734463276836,47.246468926553675,30.689971751412433
VYD_04011,57.871662001664276,47.850026477040636,87.8047507375747,94.57856116196385,85.56630607458959,62.7486950601407,37.58374309705728
VYD_04012,71.5750618156129,57.29848110208406,78.17838219710355,77.96043800777115,66.81949841045567,45.265277287177696,30.59378311550688
VYD_04013,47.244084632157,69.68626342566424,106.244326899782,103.59779536461282,93.86033271420499,56.986190745376724,40.35960591133007
VYD_04014,60.93292402148889,62.48902532617038,104.13768227168077,84.11143514965467,72.14351496546432,47.89040675364544,27.056945510360702
VYD_04015,80.19859467455623,36.8015902366864,81.70155325443785,56.151072485207095,37.60724852071006,28.664755917159766,14.0519600591716
VYD_04016,86.5104947526237,41.64874705504391,73.77393446134077,58.021310773184844,33.31473548939816,32.002784322124654,31.64424930391947
VYD_04017,65.91762090050028,61.96664813785437,88.76053362979437,89.94052251250697,75.2466926070039,45.142857142857146,38.50294608115621
VYD_04018,82.65477568740958,73.43950795947903,102.50180897250367,100.56418234442839,90.49030390738062,68.05622286541245,45.119826338639655
VYD_04019,64.53531653806823,61.96642186483217,111.15139908896529,113.67987357069813,106.18704099656036,73.62625267267825,41.09498930928696
VYD_04020,52.35588752196837,48.20342706502637,76.10391036906856,93.9993409490334,83.5419595782074,48.347100175746924,34.23989455184535
VYD_04021,84.27762525737818,63.81537405628003,106.05250514756351,106.49691146190807,87.48936170212767,55.78071379547015,38.06485929993137
VYD_04022,70.49677336086731,46.58518327310275,73.34744450180689,75.37157976251936,61.34047496128032,43.385389778007216,28.24935467217346
VYD_04023,63.14642686028081,50.53167729333285,93.57369255150553,93.60015479305642,62.94213688128846,30.60137102421406,30.931522500276415
VYD_04024,50.30822131916223,39.2663332291341,64.47858705845577,63.474210690840884,45.528290090653314,26.733979368552667,10.222882150672083
VYD_04025,85.27911298838438,49.96464625131997,54.14297782470962,46.432608236536446,49.05647307286168,38.97072861668426,27.657360084477297
VYD_04026,69.68631221719455,50.114592760180976,102.26504524886874,117.07952488687775,99.4147058823529,66.70282805429862,49.692307692307665
VYD_04027,71.56506682538824,63.59693739516258,105.64509496239377,123.68015800010822,105.51869487581838,70.67674909366374,42.02315891997187
VYD_04028,67.80567256388653,53.51249648975007,97.27829261443416,100.13451277730975,71.81128896377422,40.40044931199101,32.4776748104465
VYD_04029,87.84390030607783,78.9575863576738,109.89833843463053,107.32313073895935,88.13707914298205,51.724529951902056,41.250546567555745
VYD_04030,52.94595712985184,46.90283869899861,97.18753620789538,101.49631713978319,103.1469006041546,71.25597947529586,52.90292145990236
VYD_04031,43.06119925819081,33.347620028848134,70.28353595713992,54.653616319802175,51.8986194106738,32.46260045332784,33.12260457449001
VYD_04032,50.92655962095287,53.80034219531454,106.06889971045003,113.1256909713082,113.56600421163462,75.55014477494073,53.62161095025006
VYD_04033,54.40400552486189,52.0554788213628,112.50506445672193,93.9194290976059,74.03107734806628,51.824125230202576,38.36118784530386
VYD_04034,67.29043231750533,46.605527994330274,63.64564138908577,69.42508858965274,66.03033309709426,50.67781715095677,31.209496810772503
VYD_04035,55.69597839135653,49.754201680672274,96.17962184873949,98.11757202881151,83.43765006002398,56.58185774309724,41.76388055222088
VYD_04036,79.93056501021104,55.54526889040163,65.4707283866576,42.3641933287951,43.04458815520762,33.40980258679374,22.687882913546627
VYD_04037,51.68450995603827,25.09057408844064,64.30430566330487,66.24191880010343,58.02825187483836,36.94401344711662,32.2448280320662
VYD_04038,58.6251013458732,57.31392897681207,89.37830387546619,105.18355764553269,102.45711042646344,77.58067131506404,44.764391113993845
VYD_04039,75.86538952745852,52.44240102171137,67.73563218390805,58.2058748403576,55.4962962962963,34.692720306513415,26.674584929757344
VYD_04040,62.57242555831269,51.688275434243195,102.376705955335,100.24395161290325,77.06281017369729,48.55738213399505,29.49503722084368
VYD_04041,79.41070760014973,80.14264320479222,124.70460501684762,114.411456383377,91.11344065892924,66.21302882815424,42.61812055409958
VYD_04042,76.77849246231159,62.989547738693474,121.76462311557792,134.10412060301508,102.94452261306533,75.0154773869347,48.670351758793984
VYD_04043,70.5273076251963,67.59832489966847,84.97504798464493,93.23573547373933,77.25946606176933,49.20310591519806,34.30570581050427
VYD_04044,74.40742037101857,80.68060903045152,130.22686967681724,125.58371251895929,98.87656049469143,71.15097421537743,45.3000816707502
VYD_04045,91.33844427823485,82.76664173522812,124.26963350785341,118.25130890052358,99.01495886312642,69.07816005983544,47.084517576664176
VYD_04046,72.45501285347044,64.53984575835476,106.89460154241644,85.41131105398456,65.76092544987145,40.41902313624678,35.1413881748072
VYD_04047,74.3061619231832,47.35009671179884,63.00902643455835,44.57677074698351,39.78419452887539,22.724970065395592,20.33628074053606
VYD_04048,79.71181188479767,53.926540284360186,100.79201604083123,81.50966095515858,77.66715275246081,59.56197593875317,40.75647101713452
VYD_04049,63.44011018304603,58.80762395592677,94.88475208814644,86.05606895326106,76.37169006575441,61.39523724897813,43.213435223031816
VYD_04050,65.41453965360074,66.53463992707385,100.57087511394714,93.43824065633544,75.20282588878761,44.66453965360073,29.869644484958986
VYD_04051,59.81570605187318,58.966210374639765,86.4541786743516,78.70129682997117,57.80482708933715,34.45489913544668,28.74949567723342
VYD_04052,51.97491576188693,21.306626731561213,57.510295769374764,63.92100336952452,60.16922500935979,41.868214152003,33.53650318232871
VYD_04053,59.660339256865925,52.89539579967689,82.47697899838451,81.13570274636511,61.57592891760905,38.38166397415187,26.344103392568663
VYD_04054,64.67669973656184,72.51975786110646,114.53259346449188,121.6649851465725,112.97309567849335,72.83162378790428,49.451095790594714
VYD_04055,71.722923945176,79.15372211771029,113.53748992206394,101.20209621069604,92.92179521633969,58.460091373286744,46.18382155334586
VYD_04056,69.30634864959663,64.5638723254998,97.8493861802876,87.84896527534197,73.6025254296738,51.581339880743585,29.599298491757285
VYD_04057,81.18110318791948,50.32445469798657,97.14481963087246,79.34983221476512,54.69006921140938,37.38768875838924,32.17696098993288
VYD_04058,74.28772228729633,50.48844638483653,92.74369076775633,96.19241827281432,78.52028537961874,45.96400809285484,31.372377808540083
VYD_04059,66.00430865648258,52.10889150019585,79.06972189580884,88.5671758715237,78.32667450058756,43.69134351743046,25.36271053662358
VYD_04060,56.47028571428573,69.66171428571428,105.64914285714286,100.2757142857143,81.18000000000002,50.45257142857143,38.49142857142857
VYD_04061,42.934218314027234,31.84983512302359,64.74473661959924,57.68673374482119,60.495814661368065,41.1470364420394,33.636002367464265
VYD_04062,73.59773342693812,33.52331762110119,83.97231972720891,50.46996289238793,30.38511683883262,18.14010630829405,12.21873432955571
VYD_04063,67.63736364469705,50.61518012650106,88.28517737647813,106.97295810798423,88.92629938582822,57.78008983408194,37.45027041892017
VYD_04064,82.6019783325483,59.36269430051814,109.29345266132833,107.44653791804053,91.35657089024967,53.16156382477627,33.49317004239285
VYD_04065,86.79666319082379,76.89120611748349,109.31247827598195,106.38616614529023,85.58776503302052,58.47340980187696,38.802224539450826
VYD_04066,53.751758793969834,37.70418760469011,74.16984924623115,62.40201005025124,62.61541038525963,52.62847571189279,37.997654941373526
VYD_04067,88.706002034588,79.85486605629028,113.47338080705326,114.19769413360464,99.30383180739236,73.12275347575452,45.42895896914209
VYD_04068,74.85375796178342,53.29541401273883,87.72929936305732,76.84675159235665,64.14726114649682,43.315923566878986,31.677452229299355
VYD_04069,78.82103064066852,66.43628133704735,105.55675487465179,99.94359331476323,77.33043175487467,59.91713091922004,42.78621169916434
VYD_04070,59.10372835467314,54.85554740820126,84.92492526369226,50.55891477240681,47.940775001410145,39.25664166055615,29.06903942692764
VYD_04071,63.35682871746109,57.38511826934508,94.02805182455727,93.27564483537383,76.38440508736481,38.37394508498753,28.63425650778558
VYD_04072,50.06796502384737,48.55299417064122,83.47509273979864,93.6679915209327,80.74827768945417,44.71608373078961,25.66719660837307
VYD_04073,62.12773933102649,42.440599769319476,75.7379853902345,81.87552864282965,66.11505190311416,53.48269896193769,40.976643598615894
VYD_04074,78.56167135395742,62.07392527119327,101.18722378465249,107.65749296906388,90.34692647649659,61.500602651667336,39.275010044194474
VYD_04075,59.29648952821049,60.995602593724364,101.30125959603487,114.07960050681972,112.91376611761198,69.29477528508606,41.17224416784676
VYD_04076,53.30419512195123,46.34360975609755,96.6068292682927,100.15824390243901,86.39765853658535,55.13053658536585,45.9379512195122
VYD_04077,69.67258620689657,75.95913793103449,119.4844827586207,98.35137931034484,77.80672413793104,49.63413793103449,34.82793103448276
VYD_04078,81.6095238095238,78.12275132275133,104.21657848324516,83.6084656084656,77.33509700176367,55.082892416225754,38.332980599647264
VYD_04079,61.46418584641857,52.453000645300065,104.8838459883846,111.66272316627231,96.72230587223059,69.15013981501397,37.82856528285654
VYD_04080,72.57784503631959,41.81900726392251,80.17360774818401,89.89842615012107,83.24443099273606,47.49430992736079,31.96138014527845
VYD_04081,47.178495922681975,46.376019329507706,95.47780126849896,112.41105406221688,101.75536091815161,67.65055874358201,40.34340078526126
VYD_04082,53.717692442574105,31.004734350341927,80.47378572681043,91.04243380676834,74.6219533578818,45.09801858670873,33.11257233035244
VYD_04083,64.1073915372255,36.271558650241026,63.21326548830565,75.43456525620425,75.90644527762898,53.28021781824672,42.02892340653454
VYD_04084,58.030139593908665,54.93189509306262,95.19236463620979,83.22847927241962,71.67343485617599,46.910480118443346,27.833016074450082
VYD_04085,73.64210793973685,63.4999046468756,100.86574280083909,95.19897018625643,81.49698048439389,48.93452418790922,33.36615599771153
VYD_04086,88.51377036462375,84.7009309542281,89.7909231962762,76.15923196276185,66.58126454615983,45.74689681923973,36.296353762606685
VYD_04087,55.78365784656349,50.54318522216675,82.68081211516058,68.2454651356299,65.97270760525878,43.2526210683974,24.249625561657513
VYD_04088,59.88645383951685,47.399309749784294,68.58774805867128,59.53960310612597,60.3523727351165,43.02364106988784,25.96134598792063
VYD_04089,58.342807647889124,42.50128320287437,78.85371487232132,95.58308738611571,80.41402540741693,47.165276530219415,29.677723598100844
VYD_04090,82.7732558139535,71.92774086378736,123.72840531561464,127.55620155038763,106.06367663344406,66.57253599114064,45.12264673311186
VYD_04091,75.38031731432511,83.3647965049437,129.4481489997701,113.74764313635322,98.50977236146244,70.70016095654175,42.28420326511843
VYD_04092,71.49358426005135,55.376390076988876,84.24123182207015,76.48759623609924,60.58212147134302,47.35714285714286,28.134730538922163
VYD_04093,76.75358865248222,64.25866666666666,87.61236879432623,82.31449645390072,72.77078014184397,46.805957446808506,34.32317730496453
VYD_04094,63.844365749568695,54.80595659674931,91.81308453645691,66.39439753019161,60.78062290020887,44.57295923000092,30.07336783800963
VYD_04095,74.81471747700394,56.98988173455978,81.52470433639947,57.83902759526937,55.21406044678054,39.522601839684626,24.314717477003942
VYD_04096,65.08434746118338,59.80738564834243,96.18086445656736,105.89299202685687,98.74569869911876,63.95845572807386,47.19261435165757
VYD_04097,69.6111053234712,64.87019481195958,92.33638920720908,101.58016460047922,92.06459006146474,60.90905302635693,44.4772372122096
VYD_04098,59.75918170103093,62.39980670103095,95.97712628865979,74.42702963917527,70.4278350515464,49.68524484536083,34.26498067010309
VYD_04099,51.755731073010956,50.733866307069924,75.92467732614139,61.892795222500474,52.14207281833942,27.39404738971296,9.70593334617607
VYD_04100,84.25599081647293,77.62548428755917,112.43004735256133,126.3382120820777,107.05653608839143,78.4125412541254,55.19888075764097
VYD_04101,58.137892376681584,47.945271096616366,87.04708520179368,86.91235222176923,70.20118222584587,38.19883815735833,24.18059518956379
VYD_04102,82.7649958915366,83.13229252259657,99.5821692686935,97.74774034511094,85.1368118323747,59.90714872637634,35.61175020542318
VYD_04103,63.23876324076726,54.803320927569416,86.32150014314344,73.03235041511594,69.8774692241626,46.257085599770974,33.07987403378185
VYD_04104,67.12404643449419,68.8980652294085,100.09309010503041,97.97838584853511,95.73250414593694,59.878496406854595,39.580652294085134
VYD_04105,62.97643979057592,44.55399214659686,100.04908376963353,101.1878272251309,68.11812827225133,46.90346858638743,35.230366492146594
VYD_04106,66.72639890147614,55.946790250600756,82.97528321318228,76.88499828355647,60.63027806385171,36.87126673532441,27.593202883625132
VYD_04107,49.67331038231565,53.837832940750154,85.96231201304585,78.19913027722414,70.95017213263274,59.295705743794166,47.417466932415294
VYD_04108,82.17208333333335,72.06958333333336,90.64125000000003,77.98875000000001,66.05791666666669,43.1975,25.860000000000007
VYD_04109,71.696675900277,70.10941828254848,112.86322714681442,99.30955678670358,81.73511080332409,53.76765927977839,33.269390581717445
VYD_04110,67.23540706605223,58.63786482334871,93.96428571428572,88.57987711213518,75.57450076804918,53.26574500768049,31.563748079877108
VYD_04111,82.1208931419458,68.55773524720895,98.7832535885168,103.16570972886764,93.47336523125999,60.992503987240845,36.62679425837321
VYD_04112,55.389556853315014,48.119203023016155,68.95946410168327,60.78529714874614,48.28203366540709,29.516317416695298,16.272414977670906
VYD_04113,56.862332695984705,48.903851406719475,78.27670035509425,70.57470636438131,56.79022125102431,37.04151871073478,29.484567058180833
VYD_04114,65.99626057862626,41.432788821098214,40.96358984451879,18.055894508954935,28.300925014760878,23.88270025585515,25.527455225349346
VYD_04115,63.04573078091766,70.05742935278032,88.39182619264663,82.5553023397144,57.91719841993318,39.33865086599818,34.38362199939229
VYD_04116,58.18645320197044,47.37610837438423,77.85073891625616,74.19679802955663,70.32512315270935,44.99211822660097,23.032019704433495
VYD_04117,72.06109966922547,69.56662297946698,112.62922049553765,109.29632403420082,105.08618860388194,66.43705922736066,47.397927978530845
VYD_04118,71.4928425357873,46.071574642126784,75.52828902522153,62.84117246080437,55.16053169734149,42.85207907293796,20.761077027948186
VYD_04119,58.99538148900793,48.29650840569001,89.98115647515242,101.9135414742287,89.12008128579346,59.41973027895806,41.409569554775544
VYD_04120,77.9194206276534,67.17922250894864,95.0897361192042,83.14076417214683,71.37700824107216,46.92682926829268,31.12394905519021
VYD_04121,61.46937842778794,59.294028031688,110.89579524680076,114.47897623400371,102.73552711761123,74.71282754418039,45.44134673979281
VYD_04122,70.78106212424852,35.197394789579164,61.67284569138278,61.92785571142285,50.168837675350716,31.5185370741483,21.269038076152306
VYD_04123,92.46164259927795,72.91606498194945,96.4571299638989,97.0451263537906,86.34070397111911,59.081678700360996,40.65162454873645
VYD_04124,55.7437519772224,71.07940525150272,88.15279974691555,92.56817462828218,85.42518190446062,59.806390382790255,34.21006010756089
VYD_04125,58.81649175412292,64.29175412293851,108.91844077961015,95.3829085457271,83.66296851574211,53.596101949025474,38.24047976011994
VYD_04126,87.48348834074675,83.18654805229819,132.9125219032215,135.94406254212163,100.23682436986118,65.14314597654673,38.8319180482545
VYD_04127,54.82226266302699,47.63572945101608,52.40885653624506,29.8219593569912,27.778889899909004,14.01971489232636,2.8850470124355483
VYD_04128,60.84990554034776,49.650537841693314,92.64325095423524,80.24486255156722,70.06026140262942,43.40386320700155,23.861163588695682
VYD_04129,98.05622895622899,101.05050505050508,134.88787878787883,120.16060606060609,108.21094276094276,79.49393939393943,65.44966329966331
VYD_04130,55.59394048045892,60.885801362495535,93.80225887414845,102.06364288275367,77.19433488705629,50.36984582287557,30.13373969164575
VYD_04131,68.00810870041639,72.0550076703923,104.04426912119222,70.73175542406312,62.97633136094676,40.150777996931836,29.56300679377603
VYD_04132,83.02826948480846,78.77093791281374,86.86182298546896,46.7894319682959,47.59471598414796,32.91624834874505,25.358256274768827
VYD_04133,85.06610833044255,61.26383864413501,112.62634421923788,111.6689132266218,99.29813172109617,61.979979186282776,41.796917587591054
VYD_04134,77.85338624338621,66.08142857142855,96.63835978835976,87.33089947089942,70.47185185185182,41.45693121693118,27.116031746031737
VYD_04135,67.51677997974829,59.1821929697671,84.40322580645153,88.60465789093008,81.40597425141033,62.531173152032395,38.70172139447416
VYD_04136,43.92107092351573,38.18810670885166,64.99235397042258,69.00131828096163,56.93852016969868,34.40780422329283,30.040746866086625
VYD_04137,63.64844649021865,49.68124280782509,93.08486766398158,81.01294591484466,53.638089758342915,34.23014959723821,19.539125431530497
VYD_04138,73.21629293216007,60.30286687482259,99.83167754754469,77.85353391995456,59.31138234459267,36.72069259154129,27.69883621913142
VYD_04139,58.97936400541271,61.506653134866916,103.24007668019847,102.22068110058638,73.17027514659448,51.080514208389715,38.01454668470906
VYD_04140,54.904320987654316,38.66893004115227,97.89176954732511,112.67633744855968,110.51522633744857,70.77345679012345,49.71584362139918
VYD_04141,80.03845180875284,86.32102200860106,94.8950164432077,84.77232481659499,74.72603086263597,57.236782190741216,37.12218568176068
VYD_04142,65.00019402405898,65.90958478851377,103.98311990686845,96.67423360496703,79.7584400465658,55.25979821497865,35.70547147846334
VYD_04143,70.12103658536586,58.05426829268293,81.134756097561,73.71310975609755,60.97530487804878,42.015243902439025,29.157317073170734
VYD_04144,60.2590739561539,41.992631674702075,78.58168834712997,85.42886382243246,62.89124897662148,35.38142454289095,20.00900573091968
VYD_04145,63.86400276370337,41.76497005988024,65.88565177337634,67.31460156609857,61.72777521879319,41.38046982957163,33.857669276830954
VYD_04146,53.42553900337917,42.19689686354766,83.68549807243825,91.88049117129124,79.22512017514639,59.51934700870974,43.07962495835516
VYD_04147,64.44870676310826,72.09172272100415,113.74506768737159,105.22991190791139,108.44015085418363,61.70119050969577,32.198024260504894
VYD_04148,71.44654047832204,69.06733597646759,111.85349788975573,111.68627701752142,91.73884128405169,55.5398388540734,38.02679370763523
VYD_04149,57.87178456591639,63.63933547695605,111.23700428724545,117.01728295819937,101.00911039657022,68.35142015005358,46.18327974276527
VYD_04150,79.56034482758618,91.58013598834387,152.07807187955314,155.13938805245266,128.23907236522584,71.69171928120444,47.889023797960164
VYD_04151,62.5015216068168,39.89584601339013,57.45823189287886,61.92886488131467,60.507912355447345,40.93989653073645,21.2688679245283
VYD_04152,47.85813872429415,64.27631578947366,91.26960613454162,75.57258626699198,70.19257581038688,55.33391425583825,37.07101777622865
VYD_04153,83.56354602510461,70.42625523012553,103.95109832635981,79.29733263598325,70.46338912133889,46.0211820083682,31.467050209205016
VYD_04154,48.25823330255462,48.90181594336719,73.67313019390585,84.22807017543863,73.92028316405052,44.59187442289936,30.03816558941212
VYD_04155,59.86752637749121,33.39139172667895,60.053257410818965,56.43945737732374,53.239490872550675,38.723329425556855,31.16596884943896
VYD_04156,65.35199784381109,67.3414864227478,93.07769018260227,100.72292972171687,89.242773398019,56.23953911461493,42.16400512094873
VYD_04157,79.90537531806613,81.30470737913485,87.90791984732823,81.7662213740458,75.68924936386766,43.140585241730285,32.724395674300254
VYD_04158,88.1869860564891,68.47530517391083,106.24950201746768,98.61428060677258,81.212983298432,56.749067878849765,43.061034782164555
VYD_04159,54.495945945945934,51.085979729729715,80.43817567567567,68.84256756756757,67.12043918918917,46.83513513513514,27.35895270270271
VYD_04160,72.08839779005524,57.674033149171265,87.70718232044197,65.8756906077348,64.11878453038675,50.15469613259668,38.469613259668506
VYD_04161,71.07641633728589,42.95309617918313,82.3691699604743,78.29380764163373,65.14123847167323,37.44716732542819,24.18181818181818
VYD_04162,67.1199494949495,63.34806397306398,103.30513468013471,89.49031986531986,70.99537037037038,41.747053872053876,27.964225589225588
VYD_04163,68.7386493704693,63.676459366653965,98.78252575352921,89.0076306753148,62.35597100343383,39.747043113315534,27.382296833269756
VYD_04164,67.52203721841332,60.64250734573947,93.67433888344762,81.8501469147894,57.015181194906944,34.7228207639569,23.02791380999021
VYD_04165,82.79120879120877,87.42490842490841,118.40293040293037,113.48901098901095,100.54761904761904,65.41758241758241,50.27289377289376
VYD_04166,62.922603792926715,42.324619853066814,58.743208610968736,54.71621390739793,57.48368358106954,42.28002733640868,39.466085767982236
VYD_04167,57.972339146121456,59.19242333132892,88.35177390258566,81.97414311485267,81.3974744437763,54.32772098616957,36.601322910402885
VYD_04168,57.222990777338616,42.54183135704877,62.576086956521756,50.41864295125165,52.894268774703555,37.92687747035575,30.825098814229257
VYD_04169,72.25000000000001,57.625,78.2,70.575,60.300000000000004,46.175000000000004,34
VYD_04170,53.64380468529495,40.516229184307086,80.98560541913632,79.87778718600056,70.03584532881739,51.29974597798475,33.7310189105278
VYD_04171,49.02791625124625,32.402791625124635,60.31306081754736,46.56929212362911,47.82053838484546,31.64905284147557,24.94416749750748
VYD_04172,71.19588377723971,49.66707021791769,86.56101694915253,93.4949152542373,76.33147699757868,45.34624697336563,30.037288135593222
VYD_04173,66.10919369235349,44.479619160964006,76.24546265992267,66.47188336804523,62.10175542993157,40.23207378756323,26.36209461469801
VYD_04174,59.83574879227053,40.90338164251207,70.77294685990337,65.32850241545891,57.42190016103059,38.30756843800322,23.529790660225437
VYD_04175,65.55478946072398,41.719034720512184,59.936468850036945,51.53804481654765,51.97980792908151,33.66436838217188,22.962570795370603
VYD_04176,60.94752186588922,47.93586005830903,89.69241982507289,102.18804664723034,93.24927113702624,54.212827988338205,36.395043731778436
VYD_04177,64.54226125137212,58.205268935236,103.05817782656422,108.89352360043908,98.46981339187704,54.356750823271135,36.52360043907794
VYD_04178,69.28349222277973,59.205218263923726,104.46161565479177,109.34320120421475,102.40491721023582,55.37932764676368,35.75012543903663
VYD_04179,54.886178861788615,56.325203252032516,87.0189701897019,72.08672086720867,68.51761517615176,48.07317073170731,37.70189701897019
VYD_04180,50.81658429434378,47.43108182317408,80.61449752883031,62.74903898956617,61.36298736957714,43.182866556836906,33.95936298736958
VYD_04181,63.127348643006265,59.34029227557412,78.14613778705638,68.1482254697286,62.336116910229656,40.94363256784969,30.02087682672234
VYD_04182,58.311320754716974,67.80188679245282,101.31132075471699,94.80188679245282,82.76415094339623,49.764150943396224,38.075471698113205
VYD_04183,60.96527436527438,51.96576576576579,100.73693693693694,86.99672399672401,73.17215397215396,42.47239967239968,28.275020475020476
VYD_04184,64.77497877158223,51.64930653835269,80.05377865836401,72.91253891876593,62.42796490234928,38.6725162751203,25.026889329181998
VYD_04185,73.27462631139169,65.01903258750346,82.43245752483517,64.50691672082442,74.40757589824527,52.23154767431063,32.09479156995636
VYD_04186,73.24612360777463,53.318410133216865,75.41188032321469,58.82245031666306,70.91295042585718,53.14942127101988,33.05075343961564
VYD_04187,85.33996279868363,68.22292173415366,92.03205036485903,69.4070682501073,74.9941336385749,53.16769208756616,33.99642295035054
VYD_04188,51.356229180546286,68.12751499000666,107.1988674217188,101.8335776149234,95.86788807461693,61.08860759493668,42.518254497002
VYD_04189,62.909568874868555,63.695057833859096,95.42087276551001,88.94926393270245,86.23080967402736,54.14589905362776,37.35318086225026
VYD_04190,67.85578205372451,65.35511526004954,87.540293389217,72.53076776528864,53.97637645265764,32.818060582968194,23.396837492855777
VYD_04191,61.947584789311406,56.14820143884891,90.74100719424459,83.89229188078107,79.84707091469683,51.094141829393635,36.48119218910586
VYD_04192,61.416414787258766,54.26854219948849,88.10695187165776,79.03278307370378,72.36770518484073,42.185538246919315,31.759823296907697
VYD_04193,64.51076574388863,58.109600129512714,102.5332685769791,101.63671685284118,90.34579893152012,53.86142140197506,37.75392585397442
VYD_04194,65.81816626753337,56.72117687307561,101.07560725282246,101.3034553540883,87.18457064659599,53.97023605884366,37.57697570988711
VYD_04195,61.849600241363724,60.67943882938605,106.7900135767084,104.41921858500531,91.86694825765579,55.34394327952936,41.145572484537645
VYD_04196,77.47695852534562,69.74193548387096,101.44470046082947,93.0322580645161,82.97695852534561,56.14285714285713,30.27880184331797
VYD_04197,66.87242026266415,63.76923076923076,83.8030018761726,80.92120075046903,67.70356472795497,44.97936210131331,24.808630393996246
VYD_04198,69.50300300300302,57.55255255255255,79.62312312312312,77.10660660660662,61.037537537537546,39.171171171171174,21.546546546546544
VYD_04199,68.03532834580217,55.99958437240234,82.38196176226101,80.07065669160431,64.67123857024107,41.73857024106401,19.50997506234414
VYD_04200,75.31221945137158,64.34314214463842,109.79102244389031,93.03690773067333,70.87481296758104,36.75910224438903,28.330673316708232
VYD_04201,60.00503978779842,38.09018567639258,54.455968169761256,46.352785145888596,54.66578249336869,30.221485411140584,16.27586206896552
VYD_04202,59.66150442477875,38.3665191740413,58.50995575221239,54.926991150442475,59.25884955752212,32.43473451327434,18.519174041297937
VYD_04203,57.78599456685783,61.10654995472381,92.3751886507697,66.71687292484152,69.0099607606399,48.106248113492306,31.331119830968916
VYD_04204,66.86675447261553,61.67972780155856,91.61398309735486,66.50773789924267,65.24245417627043,41.521128306442755,29.072220392931623
VYD_04205,70.11573056166299,67.86428143114134,104.39816110333798,88.4263441934839,75.11653008195084,50.382770337797304,35.58325004997002
VYD_04206,76.1335656213705,59.22415795586527,87.40534262485481,63.05052264808362,49.70209059233448,30.573170731707314,11.281068524970962
VYD_04207,72.7069905800694,39.164600892414484,61.62295488349033,59.300941993059006,55.7855726326227,41.65939514129896,30.507188894397622
VYD_04208,72.79622344610544,46.83477576711254,86.24107002360347,75.90007867820616,70.9375295043273,54.21022816679781,36.511408339889854
VYD_04209,67.36033519553075,69.92286205414699,100.78061882251829,84.68306832831973,69.07133648474434,54.665019338203706,34.20090244950581
VYD_04210,53.28715365239295,48.644206549118394,71.43419395465995,53.170025188916874,44.19049118387909,13.68765743073048,3.3186397984886646
VYD_04211,57.22678275290216,57.06840796019901,104.78731343283584,104.94527363184079,90.44029850746271,53.29436152570482,35.9299336650083
VYD_04212,59.482600131319785,59.3110089735172,105.6071350404903,103.6401838476691,90.28014882906547,55.15692711753118,38.16502516962136
VYD_04213,72.72080165860402,56.323427781617134,100.22874913614376,99.84588804422945,75.93918451969593,46.26952315134762,29.899101589495512
VYD_04214,71.72272727272728,58.36818181818183,102.62272727272729,101.38636363636364,76.70909090909092,46.85454545454546,29.913636363636368
VYD_04215,70.30809674027338,59.706624605678215,102.86225026288116,100.62250262881176,77.06624605678233,47.07150368033648,29.58885383806519
VYD_04216,85.14388173302108,60.97423887587822,96.95784543325529,99.66825234192038,85.53146955503516,55.472189695550355,35.97519028103044
VYD_04217,68.23244929797193,71.1021840873635,96.85413416536663,79.05616224648988,69.79095163806554,44.959438377535115,31.644305772230897
VYD_04218,75.98453745667818,49.487203412423355,84.43388429752068,61.285123966942145,54.84364169554786,37.16728872300718,28.612903225806452
VYD_04219,74.0958795562599,61.97464342313787,93.52139461172742,83.13589540412045,66.66679873217115,45.03169572107765,34.48969889064976
VYD_04220,82.43924349881796,73.02600472813239,103.69314420803781,84.06761229314421,65.38865248226949,52.048226950354604,35.19574468085107
VYD_04221,81.64841498559078,71.53756003842459,99.63823246878003,86.56407300672433,63.14178674351585,49.70566762728147,37.065321805955826
VYD_04222,71.4731182795699,57.123655913978496,98.33548387096774,78.52903225806452,55.479569892473116,40.77311827956989,31.329032258064515
VYD_04223,56.9078442723786,57.49413850495693,99.95857153194872,101.6320283667414,91.03303422823647,60.23391707069974,36.29712714378754
VYD_04224,52.19773574291541,49.11743196680965,87.29224386470715,90.15441952042751,79.09528162576471,56.16208424161452,32.99957808874199
VYD_04225,78.21358247940526,70.34337954591119,125.60779586096041,122.34779987944545,109.01848503114326,67.91480811733976,42.59272654209364
VYD_04226,75.32815890502418,72.4606910365548,128.49023535302953,119.87080620931395,105.17976965448169,66.11700884660324,41.3243198130529
VYD_04227,55.7576584774037,65.58871701546862,90.3994540491356,83.00060661207159,73.16014558689717,47.415225962996665,36.96360327570519
VYD_04228,57.758823529411764,71.38823529411764,94.62941176470589,91.64215686274511,81.00392156862745,55.952941176470596,51.15686274509803
VYD_04229,53.10540540540539,55.98513513513513,90.2054054054054,85.70810810810809,75.98243243243243,50.50945945945946,46.45270270270269
VYD_04230,83.66529435981887,69.62810484424318,92.8242074927954,81.35213393714838,71.91121174694662,51.0109784547825,32.848909016055984
VYD_04231,75.74505692031155,69.45925704014378,98.24955062911921,106.25823846614736,86.94997004194127,55.15188735769921,37.87118034751348
VYD_04232,73.90186692197226,39.26216690601564,72.19116004467847,88.52241902026489,84.3213658847934,48.93872666347536,25.590553693952447
VYD_04233,68.97333333333336,51.47333333333334,95.17928571428573,100.58928571428571,79.54357142857145,55.04809523809524,33.59499999999999
VYD_04234,85.52631578947367,77.37209302325581,108.97184822521419,115.86046511627906,100.61750305997552,58.468176254589956,38.24418604651162
VYD_04235,68.99116809116812,53.79601139601141,87.74743589743592,95.64529914529916,75.06424501424503,45.297435897435896,27.47507122507123
VYD_04236,71.08222985123425,43.96648683995423,63.96746771293116,75.43354585581166,63.75821481118194,40.76393657021415,31.001634788294904
VYD_04237,85.55982358069637,69.83301707779883,100.0751833427355,90.80127186009538,78.87917329093793,49.80347710138982,31.80040002051387
VYD_04238,89.1314655172414,80.42887931034483,107.8455459770115,108.13936781609198,86.99820402298852,57.04166666666667,35.992816091954026
VYD_04239,79.07904689863842,74.07053706505295,83.2976550680787,74.75302571860817,60.30767776096822,42.04916792738276,29.327344931921335
VYD_04240,72.76923076923077,55.42712550607288,94.66599190283404,89.9089068825911,87.67206477732793,63.44129554655872,45.9838056680162
VYD_04241,75.1015314804311,63.2733976176971,109.37095859330688,112.0828133862734,95.44072603516734,67.7175269427113,45.96142938173568
VYD_04242,68.75647792706333,37.257677543186176,57.90930902111323,62.625959692898256,52.0623800383877,26.64923224568138,16.73824376199616
VYD_04243,69.924670433145,30.74576271186441,49.80225988700565,52.48964218455743,48.38418079096044,31.751412429378533,21.17702448210923
VYD_04244,73.03924221921517,63.96075778078487,92.51781686964368,86.94181326116376,77.89670726206587,48.86603518267931,30.625620207487604
VYD_04245,73.1284046692607,54.37613488975357,78.63424124513618,70.87808041504539,64.80804150453956,36.84176394293126,23.447470817120625
VYD_04246,58.511758118701,54.963045912653975,83.11870100783874,88.55319148936172,81.23628219484883,55.69428891377379,36.68533034714446
VYD_04247,72.7860495579085,66.32911254229887,95.30990066586617,88.56238401921186,75.38773059709638,45.0566532037987,39.48378997925989
VYD_04248,62.4732142857143,53.81964285714288,70.15892857142859,60.455000000000005,53.59714285714286,33.08607142857143,23.01178571428572
VYD_04249,75.90357852882705,64.86878727634196,95.7882703777336,76.93041749502983,59.472166998011936,42.80616302186879,28.066600397614312
VYD_04250,87.24736225087925,92.98241500586164,141.48065650644781,124.96014067995307,111.28722157092614,64.45017584994136,49.16412661195778
VYD_04251,96.19210977701545,94.17667238421956,143.04631217838767,130.89022298456263,116.20926243567753,80.18867924528303,59.46655231560893
VYD_04252,86.99668654738234,87.60636182902581,136.42611000662689,120.90125911199468,107.86149768058316,67.26176275679256,53.56858846918488
VYD_04253,60.371051120045955,60.99368179207354,84.01895462377942,81.91097070649053,68.31476163124641,42.55944859276278,29.25330269959793
VYD_04254,57.84567257559958,48.675703858185614,82.15015641293013,72.21584984358707,74.88112617309697,46.05213764337853,31.903023983315954
VYD_04255,83.88101265822785,83.99493670886075,132.49620253164557,121.13164556962026,100.1620253164557,71.51392405063291,39.22025316455696
VYD_04256,74.74595469255665,53.50161812297737,72.61003236245958,53.31877022653723,49.339805825242735,31.006472491909395,17.703883495145636
VYD_04257,86.79410839710658,75.23451095502669,103.55959744207985,97.2979347940035,86.90261033651323,56.68927560540935,38.8243002411154
VYD_04258,73.18368343917928,56.181729360039085,88.65168539325843,87.87078651685394,74.33781143136295,54.89643380556911,34.17391304347826
VYD_04259,68.05083459787556,49.63694992412747,78.95713201820942,74.11836115326251,51.86722306525039,40.449165402124436,24.902503793626718
VYD_04260,71.54140914709518,76.02472187886279,104.80469715698395,89.6353522867738,60.290482076637836,43.03955500618048,25.12237330037083
VYD_04261,73.80493727235938,75.8535006070417,124.1072440307568,121.07405908539052,105.3771752326993,70.61392148927561,38.88830433023068
VYD_04262,58.36045056320401,57.59198998748436,84.20650813516895,75.38297872340425,60.62828535669586,38.10888610763454,22.469336670838548
VYD_04263,55.57400895140665,54.09382992327365,77.7655051150895,64.66512148337596,56.01294757033248,36.259910485933496,18.69820971867008
VYD_04264,82.60243107026383,88.39490068188556,118.43729617551136,97.33708864512305,76.50252001185889,48.538096649866574,36.44678327898013
VYD_04265,44.806003484164926,33.02563988028768,68.17300218877028,60.750346183052685,64.0576227274758,43.38263277795151,32.5502300442221
VYD_04266,51.823629382514,38.23843393969912,72.32724869390066,69.06917605589474,71.24737206521056,48.41933656448669,34.69641845534084
VYD_04267,70.66953316953317,76.56420056420058,118.56188006188009,100.01001001000999,81.10751660751662,47.93247793247793,33.186868686868685
VYD_04268,46.07566471383505,10.14673276250563,39.664398377647586,33.67278053177107,36.47242000901306,28.359035601622356,22.983776475890036
VYD_04269,72.87948308407142,56.33004210832002,92.72106868012195,83.30477711630607,77.92754464933932,50.30419631189195,35.65819660229418
VYD_04270,74.8071698845445,69.99534297079656,99.31308819249058,88.81231202095664,79.58047928592221,52.616037644319405,31.99975744639566
VYD_04271,71.30569635529808,53.03017137340091,85.34093651943037,82.01894762249579,70.43072652667149,49.37002172338886,30.440381366159787
VYD_04272,83.0893300248139,57.0347394540943,104.82630272952854,94.76178660049628,86.61538461538463,48.30024813895781,33.93796526054591
VYD_04273,75.96653947754623,66.5884942764896,112.40299383621955,118.6991488112709,99.02788376871146,67.58115644261814,40.075726445553265
VYD_04274,72.6144578313253,64.56626506024098,120.02409638554218,119.65060240963855,96.91566265060241,62.87951807228916,36.34939759036145
VYD_04275,86.26394557823131,73.63843537414967,129.7993197278912,126.89693877551022,104.23911564625847,63.91768707482993,45.18639455782314
VYD_04276,75.76149425287358,81.04885057471263,115.72413793103449,93.9080459770115,57.979885057471265,41.13505747126437,27.405172413793107
VYD_04277,77.9524838012959,59.663066954643625,90.2001439884809,75.28293736501081,46.86969042476602,37.8675305975522,27.34269258459323
VYD_04278,77.95208333333335,63.89166666666667,97.83333333333331,82.85000000000001,61.003125,46.844791666666666,29.209375
VYD_04279,77.13043478260869,60.311123658949754,90.85770750988144,84.90175042348956,59.501411631846416,40.93788819875776,28.37718802936194
VYD_04280,62.63772187460095,48.16460222193847,90.95083641935896,85.686885455242,73.26548333546165,49.38602988124123,30.765930277103823
VYD_04281,58.814655172413794,47.21012931034483,68.70689655172413,71.3448275862069,72.89008620689653,59.02155172413792,38.94612068965517
VYD_04282,57.671213208901655,48.091888011486,72.91959798994975,75.85857860732231,69.09475951184494,52.84852835606604,36.804737975592246
VYD_04283,79.48588172615875,69.30687266915291,105.09909429941395,91.44219499200852,76.28716036228022,54.5380927011188,32.992541289291424
VYD_04284,77.42849713988558,72.83723348933958,109.83255330213207,101.30213208528338,86.8476339053562,57.32033281331251,42.90691627665106
VYD_04285,102.5707584050039,97.07849882720878,98.59546520719312,82.83127443315088,76.3845191555903,64.20938232994526,53.0045347928069
VYD_04286,71.06042930471301,59.81847876808212,88.2326178254783,100.19878674755017,76.7865142323845,47.25104993000466,33.920905272981805
VYD_04287,83.84476367006488,64.51019462465247,88.08294717330864,91.05977757182579,67.96987951807229,46.16079703429102,33.74791473586654
VYD_04288,73.21532091097309,58.36335403726708,87.35507246376814,90.92753623188406,65.05383022774328,47.654244306418214,28.295031055900623
VYD_04289,68.7771573604061,53.05583756345177,91.5299492385787,99.46548223350254,90.4710659898477,60.785786802030465,40.902030456852785
VYD_04290,67.0351137487636,51.70722057368942,88.10682492581606,97.21909000989122,89.22601384767557,59.034124629080125,37.667161226508426
VYD_04291,67.71364985163206,68.37715133531158,95.88427299703264,113.7243323442137,90.64747774480713,48.432640949554894,32.85163204747774
VYD_04292,80.35839311334291,72.91305595408895,111.04060258249645,108.16083213773314,95.2868005738881,55.618507890961276,33.66097560975609
VYD_04293,67.66492926284437,72.65748324646313,101.78816083395385,99.34270290394637,92.14445271779597,52.81682799702159,30.67032762472078
VYD_04294,72.63157894736841,44.53459491425192,77.82160457323081,77.91346343386556,72.02838557066822,45.596885472107225,25.792824758525523
VYD_04295,69.10481465700896,40.57775884107372,67.66723476778866,69.05198125266298,58.05496378355348,35.998721772475506,22.102258201959955
VYD_04296,66.5509138381201,61.569190600522184,90.3864229765013,80.83550913838118,70.03655352480418,41.97650130548302,29.245430809399476
VYD_04297,82.4252217997465,77.51605407689054,114.17617237008871,110.5441487114491,78.47549640895649,43.5190114068441,30.57456696239966
VYD_04298,92.00644028103042,83.81147540983605,117.02810304449648,110.27107728337234,95.5427400468384,55.449063231850104,38.062646370023415
VYD_04299,89.0985942991019,66.90726278797342,97.60249902381882,83.19816477938303,69.2286216321749,37.208707536118695,28.52186645841467
VYD_04300,85.10125448028674,70.12275985663081,104.62320788530467,91.89695340501791,83.581541218638,53.4502688172043,36.22849462365591
VYD_04301,58.82510930668333,41.45096814490944,68.38788257339164,67.4478450968145,61.5315427857589,33.465334166146164,19.420986883198
VYD_04302,71.7604895104895,42.93006993006994,72.14335664335667,90.69755244755245,75.66958041958044,49.45279720279721,24.952797202797207
VYD_04303,67.02530211480362,44.416163141993955,70.02983383685799,79.49886706948641,66.07250755287008,43.188066465256796,24.803247734138978
VYD_04304,57.721532091097316,60.37060041407869,81.55900621118013,60.82194616977226,51.14906832298137,23.224637681159418,14.600414078674952
VYD_04305,68.33492496589359,57.27148703956344,79.66234652114598,72.67735334242839,60.20532060027286,35.0661664392906,25.718281036834927
VYD_04306,79.45227817745804,50.77745803357315,83.57841726618705,69.26235011990408,55.829256594724214,37.80191846522782,21.86906474820144
VYD_04307,72.98258977149077,60.7714907508161,98.60282916213274,85.36235038084874,77.74537540805223,49.34602829162133,35.94668117519043
VYD_04308,83.40832521230685,71.79507169706247,110.87414729221777,104.90129472365307,78.46554364471667,48.06752053459556,29.58708060698872
VYD_04309,65.79427867506156,65.68471119627702,101.83417738844783,102.3850944429236,78.77313167259787,46.91349575691211,27.77450041062141
VYD_04310,67.31839622641509,64.63207547169812,100.41745283018865,85.20283018867923,81.28537735849055,61.1438679245283,40.92216981132075
VYD_04311,79.63871817383671,71.1885425812116,99.81145741878842,100.82199297629502,82.89091308165057,60.18481123792802,43.041044776119406
VYD_04312,79.8707088720464,77.06999554168529,117.62015158270177,114.87382969237632,101.12438698172093,66.34685688809633,44.14578689255463
VYD_04313,70.8021052631579,66.7823157894737,104.25726315789474,100.51326315789476,91.69178947368425,61.44884210526318,40.68968421052632
VYD_04314,63.89459274469542,61.89322381930185,76.85968514715948,67.68104038329912,58.08145106091719,39.539356605065024,31.80698151950719
VYD_04315,66.62565569861708,68.07963757749167,97.24558893657607,105.12875536480689,70.09298998569385,42.9728183118741,35.5793991416309
VYD_04316,55.59648437500001,68.39882812500001,100.749609375,104.12890625000001,66.63671874999999,40.870312500000004,33.982031250000006
VYD_04317,71.42024793388431,74.89132231404959,99.58099173553721,100.84876033057854,72.10702479338845,45.68966942148762,34.12438016528927
VYD_04318,68.57945041816009,60.33094384707289,110.15412186379929,113.92353643966548,87.42891278375149,52.044205495818396,40.31780167264039
VYD_04319,89.9971724787936,69.68426013195099,111.16870876531576,98.76343072573044,80.2525918944392,57.48067860508954,38.32516493873704
VYD_04320,72.40218423551758,51.3801044634378,80.89363722697058,81.50569800569801,67.45512820512823,46.91951566951568,32.70370370370371
VYD_04321,67.16887773395483,63.75678259830283,103.07935938807215,99.62889924704191,86.51308712800282,60.98267001314688,37.61384008605235
VYD_04322,65.57569721115537,64.64163346613547,101.12011952191234,90.10697211155379,78.51812749003983,57.51434262948208,39.1195219123506
VYD_04323,74.89072327044023,72.38364779874213,112.23270440251571,106.77358490566036,95.89858490566037,65.54638364779873,40.5440251572327
VYD_04324,67.30915086562243,65.66089585050838,110.68810112668316,112.85600439681228,102.13822478702942,69.79087661445452,44.00109920307776
VYD_04325,90.18879056047197,90.12389380530975,120.51327433628317,132.86430678466076,111.070796460177,81.03244837758112,52.95870206489676
VYD_04326,56.04858125537403,59.42906276870164,88.9402407566638,83.23645743766124,69.3993981083405,53.377472055030104,33.806104901117806
VYD_04327,59.60748663101606,67.3116577540107,103.87486631016041,101.26417112299464,90.03016042780749,65.4814973262032,40.06844919786097
VYD_04328,61.86762272476559,51.61279646993933,67.48097076668505,70.7027027027027,63.72531715388859,42.22283507997794,31.73800330943189
VYD_04329,79.22448979591839,72.82857142857144,118.15568513119534,113.84548104956268,99.22332361516038,61.412827988338194,47.67813411078717
VYD_04330,71.24274973147155,48.89607948442537,76.5120837808808,74.3246509129968,70.96348012889368,52.489527389903344,39.093716433942
VYD_04331,59.274061990212076,47.12887438825449,86.12398042414355,64.09298531810767,52.582381729200655,35.70962479608483,20.437194127243067
VYD_04332,61.843406593406606,68.66758241758242,100.353021978022,82.7596153846154,72.25274725274724,41.206043956043956,24.635989010989007
VYD_04333,73.61511432009628,60.48404332129963,71.81391095066185,79.39157641395909,75.4468351383875,60.86478941034897,44.7647172081829
VYD_04334,77.70249520153551,60.73032629558542,70.86564299424182,64.99376199616123,65.6031669865643,49.05662188099809,31.20825335892515
VYD_04335,84.43135011441647,66.55225019069414,78.4752097635393,65.47864225781845,64.41685736079329,48.10602593440123,31.865751334858892
VYD_04336,83.32971165900544,46.60468031759299,57.7367321353949,36.00752193898872,40.845800250731294,31.28583368157125,17.251984956122023
VYD_04337,61.459982409850475,57.103781882146,84.94781588976836,76.34623277631192,56.69774259747872,37.76693051890941,29.923189680445606
VYD_04338,58.25000000000001,48.1286231884058,90.82699275362319,74.80072463768114,71.14945652173913,43.16394927536231,37.276268115942024
VYD_04339,67.63644830797888,55.454827693262956,99.60509158646383,88.02576839490841,78.71189071716857,50.352375038807814,39.17975783918037
VYD_04340,45.034637964774944,27.481409001956948,59.62974559686888,51.414481409001965,45.400782778864965,27.173385518591,25.99510763209393
VYD_04341,56.55448372152059,45.29478961731295,82.88113219521483,73.42057498254742,54.85117725455355,29.92390683505745,26.076093164942566
VYD_04342,66.26215644820296,53.595842142353774,93.26638477801269,90.19133192389006,73.1677237491191,43.96828752642707,29.292811839323466
VYD_04343,73.37831912302069,66.84409257003654,44.46894031668696,36.756638246041426,29.92691839220463,22.565651644336175,18.987819732034104
VYD_04344,55.68173213440606,36.394462849029814,71.78182678655939,90.63002839564598,73.91481306199715,47.64185991481306,38.26893043066729
VYD_04345,64.916149068323,56.785996612083565,63.516657255787706,64.48080180688878,44.97233201581029,35.161208356860534,30.675042348955397
VYD_04346,58.665084544645495,40.02907149213883,87.8558291308217,85.48946900029667,64.7632749925838,48.070898843073266,32.676950459804225
VYD_04347,50.25333333333334,41.98962962962963,66.6688888888889,61.040740740740745,57.61555555555557,34.94592592592593,26.108888888888888
VYD_04348,57.989599999999996,52.321600000000004,87.99279999999997,94.15119999999999,80.2352,45.745599999999996,29.6352
VYD_04349,65.10702341137123,64.89870998566651,92.41614906832297,93.45532728141424,76.76445293836599,46.64548494983278,29.9417104634496
VYD_04350,72.17989592797555,63.34500702073181,36.99372263979515,30.528372016188978,27.526720079292964,12.778640455934582,19.382010407202447
VYD_04351,67.95501574448942,35.23121907332434,67.07557354925774,59.43184885290148,42.29059829059829,33.18353576248313,21.24876293297346
VYD_04352,75.99470078841928,43.037869975442675,73.4050665632674,68.45650769031924,68.20550601008144,47.213777950109886,33.897117745896345
VYD_04353,67.63571644956075,42.82490154498636,83.12269009391093,73.79839442593156,66.1808542865798,47.321266282944556,33.964101787337164
VYD_04354,66.30977845683728,39.275401069518715,73.16042780748663,61.46142093200915,56.632543926661576,36.58670741023682,30.771963330786864
VYD_04355,69.99580052493438,39.94934383202099,69.953280839895,62.98661417322834,58.71469816272965,43.81732283464568,30.62125984251968
VYD_04356,56.25647871839171,52.848280194754196,85.00298413695619,88.85456258834614,79.47667661378986,52.88283335950997,37.84184074132244
VYD_04357,77.70978298312087,48.51211390515557,92.41227465839934,78.18406246411756,62.99385692961302,35.89970145826156,29.64330003444711
VYD_04358,70.74850393700787,52.12393700787403,94.38818897637793,92.63842519685042,75.17322834645668,44.19606299212598,33.60031496062992
VYD_04359,55.36129032258064,54.22867383512545,101.99354838709678,100.81290322580642,86.03512544802865,62.11541218637993,38.54695340501792
VYD_04360,42.244748412310706,57.842696629213485,115.0341963849536,114.43087445041525,103.84465070835368,67.65119687347337,39.4684904738642
VYD_04361,46.36118598382749,57.84164420485175,91.85512129380052,90.74056603773585,87.38814016172506,58.71024258760107,33.12803234501348
VYD_04362,63.81886477462436,70.23622704507511,118.37353923205337,112.08013355592651,101.67988313856425,66.43071786310517,42.56928213689481
VYD_04363,54.84202682563338,46.49329359165425,88.80774962742177,81.38152011922504,66.41281669150521,49.767511177347245,32.7317436661699
VYD_04364,57.14077669902913,54.9747572815534,97.38737864077672,90.16601941747571,76.26116504854369,53.247572815533985,34.390291262135925
VYD_04365,49.56373713380839,46.53365003958828,96.96437054631829,93.61124307205068,81.99524940617579,55.628661916072836,38.58986539984165
VYD_04366,56.55941255006675,46.726301735647525,89.00734312416554,92.26234979973297,77.67823765020027,56.21028037383177,34.39185580774365
VYD_04367,84.07561272379627,25.7338779767078,39.16130714409872,37.40883017556059,32.27324873978793,23.759256040326783,19.75699634973057
VYD_04368,76.85494909030214,36.04156234351528,74.22166583208147,72.7067267568019,54.40861291937908,37.003004506760156,31.18861625771992
VYD_04369,59.27464332036316,44.273886727194125,102.8874837872892,103.00983571119755,77.0669044530912,52.978274967574556,40.146670990056194
VYD_04370,59.06560559006211,57.174301242236034,97.83928571428572,96.83889751552795,96.51940993788821,62.657608695652165,34.00194099378883
VYD_04371,59.2017094017094,38.51047008547009,52.764102564102565,32.20854700854701,29.547649572649572,19.91538461538462,7.000000000000002
VYD_04372,60.005470887065265,48.459554513481834,52.87807737397421,18.952325127002734,24.679562329034777,24.027745212973816,9.262602579132473
VYD_04373,62.96133110243538,51.546384086261384,48.23777653839004,22.246328313812985,25.385387618516454,22.160996467744937,7.763524818739543
VYD_04374,73.6219512195122,77.1878048780488,109.37073170731708,107.82926829268293,86.42195121951218,60.075609756097556,46.324390243902435
VYD_04375,64.37037833190027,65.98753224419605,96.22527944969906,88.6719690455718,70.96109200343939,51.45012897678418,31.70012897678418
VYD_04376,79.56179775280899,55.8932584269663,83.30337078651685,82.84269662921349,65.76966292134831,64.65168539325842,41.561797752808985
VYD_04377,85.40550458715596,70.65504587155965,96.81467889908257,75.45871559633028,71.73577981651377,52.03119266055047,42.95412844036698
VYD_04378,79.07675087943717,85.07595139110971,120.35225455708348,113.20706747681481,93.5011192836585,62.85641189638631,45.9240486088903
VYD_04379,79.9967845659164,79.07073954983925,107.31832797427656,103.60128617363345,83.09967845659165,71.82315112540195,49.09646302250804
VYD_04380,70.17716781035558,66.5159076731129,89.772301933874,83.45726762320648,64.46600124766064,55.25951341235184,33.10168434185903
VYD_04381,55.59075841285785,47.981416373681576,73.66308387744851,85.39929683576092,77.33912606730286,58.269010547463594,43.772877950778515
VYD_04382,58.17391837234954,48.089962005147676,83.58512072557909,75.99644564284839,61.185194264002945,38.168770682681696,29.962250275769087
VYD_04383,70.69394812680115,57.21959654178675,88.05417867435159,82.59308357348702,60.59769452449568,40.894524495677224,32.39538904899136
VYD_04384,77.79827762370458,30.245657568238208,68.08903809662823,60.18479054152679,48.11341410013137,32.50415997664574,21.879871551598303
VYD_04385,81.37787154242848,33.80825128926396,73.3806844819503,68.34341303328645,53.01617440225034,33.23652133145803,22.65119549929676
VYD_04386,57.6214771622935,26.034499514091355,53.18027210884354,27.66958211856171,30.23955296404276,21.1287657920311,25.382896015549072
VYD_04387,57.42720139494333,25.100697471665214,52.30557977332171,23.72231909328684,28.975152571926763,21.74716652136007,27.563644289450746
VYD_04388,63.27058508501807,26.722586691658854,52.65189449725532,39.8153701968135,36.45949926362298,27.522024367385193,27.06868389342616
VYD_04389,79.83170501103058,39.523479357075324,87.6129845572014,105.84462653640091,85.01733375354553,53.56224393318627,35.124487866372526
VYD_04390,55.33576022327387,24.152651377260046,58.99939327751487,53.53124620798446,57.80354325931319,46.33017837641062,31.42058002669579
VYD_04391,40.34289044289044,26.027505827505824,65.70163170163174,60.00769230769231,66.25477855477857,50.42727272727274,35.168997668997676
VYD_04392,60.491143317230275,52.89993098688751,81.88336783988959,76.6781688520819,80.97860593512769,50.270071313549586,29.28847481021394
VYD_04393,46.23285024154589,24.03075684380032,71.34959742351047,88.490499194847,81.23639291465379,65.69452495974234,46.917391304347824
VYD_04394,59.63879003558719,39.477758007117444,65.7775800711744,76.84074733096087,62.69217081850535,44.62633451957296,33.418149466192176
VYD_04395,53.661406312425086,22.57211346384339,43.0353575709149,52.592089492608864,47.178585697163406,37.946064722333205,28.713943268078307
VYD_04396,48.27236123094622,18.72389991371872,43.99539833189532,41.248490077653145,30.316939890710383,28.467644521138915,22.787460454414724
VYD_04397,52.89479277364505,31.18065887353879,50.556854410201915,71.42933049946866,73.40488841657812,52.35494155154093,44.87353878852285
VYD_04398,61.28492537313434,65.35925373134329,107.09731343283585,101.16492537313437,86.13313432835824,57.84895522388061,50.15850746268658
VYD_04399,66.10791366906473,78.98561151079136,119.23741007194243,103.47482014388488,95.34532374100719,60.35971223021583,43.10791366906474
VYD_04400,85.26229508196721,77.75409836065575,126.36065573770492,129.49180327868854,92.0327868852459,61.0327868852459,35.77049180327869
VYD_04401,77.9208519211397,50.53273852352855,88.50143905597929,78.70636062742838,64.48891926895956,50.85019427255718,31.369405669880557
VYD_04402,48.00849858356943,40.554431404289765,91.06556050182115,107.1218130311615,92.75475515985431,60.93403480372319,40.71469040874141
VYD_04403,41.03500761035007,34.75071875528496,86.49720953830543,100.51107728733301,96.20750887874176,63.117199391172,39.798917639100296
VYD_04404,40.24381253291207,40.256714060031605,99.93601895734598,110.59136387572408,99.43285939968405,63.05318588730914,39.57477619799895
VYD_04405,45.6183908045977,40.00689655172414,85.33103448275862,87.27126436781612,75.2896551724138,55.013793103448286,44.55172413793104
VYD_04406,53.273036930799556,45.494980279670145,96.18214413768375,107.52653280745793,77.62011473646469,49.54912154894229,27.942811043384726
VYD_04407,61.217423678332096,57.434102755026046,70.38421444527178,48.166790766939684,40.36187639612806,30.729337304542067,18.2982129560685
VYD_04408,100.90022421524665,84.55269058295964,117.9103139013453,122.5437219730942,93.89237668161437,63.64798206278027,67.52017937219732
VYD_04409,68.28301886792453,61.23270440251573,91.35779175401817,75.55974842767297,58.575821104122994,37.63522012578617,28.712788259958078
VYD_04410,51.91692546583851,43.19132653061225,79.30956078083408,91.68311889973381,73.49123779946761,54.088952972493345,32.059117125110916
VYD_04411,45.95571955719557,42.10947109471095,70.18327183271833,69.87330873308733,58.22632226322264,42.66543665436654,33.023370233702344
VYD_04412,75.54197229013856,78.48492257538712,107.13284433577833,109.05297473512633,93.49551752241238,54.08720456397718,33.92339038304809
VYD_04413,71.53398738612474,65.07252978276104,102.33882270497546,76.51927119831815,54.87666433076384,30.267344078486342,20.606166783461806
VYD_04414,37.49723823246879,31.62187800192123,47.9434438040346,55.17170989433239,59.25492315081654,40.75240153698369,30.068083573487048
VYD_04415,38.72192182913641,32.399505638807355,49.16885524486329,50.39842422369843,59.61038158504558,35.12189093156187,32.14135640352233
VYD_04416,54.86134094151213,51.20855920114124,106.67560627674749,96.70114122681882,61.426890156918695,36.364479315263914,29.216975748930103
VYD_04417,110.33333333333331,110.4375,178.75,171.21527777777777,139.24305555555557,99.70833333333333,73.3888888888889
VYD_04418,66.07286821705428,35.637726098191216,72.70542635658916,64.9953488372093,59.8826873385013,44.144186046511635,27.32144702842378
VYD_04419,83.31576193590578,69.83937213865275,77.48646173969917,52.61752779594507,57.38430346631786,47.43989535644212,25.34270765206017
VYD_04420,83.17681995587985,69.09485830646531,82.38079076870864,69.58951298150347,67.92855930765316,55.20753436280334,39.69251654505345
VYD_04421,58.12283236994219,53.01589595375722,75.86560693641619,89.31358381502889,72.60838150289018,50.15317919075144,34.27890173410405
VYD_04422,67.87163720215221,59.624903920061506,79.2859338970023,66.45964642582629,51.34819369715604,34.007686395080704,21.606456571867792
VYD_04423,44.57068062827226,50.93926701570681,97.87225130890053,89.20628272251311,72.01989528795812,47.03350785340315,36.96125654450262
VYD_04424,56.775080164910676,60.107420980302344,119.62803481447548,115.08989922125512,114.91491067338526,74.0921896472744,47.44331195602383
VYD_04425,57.988377843719086,67.01211671612265,128.80687438180018,123.31330365974283,122.4196340257171,80.09668644906031,50.376360039564794
VYD_04426,45.30263157894737,46.236842105263165,95.30263157894737,86.38157894736842,75.43421052631578,50.01315789473684,43.53947368421053
VYD_04427,46.87873134328358,50.45335820895522,96.65858208955223,87.40858208955224,84.92910447761193,51.735074626865675,41.0615671641791
VYD_04428,73.22526315789472,61.629894736842104,96.88828070175443,98.36926315789474,80.99157894736842,47.17992982456141,30.905122807017538
VYD_04429,61.15620718004932,46.248013154288856,82.90298711975885,77.73609208002193,66.18662647300631,40.61112633598247,27.102219786242816
VYD_04430,64.00899604174164,45.00359841669667,82.1910759265923,80.75278877293991,66.06045340050379,37.072328175602735,26.60453400503778
VYD_04431,61.50667579596029,62.247403857126564,89.45794819125872,96.76526303777247,81.90870706379096,52.686294647951605,31.658792650918635
VYD_04432,67.15553528834015,62.24575557738178,63.64855479163746,77.36901922267438,53.4015013329592,33.629297039427556,24.61414339834434
VYD_04433,70.41377151799688,48.02629107981221,60.062597809076685,52.30015649452269,45.30046948356808,26.95023474178404,23.570266040688576
VYD_04434,58.845567375886525,37.80159574468085,93.71968085106386,85.01471631205676,61.1959219858156,39.92659574468086,30.702482269503534
VYD_04435,58.6714035429239,37.71753941989488,95.0198559470508,84.0095386412303,63.85828304457854,39.1989488028032,32.964376094997085
VYD_04436,49.53348812287911,40.67726379710662,72.16449365958209,79.4761564565101,78.35256295767103,51.751205572423665,31.89123057688873
VYD_04437,48.649230769230776,45.31999999999999,70.81076923076925,76.88230769230769,75.58692307692309,43.59076923076923,26.855384615384615
VYD_04438,57.82274247491637,39.84113712374582,57.33946488294314,57.108695652173914,54.31270903010033,33.68979933110368,26.92224080267558
VYD_04439,45.109243697478995,25.993277310924377,48.81008403361345,48.334453781512615,47.3764705882353,35.26890756302521,23.365546218487395
VYD_04440,54.36166924265843,33.20170015455951,59.27047913446677,63.13446676970633,60.17928902627512,42.37789799072643,32.640649149922716
VYD_04441,48.21062106210619,38.34383438343834,57.32133213321332,56.07920792079207,56.92799279927991,41.126912691269126,28.937893789378933
VYD_04442,46.20347826086957,29.486956521739128,49.38260869565217,43.04260869565218,41.29391304347826,30.720869565217388,24.16695652173913
VYD_04443,43.96318951392681,25.604150737302014,52.485308574549414,42.876351720371396,48.14669579464773,41.69077007099946,29.922119060622602
VYD_04444,63.793688362919134,55.36923076923076,82.90769230769232,80.86311637080868,68.1138067061144,42.54595660749507,33.179092702169626
VYD_04445,62.32129667624128,30.011489536315135,62.46983996717275,79.61715223635618,67.91054575297497,48.192860073861304,34.670086171522364
VYD_04446,62.07781397032211,33.70720231632285,68.83460007238507,78.92652913499818,66.77777777777779,46.13282663771262,36.58197611292073
VYD_04447,76.17660292463442,39.73059617547807,65.34926884139483,82.18053993250844,68.47919010123735,47.20978627671541,28.58267716535433
VYD_04448,67.53483269336257,56.30791735234959,97.1179374657158,102.05832876211367,86.97238983360755,63.63320533918447,45.08520753336988
VYD_04449,57.72918502515705,26.76892464254242,68.33315330168568,30.75266494215299,29.221410500582735,25.367918360385463,17.809175928821176
VYD_04450,74.8459092223186,80.48106389129805,121.93292859207862,138.46458514021393,109.46140503035558,64.89563457646719,45.73807458803123
VYD_04451,78.35166707228038,82.09637381357994,130.6320272572402,147.65709418349962,119.10635191044051,77.86955463616454,44.627403261134106
VYD_04452,56.61104513064133,37.034441805225654,53.318289786223275,50.368764845605696,49.64964370546318,31.82007125890737,25.268408551068884
VYD_04453,67.81323438466295,62.80148423005565,111.81344052772624,103.2284065141208,83.13502370645226,51.296021438878576,31.774273345701914
VYD_04454,74.6592515951026,65.79979306777028,103.76702879806864,94.8579065356096,80.24642179686153,50.529746508018626,34.510777720296595
VYD_04455,56.178229665071775,35.49506578947367,71.70499401913875,65.22039473684211,63.98669258373205,35.913127990430624,31.900717703349287
VYD_04456,67.61957064403394,44.60659011482777,80.14278582126812,83.39940089865205,72.70444333499749,43.19620569146281,29.501248127808285
VYD_04457,71.76800891737496,84.68426919325627,120.66713111327857,119.10394315173474,103.95694579908044,65.3856764664902,40.826529190469564
VYD_04458,73.2198191112859,90.51343557478049,127.77034998033824,129.65932625507938,101.12072355485653,63.86787259142747,41.7219819111286
VYD_04459,72.9685261303582,91.13728714034062,129.1247210804463,140.29759248385207,113.60786846741048,70.51920140927776,45.290193775689986
VYD_04460,73.40364477084182,44.43832449340405,56.77750577995374,51.07167142662857,46.6687066503468,39.437916496668024,33.38079695362437
VYD_04461,76.1205045625336,49.09769189479334,54.72195383789587,52.29535695115405,48.94162640901772,38.77898550724638,35.02710681696189
VYD_04462,75.51836010007263,79.79025098862078,121.73020740860301,117.60245339359209,101.0451133887499,75.60237268985554,42.584617867807275
VYD_04463,74.17104298078331,72.52222385213437,107.26697960979902,106.90919759424969,94.53953351914329,66.22341205809006,48.415872084494644
VYD_04464,68.558045273784,38.41541755888652,54.50565922300397,45.28426124197,43.67360048944631,37.04435607219333,32.70296726827775
VYD_04465,70.03403518892415,35.073045860974894,48.19462070954717,40.52033458321317,40.61234496683012,36.868546293625606,33.10845111047014
VYD_04466,85.12324641356902,53.011096140128394,68.10152968217487,71.17753824205441,58.00158516287551,40.96108425140684,32.230007133232945
VYD_04467,77.55792845702081,72.64548852108916,73.62520021356114,67.95835557928457,51.32247730912974,34.60811532301122,23.776294714361985
VYD_04468,73.1903164954936,63.86900020959966,82.13613498218402,67.47170404527351,62.644309369105,41.10197023684762,24.07199748480403
VYD_04469,85,94.09466437177282,125.05679862306368,125.54733218588642,100.60413080895009,63.547332185886404,43.037865748709116
VYD_04470,68.9940487998413,53.84725252926007,81.29061694108312,83.8135290616941,77.2283277127554,54.73199761951994,36.96964887919062
VYD_04471,48.23830250272035,49.20239390642002,77.65070729053318,69.05875952121872,67.25462459194776,45.78128400435256,26.847660500544066
VYD_04472,68.1708217913204,54.689750692520775,76.06278855032315,61.38504155124653,54.82179132040629,33.466297322253,20.739612188365655
VYD_04473,67.86148409893993,59.19882214369848,95.66077738515901,94.60918727915195,87.67726737338046,65.22520612485279,43.622379269729095
VYD_04474,89.36363636363636,68.64309764309765,97.62850729517396,91.63636363636364,84.78226711560045,71.71492704826038,61.90347923681257
VYD_04475,53.366666666666674,62.348717948717955,88.93717948717948,93.80256410256413,90.33589743589744,65.66025641025641,44.261538461538464
VYD_04476,68.14834359425389,60.72911169744941,81.06860158311346,107.17355614189387,99.70829668718854,69.60246262093227,46.05804749340371
VYD_04477,61.447344734473454,62.739573957395734,92.02910291029102,105.26612661266128,102.69816981698169,69.90759075907592,47.58445844584458
VYD_04478,46.60008006405125,45.491192954363484,88.20456365092072,101.7165732586069,96.1773418734988,64.75740592473979,45.03642914331465
VYD_04479,63.75655823714585,79.88842252535851,99.55438964672963,90.07729975515913,69.33927946834558,45.36516264428123,30.45890171388597
VYD_04480,89.31296945418129,57.66299449173761,120.95793690535803,121.16149223835752,93.25463194792191,63.82974461692539,41.90886329494243
VYD_04481,95.62579159470351,88.06447898675879,125.426597582038,141.72308578008062,125.9677605066206,71.52043753598159,45.54691997697179
VYD_04482,72.03736920777278,59.633781763826605,101.94319880418537,110.23766816143497,98.35724962630793,63.8863976083707,42.78624813153961
VYD_04483,81.22252374491181,64.69063772048847,97.9280868385346,103.39348710990504,86.90230664857532,45.72048846675712,34.72862957937585
VYD_04484,72.15859030837004,74.6273127753304,100.57268722466961,112.12951541850221,92.55947136563877,56.89691629955948,42.59471365638766
VYD_04485,61.619594594594616,39.94391891891894,74.98783783783787,85.85630630630634,83.46981981981983,66.81261261261265,42.43490990990992
VYD_04486,53.979899497487445,44.39195979899498,75.68341708542714,75.03517587939699,60.81909547738694,51.33165829145728,28.7286432160804
VYD_04487,59.60886319845857,58.348747591522155,79.9364161849711,86.71483622350675,69.64354527938343,55.11368015414259,29.065510597302506
VYD_04488,63.35104529616724,50.535060975609746,91.90570557491287,94.50065331010451,81.87216898954702,52.55487804878049,35.30074041811847
VYD_04489,62.09741697416973,61.752029520295196,92.32472324723246,68.1879458794588,41.63099630996309,27.915375153751537,18.846248462484624
VYD_04490,57.31625061993718,40.753017027607875,78.24334600760457,76.70391800297571,64.04480079351961,38.340386840800136,21.542569019672676
VYD_04491,51.56481481481482,52.510802469135804,91.89660493827161,102.19907407407408,91.64506172839506,61.06327160493827,41.04783950617284
VYD_04492,49.890207715133535,44.632047477744806,84.64094955489614,94.25222551928783,83.34718100890207,54.21364985163204,34.94658753709199
VYD_04493,64.54381306425915,63.002124269782264,84.83536909187465,96.35315985130111,94.02018056293149,64.03133297928836,41.1279872543813
VYD_04494,41.88269629071738,36.195631707776315,55.78365656185275,66.51478064394654,57.92317830916964,34.49218602899642,21.078892863867445
VYD_04495,47.47369399516638,32.128648447666855,46.458635434095555,57.28332403792526,42.8791596951106,30.01003904071388,16.981966908347275
VYD_04496,65.66901585703498,66.53838409262524,97.09942109237353,95.7968789327964,85.16461112509441,51.47319405990436,31.530581424616166
VYD_04497,84.70917225950782,53.37956748695002,59.73303504847128,56.2117822520507,57.62639821029081,41.55779269202087,32.05816554809842
VYD_04498,93.20974289580514,80.702300405954,85.17726657645468,83.35047361299053,68.79431664411368,52.38565629228688,36.12584573748308
VYD_04499,55.17889125799573,57.887739872068224,91.97985074626864,92.45650319829421,81.23901918976544,45.470149253731336,29.969722814498933
VYD_04500,61.246468582562116,48.06624452021433,73.61811982464688,69.14539698002923,59.02216268874819,37.50170482221141,20.277886020457867
VYD_04501,73.2453760789149,57.33508014796547,89.94975339087543,109.09032059186187,95.82552404438964,57.79654747225648,35.18403205918619
VYD_04502,75.28039064507841,61.6491904394757,105.85530711899256,119.03341043433565,99.19686455923927,61.47982523772809,35.83320483166281
VYD_04503,61.6469261139312,54.62662154540329,80.95205865764243,88.34574168076708,80.3981951494642,57.5798082346306,34.26452340665539
VYD_04504,78.9035769828927,71.52597200622084,54.116640746500785,59.88087091757387,47.64914463452566,39.62270606531883,22.104199066874028
VYD_04505,75.709201592133,42.48841020838211,76.86232732381171,72.09505970498712,65.59283540154532,41.27370639194567,20.139779911027865
VYD_04506,73.91027142096858,53.31250665247472,82.69835018626928,91.84608834486427,77.88376796168171,43.58733368813197,28.602128791910577
VYD_04507,72.88608110862035,52.192582025677616,78.59486447931528,87.92174444670881,74.6187079682087,44.51334827797027,29.483187283472592
VYD_04508,75.98892655367231,55.58531073446328,94.38259887005651,91.54327683615821,72.45943502824859,40.16248587570622,24.425988700564975
VYD_04509,71.08995416348358,43.156226126814374,70.8405271199389,85.7366310160428,70.84224598930481,42.45492742551567,26.905844155844154
VYD_04510,68.74380165289257,51.405903187721385,75.02739079102714,94.52727272727275,74.41700118063756,37.93600944510035,25.23943329397875
VYD_04511,68.09803921568628,45.11372549019609,78.27450980392159,89.08235294117648,68.44705882352942,43.80784313725491,27.482352941176476
VYD_04512,43.2010338885698,40.2948497032357,72.11334482098412,79.74018763162935,74.75646180356118,46.99578786138237,26.609611334482103
VYD_04513,60.126315789473686,57.74210526315789,85.2877192982456,79.30526315789473,66.94210526315788,42.91228070175438,27.805263157894736
VYD_04514,64.50470219435736,57.46394984326019,87.00313479623824,84.8369905956113,68.01097178683385,45.8307210031348,28.90752351097179
VYD_04515,71.64453524004087,65.44841675178752,102.23084780388152,104.01276813074566,83.66956077630236,54.593462717058216,33.44330949948927
VYD_04516,82.54936594202901,74.79574275362322,102.15670289855075,98.45471014492756,81.89221014492756,56.61141304347827,37.90036231884059
VYD_04517,75.47927418012323,63.14158481771267,111.07674379890132,116.29440652572004,98.83569169302481,65.27135009155984,39.28666555685035
VYD_04518,63.90974729241878,58.39169675090253,100.72653429602889,96.26263537906138,74.74548736462096,32.33303249097473,22.256317689530686
VYD_04519,71.6087145969499,78.45969498910677,110.71459694989106,110.33202614379087,99.5433551198257,65.94901960784314,45.30283224400872
VYD_04520,56.872259294566256,64.96663489037178,93.05433746425166,75.42755004766444,69.23689227836036,42.16444232602478,30.040514775977126
VYD_04521,42.27102803738317,44.850467289719624,78.67289719626167,56.87850467289719,50.38317757009346,29.859813084112147,21.429906542056074
VYD_04522,86.52642102256499,76.97457869180234,103.54527277920596,96.25564124535848,79.85661239645816,52.575264210225654,28.74692944872893
VYD_04523,86.0117994100295,66.6755162241888,101.27138643067849,89.55162241887906,74.21238938053098,53.73451327433629,24.613569321533923
VYD_04524,56.750952986022874,28.72045743329098,53.480304955527316,28.5730622617535,29.424396442185515,20.99491740787802,24.949174078780178
VYD_04525,54.9753086419753,39.02469135802469,75.98765432098766,73.9753086419753,57.93827160493827,38.96296296296296,35.9753086419753
VYD_04526,86.39794168096056,62.540308747855924,104.31903945111493,109.3327615780446,82.1852487135506,71.67753001715266,49.85763293310465
VYD_04527,41.138392857142854,10.794642857142856,37.700892857142854,35.167410714285715,25.895089285714285,24.263392857142858,18.703125000000004
VYD_04528,44.80885311871227,65.91348088531187,115.49094567404424,110.67605633802818,88.48088531187123,59.436619718309856,39.923541247484906
VYD_04529,72,75,108,100.49999999999999,82.5,59.5,52
VYD_04530,79.85969329365989,68.7857633325704,96.15815976195931,69.63401235980777,58.34447241931793,45.65346761272604,32.133211261158166
VYD_04531,76.5701754385965,82.7017543859649,103.32456140350878,99.74561403508773,84.44736842105264,64.09649122807018,50.66666666666667
VYD_04532,61.36992655585619,40.93583301120987,88.22535755701585,96.36654425976033,79.41476613838421,56.87959025898724,39.02744491689215
VYD_04533,61.75881057268722,58.05066079295153,86.75881057268722,73.66629955947135,69.38766519823788,43.8248898678414,30.729074889867835
VYD_04534,57.534246575342465,73,104.64041095890411,90.00000000000001,73.72089041095892,60.04794520547945,37.68493150684932
VYD_04535,80.14668094218415,78.86509635974305,80.31691648822269,55.44111349036402,50.874732334047096,34.20128479657387,29.29871520342613
VYD_04536,80.11367380560134,80.65897858319605,78.0477759472817,61.86161449752883,55.34596375617792,36.1828665568369,30.000000000000004
VYD_04537,69.30950861518826,50.82195277600511,83.44479897894065,76.43012125079771,67.84109763880026,44.80089342693044,31.48053605615826
VYD_04538,61.76166666666667,37.117222222222225,73.13944444444444,72.58444444444444,59.41166666666666,43.43444444444445,27.79888888888889
VYD_04539,60.27629427792916,42.27874659400545,94.63160762942779,102.29482288828338,88.95013623978198,60.241144414168936,38.063487738419624
VYD_04540,86.32032146957522,75.42870264064295,120.88335246842709,127.390355912744,115.0172215843858,70.62433983926522,44.96670493685419
VYD_04541,54.96030405405407,37.06430984555983,94.16686776061775,95.06189671814673,67.08361486486486,39.96114864864865,36.24638030888032
VYD_04542,51.24173806609547,41.97429620563035,88.16126070991434,90.42946756425948,62.84608323133415,36.966034271725825,38.098225214198294
VYD_04543,57.41169590643275,48.164473684210535,73.95723684210527,61.79700292397662,49.33501461988303,34.806505847953225,27.0234649122807
VYD_04544,78.22426329889016,69.22904707233066,47.373517030233444,42.226176808266366,37.0878300803674,25.241484883275934,22.04324531190203
VYD_04545,59.259567387687206,56.86522462562397,84.40432612312814,82.32612312811983,64.89683860232945,47.093178036605664,34.544093178036604
VYD_04546,80.86932617312365,38.52167242040659,71.39841452499681,65.83186293312876,53.83122362869199,35.255338192047056,27.405063291139246
VYD_04547,65.14405204460967,46.75557620817843,83.96189591078067,78.40706319702602,71.16356877323419,41.907992565055764,26.431226765799256
VYD_04548,78.95865384615387,75.31141826923077,72.70528846153849,55.43149038461539,48.24639423076923,27.85625,18.50240384615385
VYD_04549,71.6106053709604,62.20254893035959,93.73702776513426,93.37016385980883,75.11879836140189,42.6612426035503,32.1371187983614
VYD_04550,66.02095808383233,63.95508982035929,92.16467065868262,72.88622754491017,41.88922155688623,33.48502994011976,23.281437125748504
VYD_04551,48.650434497458605,35.42810296769962,71.3951467453681,83.28611247745533,65.00688637481556,45.512215117232344,36.98655517297919
VYD_04552,72.61229773462783,73.5022653721683,94.43300970873786,95.18899676375405,78.30485436893203,53.250485436893214,36.372168284789645
VYD_04553,50.25083056478405,15.089700996677738,43.71926910299003,47.548172757475086,43.504983388704325,41.446843853820596,27.05481727574751
VYD_04554,37.74169256514462,17.86839588811857,39.88321778627778,34.334688022950026,34.01183361224,24.04530241453502,20.834209897202957
VYD_04555,52.76048211309142,26.823438902423398,53.85177586870111,44.10142325939223,42.52186177715092,35.05949480702654,21.905116040518013
VYD_04556,69.13533834586467,67.55137844611531,80.67084377610695,80.74770258980783,75.55054302422724,55.82623224728488,31.67084377610693
VYD_04557,59.47610488475364,68.50000000000001,105.66134489321209,108.92863184605626,92.86699090716856,57.666948614929154,34.4122436032988
VYD_04558,84.73270440251572,92.42295597484276,124.64779874213833,102.77830188679245,75.0062893081761,62.039308176100626,37.65880503144653
VYD_04559,65.39000648929266,58.20571057754704,73.86502271252431,71.47631408176508,66.08825438027255,47.16807268007787,31.59571706683971
VYD_04560,73.86797385620918,79.12712418300654,115.81830065359476,95.99150326797387,87.47516339869281,60.78888888888889,35.029084967320266
VYD_04561,76.73941958887545,67.29020556227329,110.78839177750908,97.37182587666263,78.78234582829505,47.50725513905683,28.914752116082227
VYD_04562,83.06006169479225,78.1036109598984,118.41190346579567,79.29014697876974,75.95173289784069,55.03665396479768,30.763926692070402
VYD_04563,88.83255269320844,74.60070257611243,106.66510538641688,76.87997658079625,70.38524590163934,47.01229508196722,24.521077283372364
VYD_04564,86.32328616063224,84.6449182135637,84.47472891012683,54.675611100900575,48.35030325307849,29.463701525454884,19.406726704649888
VYD_04565,86.55445263754959,70.66789563244471,63.23397617697107,60.268859897901294,56.16505955757232,47.578984685195664,29.47674418604651
VYD_04566,55.83799003682045,31.991119774745513,59.31773879142302,53.458089668616,41.71734892787526,24.594108728611655,13.029023175222006
VYD_04567,74.18342391304347,75.91576086956522,103.21195652173913,97.85733695652173,72.58559782608695,43.21059782608696,22.75951086956522
VYD_04568,70.13043478260869,57.799331103678924,82.80267558528428,89.95986622073578,76.46822742474916,43.34113712374582,27.461538461538463
VYD_04569,56.79192982456141,76.13438596491227,106.68526315789474,101.6178947368421,88.6059649122807,48.69052631578948,29.25333333333333
VYD_04570,63.4017094017094,55.64957264957265,93.59829059829059,90.49572649572649,69.35042735042735,49.35042735042734,32.7008547008547
VYD_04571,80.90650887573965,57.218343195266264,94.77928994082839,73.67869822485207,53.966863905325454,39.16508875739644,23.020118343195264
VYD_04572,77.54302195161034,68.25733055600064,81.44351866688031,64.58756609517707,69.62425893286334,47.786252203172594,30.5564813331197
VYD_04573,74.54854368932038,65.17961165048544,87.55825242718447,81.40776699029125,76,53.62135922330098,29.78155339805825
VYD_04574,87.16875,74.8875,120.61250000000004,92.46875000000001,77.48750000000003,60.431250000000006,46.075
VYD_04575,62.98164623467599,53.75005253940457,93.8706129597198,106.76511383537654,92.84973730297725,63.04812609457091,28.38556917688267
VYD_04576,89.96903225806452,53.80645161290323,81.8683870967742,78.53032258064518,59.33290322580646,44.06451612903226,36.70709677419355
VYD_04577,66.06981740064447,56.00912996777659,60.034908700322234,40.810418904403875,35.368958109559614,31.25187969924811,19.90440386680988
VYD_04578,77.12957023733163,56.61064785118665,69.20654265554842,54.32777421423989,37.5253367543297,29.277742142398967,21.793457344451568
VYD_04579,68.80158730158729,65.74603174603173,98.07142857142857,81.84126984126985,57.46031746031746,45.73809523809524,34.47619047619048
VYD_04580,68.76082677165354,61.30118110236222,94.9202755905512,96.68208661417323,77.13877952755907,52.153543307086615,39.21259842519685
VYD_04581,70.9623954165151,50.13782284467079,44.325618406693344,46.39327937431793,42.59598945070934,32.226536922517255,24.320934885412882
